[0.676s] DEBUG:colcon:Command line arguments: ['/usr/bin/colcon', 'build', '--symlink-install']
[0.676s] DEBUG:colcon:Parsed command line arguments: Namespace(log_base=None, log_level=None, verb_name='build', build_base='build', install_base='install', merge_install=False, symlink_install=True, test_result_base=None, continue_on_error=False, executor='parallel', parallel_workers=8, event_handlers=None, ignore_user_meta=False, metas=['./colcon.meta'], base_paths=['.'], packages_ignore=None, packages_ignore_regex=None, paths=None, packages_up_to=None, packages_up_to_regex=None, packages_above=None, packages_above_and_dependencies=None, packages_above_depth=None, packages_select_by_dep=None, packages_skip_by_dep=None, packages_skip_up_to=None, packages_select_build_failed=False, packages_skip_build_finished=False, packages_select_test_failures=False, packages_skip_test_passed=False, packages_select=None, packages_skip=None, packages_select_regex=None, packages_skip_regex=None, packages_start=None, packages_end=None, allow_overriding=[], cmake_args=None, cmake_target=None, cmake_target_skip_unavailable=False, cmake_clean_cache=False, cmake_clean_first=False, cmake_force_configure=False, ament_cmake_args=None, catkin_cmake_args=None, catkin_skip_building_tests=False, mixin_files=None, mixin=None, verb_parser=<colcon_mixin.mixin.mixin_argument.MixinArgumentDecorator object at 0x758a9261aba0>, verb_extension=<colcon_core.verb.build.BuildVerb object at 0x758a91fcb3e0>, main=<bound method BuildVerb.main of <colcon_core.verb.build.BuildVerb object at 0x758a91fcb3e0>>, mixin_verb=('build',))
[0.810s] Level 1:colcon.colcon_core.package_discovery:discover_packages(colcon_meta) check parameters
[0.813s] INFO:colcon.colcon_metadata.package_discovery.colcon_meta:Using configuration from '/home/bbcontact/magician_ros2/colcon.meta'
[0.813s] Level 1:colcon.colcon_core.package_discovery:discover_packages(recursive) check parameters
[0.813s] Level 1:colcon.colcon_core.package_discovery:discover_packages(ignore) check parameters
[0.813s] Level 1:colcon.colcon_core.package_discovery:discover_packages(path) check parameters
[0.813s] Level 1:colcon.colcon_core.package_discovery:discover_packages(colcon_meta) discover
[0.813s] Level 1:colcon.colcon_core.package_discovery:discover_packages(recursive) discover
[0.813s] INFO:colcon.colcon_core.package_discovery:Crawling recursively for packages in '/home/bbcontact/magician_ros2'
[0.814s] Level 1:colcon.colcon_core.package_identification:_identify(.) by extensions ['ignore', 'ignore_ament_install']
[0.814s] Level 1:colcon.colcon_core.package_identification:_identify(.) by extension 'ignore'
[0.814s] Level 1:colcon.colcon_core.package_identification:_identify(.) by extension 'ignore_ament_install'
[0.814s] Level 1:colcon.colcon_core.package_identification:_identify(.) by extensions ['colcon_pkg']
[0.815s] Level 1:colcon.colcon_core.package_identification:_identify(.) by extension 'colcon_pkg'
[0.815s] Level 1:colcon.colcon_core.package_identification:_identify(.) by extensions ['colcon_meta']
[0.815s] Level 1:colcon.colcon_core.package_identification:_identify(.) by extension 'colcon_meta'
[0.815s] Level 1:colcon.colcon_core.package_identification:_identify(.) by extensions ['ros']
[0.815s] Level 1:colcon.colcon_core.package_identification:_identify(.) by extension 'ros'
[0.920s] Level 1:colcon.colcon_core.package_identification:_identify(.) by extensions ['cmake', 'python']
[0.920s] Level 1:colcon.colcon_core.package_identification:_identify(.) by extension 'cmake'
[0.920s] Level 1:colcon.colcon_core.package_identification:_identify(.) by extension 'python'
[0.920s] Level 1:colcon.colcon_core.package_identification:_identify(.) by extensions ['python_setup_py']
[0.921s] Level 1:colcon.colcon_core.package_identification:_identify(.) by extension 'python_setup_py'
[0.921s] Level 1:colcon.colcon_core.package_identification:_identify(Log) by extensions ['ignore', 'ignore_ament_install']
[0.921s] Level 1:colcon.colcon_core.package_identification:_identify(Log) by extension 'ignore'
[0.921s] Level 1:colcon.colcon_core.package_identification:_identify(Log) by extension 'ignore_ament_install'
[0.922s] Level 1:colcon.colcon_core.package_identification:_identify(Log) by extensions ['colcon_pkg']
[0.922s] Level 1:colcon.colcon_core.package_identification:_identify(Log) by extension 'colcon_pkg'
[0.922s] Level 1:colcon.colcon_core.package_identification:_identify(Log) by extensions ['colcon_meta']
[0.922s] Level 1:colcon.colcon_core.package_identification:_identify(Log) by extension 'colcon_meta'
[0.922s] Level 1:colcon.colcon_core.package_identification:_identify(Log) by extensions ['ros']
[0.922s] Level 1:colcon.colcon_core.package_identification:_identify(Log) by extension 'ros'
[0.922s] Level 1:colcon.colcon_core.package_identification:_identify(Log) by extensions ['cmake', 'python']
[0.922s] Level 1:colcon.colcon_core.package_identification:_identify(Log) by extension 'cmake'
[0.922s] Level 1:colcon.colcon_core.package_identification:_identify(Log) by extension 'python'
[0.923s] Level 1:colcon.colcon_core.package_identification:_identify(Log) by extensions ['python_setup_py']
[0.923s] Level 1:colcon.colcon_core.package_identification:_identify(Log) by extension 'python_setup_py'
[0.923s] Level 1:colcon.colcon_core.package_identification:_identify(build) by extensions ['ignore', 'ignore_ament_install']
[0.923s] Level 1:colcon.colcon_core.package_identification:_identify(build) by extension 'ignore'
[0.923s] Level 1:colcon.colcon_core.package_identification:_identify(build) ignored
[0.924s] Level 1:colcon.colcon_core.package_identification:_identify(config) by extensions ['ignore', 'ignore_ament_install']
[0.924s] Level 1:colcon.colcon_core.package_identification:_identify(config) by extension 'ignore'
[0.924s] Level 1:colcon.colcon_core.package_identification:_identify(config) by extension 'ignore_ament_install'
[0.924s] Level 1:colcon.colcon_core.package_identification:_identify(config) by extensions ['colcon_pkg']
[0.924s] Level 1:colcon.colcon_core.package_identification:_identify(config) by extension 'colcon_pkg'
[0.924s] Level 1:colcon.colcon_core.package_identification:_identify(config) by extensions ['colcon_meta']
[0.924s] Level 1:colcon.colcon_core.package_identification:_identify(config) by extension 'colcon_meta'
[0.925s] Level 1:colcon.colcon_core.package_identification:_identify(config) by extensions ['ros']
[0.925s] Level 1:colcon.colcon_core.package_identification:_identify(config) by extension 'ros'
[0.925s] Level 1:colcon.colcon_core.package_identification:_identify(config) by extensions ['cmake', 'python']
[0.925s] Level 1:colcon.colcon_core.package_identification:_identify(config) by extension 'cmake'
[0.925s] Level 1:colcon.colcon_core.package_identification:_identify(config) by extension 'python'
[0.925s] Level 1:colcon.colcon_core.package_identification:_identify(config) by extensions ['python_setup_py']
[0.925s] Level 1:colcon.colcon_core.package_identification:_identify(config) by extension 'python_setup_py'
[0.925s] Level 1:colcon.colcon_core.package_identification:_identify(docs) by extensions ['ignore', 'ignore_ament_install']
[0.926s] Level 1:colcon.colcon_core.package_identification:_identify(docs) by extension 'ignore'
[0.926s] Level 1:colcon.colcon_core.package_identification:_identify(docs) by extension 'ignore_ament_install'
[0.926s] Level 1:colcon.colcon_core.package_identification:_identify(docs) by extensions ['colcon_pkg']
[0.926s] Level 1:colcon.colcon_core.package_identification:_identify(docs) by extension 'colcon_pkg'
[0.926s] Level 1:colcon.colcon_core.package_identification:_identify(docs) by extensions ['colcon_meta']
[0.926s] Level 1:colcon.colcon_core.package_identification:_identify(docs) by extension 'colcon_meta'
[0.926s] Level 1:colcon.colcon_core.package_identification:_identify(docs) by extensions ['ros']
[0.926s] Level 1:colcon.colcon_core.package_identification:_identify(docs) by extension 'ros'
[0.927s] Level 1:colcon.colcon_core.package_identification:_identify(docs) by extensions ['cmake', 'python']
[0.927s] Level 1:colcon.colcon_core.package_identification:_identify(docs) by extension 'cmake'
[0.927s] Level 1:colcon.colcon_core.package_identification:_identify(docs) by extension 'python'
[0.927s] Level 1:colcon.colcon_core.package_identification:_identify(docs) by extensions ['python_setup_py']
[0.927s] Level 1:colcon.colcon_core.package_identification:_identify(docs) by extension 'python_setup_py'
[0.927s] Level 1:colcon.colcon_core.package_identification:_identify(install) by extensions ['ignore', 'ignore_ament_install']
[0.928s] Level 1:colcon.colcon_core.package_identification:_identify(install) by extension 'ignore'
[0.928s] Level 1:colcon.colcon_core.package_identification:_identify(install) ignored
[0.928s] Level 1:colcon.colcon_core.package_identification:_identify(log) by extensions ['ignore', 'ignore_ament_install']
[0.928s] Level 1:colcon.colcon_core.package_identification:_identify(log) by extension 'ignore'
[0.928s] Level 1:colcon.colcon_core.package_identification:_identify(log) ignored
[0.929s] Level 1:colcon.colcon_core.package_identification:_identify(scripts) by extensions ['ignore', 'ignore_ament_install']
[0.929s] Level 1:colcon.colcon_core.package_identification:_identify(scripts) by extension 'ignore'
[0.929s] Level 1:colcon.colcon_core.package_identification:_identify(scripts) by extension 'ignore_ament_install'
[0.929s] Level 1:colcon.colcon_core.package_identification:_identify(scripts) by extensions ['colcon_pkg']
[0.929s] Level 1:colcon.colcon_core.package_identification:_identify(scripts) by extension 'colcon_pkg'
[0.929s] Level 1:colcon.colcon_core.package_identification:_identify(scripts) by extensions ['colcon_meta']
[0.929s] Level 1:colcon.colcon_core.package_identification:_identify(scripts) by extension 'colcon_meta'
[0.930s] Level 1:colcon.colcon_core.package_identification:_identify(scripts) by extensions ['ros']
[0.930s] Level 1:colcon.colcon_core.package_identification:_identify(scripts) by extension 'ros'
[0.930s] Level 1:colcon.colcon_core.package_identification:_identify(scripts) by extensions ['cmake', 'python']
[0.930s] Level 1:colcon.colcon_core.package_identification:_identify(scripts) by extension 'cmake'
[0.930s] Level 1:colcon.colcon_core.package_identification:_identify(scripts) by extension 'python'
[0.930s] Level 1:colcon.colcon_core.package_identification:_identify(scripts) by extensions ['python_setup_py']
[0.930s] Level 1:colcon.colcon_core.package_identification:_identify(scripts) by extension 'python_setup_py'
[0.931s] Level 1:colcon.colcon_core.package_identification:_identify(scripts/__pycache__) by extensions ['ignore', 'ignore_ament_install']
[0.931s] Level 1:colcon.colcon_core.package_identification:_identify(scripts/__pycache__) by extension 'ignore'
[0.931s] Level 1:colcon.colcon_core.package_identification:_identify(scripts/__pycache__) by extension 'ignore_ament_install'
[0.931s] Level 1:colcon.colcon_core.package_identification:_identify(scripts/__pycache__) by extensions ['colcon_pkg']
[0.931s] Level 1:colcon.colcon_core.package_identification:_identify(scripts/__pycache__) by extension 'colcon_pkg'
[0.932s] Level 1:colcon.colcon_core.package_identification:_identify(scripts/__pycache__) by extensions ['colcon_meta']
[0.932s] Level 1:colcon.colcon_core.package_identification:_identify(scripts/__pycache__) by extension 'colcon_meta'
[0.932s] Level 1:colcon.colcon_core.package_identification:_identify(scripts/__pycache__) by extensions ['ros']
[0.932s] Level 1:colcon.colcon_core.package_identification:_identify(scripts/__pycache__) by extension 'ros'
[0.932s] Level 1:colcon.colcon_core.package_identification:_identify(scripts/__pycache__) by extensions ['cmake', 'python']
[0.933s] Level 1:colcon.colcon_core.package_identification:_identify(scripts/__pycache__) by extension 'cmake'
[0.933s] Level 1:colcon.colcon_core.package_identification:_identify(scripts/__pycache__) by extension 'python'
[0.933s] Level 1:colcon.colcon_core.package_identification:_identify(scripts/__pycache__) by extensions ['python_setup_py']
[0.933s] Level 1:colcon.colcon_core.package_identification:_identify(scripts/__pycache__) by extension 'python_setup_py'
[0.933s] Level 1:colcon.colcon_core.package_identification:_identify(src) by extensions ['ignore', 'ignore_ament_install']
[0.934s] Level 1:colcon.colcon_core.package_identification:_identify(src) by extension 'ignore'
[0.934s] Level 1:colcon.colcon_core.package_identification:_identify(src) by extension 'ignore_ament_install'
[0.934s] Level 1:colcon.colcon_core.package_identification:_identify(src) by extensions ['colcon_pkg']
[0.934s] Level 1:colcon.colcon_core.package_identification:_identify(src) by extension 'colcon_pkg'
[0.934s] Level 1:colcon.colcon_core.package_identification:_identify(src) by extensions ['colcon_meta']
[0.934s] Level 1:colcon.colcon_core.package_identification:_identify(src) by extension 'colcon_meta'
[0.934s] Level 1:colcon.colcon_core.package_identification:_identify(src) by extensions ['ros']
[0.934s] Level 1:colcon.colcon_core.package_identification:_identify(src) by extension 'ros'
[0.935s] Level 1:colcon.colcon_core.package_identification:_identify(src) by extensions ['cmake', 'python']
[0.935s] Level 1:colcon.colcon_core.package_identification:_identify(src) by extension 'cmake'
[0.935s] Level 1:colcon.colcon_core.package_identification:_identify(src) by extension 'python'
[0.935s] Level 1:colcon.colcon_core.package_identification:_identify(src) by extensions ['python_setup_py']
[0.935s] Level 1:colcon.colcon_core.package_identification:_identify(src) by extension 'python_setup_py'
[0.935s] Level 1:colcon.colcon_core.package_identification:_identify(src/OrbbecSDK_ROS2) by extensions ['ignore', 'ignore_ament_install']
[0.935s] Level 1:colcon.colcon_core.package_identification:_identify(src/OrbbecSDK_ROS2) by extension 'ignore'
[0.936s] Level 1:colcon.colcon_core.package_identification:_identify(src/OrbbecSDK_ROS2) by extension 'ignore_ament_install'
[0.936s] Level 1:colcon.colcon_core.package_identification:_identify(src/OrbbecSDK_ROS2) by extensions ['colcon_pkg']
[0.936s] Level 1:colcon.colcon_core.package_identification:_identify(src/OrbbecSDK_ROS2) by extension 'colcon_pkg'
[0.936s] Level 1:colcon.colcon_core.package_identification:_identify(src/OrbbecSDK_ROS2) by extensions ['colcon_meta']
[0.936s] Level 1:colcon.colcon_core.package_identification:_identify(src/OrbbecSDK_ROS2) by extension 'colcon_meta'
[0.936s] Level 1:colcon.colcon_core.package_identification:_identify(src/OrbbecSDK_ROS2) by extensions ['ros']
[0.936s] Level 1:colcon.colcon_core.package_identification:_identify(src/OrbbecSDK_ROS2) by extension 'ros'
[0.936s] Level 1:colcon.colcon_core.package_identification:_identify(src/OrbbecSDK_ROS2) by extensions ['cmake', 'python']
[0.936s] Level 1:colcon.colcon_core.package_identification:_identify(src/OrbbecSDK_ROS2) by extension 'cmake'
[0.937s] Level 1:colcon.colcon_core.package_identification:_identify(src/OrbbecSDK_ROS2) by extension 'python'
[0.937s] Level 1:colcon.colcon_core.package_identification:_identify(src/OrbbecSDK_ROS2) by extensions ['python_setup_py']
[0.937s] Level 1:colcon.colcon_core.package_identification:_identify(src/OrbbecSDK_ROS2) by extension 'python_setup_py'
[0.937s] Level 1:colcon.colcon_core.package_identification:_identify(src/OrbbecSDK_ROS2/docs) by extensions ['ignore', 'ignore_ament_install']
[0.937s] Level 1:colcon.colcon_core.package_identification:_identify(src/OrbbecSDK_ROS2/docs) by extension 'ignore'
[0.937s] Level 1:colcon.colcon_core.package_identification:_identify(src/OrbbecSDK_ROS2/docs) by extension 'ignore_ament_install'
[0.937s] Level 1:colcon.colcon_core.package_identification:_identify(src/OrbbecSDK_ROS2/docs) by extensions ['colcon_pkg']
[0.938s] Level 1:colcon.colcon_core.package_identification:_identify(src/OrbbecSDK_ROS2/docs) by extension 'colcon_pkg'
[0.938s] Level 1:colcon.colcon_core.package_identification:_identify(src/OrbbecSDK_ROS2/docs) by extensions ['colcon_meta']
[0.938s] Level 1:colcon.colcon_core.package_identification:_identify(src/OrbbecSDK_ROS2/docs) by extension 'colcon_meta'
[0.938s] Level 1:colcon.colcon_core.package_identification:_identify(src/OrbbecSDK_ROS2/docs) by extensions ['ros']
[0.938s] Level 1:colcon.colcon_core.package_identification:_identify(src/OrbbecSDK_ROS2/docs) by extension 'ros'
[0.938s] Level 1:colcon.colcon_core.package_identification:_identify(src/OrbbecSDK_ROS2/docs) by extensions ['cmake', 'python']
[0.938s] Level 1:colcon.colcon_core.package_identification:_identify(src/OrbbecSDK_ROS2/docs) by extension 'cmake'
[0.938s] Level 1:colcon.colcon_core.package_identification:_identify(src/OrbbecSDK_ROS2/docs) by extension 'python'
[0.938s] Level 1:colcon.colcon_core.package_identification:_identify(src/OrbbecSDK_ROS2/docs) by extensions ['python_setup_py']
[0.939s] Level 1:colcon.colcon_core.package_identification:_identify(src/OrbbecSDK_ROS2/docs) by extension 'python_setup_py'
[0.939s] Level 1:colcon.colcon_core.package_identification:_identify(src/OrbbecSDK_ROS2/docs/images) by extensions ['ignore', 'ignore_ament_install']
[0.939s] Level 1:colcon.colcon_core.package_identification:_identify(src/OrbbecSDK_ROS2/docs/images) by extension 'ignore'
[0.939s] Level 1:colcon.colcon_core.package_identification:_identify(src/OrbbecSDK_ROS2/docs/images) by extension 'ignore_ament_install'
[0.939s] Level 1:colcon.colcon_core.package_identification:_identify(src/OrbbecSDK_ROS2/docs/images) by extensions ['colcon_pkg']
[0.939s] Level 1:colcon.colcon_core.package_identification:_identify(src/OrbbecSDK_ROS2/docs/images) by extension 'colcon_pkg'
[0.940s] Level 1:colcon.colcon_core.package_identification:_identify(src/OrbbecSDK_ROS2/docs/images) by extensions ['colcon_meta']
[0.940s] Level 1:colcon.colcon_core.package_identification:_identify(src/OrbbecSDK_ROS2/docs/images) by extension 'colcon_meta'
[0.940s] Level 1:colcon.colcon_core.package_identification:_identify(src/OrbbecSDK_ROS2/docs/images) by extensions ['ros']
[0.940s] Level 1:colcon.colcon_core.package_identification:_identify(src/OrbbecSDK_ROS2/docs/images) by extension 'ros'
[0.940s] Level 1:colcon.colcon_core.package_identification:_identify(src/OrbbecSDK_ROS2/docs/images) by extensions ['cmake', 'python']
[0.940s] Level 1:colcon.colcon_core.package_identification:_identify(src/OrbbecSDK_ROS2/docs/images) by extension 'cmake'
[0.940s] Level 1:colcon.colcon_core.package_identification:_identify(src/OrbbecSDK_ROS2/docs/images) by extension 'python'
[0.940s] Level 1:colcon.colcon_core.package_identification:_identify(src/OrbbecSDK_ROS2/docs/images) by extensions ['python_setup_py']
[0.941s] Level 1:colcon.colcon_core.package_identification:_identify(src/OrbbecSDK_ROS2/docs/images) by extension 'python_setup_py'
[0.941s] Level 1:colcon.colcon_core.package_identification:_identify(src/OrbbecSDK_ROS2/orbbec_camera) by extensions ['ignore', 'ignore_ament_install']
[0.941s] Level 1:colcon.colcon_core.package_identification:_identify(src/OrbbecSDK_ROS2/orbbec_camera) by extension 'ignore'
[0.941s] Level 1:colcon.colcon_core.package_identification:_identify(src/OrbbecSDK_ROS2/orbbec_camera) by extension 'ignore_ament_install'
[0.941s] Level 1:colcon.colcon_core.package_identification:_identify(src/OrbbecSDK_ROS2/orbbec_camera) by extensions ['colcon_pkg']
[0.942s] Level 1:colcon.colcon_core.package_identification:_identify(src/OrbbecSDK_ROS2/orbbec_camera) by extension 'colcon_pkg'
[0.942s] Level 1:colcon.colcon_core.package_identification:_identify(src/OrbbecSDK_ROS2/orbbec_camera) by extensions ['colcon_meta']
[0.942s] Level 1:colcon.colcon_core.package_identification:_identify(src/OrbbecSDK_ROS2/orbbec_camera) by extension 'colcon_meta'
[0.942s] Level 1:colcon.colcon_core.package_identification:_identify(src/OrbbecSDK_ROS2/orbbec_camera) by extensions ['ros']
[0.942s] Level 1:colcon.colcon_core.package_identification:_identify(src/OrbbecSDK_ROS2/orbbec_camera) by extension 'ros'
[0.959s] DEBUG:colcon.colcon_core.package_identification:Package 'src/OrbbecSDK_ROS2/orbbec_camera' with type 'ros.ament_cmake' and name 'orbbec_camera'
[0.959s] Level 1:colcon.colcon_core.package_identification:_identify(src/OrbbecSDK_ROS2/orbbec_camera_msgs) by extensions ['ignore', 'ignore_ament_install']
[0.959s] Level 1:colcon.colcon_core.package_identification:_identify(src/OrbbecSDK_ROS2/orbbec_camera_msgs) by extension 'ignore'
[0.960s] Level 1:colcon.colcon_core.package_identification:_identify(src/OrbbecSDK_ROS2/orbbec_camera_msgs) by extension 'ignore_ament_install'
[0.960s] Level 1:colcon.colcon_core.package_identification:_identify(src/OrbbecSDK_ROS2/orbbec_camera_msgs) by extensions ['colcon_pkg']
[0.960s] Level 1:colcon.colcon_core.package_identification:_identify(src/OrbbecSDK_ROS2/orbbec_camera_msgs) by extension 'colcon_pkg'
[0.960s] Level 1:colcon.colcon_core.package_identification:_identify(src/OrbbecSDK_ROS2/orbbec_camera_msgs) by extensions ['colcon_meta']
[0.960s] Level 1:colcon.colcon_core.package_identification:_identify(src/OrbbecSDK_ROS2/orbbec_camera_msgs) by extension 'colcon_meta'
[0.960s] Level 1:colcon.colcon_core.package_identification:_identify(src/OrbbecSDK_ROS2/orbbec_camera_msgs) by extensions ['ros']
[0.960s] Level 1:colcon.colcon_core.package_identification:_identify(src/OrbbecSDK_ROS2/orbbec_camera_msgs) by extension 'ros'
[0.962s] DEBUG:colcon.colcon_core.package_identification:Package 'src/OrbbecSDK_ROS2/orbbec_camera_msgs' with type 'ros.ament_cmake' and name 'orbbec_camera_msgs'
[0.962s] Level 1:colcon.colcon_core.package_identification:_identify(src/OrbbecSDK_ROS2/orbbec_description) by extensions ['ignore', 'ignore_ament_install']
[0.962s] Level 1:colcon.colcon_core.package_identification:_identify(src/OrbbecSDK_ROS2/orbbec_description) by extension 'ignore'
[0.963s] Level 1:colcon.colcon_core.package_identification:_identify(src/OrbbecSDK_ROS2/orbbec_description) by extension 'ignore_ament_install'
[0.963s] Level 1:colcon.colcon_core.package_identification:_identify(src/OrbbecSDK_ROS2/orbbec_description) by extensions ['colcon_pkg']
[0.963s] Level 1:colcon.colcon_core.package_identification:_identify(src/OrbbecSDK_ROS2/orbbec_description) by extension 'colcon_pkg'
[0.963s] Level 1:colcon.colcon_core.package_identification:_identify(src/OrbbecSDK_ROS2/orbbec_description) by extensions ['colcon_meta']
[0.963s] Level 1:colcon.colcon_core.package_identification:_identify(src/OrbbecSDK_ROS2/orbbec_description) by extension 'colcon_meta'
[0.964s] Level 1:colcon.colcon_core.package_identification:_identify(src/OrbbecSDK_ROS2/orbbec_description) by extensions ['ros']
[0.964s] Level 1:colcon.colcon_core.package_identification:_identify(src/OrbbecSDK_ROS2/orbbec_description) by extension 'ros'
[0.965s] DEBUG:colcon.colcon_core.package_identification:Package 'src/OrbbecSDK_ROS2/orbbec_description' with type 'ros.ament_cmake' and name 'orbbec_description'
[0.966s] Level 1:colcon.colcon_core.package_identification:_identify(src/magician_ros2) by extensions ['ignore', 'ignore_ament_install']
[0.966s] Level 1:colcon.colcon_core.package_identification:_identify(src/magician_ros2) by extension 'ignore'
[0.966s] Level 1:colcon.colcon_core.package_identification:_identify(src/magician_ros2) by extension 'ignore_ament_install'
[0.966s] Level 1:colcon.colcon_core.package_identification:_identify(src/magician_ros2) by extensions ['colcon_pkg']
[0.966s] Level 1:colcon.colcon_core.package_identification:_identify(src/magician_ros2) by extension 'colcon_pkg'
[0.966s] Level 1:colcon.colcon_core.package_identification:_identify(src/magician_ros2) by extensions ['colcon_meta']
[0.966s] Level 1:colcon.colcon_core.package_identification:_identify(src/magician_ros2) by extension 'colcon_meta'
[0.967s] Level 1:colcon.colcon_core.package_identification:_identify(src/magician_ros2) by extensions ['ros']
[0.967s] Level 1:colcon.colcon_core.package_identification:_identify(src/magician_ros2) by extension 'ros'
[0.967s] Level 1:colcon.colcon_core.package_identification:_identify(src/magician_ros2) by extensions ['cmake', 'python']
[0.967s] Level 1:colcon.colcon_core.package_identification:_identify(src/magician_ros2) by extension 'cmake'
[0.967s] Level 1:colcon.colcon_core.package_identification:_identify(src/magician_ros2) by extension 'python'
[0.967s] Level 1:colcon.colcon_core.package_identification:_identify(src/magician_ros2) by extensions ['python_setup_py']
[0.967s] Level 1:colcon.colcon_core.package_identification:_identify(src/magician_ros2) by extension 'python_setup_py'
[0.968s] Level 1:colcon.colcon_core.package_identification:_identify(src/magician_ros2/dobot_bringup) by extensions ['ignore', 'ignore_ament_install']
[0.968s] Level 1:colcon.colcon_core.package_identification:_identify(src/magician_ros2/dobot_bringup) by extension 'ignore'
[0.968s] Level 1:colcon.colcon_core.package_identification:_identify(src/magician_ros2/dobot_bringup) by extension 'ignore_ament_install'
[0.968s] Level 1:colcon.colcon_core.package_identification:_identify(src/magician_ros2/dobot_bringup) by extensions ['colcon_pkg']
[0.968s] Level 1:colcon.colcon_core.package_identification:_identify(src/magician_ros2/dobot_bringup) by extension 'colcon_pkg'
[0.968s] Level 1:colcon.colcon_core.package_identification:_identify(src/magician_ros2/dobot_bringup) by extensions ['colcon_meta']
[0.968s] Level 1:colcon.colcon_core.package_identification:_identify(src/magician_ros2/dobot_bringup) by extension 'colcon_meta'
[0.969s] Level 1:colcon.colcon_core.package_identification:_identify(src/magician_ros2/dobot_bringup) by extensions ['ros']
[0.969s] Level 1:colcon.colcon_core.package_identification:_identify(src/magician_ros2/dobot_bringup) by extension 'ros'
[0.970s] DEBUG:colcon.colcon_core.package_identification:Package 'src/magician_ros2/dobot_bringup' with type 'ros.ament_python' and name 'dobot_bringup'
[0.971s] Level 1:colcon.colcon_core.package_identification:_identify(src/magician_ros2/dobot_calibration) by extensions ['ignore', 'ignore_ament_install']
[0.971s] Level 1:colcon.colcon_core.package_identification:_identify(src/magician_ros2/dobot_calibration) by extension 'ignore'
[0.971s] Level 1:colcon.colcon_core.package_identification:_identify(src/magician_ros2/dobot_calibration) by extension 'ignore_ament_install'
[0.972s] Level 1:colcon.colcon_core.package_identification:_identify(src/magician_ros2/dobot_calibration) by extensions ['colcon_pkg']
[0.972s] Level 1:colcon.colcon_core.package_identification:_identify(src/magician_ros2/dobot_calibration) by extension 'colcon_pkg'
[0.972s] Level 1:colcon.colcon_core.package_identification:_identify(src/magician_ros2/dobot_calibration) by extensions ['colcon_meta']
[0.972s] Level 1:colcon.colcon_core.package_identification:_identify(src/magician_ros2/dobot_calibration) by extension 'colcon_meta'
[0.972s] Level 1:colcon.colcon_core.package_identification:_identify(src/magician_ros2/dobot_calibration) by extensions ['ros']
[0.973s] Level 1:colcon.colcon_core.package_identification:_identify(src/magician_ros2/dobot_calibration) by extension 'ros'
[0.975s] DEBUG:colcon.colcon_core.package_identification:Package 'src/magician_ros2/dobot_calibration' with type 'ros.ament_python' and name 'dobot_calibration'
[0.975s] Level 1:colcon.colcon_core.package_identification:_identify(src/magician_ros2/dobot_control_panel) by extensions ['ignore', 'ignore_ament_install']
[0.976s] Level 1:colcon.colcon_core.package_identification:_identify(src/magician_ros2/dobot_control_panel) by extension 'ignore'
[0.976s] Level 1:colcon.colcon_core.package_identification:_identify(src/magician_ros2/dobot_control_panel) by extension 'ignore_ament_install'
[0.976s] Level 1:colcon.colcon_core.package_identification:_identify(src/magician_ros2/dobot_control_panel) by extensions ['colcon_pkg']
[0.976s] Level 1:colcon.colcon_core.package_identification:_identify(src/magician_ros2/dobot_control_panel) by extension 'colcon_pkg'
[0.976s] Level 1:colcon.colcon_core.package_identification:_identify(src/magician_ros2/dobot_control_panel) by extensions ['colcon_meta']
[0.977s] Level 1:colcon.colcon_core.package_identification:_identify(src/magician_ros2/dobot_control_panel) by extension 'colcon_meta'
[0.977s] Level 1:colcon.colcon_core.package_identification:_identify(src/magician_ros2/dobot_control_panel) by extensions ['ros']
[0.977s] Level 1:colcon.colcon_core.package_identification:_identify(src/magician_ros2/dobot_control_panel) by extension 'ros'
[0.979s] DEBUG:colcon.colcon_core.package_identification:Package 'src/magician_ros2/dobot_control_panel' with type 'ros.ament_python' and name 'dobot_control_panel'
[0.979s] Level 1:colcon.colcon_core.package_identification:_identify(src/magician_ros2/dobot_demos) by extensions ['ignore', 'ignore_ament_install']
[0.980s] Level 1:colcon.colcon_core.package_identification:_identify(src/magician_ros2/dobot_demos) by extension 'ignore'
[0.980s] Level 1:colcon.colcon_core.package_identification:_identify(src/magician_ros2/dobot_demos) by extension 'ignore_ament_install'
[0.980s] Level 1:colcon.colcon_core.package_identification:_identify(src/magician_ros2/dobot_demos) by extensions ['colcon_pkg']
[0.980s] Level 1:colcon.colcon_core.package_identification:_identify(src/magician_ros2/dobot_demos) by extension 'colcon_pkg'
[0.980s] Level 1:colcon.colcon_core.package_identification:_identify(src/magician_ros2/dobot_demos) by extensions ['colcon_meta']
[0.980s] Level 1:colcon.colcon_core.package_identification:_identify(src/magician_ros2/dobot_demos) by extension 'colcon_meta'
[0.981s] Level 1:colcon.colcon_core.package_identification:_identify(src/magician_ros2/dobot_demos) by extensions ['ros']
[0.981s] Level 1:colcon.colcon_core.package_identification:_identify(src/magician_ros2/dobot_demos) by extension 'ros'
[0.983s] DEBUG:colcon.colcon_core.package_identification:Package 'src/magician_ros2/dobot_demos' with type 'ros.ament_python' and name 'dobot_demos'
[0.983s] Level 1:colcon.colcon_core.package_identification:_identify(src/magician_ros2/dobot_description) by extensions ['ignore', 'ignore_ament_install']
[0.983s] Level 1:colcon.colcon_core.package_identification:_identify(src/magician_ros2/dobot_description) by extension 'ignore'
[0.983s] Level 1:colcon.colcon_core.package_identification:_identify(src/magician_ros2/dobot_description) by extension 'ignore_ament_install'
[0.984s] Level 1:colcon.colcon_core.package_identification:_identify(src/magician_ros2/dobot_description) by extensions ['colcon_pkg']
[0.984s] Level 1:colcon.colcon_core.package_identification:_identify(src/magician_ros2/dobot_description) by extension 'colcon_pkg'
[0.984s] Level 1:colcon.colcon_core.package_identification:_identify(src/magician_ros2/dobot_description) by extensions ['colcon_meta']
[0.984s] Level 1:colcon.colcon_core.package_identification:_identify(src/magician_ros2/dobot_description) by extension 'colcon_meta'
[0.984s] Level 1:colcon.colcon_core.package_identification:_identify(src/magician_ros2/dobot_description) by extensions ['ros']
[0.984s] Level 1:colcon.colcon_core.package_identification:_identify(src/magician_ros2/dobot_description) by extension 'ros'
[0.985s] DEBUG:colcon.colcon_core.package_identification:Package 'src/magician_ros2/dobot_description' with type 'ros.ament_cmake' and name 'dobot_description'
[0.985s] Level 1:colcon.colcon_core.package_identification:_identify(src/magician_ros2/dobot_diagnostics) by extensions ['ignore', 'ignore_ament_install']
[0.986s] Level 1:colcon.colcon_core.package_identification:_identify(src/magician_ros2/dobot_diagnostics) by extension 'ignore'
[0.986s] Level 1:colcon.colcon_core.package_identification:_identify(src/magician_ros2/dobot_diagnostics) by extension 'ignore_ament_install'
[0.986s] Level 1:colcon.colcon_core.package_identification:_identify(src/magician_ros2/dobot_diagnostics) by extensions ['colcon_pkg']
[0.986s] Level 1:colcon.colcon_core.package_identification:_identify(src/magician_ros2/dobot_diagnostics) by extension 'colcon_pkg'
[0.986s] Level 1:colcon.colcon_core.package_identification:_identify(src/magician_ros2/dobot_diagnostics) by extensions ['colcon_meta']
[0.986s] Level 1:colcon.colcon_core.package_identification:_identify(src/magician_ros2/dobot_diagnostics) by extension 'colcon_meta'
[0.986s] Level 1:colcon.colcon_core.package_identification:_identify(src/magician_ros2/dobot_diagnostics) by extensions ['ros']
[0.986s] Level 1:colcon.colcon_core.package_identification:_identify(src/magician_ros2/dobot_diagnostics) by extension 'ros'
[0.988s] DEBUG:colcon.colcon_core.package_identification:Package 'src/magician_ros2/dobot_diagnostics' with type 'ros.ament_python' and name 'dobot_diagnostics'
[0.988s] Level 1:colcon.colcon_core.package_identification:_identify(src/magician_ros2/dobot_driver) by extensions ['ignore', 'ignore_ament_install']
[0.988s] Level 1:colcon.colcon_core.package_identification:_identify(src/magician_ros2/dobot_driver) by extension 'ignore'
[0.988s] Level 1:colcon.colcon_core.package_identification:_identify(src/magician_ros2/dobot_driver) by extension 'ignore_ament_install'
[0.988s] Level 1:colcon.colcon_core.package_identification:_identify(src/magician_ros2/dobot_driver) by extensions ['colcon_pkg']
[0.989s] Level 1:colcon.colcon_core.package_identification:_identify(src/magician_ros2/dobot_driver) by extension 'colcon_pkg'
[0.989s] Level 1:colcon.colcon_core.package_identification:_identify(src/magician_ros2/dobot_driver) by extensions ['colcon_meta']
[0.989s] Level 1:colcon.colcon_core.package_identification:_identify(src/magician_ros2/dobot_driver) by extension 'colcon_meta'
[0.989s] Level 1:colcon.colcon_core.package_identification:_identify(src/magician_ros2/dobot_driver) by extensions ['ros']
[0.989s] Level 1:colcon.colcon_core.package_identification:_identify(src/magician_ros2/dobot_driver) by extension 'ros'
[0.990s] DEBUG:colcon.colcon_core.package_identification:Package 'src/magician_ros2/dobot_driver' with type 'ros.ament_cmake' and name 'dobot_driver'
[0.990s] Level 1:colcon.colcon_core.package_identification:_identify(src/magician_ros2/dobot_end_effector) by extensions ['ignore', 'ignore_ament_install']
[0.990s] Level 1:colcon.colcon_core.package_identification:_identify(src/magician_ros2/dobot_end_effector) by extension 'ignore'
[0.990s] Level 1:colcon.colcon_core.package_identification:_identify(src/magician_ros2/dobot_end_effector) by extension 'ignore_ament_install'
[0.991s] Level 1:colcon.colcon_core.package_identification:_identify(src/magician_ros2/dobot_end_effector) by extensions ['colcon_pkg']
[0.991s] Level 1:colcon.colcon_core.package_identification:_identify(src/magician_ros2/dobot_end_effector) by extension 'colcon_pkg'
[0.991s] Level 1:colcon.colcon_core.package_identification:_identify(src/magician_ros2/dobot_end_effector) by extensions ['colcon_meta']
[0.991s] Level 1:colcon.colcon_core.package_identification:_identify(src/magician_ros2/dobot_end_effector) by extension 'colcon_meta'
[0.991s] Level 1:colcon.colcon_core.package_identification:_identify(src/magician_ros2/dobot_end_effector) by extensions ['ros']
[0.991s] Level 1:colcon.colcon_core.package_identification:_identify(src/magician_ros2/dobot_end_effector) by extension 'ros'
[0.992s] DEBUG:colcon.colcon_core.package_identification:Package 'src/magician_ros2/dobot_end_effector' with type 'ros.ament_python' and name 'dobot_end_effector'
[0.992s] Level 1:colcon.colcon_core.package_identification:_identify(src/magician_ros2/dobot_homing) by extensions ['ignore', 'ignore_ament_install']
[0.993s] Level 1:colcon.colcon_core.package_identification:_identify(src/magician_ros2/dobot_homing) by extension 'ignore'
[0.993s] Level 1:colcon.colcon_core.package_identification:_identify(src/magician_ros2/dobot_homing) by extension 'ignore_ament_install'
[0.993s] Level 1:colcon.colcon_core.package_identification:_identify(src/magician_ros2/dobot_homing) by extensions ['colcon_pkg']
[0.993s] Level 1:colcon.colcon_core.package_identification:_identify(src/magician_ros2/dobot_homing) by extension 'colcon_pkg'
[0.993s] Level 1:colcon.colcon_core.package_identification:_identify(src/magician_ros2/dobot_homing) by extensions ['colcon_meta']
[0.993s] Level 1:colcon.colcon_core.package_identification:_identify(src/magician_ros2/dobot_homing) by extension 'colcon_meta'
[0.993s] Level 1:colcon.colcon_core.package_identification:_identify(src/magician_ros2/dobot_homing) by extensions ['ros']
[0.993s] Level 1:colcon.colcon_core.package_identification:_identify(src/magician_ros2/dobot_homing) by extension 'ros'
[0.995s] DEBUG:colcon.colcon_core.package_identification:Package 'src/magician_ros2/dobot_homing' with type 'ros.ament_python' and name 'dobot_homing'
[0.995s] Level 1:colcon.colcon_core.package_identification:_identify(src/magician_ros2/dobot_kinematics) by extensions ['ignore', 'ignore_ament_install']
[0.995s] Level 1:colcon.colcon_core.package_identification:_identify(src/magician_ros2/dobot_kinematics) by extension 'ignore'
[0.995s] Level 1:colcon.colcon_core.package_identification:_identify(src/magician_ros2/dobot_kinematics) by extension 'ignore_ament_install'
[0.996s] Level 1:colcon.colcon_core.package_identification:_identify(src/magician_ros2/dobot_kinematics) by extensions ['colcon_pkg']
[0.996s] Level 1:colcon.colcon_core.package_identification:_identify(src/magician_ros2/dobot_kinematics) by extension 'colcon_pkg'
[0.996s] Level 1:colcon.colcon_core.package_identification:_identify(src/magician_ros2/dobot_kinematics) by extensions ['colcon_meta']
[0.996s] Level 1:colcon.colcon_core.package_identification:_identify(src/magician_ros2/dobot_kinematics) by extension 'colcon_meta'
[0.996s] Level 1:colcon.colcon_core.package_identification:_identify(src/magician_ros2/dobot_kinematics) by extensions ['ros']
[0.996s] Level 1:colcon.colcon_core.package_identification:_identify(src/magician_ros2/dobot_kinematics) by extension 'ros'
[0.999s] DEBUG:colcon.colcon_core.package_identification:Package 'src/magician_ros2/dobot_kinematics' with type 'ros.ament_python' and name 'dobot_kinematics'
[0.999s] Level 1:colcon.colcon_core.package_identification:_identify(src/magician_ros2/dobot_motion) by extensions ['ignore', 'ignore_ament_install']
[0.999s] Level 1:colcon.colcon_core.package_identification:_identify(src/magician_ros2/dobot_motion) by extension 'ignore'
[0.999s] Level 1:colcon.colcon_core.package_identification:_identify(src/magician_ros2/dobot_motion) by extension 'ignore_ament_install'
[1.000s] Level 1:colcon.colcon_core.package_identification:_identify(src/magician_ros2/dobot_motion) by extensions ['colcon_pkg']
[1.000s] Level 1:colcon.colcon_core.package_identification:_identify(src/magician_ros2/dobot_motion) by extension 'colcon_pkg'
[1.000s] Level 1:colcon.colcon_core.package_identification:_identify(src/magician_ros2/dobot_motion) by extensions ['colcon_meta']
[1.000s] Level 1:colcon.colcon_core.package_identification:_identify(src/magician_ros2/dobot_motion) by extension 'colcon_meta'
[1.000s] Level 1:colcon.colcon_core.package_identification:_identify(src/magician_ros2/dobot_motion) by extensions ['ros']
[1.000s] Level 1:colcon.colcon_core.package_identification:_identify(src/magician_ros2/dobot_motion) by extension 'ros'
[1.002s] DEBUG:colcon.colcon_core.package_identification:Package 'src/magician_ros2/dobot_motion' with type 'ros.ament_python' and name 'dobot_motion'
[1.002s] Level 1:colcon.colcon_core.package_identification:_identify(src/magician_ros2/dobot_msgs) by extensions ['ignore', 'ignore_ament_install']
[1.002s] Level 1:colcon.colcon_core.package_identification:_identify(src/magician_ros2/dobot_msgs) by extension 'ignore'
[1.002s] Level 1:colcon.colcon_core.package_identification:_identify(src/magician_ros2/dobot_msgs) by extension 'ignore_ament_install'
[1.003s] Level 1:colcon.colcon_core.package_identification:_identify(src/magician_ros2/dobot_msgs) by extensions ['colcon_pkg']
[1.003s] Level 1:colcon.colcon_core.package_identification:_identify(src/magician_ros2/dobot_msgs) by extension 'colcon_pkg'
[1.003s] Level 1:colcon.colcon_core.package_identification:_identify(src/magician_ros2/dobot_msgs) by extensions ['colcon_meta']
[1.003s] Level 1:colcon.colcon_core.package_identification:_identify(src/magician_ros2/dobot_msgs) by extension 'colcon_meta'
[1.003s] Level 1:colcon.colcon_core.package_identification:_identify(src/magician_ros2/dobot_msgs) by extensions ['ros']
[1.003s] Level 1:colcon.colcon_core.package_identification:_identify(src/magician_ros2/dobot_msgs) by extension 'ros'
[1.005s] DEBUG:colcon.colcon_core.package_identification:Package 'src/magician_ros2/dobot_msgs' with type 'ros.ament_cmake' and name 'dobot_msgs'
[1.005s] Level 1:colcon.colcon_core.package_identification:_identify(src/magician_ros2/dobot_object_vision) by extensions ['ignore', 'ignore_ament_install']
[1.006s] Level 1:colcon.colcon_core.package_identification:_identify(src/magician_ros2/dobot_object_vision) by extension 'ignore'
[1.006s] Level 1:colcon.colcon_core.package_identification:_identify(src/magician_ros2/dobot_object_vision) by extension 'ignore_ament_install'
[1.006s] Level 1:colcon.colcon_core.package_identification:_identify(src/magician_ros2/dobot_object_vision) by extensions ['colcon_pkg']
[1.006s] Level 1:colcon.colcon_core.package_identification:_identify(src/magician_ros2/dobot_object_vision) by extension 'colcon_pkg'
[1.006s] Level 1:colcon.colcon_core.package_identification:_identify(src/magician_ros2/dobot_object_vision) by extensions ['colcon_meta']
[1.006s] Level 1:colcon.colcon_core.package_identification:_identify(src/magician_ros2/dobot_object_vision) by extension 'colcon_meta'
[1.007s] Level 1:colcon.colcon_core.package_identification:_identify(src/magician_ros2/dobot_object_vision) by extensions ['ros']
[1.007s] Level 1:colcon.colcon_core.package_identification:_identify(src/magician_ros2/dobot_object_vision) by extension 'ros'
[1.009s] DEBUG:colcon.colcon_core.package_identification:Package 'src/magician_ros2/dobot_object_vision' with type 'ros.ament_python' and name 'dobot_object_vision'
[1.010s] Level 1:colcon.colcon_core.package_identification:_identify(src/magician_ros2/dobot_state_updater) by extensions ['ignore', 'ignore_ament_install']
[1.010s] Level 1:colcon.colcon_core.package_identification:_identify(src/magician_ros2/dobot_state_updater) by extension 'ignore'
[1.011s] Level 1:colcon.colcon_core.package_identification:_identify(src/magician_ros2/dobot_state_updater) by extension 'ignore_ament_install'
[1.011s] Level 1:colcon.colcon_core.package_identification:_identify(src/magician_ros2/dobot_state_updater) by extensions ['colcon_pkg']
[1.011s] Level 1:colcon.colcon_core.package_identification:_identify(src/magician_ros2/dobot_state_updater) by extension 'colcon_pkg'
[1.011s] Level 1:colcon.colcon_core.package_identification:_identify(src/magician_ros2/dobot_state_updater) by extensions ['colcon_meta']
[1.011s] Level 1:colcon.colcon_core.package_identification:_identify(src/magician_ros2/dobot_state_updater) by extension 'colcon_meta'
[1.012s] Level 1:colcon.colcon_core.package_identification:_identify(src/magician_ros2/dobot_state_updater) by extensions ['ros']
[1.012s] Level 1:colcon.colcon_core.package_identification:_identify(src/magician_ros2/dobot_state_updater) by extension 'ros'
[1.014s] DEBUG:colcon.colcon_core.package_identification:Package 'src/magician_ros2/dobot_state_updater' with type 'ros.ament_python' and name 'dobot_state_updater'
[1.015s] Level 1:colcon.colcon_core.package_identification:_identify(src/magician_ros2/dobot_vision_rgbd) by extensions ['ignore', 'ignore_ament_install']
[1.015s] Level 1:colcon.colcon_core.package_identification:_identify(src/magician_ros2/dobot_vision_rgbd) by extension 'ignore'
[1.015s] Level 1:colcon.colcon_core.package_identification:_identify(src/magician_ros2/dobot_vision_rgbd) by extension 'ignore_ament_install'
[1.015s] Level 1:colcon.colcon_core.package_identification:_identify(src/magician_ros2/dobot_vision_rgbd) by extensions ['colcon_pkg']
[1.015s] Level 1:colcon.colcon_core.package_identification:_identify(src/magician_ros2/dobot_vision_rgbd) by extension 'colcon_pkg'
[1.015s] Level 1:colcon.colcon_core.package_identification:_identify(src/magician_ros2/dobot_vision_rgbd) by extensions ['colcon_meta']
[1.015s] Level 1:colcon.colcon_core.package_identification:_identify(src/magician_ros2/dobot_vision_rgbd) by extension 'colcon_meta'
[1.016s] Level 1:colcon.colcon_core.package_identification:_identify(src/magician_ros2/dobot_vision_rgbd) by extensions ['ros']
[1.016s] Level 1:colcon.colcon_core.package_identification:_identify(src/magician_ros2/dobot_vision_rgbd) by extension 'ros'
[1.017s] DEBUG:colcon.colcon_core.package_identification:Package 'src/magician_ros2/dobot_vision_rgbd' with type 'ros.ament_python' and name 'dobot_vision_rgbd'
[1.018s] Level 1:colcon.colcon_core.package_identification:_identify(src/magician_ros2/dobot_vision_yolo) by extensions ['ignore', 'ignore_ament_install']
[1.018s] Level 1:colcon.colcon_core.package_identification:_identify(src/magician_ros2/dobot_vision_yolo) by extension 'ignore'
[1.018s] Level 1:colcon.colcon_core.package_identification:_identify(src/magician_ros2/dobot_vision_yolo) by extension 'ignore_ament_install'
[1.019s] Level 1:colcon.colcon_core.package_identification:_identify(src/magician_ros2/dobot_vision_yolo) by extensions ['colcon_pkg']
[1.019s] Level 1:colcon.colcon_core.package_identification:_identify(src/magician_ros2/dobot_vision_yolo) by extension 'colcon_pkg'
[1.019s] Level 1:colcon.colcon_core.package_identification:_identify(src/magician_ros2/dobot_vision_yolo) by extensions ['colcon_meta']
[1.019s] Level 1:colcon.colcon_core.package_identification:_identify(src/magician_ros2/dobot_vision_yolo) by extension 'colcon_meta'
[1.019s] Level 1:colcon.colcon_core.package_identification:_identify(src/magician_ros2/dobot_vision_yolo) by extensions ['ros']
[1.019s] Level 1:colcon.colcon_core.package_identification:_identify(src/magician_ros2/dobot_vision_yolo) by extension 'ros'
[1.021s] DEBUG:colcon.colcon_core.package_identification:Package 'src/magician_ros2/dobot_vision_yolo' with type 'ros.ament_python' and name 'dobot_vision_yolo'
[1.021s] Level 1:colcon.colcon_core.package_identification:_identify(src/magician_ros2/dobot_visualization_tools) by extensions ['ignore', 'ignore_ament_install']
[1.022s] Level 1:colcon.colcon_core.package_identification:_identify(src/magician_ros2/dobot_visualization_tools) by extension 'ignore'
[1.022s] Level 1:colcon.colcon_core.package_identification:_identify(src/magician_ros2/dobot_visualization_tools) by extension 'ignore_ament_install'
[1.022s] Level 1:colcon.colcon_core.package_identification:_identify(src/magician_ros2/dobot_visualization_tools) by extensions ['colcon_pkg']
[1.022s] Level 1:colcon.colcon_core.package_identification:_identify(src/magician_ros2/dobot_visualization_tools) by extension 'colcon_pkg'
[1.022s] Level 1:colcon.colcon_core.package_identification:_identify(src/magician_ros2/dobot_visualization_tools) by extensions ['colcon_meta']
[1.022s] Level 1:colcon.colcon_core.package_identification:_identify(src/magician_ros2/dobot_visualization_tools) by extension 'colcon_meta'
[1.022s] Level 1:colcon.colcon_core.package_identification:_identify(src/magician_ros2/dobot_visualization_tools) by extensions ['ros']
[1.023s] Level 1:colcon.colcon_core.package_identification:_identify(src/magician_ros2/dobot_visualization_tools) by extension 'ros'
[1.024s] DEBUG:colcon.colcon_core.package_identification:Package 'src/magician_ros2/dobot_visualization_tools' with type 'ros.ament_python' and name 'dobot_visualization_tools'
[1.024s] Level 1:colcon.colcon_core.package_identification:_identify(src/magician_ros2/dobot_web_interface) by extensions ['ignore', 'ignore_ament_install']
[1.024s] Level 1:colcon.colcon_core.package_identification:_identify(src/magician_ros2/dobot_web_interface) by extension 'ignore'
[1.024s] Level 1:colcon.colcon_core.package_identification:_identify(src/magician_ros2/dobot_web_interface) by extension 'ignore_ament_install'
[1.025s] Level 1:colcon.colcon_core.package_identification:_identify(src/magician_ros2/dobot_web_interface) by extensions ['colcon_pkg']
[1.025s] Level 1:colcon.colcon_core.package_identification:_identify(src/magician_ros2/dobot_web_interface) by extension 'colcon_pkg'
[1.025s] Level 1:colcon.colcon_core.package_identification:_identify(src/magician_ros2/dobot_web_interface) by extensions ['colcon_meta']
[1.025s] Level 1:colcon.colcon_core.package_identification:_identify(src/magician_ros2/dobot_web_interface) by extension 'colcon_meta'
[1.025s] Level 1:colcon.colcon_core.package_identification:_identify(src/magician_ros2/dobot_web_interface) by extensions ['ros']
[1.025s] Level 1:colcon.colcon_core.package_identification:_identify(src/magician_ros2/dobot_web_interface) by extension 'ros'
[1.027s] DEBUG:colcon.colcon_core.package_identification:Package 'src/magician_ros2/dobot_web_interface' with type 'ros.ament_python' and name 'dobot_web_interface'
[1.028s] Level 1:colcon.colcon_core.package_identification:_identify(systemd) by extensions ['ignore', 'ignore_ament_install']
[1.028s] Level 1:colcon.colcon_core.package_identification:_identify(systemd) by extension 'ignore'
[1.028s] Level 1:colcon.colcon_core.package_identification:_identify(systemd) by extension 'ignore_ament_install'
[1.028s] Level 1:colcon.colcon_core.package_identification:_identify(systemd) by extensions ['colcon_pkg']
[1.029s] Level 1:colcon.colcon_core.package_identification:_identify(systemd) by extension 'colcon_pkg'
[1.029s] Level 1:colcon.colcon_core.package_identification:_identify(systemd) by extensions ['colcon_meta']
[1.029s] Level 1:colcon.colcon_core.package_identification:_identify(systemd) by extension 'colcon_meta'
[1.029s] Level 1:colcon.colcon_core.package_identification:_identify(systemd) by extensions ['ros']
[1.029s] Level 1:colcon.colcon_core.package_identification:_identify(systemd) by extension 'ros'
[1.029s] Level 1:colcon.colcon_core.package_identification:_identify(systemd) by extensions ['cmake', 'python']
[1.029s] Level 1:colcon.colcon_core.package_identification:_identify(systemd) by extension 'cmake'
[1.030s] Level 1:colcon.colcon_core.package_identification:_identify(systemd) by extension 'python'
[1.030s] Level 1:colcon.colcon_core.package_identification:_identify(systemd) by extensions ['python_setup_py']
[1.030s] Level 1:colcon.colcon_core.package_identification:_identify(systemd) by extension 'python_setup_py'
[1.030s] Level 1:colcon.colcon_core.package_discovery:discover_packages(recursive) using defaults
[1.030s] Level 1:colcon.colcon_core.package_discovery:discover_packages(ignore) discover
[1.030s] Level 1:colcon.colcon_core.package_discovery:discover_packages(ignore) using defaults
[1.030s] Level 1:colcon.colcon_core.package_discovery:discover_packages(path) discover
[1.031s] Level 1:colcon.colcon_core.package_discovery:discover_packages(path) using defaults
[1.126s] Level 1:colcon.colcon_core.package_discovery:discover_packages(prefix_path) check parameters
[1.126s] Level 1:colcon.colcon_core.package_discovery:discover_packages(prefix_path) discover
[1.141s] DEBUG:colcon.colcon_installed_package_information.package_discovery:Found 396 installed packages in /opt/ros/jazzy
[1.145s] Level 1:colcon.colcon_core.package_discovery:discover_packages(prefix_path) using defaults
[1.336s] Level 5:colcon.colcon_core.verb:set package 'dobot_description' build argument 'cmake_args' from command line to 'None'
[1.337s] Level 5:colcon.colcon_core.verb:set package 'dobot_description' build argument 'cmake_target' from command line to 'None'
[1.337s] Level 5:colcon.colcon_core.verb:set package 'dobot_description' build argument 'cmake_target_skip_unavailable' from command line to 'False'
[1.337s] Level 5:colcon.colcon_core.verb:set package 'dobot_description' build argument 'cmake_clean_cache' from command line to 'False'
[1.337s] Level 5:colcon.colcon_core.verb:set package 'dobot_description' build argument 'cmake_clean_first' from command line to 'False'
[1.337s] Level 5:colcon.colcon_core.verb:set package 'dobot_description' build argument 'cmake_force_configure' from command line to 'False'
[1.337s] Level 5:colcon.colcon_core.verb:set package 'dobot_description' build argument 'ament_cmake_args' from command line to 'None'
[1.337s] Level 5:colcon.colcon_core.verb:set package 'dobot_description' build argument 'catkin_cmake_args' from command line to 'None'
[1.337s] Level 5:colcon.colcon_core.verb:set package 'dobot_description' build argument 'catkin_skip_building_tests' from command line to 'False'
[1.337s] DEBUG:colcon.colcon_core.verb:Building package 'dobot_description' with the following arguments: {'ament_cmake_args': None, 'build_base': '/home/bbcontact/magician_ros2/build/dobot_description', 'catkin_cmake_args': None, 'catkin_skip_building_tests': False, 'cmake_args': None, 'cmake_clean_cache': False, 'cmake_clean_first': False, 'cmake_force_configure': False, 'cmake_target': None, 'cmake_target_skip_unavailable': False, 'install_base': '/home/bbcontact/magician_ros2/install/dobot_description', 'merge_install': False, 'path': '/home/bbcontact/magician_ros2/src/magician_ros2/dobot_description', 'symlink_install': True, 'test_result_base': None}
[1.338s] Level 5:colcon.colcon_core.verb:set package 'dobot_driver' build argument 'cmake_args' from command line to 'None'
[1.338s] Level 5:colcon.colcon_core.verb:set package 'dobot_driver' build argument 'cmake_target' from command line to 'None'
[1.338s] Level 5:colcon.colcon_core.verb:set package 'dobot_driver' build argument 'cmake_target_skip_unavailable' from command line to 'False'
[1.338s] Level 5:colcon.colcon_core.verb:set package 'dobot_driver' build argument 'cmake_clean_cache' from command line to 'False'
[1.338s] Level 5:colcon.colcon_core.verb:set package 'dobot_driver' build argument 'cmake_clean_first' from command line to 'False'
[1.338s] Level 5:colcon.colcon_core.verb:set package 'dobot_driver' build argument 'cmake_force_configure' from command line to 'False'
[1.339s] Level 5:colcon.colcon_core.verb:set package 'dobot_driver' build argument 'ament_cmake_args' from command line to 'None'
[1.339s] Level 5:colcon.colcon_core.verb:set package 'dobot_driver' build argument 'catkin_cmake_args' from command line to 'None'
[1.339s] Level 5:colcon.colcon_core.verb:set package 'dobot_driver' build argument 'catkin_skip_building_tests' from command line to 'False'
[1.339s] DEBUG:colcon.colcon_core.verb:Building package 'dobot_driver' with the following arguments: {'ament_cmake_args': None, 'build_base': '/home/bbcontact/magician_ros2/build/dobot_driver', 'catkin_cmake_args': None, 'catkin_skip_building_tests': False, 'cmake_args': None, 'cmake_clean_cache': False, 'cmake_clean_first': False, 'cmake_force_configure': False, 'cmake_target': None, 'cmake_target_skip_unavailable': False, 'install_base': '/home/bbcontact/magician_ros2/install/dobot_driver', 'merge_install': False, 'path': '/home/bbcontact/magician_ros2/src/magician_ros2/dobot_driver', 'symlink_install': True, 'test_result_base': None}
[1.340s] Level 5:colcon.colcon_core.verb:set package 'dobot_msgs' build argument 'cmake_args' from command line to 'None'
[1.340s] Level 5:colcon.colcon_core.verb:set package 'dobot_msgs' build argument 'cmake_target' from command line to 'None'
[1.340s] Level 5:colcon.colcon_core.verb:set package 'dobot_msgs' build argument 'cmake_target_skip_unavailable' from command line to 'False'
[1.340s] Level 5:colcon.colcon_core.verb:set package 'dobot_msgs' build argument 'cmake_clean_cache' from command line to 'False'
[1.340s] Level 5:colcon.colcon_core.verb:set package 'dobot_msgs' build argument 'cmake_clean_first' from command line to 'False'
[1.340s] Level 5:colcon.colcon_core.verb:set package 'dobot_msgs' build argument 'cmake_force_configure' from command line to 'False'
[1.340s] Level 5:colcon.colcon_core.verb:set package 'dobot_msgs' build argument 'ament_cmake_args' from command line to 'None'
[1.340s] Level 5:colcon.colcon_core.verb:set package 'dobot_msgs' build argument 'catkin_cmake_args' from command line to 'None'
[1.340s] Level 5:colcon.colcon_core.verb:set package 'dobot_msgs' build argument 'catkin_skip_building_tests' from command line to 'False'
[1.340s] DEBUG:colcon.colcon_core.verb:Building package 'dobot_msgs' with the following arguments: {'ament_cmake_args': None, 'build_base': '/home/bbcontact/magician_ros2/build/dobot_msgs', 'catkin_cmake_args': None, 'catkin_skip_building_tests': False, 'cmake_args': None, 'cmake_clean_cache': False, 'cmake_clean_first': False, 'cmake_force_configure': False, 'cmake_target': None, 'cmake_target_skip_unavailable': False, 'install_base': '/home/bbcontact/magician_ros2/install/dobot_msgs', 'merge_install': False, 'path': '/home/bbcontact/magician_ros2/src/magician_ros2/dobot_msgs', 'symlink_install': True, 'test_result_base': None}
[1.341s] Level 5:colcon.colcon_core.verb:set package 'dobot_vision_yolo' build argument 'cmake_args' from command line to 'None'
[1.341s] Level 5:colcon.colcon_core.verb:set package 'dobot_vision_yolo' build argument 'cmake_target' from command line to 'None'
[1.341s] Level 5:colcon.colcon_core.verb:set package 'dobot_vision_yolo' build argument 'cmake_target_skip_unavailable' from command line to 'False'
[1.341s] Level 5:colcon.colcon_core.verb:set package 'dobot_vision_yolo' build argument 'cmake_clean_cache' from command line to 'False'
[1.341s] Level 5:colcon.colcon_core.verb:set package 'dobot_vision_yolo' build argument 'cmake_clean_first' from command line to 'False'
[1.341s] Level 5:colcon.colcon_core.verb:set package 'dobot_vision_yolo' build argument 'cmake_force_configure' from command line to 'False'
[1.341s] Level 5:colcon.colcon_core.verb:set package 'dobot_vision_yolo' build argument 'ament_cmake_args' from command line to 'None'
[1.341s] Level 5:colcon.colcon_core.verb:set package 'dobot_vision_yolo' build argument 'catkin_cmake_args' from command line to 'None'
[1.341s] Level 5:colcon.colcon_core.verb:set package 'dobot_vision_yolo' build argument 'catkin_skip_building_tests' from command line to 'False'
[1.341s] DEBUG:colcon.colcon_core.verb:Building package 'dobot_vision_yolo' with the following arguments: {'ament_cmake_args': None, 'build_base': '/home/bbcontact/magician_ros2/build/dobot_vision_yolo', 'catkin_cmake_args': None, 'catkin_skip_building_tests': False, 'cmake_args': None, 'cmake_clean_cache': False, 'cmake_clean_first': False, 'cmake_force_configure': False, 'cmake_target': None, 'cmake_target_skip_unavailable': False, 'install_base': '/home/bbcontact/magician_ros2/install/dobot_vision_yolo', 'merge_install': False, 'path': '/home/bbcontact/magician_ros2/src/magician_ros2/dobot_vision_yolo', 'symlink_install': True, 'test_result_base': None}
[1.342s] Level 5:colcon.colcon_core.verb:set package 'dobot_visualization_tools' build argument 'cmake_args' from command line to 'None'
[1.342s] Level 5:colcon.colcon_core.verb:set package 'dobot_visualization_tools' build argument 'cmake_target' from command line to 'None'
[1.343s] Level 5:colcon.colcon_core.verb:set package 'dobot_visualization_tools' build argument 'cmake_target_skip_unavailable' from command line to 'False'
[1.343s] Level 5:colcon.colcon_core.verb:set package 'dobot_visualization_tools' build argument 'cmake_clean_cache' from command line to 'False'
[1.343s] Level 5:colcon.colcon_core.verb:set package 'dobot_visualization_tools' build argument 'cmake_clean_first' from command line to 'False'
[1.343s] Level 5:colcon.colcon_core.verb:set package 'dobot_visualization_tools' build argument 'cmake_force_configure' from command line to 'False'
[1.343s] Level 5:colcon.colcon_core.verb:set package 'dobot_visualization_tools' build argument 'ament_cmake_args' from command line to 'None'
[1.343s] Level 5:colcon.colcon_core.verb:set package 'dobot_visualization_tools' build argument 'catkin_cmake_args' from command line to 'None'
[1.343s] Level 5:colcon.colcon_core.verb:set package 'dobot_visualization_tools' build argument 'catkin_skip_building_tests' from command line to 'False'
[1.343s] DEBUG:colcon.colcon_core.verb:Building package 'dobot_visualization_tools' with the following arguments: {'ament_cmake_args': None, 'build_base': '/home/bbcontact/magician_ros2/build/dobot_visualization_tools', 'catkin_cmake_args': None, 'catkin_skip_building_tests': False, 'cmake_args': None, 'cmake_clean_cache': False, 'cmake_clean_first': False, 'cmake_force_configure': False, 'cmake_target': None, 'cmake_target_skip_unavailable': False, 'install_base': '/home/bbcontact/magician_ros2/install/dobot_visualization_tools', 'merge_install': False, 'path': '/home/bbcontact/magician_ros2/src/magician_ros2/dobot_visualization_tools', 'symlink_install': True, 'test_result_base': None}
[1.344s] Level 5:colcon.colcon_core.verb:set package 'orbbec_camera_msgs' build argument 'cmake_args' from command line to 'None'
[1.345s] Level 5:colcon.colcon_core.verb:set package 'orbbec_camera_msgs' build argument 'cmake_target' from command line to 'None'
[1.345s] Level 5:colcon.colcon_core.verb:set package 'orbbec_camera_msgs' build argument 'cmake_target_skip_unavailable' from command line to 'False'
[1.345s] Level 5:colcon.colcon_core.verb:set package 'orbbec_camera_msgs' build argument 'cmake_clean_cache' from command line to 'False'
[1.345s] Level 5:colcon.colcon_core.verb:set package 'orbbec_camera_msgs' build argument 'cmake_clean_first' from command line to 'False'
[1.345s] Level 5:colcon.colcon_core.verb:set package 'orbbec_camera_msgs' build argument 'cmake_force_configure' from command line to 'False'
[1.345s] Level 5:colcon.colcon_core.verb:set package 'orbbec_camera_msgs' build argument 'ament_cmake_args' from command line to 'None'
[1.345s] Level 5:colcon.colcon_core.verb:set package 'orbbec_camera_msgs' build argument 'catkin_cmake_args' from command line to 'None'
[1.345s] Level 5:colcon.colcon_core.verb:set package 'orbbec_camera_msgs' build argument 'catkin_skip_building_tests' from command line to 'False'
[1.345s] DEBUG:colcon.colcon_core.verb:Building package 'orbbec_camera_msgs' with the following arguments: {'ament_cmake_args': None, 'build_base': '/home/bbcontact/magician_ros2/build/orbbec_camera_msgs', 'catkin_cmake_args': None, 'catkin_skip_building_tests': False, 'cmake_args': None, 'cmake_clean_cache': False, 'cmake_clean_first': False, 'cmake_force_configure': False, 'cmake_target': None, 'cmake_target_skip_unavailable': False, 'install_base': '/home/bbcontact/magician_ros2/install/orbbec_camera_msgs', 'merge_install': False, 'path': '/home/bbcontact/magician_ros2/src/OrbbecSDK_ROS2/orbbec_camera_msgs', 'symlink_install': True, 'test_result_base': None}
[1.346s] Level 5:colcon.colcon_core.verb:set package 'orbbec_description' build argument 'cmake_args' from command line to 'None'
[1.347s] Level 5:colcon.colcon_core.verb:set package 'orbbec_description' build argument 'cmake_target' from command line to 'None'
[1.347s] Level 5:colcon.colcon_core.verb:set package 'orbbec_description' build argument 'cmake_target_skip_unavailable' from command line to 'False'
[1.347s] Level 5:colcon.colcon_core.verb:set package 'orbbec_description' build argument 'cmake_clean_cache' from command line to 'False'
[1.347s] Level 5:colcon.colcon_core.verb:set package 'orbbec_description' build argument 'cmake_clean_first' from command line to 'False'
[1.347s] Level 5:colcon.colcon_core.verb:set package 'orbbec_description' build argument 'cmake_force_configure' from command line to 'False'
[1.347s] Level 5:colcon.colcon_core.verb:set package 'orbbec_description' build argument 'ament_cmake_args' from command line to 'None'
[1.347s] Level 5:colcon.colcon_core.verb:set package 'orbbec_description' build argument 'catkin_cmake_args' from command line to 'None'
[1.347s] Level 5:colcon.colcon_core.verb:set package 'orbbec_description' build argument 'catkin_skip_building_tests' from command line to 'False'
[1.347s] DEBUG:colcon.colcon_core.verb:Building package 'orbbec_description' with the following arguments: {'ament_cmake_args': None, 'build_base': '/home/bbcontact/magician_ros2/build/orbbec_description', 'catkin_cmake_args': None, 'catkin_skip_building_tests': False, 'cmake_args': None, 'cmake_clean_cache': False, 'cmake_clean_first': False, 'cmake_force_configure': False, 'cmake_target': None, 'cmake_target_skip_unavailable': False, 'install_base': '/home/bbcontact/magician_ros2/install/orbbec_description', 'merge_install': False, 'path': '/home/bbcontact/magician_ros2/src/OrbbecSDK_ROS2/orbbec_description', 'symlink_install': True, 'test_result_base': None}
[1.349s] Level 5:colcon.colcon_core.verb:set package 'dobot_calibration' build argument 'cmake_args' from command line to 'None'
[1.349s] Level 5:colcon.colcon_core.verb:set package 'dobot_calibration' build argument 'cmake_target' from command line to 'None'
[1.349s] Level 5:colcon.colcon_core.verb:set package 'dobot_calibration' build argument 'cmake_target_skip_unavailable' from command line to 'False'
[1.349s] Level 5:colcon.colcon_core.verb:set package 'dobot_calibration' build argument 'cmake_clean_cache' from command line to 'False'
[1.349s] Level 5:colcon.colcon_core.verb:set package 'dobot_calibration' build argument 'cmake_clean_first' from command line to 'False'
[1.349s] Level 5:colcon.colcon_core.verb:set package 'dobot_calibration' build argument 'cmake_force_configure' from command line to 'False'
[1.349s] Level 5:colcon.colcon_core.verb:set package 'dobot_calibration' build argument 'ament_cmake_args' from command line to 'None'
[1.349s] Level 5:colcon.colcon_core.verb:set package 'dobot_calibration' build argument 'catkin_cmake_args' from command line to 'None'
[1.349s] Level 5:colcon.colcon_core.verb:set package 'dobot_calibration' build argument 'catkin_skip_building_tests' from command line to 'False'
[1.349s] DEBUG:colcon.colcon_core.verb:Building package 'dobot_calibration' with the following arguments: {'ament_cmake_args': None, 'build_base': '/home/bbcontact/magician_ros2/build/dobot_calibration', 'catkin_cmake_args': None, 'catkin_skip_building_tests': False, 'cmake_args': None, 'cmake_clean_cache': False, 'cmake_clean_first': False, 'cmake_force_configure': False, 'cmake_target': None, 'cmake_target_skip_unavailable': False, 'install_base': '/home/bbcontact/magician_ros2/install/dobot_calibration', 'merge_install': False, 'path': '/home/bbcontact/magician_ros2/src/magician_ros2/dobot_calibration', 'symlink_install': True, 'test_result_base': None}
[1.350s] Level 5:colcon.colcon_core.verb:set package 'dobot_control_panel' build argument 'cmake_args' from command line to 'None'
[1.350s] Level 5:colcon.colcon_core.verb:set package 'dobot_control_panel' build argument 'cmake_target' from command line to 'None'
[1.350s] Level 5:colcon.colcon_core.verb:set package 'dobot_control_panel' build argument 'cmake_target_skip_unavailable' from command line to 'False'
[1.350s] Level 5:colcon.colcon_core.verb:set package 'dobot_control_panel' build argument 'cmake_clean_cache' from command line to 'False'
[1.350s] Level 5:colcon.colcon_core.verb:set package 'dobot_control_panel' build argument 'cmake_clean_first' from command line to 'False'
[1.350s] Level 5:colcon.colcon_core.verb:set package 'dobot_control_panel' build argument 'cmake_force_configure' from command line to 'False'
[1.351s] Level 5:colcon.colcon_core.verb:set package 'dobot_control_panel' build argument 'ament_cmake_args' from command line to 'None'
[1.351s] Level 5:colcon.colcon_core.verb:set package 'dobot_control_panel' build argument 'catkin_cmake_args' from command line to 'None'
[1.351s] Level 5:colcon.colcon_core.verb:set package 'dobot_control_panel' build argument 'catkin_skip_building_tests' from command line to 'False'
[1.351s] DEBUG:colcon.colcon_core.verb:Building package 'dobot_control_panel' with the following arguments: {'ament_cmake_args': None, 'build_base': '/home/bbcontact/magician_ros2/build/dobot_control_panel', 'catkin_cmake_args': None, 'catkin_skip_building_tests': False, 'cmake_args': None, 'cmake_clean_cache': False, 'cmake_clean_first': False, 'cmake_force_configure': False, 'cmake_target': None, 'cmake_target_skip_unavailable': False, 'install_base': '/home/bbcontact/magician_ros2/install/dobot_control_panel', 'merge_install': False, 'path': '/home/bbcontact/magician_ros2/src/magician_ros2/dobot_control_panel', 'symlink_install': True, 'test_result_base': None}
[1.351s] Level 5:colcon.colcon_core.verb:set package 'dobot_diagnostics' build argument 'cmake_args' from command line to 'None'
[1.352s] Level 5:colcon.colcon_core.verb:set package 'dobot_diagnostics' build argument 'cmake_target' from command line to 'None'
[1.352s] Level 5:colcon.colcon_core.verb:set package 'dobot_diagnostics' build argument 'cmake_target_skip_unavailable' from command line to 'False'
[1.352s] Level 5:colcon.colcon_core.verb:set package 'dobot_diagnostics' build argument 'cmake_clean_cache' from command line to 'False'
[1.352s] Level 5:colcon.colcon_core.verb:set package 'dobot_diagnostics' build argument 'cmake_clean_first' from command line to 'False'
[1.352s] Level 5:colcon.colcon_core.verb:set package 'dobot_diagnostics' build argument 'cmake_force_configure' from command line to 'False'
[1.352s] Level 5:colcon.colcon_core.verb:set package 'dobot_diagnostics' build argument 'ament_cmake_args' from command line to 'None'
[1.352s] Level 5:colcon.colcon_core.verb:set package 'dobot_diagnostics' build argument 'catkin_cmake_args' from command line to 'None'
[1.352s] Level 5:colcon.colcon_core.verb:set package 'dobot_diagnostics' build argument 'catkin_skip_building_tests' from command line to 'False'
[1.352s] DEBUG:colcon.colcon_core.verb:Building package 'dobot_diagnostics' with the following arguments: {'ament_cmake_args': None, 'build_base': '/home/bbcontact/magician_ros2/build/dobot_diagnostics', 'catkin_cmake_args': None, 'catkin_skip_building_tests': False, 'cmake_args': None, 'cmake_clean_cache': False, 'cmake_clean_first': False, 'cmake_force_configure': False, 'cmake_target': None, 'cmake_target_skip_unavailable': False, 'install_base': '/home/bbcontact/magician_ros2/install/dobot_diagnostics', 'merge_install': False, 'path': '/home/bbcontact/magician_ros2/src/magician_ros2/dobot_diagnostics', 'symlink_install': True, 'test_result_base': None}
[1.353s] Level 5:colcon.colcon_core.verb:set package 'dobot_end_effector' build argument 'cmake_args' from command line to 'None'
[1.353s] Level 5:colcon.colcon_core.verb:set package 'dobot_end_effector' build argument 'cmake_target' from command line to 'None'
[1.353s] Level 5:colcon.colcon_core.verb:set package 'dobot_end_effector' build argument 'cmake_target_skip_unavailable' from command line to 'False'
[1.353s] Level 5:colcon.colcon_core.verb:set package 'dobot_end_effector' build argument 'cmake_clean_cache' from command line to 'False'
[1.354s] Level 5:colcon.colcon_core.verb:set package 'dobot_end_effector' build argument 'cmake_clean_first' from command line to 'False'
[1.354s] Level 5:colcon.colcon_core.verb:set package 'dobot_end_effector' build argument 'cmake_force_configure' from command line to 'False'
[1.354s] Level 5:colcon.colcon_core.verb:set package 'dobot_end_effector' build argument 'ament_cmake_args' from command line to 'None'
[1.354s] Level 5:colcon.colcon_core.verb:set package 'dobot_end_effector' build argument 'catkin_cmake_args' from command line to 'None'
[1.354s] Level 5:colcon.colcon_core.verb:set package 'dobot_end_effector' build argument 'catkin_skip_building_tests' from command line to 'False'
[1.354s] DEBUG:colcon.colcon_core.verb:Building package 'dobot_end_effector' with the following arguments: {'ament_cmake_args': None, 'build_base': '/home/bbcontact/magician_ros2/build/dobot_end_effector', 'catkin_cmake_args': None, 'catkin_skip_building_tests': False, 'cmake_args': None, 'cmake_clean_cache': False, 'cmake_clean_first': False, 'cmake_force_configure': False, 'cmake_target': None, 'cmake_target_skip_unavailable': False, 'install_base': '/home/bbcontact/magician_ros2/install/dobot_end_effector', 'merge_install': False, 'path': '/home/bbcontact/magician_ros2/src/magician_ros2/dobot_end_effector', 'symlink_install': True, 'test_result_base': None}
[1.355s] Level 5:colcon.colcon_core.verb:set package 'dobot_homing' build argument 'cmake_args' from command line to 'None'
[1.355s] Level 5:colcon.colcon_core.verb:set package 'dobot_homing' build argument 'cmake_target' from command line to 'None'
[1.355s] Level 5:colcon.colcon_core.verb:set package 'dobot_homing' build argument 'cmake_target_skip_unavailable' from command line to 'False'
[1.355s] Level 5:colcon.colcon_core.verb:set package 'dobot_homing' build argument 'cmake_clean_cache' from command line to 'False'
[1.355s] Level 5:colcon.colcon_core.verb:set package 'dobot_homing' build argument 'cmake_clean_first' from command line to 'False'
[1.355s] Level 5:colcon.colcon_core.verb:set package 'dobot_homing' build argument 'cmake_force_configure' from command line to 'False'
[1.355s] Level 5:colcon.colcon_core.verb:set package 'dobot_homing' build argument 'ament_cmake_args' from command line to 'None'
[1.355s] Level 5:colcon.colcon_core.verb:set package 'dobot_homing' build argument 'catkin_cmake_args' from command line to 'None'
[1.355s] Level 5:colcon.colcon_core.verb:set package 'dobot_homing' build argument 'catkin_skip_building_tests' from command line to 'False'
[1.355s] DEBUG:colcon.colcon_core.verb:Building package 'dobot_homing' with the following arguments: {'ament_cmake_args': None, 'build_base': '/home/bbcontact/magician_ros2/build/dobot_homing', 'catkin_cmake_args': None, 'catkin_skip_building_tests': False, 'cmake_args': None, 'cmake_clean_cache': False, 'cmake_clean_first': False, 'cmake_force_configure': False, 'cmake_target': None, 'cmake_target_skip_unavailable': False, 'install_base': '/home/bbcontact/magician_ros2/install/dobot_homing', 'merge_install': False, 'path': '/home/bbcontact/magician_ros2/src/magician_ros2/dobot_homing', 'symlink_install': True, 'test_result_base': None}
[1.356s] Level 5:colcon.colcon_core.verb:set package 'dobot_kinematics' build argument 'cmake_args' from command line to 'None'
[1.356s] Level 5:colcon.colcon_core.verb:set package 'dobot_kinematics' build argument 'cmake_target' from command line to 'None'
[1.356s] Level 5:colcon.colcon_core.verb:set package 'dobot_kinematics' build argument 'cmake_target_skip_unavailable' from command line to 'False'
[1.356s] Level 5:colcon.colcon_core.verb:set package 'dobot_kinematics' build argument 'cmake_clean_cache' from command line to 'False'
[1.356s] Level 5:colcon.colcon_core.verb:set package 'dobot_kinematics' build argument 'cmake_clean_first' from command line to 'False'
[1.356s] Level 5:colcon.colcon_core.verb:set package 'dobot_kinematics' build argument 'cmake_force_configure' from command line to 'False'
[1.356s] Level 5:colcon.colcon_core.verb:set package 'dobot_kinematics' build argument 'ament_cmake_args' from command line to 'None'
[1.357s] Level 5:colcon.colcon_core.verb:set package 'dobot_kinematics' build argument 'catkin_cmake_args' from command line to 'None'
[1.357s] Level 5:colcon.colcon_core.verb:set package 'dobot_kinematics' build argument 'catkin_skip_building_tests' from command line to 'False'
[1.357s] DEBUG:colcon.colcon_core.verb:Building package 'dobot_kinematics' with the following arguments: {'ament_cmake_args': None, 'build_base': '/home/bbcontact/magician_ros2/build/dobot_kinematics', 'catkin_cmake_args': None, 'catkin_skip_building_tests': False, 'cmake_args': None, 'cmake_clean_cache': False, 'cmake_clean_first': False, 'cmake_force_configure': False, 'cmake_target': None, 'cmake_target_skip_unavailable': False, 'install_base': '/home/bbcontact/magician_ros2/install/dobot_kinematics', 'merge_install': False, 'path': '/home/bbcontact/magician_ros2/src/magician_ros2/dobot_kinematics', 'symlink_install': True, 'test_result_base': None}
[1.358s] Level 5:colcon.colcon_core.verb:set package 'dobot_motion' build argument 'cmake_args' from command line to 'None'
[1.358s] Level 5:colcon.colcon_core.verb:set package 'dobot_motion' build argument 'cmake_target' from command line to 'None'
[1.358s] Level 5:colcon.colcon_core.verb:set package 'dobot_motion' build argument 'cmake_target_skip_unavailable' from command line to 'False'
[1.358s] Level 5:colcon.colcon_core.verb:set package 'dobot_motion' build argument 'cmake_clean_cache' from command line to 'False'
[1.358s] Level 5:colcon.colcon_core.verb:set package 'dobot_motion' build argument 'cmake_clean_first' from command line to 'False'
[1.358s] Level 5:colcon.colcon_core.verb:set package 'dobot_motion' build argument 'cmake_force_configure' from command line to 'False'
[1.358s] Level 5:colcon.colcon_core.verb:set package 'dobot_motion' build argument 'ament_cmake_args' from command line to 'None'
[1.358s] Level 5:colcon.colcon_core.verb:set package 'dobot_motion' build argument 'catkin_cmake_args' from command line to 'None'
[1.359s] Level 5:colcon.colcon_core.verb:set package 'dobot_motion' build argument 'catkin_skip_building_tests' from command line to 'False'
[1.359s] DEBUG:colcon.colcon_core.verb:Building package 'dobot_motion' with the following arguments: {'ament_cmake_args': None, 'build_base': '/home/bbcontact/magician_ros2/build/dobot_motion', 'catkin_cmake_args': None, 'catkin_skip_building_tests': False, 'cmake_args': None, 'cmake_clean_cache': False, 'cmake_clean_first': False, 'cmake_force_configure': False, 'cmake_target': None, 'cmake_target_skip_unavailable': False, 'install_base': '/home/bbcontact/magician_ros2/install/dobot_motion', 'merge_install': False, 'path': '/home/bbcontact/magician_ros2/src/magician_ros2/dobot_motion', 'symlink_install': True, 'test_result_base': None}
[1.360s] Level 5:colcon.colcon_core.verb:set package 'dobot_object_vision' build argument 'cmake_args' from command line to 'None'
[1.360s] Level 5:colcon.colcon_core.verb:set package 'dobot_object_vision' build argument 'cmake_target' from command line to 'None'
[1.360s] Level 5:colcon.colcon_core.verb:set package 'dobot_object_vision' build argument 'cmake_target_skip_unavailable' from command line to 'False'
[1.360s] Level 5:colcon.colcon_core.verb:set package 'dobot_object_vision' build argument 'cmake_clean_cache' from command line to 'False'
[1.360s] Level 5:colcon.colcon_core.verb:set package 'dobot_object_vision' build argument 'cmake_clean_first' from command line to 'False'
[1.360s] Level 5:colcon.colcon_core.verb:set package 'dobot_object_vision' build argument 'cmake_force_configure' from command line to 'False'
[1.360s] Level 5:colcon.colcon_core.verb:set package 'dobot_object_vision' build argument 'ament_cmake_args' from command line to 'None'
[1.360s] Level 5:colcon.colcon_core.verb:set package 'dobot_object_vision' build argument 'catkin_cmake_args' from command line to 'None'
[1.360s] Level 5:colcon.colcon_core.verb:set package 'dobot_object_vision' build argument 'catkin_skip_building_tests' from command line to 'False'
[1.361s] DEBUG:colcon.colcon_core.verb:Building package 'dobot_object_vision' with the following arguments: {'ament_cmake_args': None, 'build_base': '/home/bbcontact/magician_ros2/build/dobot_object_vision', 'catkin_cmake_args': None, 'catkin_skip_building_tests': False, 'cmake_args': None, 'cmake_clean_cache': False, 'cmake_clean_first': False, 'cmake_force_configure': False, 'cmake_target': None, 'cmake_target_skip_unavailable': False, 'install_base': '/home/bbcontact/magician_ros2/install/dobot_object_vision', 'merge_install': False, 'path': '/home/bbcontact/magician_ros2/src/magician_ros2/dobot_object_vision', 'symlink_install': True, 'test_result_base': None}
[1.362s] Level 5:colcon.colcon_core.verb:set package 'dobot_state_updater' build argument 'cmake_args' from command line to 'None'
[1.362s] Level 5:colcon.colcon_core.verb:set package 'dobot_state_updater' build argument 'cmake_target' from command line to 'None'
[1.362s] Level 5:colcon.colcon_core.verb:set package 'dobot_state_updater' build argument 'cmake_target_skip_unavailable' from command line to 'False'
[1.362s] Level 5:colcon.colcon_core.verb:set package 'dobot_state_updater' build argument 'cmake_clean_cache' from command line to 'False'
[1.362s] Level 5:colcon.colcon_core.verb:set package 'dobot_state_updater' build argument 'cmake_clean_first' from command line to 'False'
[1.362s] Level 5:colcon.colcon_core.verb:set package 'dobot_state_updater' build argument 'cmake_force_configure' from command line to 'False'
[1.362s] Level 5:colcon.colcon_core.verb:set package 'dobot_state_updater' build argument 'ament_cmake_args' from command line to 'None'
[1.362s] Level 5:colcon.colcon_core.verb:set package 'dobot_state_updater' build argument 'catkin_cmake_args' from command line to 'None'
[1.362s] Level 5:colcon.colcon_core.verb:set package 'dobot_state_updater' build argument 'catkin_skip_building_tests' from command line to 'False'
[1.363s] DEBUG:colcon.colcon_core.verb:Building package 'dobot_state_updater' with the following arguments: {'ament_cmake_args': None, 'build_base': '/home/bbcontact/magician_ros2/build/dobot_state_updater', 'catkin_cmake_args': None, 'catkin_skip_building_tests': False, 'cmake_args': None, 'cmake_clean_cache': False, 'cmake_clean_first': False, 'cmake_force_configure': False, 'cmake_target': None, 'cmake_target_skip_unavailable': False, 'install_base': '/home/bbcontact/magician_ros2/install/dobot_state_updater', 'merge_install': False, 'path': '/home/bbcontact/magician_ros2/src/magician_ros2/dobot_state_updater', 'symlink_install': True, 'test_result_base': None}
[1.363s] Level 5:colcon.colcon_core.verb:set package 'dobot_vision_rgbd' build argument 'cmake_args' from command line to 'None'
[1.363s] Level 5:colcon.colcon_core.verb:set package 'dobot_vision_rgbd' build argument 'cmake_target' from command line to 'None'
[1.363s] Level 5:colcon.colcon_core.verb:set package 'dobot_vision_rgbd' build argument 'cmake_target_skip_unavailable' from command line to 'False'
[1.364s] Level 5:colcon.colcon_core.verb:set package 'dobot_vision_rgbd' build argument 'cmake_clean_cache' from command line to 'False'
[1.364s] Level 5:colcon.colcon_core.verb:set package 'dobot_vision_rgbd' build argument 'cmake_clean_first' from command line to 'False'
[1.364s] Level 5:colcon.colcon_core.verb:set package 'dobot_vision_rgbd' build argument 'cmake_force_configure' from command line to 'False'
[1.364s] Level 5:colcon.colcon_core.verb:set package 'dobot_vision_rgbd' build argument 'ament_cmake_args' from command line to 'None'
[1.364s] Level 5:colcon.colcon_core.verb:set package 'dobot_vision_rgbd' build argument 'catkin_cmake_args' from command line to 'None'
[1.364s] Level 5:colcon.colcon_core.verb:set package 'dobot_vision_rgbd' build argument 'catkin_skip_building_tests' from command line to 'False'
[1.364s] DEBUG:colcon.colcon_core.verb:Building package 'dobot_vision_rgbd' with the following arguments: {'ament_cmake_args': None, 'build_base': '/home/bbcontact/magician_ros2/build/dobot_vision_rgbd', 'catkin_cmake_args': None, 'catkin_skip_building_tests': False, 'cmake_args': None, 'cmake_clean_cache': False, 'cmake_clean_first': False, 'cmake_force_configure': False, 'cmake_target': None, 'cmake_target_skip_unavailable': False, 'install_base': '/home/bbcontact/magician_ros2/install/dobot_vision_rgbd', 'merge_install': False, 'path': '/home/bbcontact/magician_ros2/src/magician_ros2/dobot_vision_rgbd', 'symlink_install': True, 'test_result_base': None}
[1.365s] Level 5:colcon.colcon_core.verb:set package 'orbbec_camera' build argument 'cmake_args' from command line to 'None'
[1.365s] Level 5:colcon.colcon_core.verb:overwrite package 'orbbec_camera' build argument 'cmake_args' from package metadata with '['-DOpenCV_DIR=/usr/lib/x86_64-linux-gnu/cmake/opencv4']' (before: 'None')
[1.365s] Level 5:colcon.colcon_core.verb:set package 'orbbec_camera' build argument 'cmake_target' from command line to 'None'
[1.365s] Level 5:colcon.colcon_core.verb:set package 'orbbec_camera' build argument 'cmake_target_skip_unavailable' from command line to 'False'
[1.365s] Level 5:colcon.colcon_core.verb:set package 'orbbec_camera' build argument 'cmake_clean_cache' from command line to 'False'
[1.365s] Level 5:colcon.colcon_core.verb:set package 'orbbec_camera' build argument 'cmake_clean_first' from command line to 'False'
[1.365s] Level 5:colcon.colcon_core.verb:set package 'orbbec_camera' build argument 'cmake_force_configure' from command line to 'False'
[1.365s] Level 5:colcon.colcon_core.verb:set package 'orbbec_camera' build argument 'ament_cmake_args' from command line to 'None'
[1.365s] Level 5:colcon.colcon_core.verb:set package 'orbbec_camera' build argument 'catkin_cmake_args' from command line to 'None'
[1.365s] Level 5:colcon.colcon_core.verb:set package 'orbbec_camera' build argument 'catkin_skip_building_tests' from command line to 'False'
[1.366s] DEBUG:colcon.colcon_core.verb:Building package 'orbbec_camera' with the following arguments: {'ament_cmake_args': None, 'build_base': '/home/bbcontact/magician_ros2/build/orbbec_camera', 'catkin_cmake_args': None, 'catkin_skip_building_tests': False, 'cmake_args': ['-DOpenCV_DIR=/usr/lib/x86_64-linux-gnu/cmake/opencv4'], 'cmake_clean_cache': False, 'cmake_clean_first': False, 'cmake_force_configure': False, 'cmake_target': None, 'cmake_target_skip_unavailable': False, 'install_base': '/home/bbcontact/magician_ros2/install/orbbec_camera', 'merge_install': False, 'path': '/home/bbcontact/magician_ros2/src/OrbbecSDK_ROS2/orbbec_camera', 'symlink_install': True, 'test_result_base': None}
[1.366s] Level 5:colcon.colcon_core.verb:set package 'dobot_bringup' build argument 'cmake_args' from command line to 'None'
[1.366s] Level 5:colcon.colcon_core.verb:set package 'dobot_bringup' build argument 'cmake_target' from command line to 'None'
[1.366s] Level 5:colcon.colcon_core.verb:set package 'dobot_bringup' build argument 'cmake_target_skip_unavailable' from command line to 'False'
[1.366s] Level 5:colcon.colcon_core.verb:set package 'dobot_bringup' build argument 'cmake_clean_cache' from command line to 'False'
[1.367s] Level 5:colcon.colcon_core.verb:set package 'dobot_bringup' build argument 'cmake_clean_first' from command line to 'False'
[1.367s] Level 5:colcon.colcon_core.verb:set package 'dobot_bringup' build argument 'cmake_force_configure' from command line to 'False'
[1.367s] Level 5:colcon.colcon_core.verb:set package 'dobot_bringup' build argument 'ament_cmake_args' from command line to 'None'
[1.367s] Level 5:colcon.colcon_core.verb:set package 'dobot_bringup' build argument 'catkin_cmake_args' from command line to 'None'
[1.367s] Level 5:colcon.colcon_core.verb:set package 'dobot_bringup' build argument 'catkin_skip_building_tests' from command line to 'False'
[1.367s] DEBUG:colcon.colcon_core.verb:Building package 'dobot_bringup' with the following arguments: {'ament_cmake_args': None, 'build_base': '/home/bbcontact/magician_ros2/build/dobot_bringup', 'catkin_cmake_args': None, 'catkin_skip_building_tests': False, 'cmake_args': None, 'cmake_clean_cache': False, 'cmake_clean_first': False, 'cmake_force_configure': False, 'cmake_target': None, 'cmake_target_skip_unavailable': False, 'install_base': '/home/bbcontact/magician_ros2/install/dobot_bringup', 'merge_install': False, 'path': '/home/bbcontact/magician_ros2/src/magician_ros2/dobot_bringup', 'symlink_install': True, 'test_result_base': None}
[1.367s] Level 5:colcon.colcon_core.verb:set package 'dobot_demos' build argument 'cmake_args' from command line to 'None'
[1.368s] Level 5:colcon.colcon_core.verb:set package 'dobot_demos' build argument 'cmake_target' from command line to 'None'
[1.368s] Level 5:colcon.colcon_core.verb:set package 'dobot_demos' build argument 'cmake_target_skip_unavailable' from command line to 'False'
[1.368s] Level 5:colcon.colcon_core.verb:set package 'dobot_demos' build argument 'cmake_clean_cache' from command line to 'False'
[1.368s] Level 5:colcon.colcon_core.verb:set package 'dobot_demos' build argument 'cmake_clean_first' from command line to 'False'
[1.368s] Level 5:colcon.colcon_core.verb:set package 'dobot_demos' build argument 'cmake_force_configure' from command line to 'False'
[1.368s] Level 5:colcon.colcon_core.verb:set package 'dobot_demos' build argument 'ament_cmake_args' from command line to 'None'
[1.368s] Level 5:colcon.colcon_core.verb:set package 'dobot_demos' build argument 'catkin_cmake_args' from command line to 'None'
[1.368s] Level 5:colcon.colcon_core.verb:set package 'dobot_demos' build argument 'catkin_skip_building_tests' from command line to 'False'
[1.368s] DEBUG:colcon.colcon_core.verb:Building package 'dobot_demos' with the following arguments: {'ament_cmake_args': None, 'build_base': '/home/bbcontact/magician_ros2/build/dobot_demos', 'catkin_cmake_args': None, 'catkin_skip_building_tests': False, 'cmake_args': None, 'cmake_clean_cache': False, 'cmake_clean_first': False, 'cmake_force_configure': False, 'cmake_target': None, 'cmake_target_skip_unavailable': False, 'install_base': '/home/bbcontact/magician_ros2/install/dobot_demos', 'merge_install': False, 'path': '/home/bbcontact/magician_ros2/src/magician_ros2/dobot_demos', 'symlink_install': True, 'test_result_base': None}
[1.369s] Level 5:colcon.colcon_core.verb:set package 'dobot_web_interface' build argument 'cmake_args' from command line to 'None'
[1.369s] Level 5:colcon.colcon_core.verb:set package 'dobot_web_interface' build argument 'cmake_target' from command line to 'None'
[1.369s] Level 5:colcon.colcon_core.verb:set package 'dobot_web_interface' build argument 'cmake_target_skip_unavailable' from command line to 'False'
[1.369s] Level 5:colcon.colcon_core.verb:set package 'dobot_web_interface' build argument 'cmake_clean_cache' from command line to 'False'
[1.369s] Level 5:colcon.colcon_core.verb:set package 'dobot_web_interface' build argument 'cmake_clean_first' from command line to 'False'
[1.369s] Level 5:colcon.colcon_core.verb:set package 'dobot_web_interface' build argument 'cmake_force_configure' from command line to 'False'
[1.369s] Level 5:colcon.colcon_core.verb:set package 'dobot_web_interface' build argument 'ament_cmake_args' from command line to 'None'
[1.369s] Level 5:colcon.colcon_core.verb:set package 'dobot_web_interface' build argument 'catkin_cmake_args' from command line to 'None'
[1.369s] Level 5:colcon.colcon_core.verb:set package 'dobot_web_interface' build argument 'catkin_skip_building_tests' from command line to 'False'
[1.369s] DEBUG:colcon.colcon_core.verb:Building package 'dobot_web_interface' with the following arguments: {'ament_cmake_args': None, 'build_base': '/home/bbcontact/magician_ros2/build/dobot_web_interface', 'catkin_cmake_args': None, 'catkin_skip_building_tests': False, 'cmake_args': None, 'cmake_clean_cache': False, 'cmake_clean_first': False, 'cmake_force_configure': False, 'cmake_target': None, 'cmake_target_skip_unavailable': False, 'install_base': '/home/bbcontact/magician_ros2/install/dobot_web_interface', 'merge_install': False, 'path': '/home/bbcontact/magician_ros2/src/magician_ros2/dobot_web_interface', 'symlink_install': True, 'test_result_base': None}
[1.370s] INFO:colcon.colcon_core.executor:Executing jobs using 'parallel' executor
[1.373s] DEBUG:colcon.colcon_parallel_executor.executor.parallel:run_until_complete
[1.374s] INFO:colcon.colcon_ros.task.ament_cmake.build:Building ROS package in '/home/bbcontact/magician_ros2/src/magician_ros2/dobot_msgs' with build type 'ament_cmake'
[1.374s] INFO:colcon.colcon_cmake.task.cmake.build:Building CMake package in '/home/bbcontact/magician_ros2/src/magician_ros2/dobot_msgs'
[1.394s] INFO:colcon.colcon_core.plugin_system:Skipping extension 'colcon_core.shell.bat': Not used on non-Windows systems
[1.394s] INFO:colcon.colcon_core.shell:Skip shell extension 'powershell' for command environment: Not usable outside of PowerShell
[1.394s] DEBUG:colcon.colcon_core.shell:Skip shell extension 'dsv' for command environment
[1.406s] INFO:colcon.colcon_ros.task.ament_cmake.build:Building ROS package in '/home/bbcontact/magician_ros2/src/magician_ros2/dobot_driver' with build type 'ament_cmake'
[1.407s] INFO:colcon.colcon_cmake.task.cmake.build:Building CMake package in '/home/bbcontact/magician_ros2/src/magician_ros2/dobot_driver'
[1.408s] INFO:colcon.colcon_core.shell:Skip shell extension 'powershell' for command environment: Not usable outside of PowerShell
[1.408s] DEBUG:colcon.colcon_core.shell:Skip shell extension 'dsv' for command environment
[1.417s] INFO:colcon.colcon_ros.task.ament_cmake.build:Building ROS package in '/home/bbcontact/magician_ros2/src/magician_ros2/dobot_description' with build type 'ament_cmake'
[1.417s] INFO:colcon.colcon_cmake.task.cmake.build:Building CMake package in '/home/bbcontact/magician_ros2/src/magician_ros2/dobot_description'
[1.418s] INFO:colcon.colcon_core.shell:Skip shell extension 'powershell' for command environment: Not usable outside of PowerShell
[1.418s] DEBUG:colcon.colcon_core.shell:Skip shell extension 'dsv' for command environment
[1.429s] INFO:colcon.colcon_ros.task.ament_cmake.build:Building ROS package in '/home/bbcontact/magician_ros2/src/OrbbecSDK_ROS2/orbbec_camera_msgs' with build type 'ament_cmake'
[1.429s] INFO:colcon.colcon_cmake.task.cmake.build:Building CMake package in '/home/bbcontact/magician_ros2/src/OrbbecSDK_ROS2/orbbec_camera_msgs'
[1.430s] INFO:colcon.colcon_core.shell:Skip shell extension 'powershell' for command environment: Not usable outside of PowerShell
[1.430s] DEBUG:colcon.colcon_core.shell:Skip shell extension 'dsv' for command environment
[1.437s] INFO:colcon.colcon_ros.task.ament_python.build:Building ROS package in '/home/bbcontact/magician_ros2/src/magician_ros2/dobot_vision_yolo' with build type 'ament_python'
[1.438s] Level 1:colcon.colcon_core.shell:create_environment_hook('dobot_vision_yolo', 'ament_prefix_path')
[1.438s] INFO:colcon.colcon_core.shell:Creating environment hook '/home/bbcontact/magician_ros2/install/dobot_vision_yolo/share/dobot_vision_yolo/hook/ament_prefix_path.ps1'
[1.441s] INFO:colcon.colcon_core.shell:Creating environment descriptor '/home/bbcontact/magician_ros2/install/dobot_vision_yolo/share/dobot_vision_yolo/hook/ament_prefix_path.dsv'
[1.443s] INFO:colcon.colcon_core.shell:Creating environment hook '/home/bbcontact/magician_ros2/install/dobot_vision_yolo/share/dobot_vision_yolo/hook/ament_prefix_path.sh'
[1.445s] INFO:colcon.colcon_core.shell:Skip shell extension 'powershell' for command environment: Not usable outside of PowerShell
[1.446s] DEBUG:colcon.colcon_core.shell:Skip shell extension 'dsv' for command environment
[1.454s] INFO:colcon.colcon_ros.task.ament_python.build:Building ROS package in '/home/bbcontact/magician_ros2/src/magician_ros2/dobot_visualization_tools' with build type 'ament_python'
[1.455s] Level 1:colcon.colcon_core.shell:create_environment_hook('dobot_visualization_tools', 'ament_prefix_path')
[1.455s] INFO:colcon.colcon_core.shell:Creating environment hook '/home/bbcontact/magician_ros2/install/dobot_visualization_tools/share/dobot_visualization_tools/hook/ament_prefix_path.ps1'
[1.457s] INFO:colcon.colcon_core.shell:Creating environment descriptor '/home/bbcontact/magician_ros2/install/dobot_visualization_tools/share/dobot_visualization_tools/hook/ament_prefix_path.dsv'
[1.457s] INFO:colcon.colcon_core.shell:Creating environment hook '/home/bbcontact/magician_ros2/install/dobot_visualization_tools/share/dobot_visualization_tools/hook/ament_prefix_path.sh'
[1.459s] INFO:colcon.colcon_core.shell:Skip shell extension 'powershell' for command environment: Not usable outside of PowerShell
[1.459s] DEBUG:colcon.colcon_core.shell:Skip shell extension 'dsv' for command environment
[1.469s] INFO:colcon.colcon_ros.task.ament_cmake.build:Building ROS package in '/home/bbcontact/magician_ros2/src/OrbbecSDK_ROS2/orbbec_description' with build type 'ament_cmake'
[1.470s] INFO:colcon.colcon_cmake.task.cmake.build:Building CMake package in '/home/bbcontact/magician_ros2/src/OrbbecSDK_ROS2/orbbec_description'
[1.471s] INFO:colcon.colcon_core.shell:Skip shell extension 'powershell' for command environment: Not usable outside of PowerShell
[1.471s] DEBUG:colcon.colcon_core.shell:Skip shell extension 'dsv' for command environment
[1.497s] DEBUG:colcon.colcon_core.event_handler.log_command:Invoking command in '/home/bbcontact/magician_ros2/build/dobot_msgs': CMAKE_PREFIX_PATH=${CMAKE_PREFIX_PATH}:/opt/ros/jazzy DEBUGINFOD_URLS=https://debuginfod.ubuntu.com /usr/bin/cmake --build /home/bbcontact/magician_ros2/build/dobot_msgs -- -j8 -l8
[1.504s] DEBUG:colcon.colcon_core.event_handler.log_command:Invoking command in '/home/bbcontact/magician_ros2/build/dobot_driver': CMAKE_PREFIX_PATH=${CMAKE_PREFIX_PATH}:/opt/ros/jazzy DEBUGINFOD_URLS=https://debuginfod.ubuntu.com /usr/bin/cmake /home/bbcontact/magician_ros2/src/magician_ros2/dobot_driver -DAMENT_CMAKE_SYMLINK_INSTALL=1 -DCMAKE_INSTALL_PREFIX=/home/bbcontact/magician_ros2/install/dobot_driver
[1.510s] DEBUG:colcon.colcon_core.event_handler.log_command:Invoking command in '/home/bbcontact/magician_ros2/build/dobot_description': CMAKE_PREFIX_PATH=${CMAKE_PREFIX_PATH}:/opt/ros/jazzy DEBUGINFOD_URLS=https://debuginfod.ubuntu.com /usr/bin/cmake /home/bbcontact/magician_ros2/src/magician_ros2/dobot_description -DAMENT_CMAKE_SYMLINK_INSTALL=1 -DCMAKE_INSTALL_PREFIX=/home/bbcontact/magician_ros2/install/dobot_description
[1.519s] DEBUG:colcon.colcon_core.event_handler.log_command:Invoking command in '/home/bbcontact/magician_ros2/build/orbbec_camera_msgs': CMAKE_PREFIX_PATH=${CMAKE_PREFIX_PATH}:/opt/ros/jazzy DEBUGINFOD_URLS=https://debuginfod.ubuntu.com /usr/bin/cmake /home/bbcontact/magician_ros2/src/OrbbecSDK_ROS2/orbbec_camera_msgs -DAMENT_CMAKE_SYMLINK_INSTALL=1 -DCMAKE_INSTALL_PREFIX=/home/bbcontact/magician_ros2/install/orbbec_camera_msgs
[2.965s] INFO:colcon.colcon_core.task.python.build:Building Python package in '/home/bbcontact/magician_ros2/src/magician_ros2/dobot_vision_yolo'
[2.965s] INFO:colcon.colcon_core.shell:Skip shell extension 'powershell' for command environment: Not usable outside of PowerShell
[2.966s] DEBUG:colcon.colcon_core.shell:Skip shell extension 'dsv' for command environment
[4.068s] INFO:colcon.colcon_core.task.python.build:Building Python package in '/home/bbcontact/magician_ros2/src/magician_ros2/dobot_visualization_tools'
[4.068s] INFO:colcon.colcon_core.shell:Skip shell extension 'powershell' for command environment: Not usable outside of PowerShell
[4.068s] DEBUG:colcon.colcon_core.shell:Skip shell extension 'dsv' for command environment
[4.091s] DEBUG:colcon.colcon_core.event_handler.log_command:Invoking command in '/home/bbcontact/magician_ros2/build/orbbec_description': CMAKE_PREFIX_PATH=${CMAKE_PREFIX_PATH}:/opt/ros/jazzy DEBUGINFOD_URLS=https://debuginfod.ubuntu.com /usr/bin/cmake /home/bbcontact/magician_ros2/src/OrbbecSDK_ROS2/orbbec_description -DAMENT_CMAKE_SYMLINK_INSTALL=1 -DCMAKE_INSTALL_PREFIX=/home/bbcontact/magician_ros2/install/orbbec_description
[4.147s] DEBUG:colcon.colcon_core.event_handler.log_command:Invoked command in '/home/bbcontact/magician_ros2/build/dobot_driver' returned '0': CMAKE_PREFIX_PATH=${CMAKE_PREFIX_PATH}:/opt/ros/jazzy DEBUGINFOD_URLS=https://debuginfod.ubuntu.com /usr/bin/cmake /home/bbcontact/magician_ros2/src/magician_ros2/dobot_driver -DAMENT_CMAKE_SYMLINK_INSTALL=1 -DCMAKE_INSTALL_PREFIX=/home/bbcontact/magician_ros2/install/dobot_driver
[4.148s] DEBUG:colcon.colcon_core.event_handler.log_command:Invoking command in '/home/bbcontact/magician_ros2/build/dobot_driver': CMAKE_PREFIX_PATH=${CMAKE_PREFIX_PATH}:/opt/ros/jazzy DEBUGINFOD_URLS=https://debuginfod.ubuntu.com /usr/bin/cmake --build /home/bbcontact/magician_ros2/build/dobot_driver -- -j8 -l8
[4.506s] DEBUG:colcon.colcon_core.event_handler.log_command:Invoked command in '/home/bbcontact/magician_ros2/build/dobot_msgs' returned '0': CMAKE_PREFIX_PATH=${CMAKE_PREFIX_PATH}:/opt/ros/jazzy DEBUGINFOD_URLS=https://debuginfod.ubuntu.com /usr/bin/cmake --build /home/bbcontact/magician_ros2/build/dobot_msgs -- -j8 -l8
[4.609s] DEBUG:colcon.colcon_core.event_handler.log_command:Invoking command in '/home/bbcontact/magician_ros2/build/dobot_msgs': CMAKE_PREFIX_PATH=${CMAKE_PREFIX_PATH}:/opt/ros/jazzy DEBUGINFOD_URLS=https://debuginfod.ubuntu.com /usr/bin/cmake --install /home/bbcontact/magician_ros2/build/dobot_msgs
[5.512s] Level 1:colcon.colcon_core.environment:create_environment_scripts_only(dobot_msgs)
[5.517s] DEBUG:colcon.colcon_core.event_handler.log_command:Invoked command in '/home/bbcontact/magician_ros2/build/dobot_msgs' returned '0': CMAKE_PREFIX_PATH=${CMAKE_PREFIX_PATH}:/opt/ros/jazzy DEBUGINFOD_URLS=https://debuginfod.ubuntu.com /usr/bin/cmake --install /home/bbcontact/magician_ros2/build/dobot_msgs
[5.531s] Level 1:colcon.colcon_core.environment:checking '/home/bbcontact/magician_ros2/install/dobot_msgs' for CMake module files
[5.534s] Level 1:colcon.colcon_core.environment:checking '/home/bbcontact/magician_ros2/install/dobot_msgs' for CMake config files
[5.537s] Level 1:colcon.colcon_core.shell:create_environment_hook('dobot_msgs', 'cmake_prefix_path')
[5.537s] INFO:colcon.colcon_core.shell:Creating environment hook '/home/bbcontact/magician_ros2/install/dobot_msgs/share/dobot_msgs/hook/cmake_prefix_path.ps1'
[5.539s] INFO:colcon.colcon_core.shell:Creating environment descriptor '/home/bbcontact/magician_ros2/install/dobot_msgs/share/dobot_msgs/hook/cmake_prefix_path.dsv'
[5.540s] INFO:colcon.colcon_core.shell:Creating environment hook '/home/bbcontact/magician_ros2/install/dobot_msgs/share/dobot_msgs/hook/cmake_prefix_path.sh'
[5.542s] Level 1:colcon.colcon_core.environment:checking '/home/bbcontact/magician_ros2/install/dobot_msgs/lib'
[5.543s] Level 1:colcon.colcon_core.shell:create_environment_hook('dobot_msgs', 'ld_library_path_lib')
[5.544s] INFO:colcon.colcon_core.shell:Creating environment hook '/home/bbcontact/magician_ros2/install/dobot_msgs/share/dobot_msgs/hook/ld_library_path_lib.ps1'
[5.546s] INFO:colcon.colcon_core.shell:Creating environment descriptor '/home/bbcontact/magician_ros2/install/dobot_msgs/share/dobot_msgs/hook/ld_library_path_lib.dsv'
[5.547s] INFO:colcon.colcon_core.shell:Creating environment hook '/home/bbcontact/magician_ros2/install/dobot_msgs/share/dobot_msgs/hook/ld_library_path_lib.sh'
[5.548s] Level 1:colcon.colcon_core.environment:checking '/home/bbcontact/magician_ros2/install/dobot_msgs/bin'
[5.548s] Level 1:colcon.colcon_core.environment:checking '/home/bbcontact/magician_ros2/install/dobot_msgs/lib/pkgconfig/dobot_msgs.pc'
[5.549s] Level 1:colcon.colcon_core.environment:checking '/home/bbcontact/magician_ros2/install/dobot_msgs/lib/python3.12/site-packages'
[5.552s] Level 1:colcon.colcon_core.shell:create_environment_hook('dobot_msgs', 'pythonpath')
[5.555s] INFO:colcon.colcon_core.shell:Creating environment hook '/home/bbcontact/magician_ros2/install/dobot_msgs/share/dobot_msgs/hook/pythonpath.ps1'
[5.556s] INFO:colcon.colcon_core.shell:Creating environment descriptor '/home/bbcontact/magician_ros2/install/dobot_msgs/share/dobot_msgs/hook/pythonpath.dsv'
[5.557s] INFO:colcon.colcon_core.shell:Creating environment hook '/home/bbcontact/magician_ros2/install/dobot_msgs/share/dobot_msgs/hook/pythonpath.sh'
[5.560s] Level 1:colcon.colcon_core.environment:checking '/home/bbcontact/magician_ros2/install/dobot_msgs/bin'
[5.561s] INFO:colcon.colcon_core.shell:Creating package script '/home/bbcontact/magician_ros2/install/dobot_msgs/share/dobot_msgs/package.ps1'
[5.565s] INFO:colcon.colcon_core.shell:Creating package descriptor '/home/bbcontact/magician_ros2/install/dobot_msgs/share/dobot_msgs/package.dsv'
[5.601s] INFO:colcon.colcon_core.shell:Creating package script '/home/bbcontact/magician_ros2/install/dobot_msgs/share/dobot_msgs/package.sh'
[5.604s] INFO:colcon.colcon_core.shell:Creating package script '/home/bbcontact/magician_ros2/install/dobot_msgs/share/dobot_msgs/package.bash'
[5.607s] INFO:colcon.colcon_core.shell:Creating package script '/home/bbcontact/magician_ros2/install/dobot_msgs/share/dobot_msgs/package.zsh'
[5.610s] Level 1:colcon.colcon_core.environment:create_file_with_runtime_dependencies(/home/bbcontact/magician_ros2/install/dobot_msgs/share/colcon-core/packages/dobot_msgs)
[5.612s] Level 1:colcon.colcon_core.environment:create_environment_scripts_only(dobot_msgs)
[5.613s] Level 1:colcon.colcon_core.environment:checking '/home/bbcontact/magician_ros2/install/dobot_msgs' for CMake module files
[5.616s] Level 1:colcon.colcon_core.environment:checking '/home/bbcontact/magician_ros2/install/dobot_msgs' for CMake config files
[5.618s] Level 1:colcon.colcon_core.shell:create_environment_hook('dobot_msgs', 'cmake_prefix_path')
[5.619s] INFO:colcon.colcon_core.shell:Creating environment hook '/home/bbcontact/magician_ros2/install/dobot_msgs/share/dobot_msgs/hook/cmake_prefix_path.ps1'
[5.620s] INFO:colcon.colcon_core.shell:Creating environment descriptor '/home/bbcontact/magician_ros2/install/dobot_msgs/share/dobot_msgs/hook/cmake_prefix_path.dsv'
[5.622s] INFO:colcon.colcon_core.shell:Creating environment hook '/home/bbcontact/magician_ros2/install/dobot_msgs/share/dobot_msgs/hook/cmake_prefix_path.sh'
[5.625s] Level 1:colcon.colcon_core.environment:checking '/home/bbcontact/magician_ros2/install/dobot_msgs/lib'
[5.625s] Level 1:colcon.colcon_core.shell:create_environment_hook('dobot_msgs', 'ld_library_path_lib')
[5.626s] INFO:colcon.colcon_core.shell:Creating environment hook '/home/bbcontact/magician_ros2/install/dobot_msgs/share/dobot_msgs/hook/ld_library_path_lib.ps1'
[5.627s] INFO:colcon.colcon_core.shell:Creating environment descriptor '/home/bbcontact/magician_ros2/install/dobot_msgs/share/dobot_msgs/hook/ld_library_path_lib.dsv'
[5.628s] INFO:colcon.colcon_core.shell:Creating environment hook '/home/bbcontact/magician_ros2/install/dobot_msgs/share/dobot_msgs/hook/ld_library_path_lib.sh'
[5.630s] Level 1:colcon.colcon_core.environment:checking '/home/bbcontact/magician_ros2/install/dobot_msgs/bin'
[5.630s] Level 1:colcon.colcon_core.environment:checking '/home/bbcontact/magician_ros2/install/dobot_msgs/lib/pkgconfig/dobot_msgs.pc'
[5.631s] Level 1:colcon.colcon_core.environment:checking '/home/bbcontact/magician_ros2/install/dobot_msgs/lib/python3.12/site-packages'
[5.631s] Level 1:colcon.colcon_core.shell:create_environment_hook('dobot_msgs', 'pythonpath')
[5.632s] INFO:colcon.colcon_core.shell:Creating environment hook '/home/bbcontact/magician_ros2/install/dobot_msgs/share/dobot_msgs/hook/pythonpath.ps1'
[5.633s] INFO:colcon.colcon_core.shell:Creating environment descriptor '/home/bbcontact/magician_ros2/install/dobot_msgs/share/dobot_msgs/hook/pythonpath.dsv'
[5.634s] INFO:colcon.colcon_core.shell:Creating environment hook '/home/bbcontact/magician_ros2/install/dobot_msgs/share/dobot_msgs/hook/pythonpath.sh'
[5.637s] Level 1:colcon.colcon_core.environment:checking '/home/bbcontact/magician_ros2/install/dobot_msgs/bin'
[5.637s] INFO:colcon.colcon_core.shell:Creating package script '/home/bbcontact/magician_ros2/install/dobot_msgs/share/dobot_msgs/package.ps1'
[5.640s] INFO:colcon.colcon_core.shell:Creating package descriptor '/home/bbcontact/magician_ros2/install/dobot_msgs/share/dobot_msgs/package.dsv'
[5.642s] INFO:colcon.colcon_core.shell:Creating package script '/home/bbcontact/magician_ros2/install/dobot_msgs/share/dobot_msgs/package.sh'
[5.644s] INFO:colcon.colcon_core.shell:Creating package script '/home/bbcontact/magician_ros2/install/dobot_msgs/share/dobot_msgs/package.bash'
[5.645s] INFO:colcon.colcon_core.shell:Creating package script '/home/bbcontact/magician_ros2/install/dobot_msgs/share/dobot_msgs/package.zsh'
[5.647s] Level 1:colcon.colcon_core.environment:create_file_with_runtime_dependencies(/home/bbcontact/magician_ros2/install/dobot_msgs/share/colcon-core/packages/dobot_msgs)
[5.648s] INFO:colcon.colcon_ros.task.ament_python.build:Building ROS package in '/home/bbcontact/magician_ros2/src/magician_ros2/dobot_calibration' with build type 'ament_python'
[5.648s] Level 1:colcon.colcon_core.shell:create_environment_hook('dobot_calibration', 'ament_prefix_path')
[5.649s] INFO:colcon.colcon_core.shell:Creating environment hook '/home/bbcontact/magician_ros2/install/dobot_calibration/share/dobot_calibration/hook/ament_prefix_path.ps1'
[5.652s] INFO:colcon.colcon_core.shell:Creating environment descriptor '/home/bbcontact/magician_ros2/install/dobot_calibration/share/dobot_calibration/hook/ament_prefix_path.dsv'
[5.653s] INFO:colcon.colcon_core.shell:Creating environment hook '/home/bbcontact/magician_ros2/install/dobot_calibration/share/dobot_calibration/hook/ament_prefix_path.sh'
[5.654s] INFO:colcon.colcon_core.shell:Skip shell extension 'powershell' for command environment: Not usable outside of PowerShell
[5.655s] DEBUG:colcon.colcon_core.shell:Skip shell extension 'dsv' for command environment
[5.666s] INFO:colcon.colcon_ros.task.ament_python.build:Building ROS package in '/home/bbcontact/magician_ros2/src/magician_ros2/dobot_diagnostics' with build type 'ament_python'
[5.667s] Level 1:colcon.colcon_core.shell:create_environment_hook('dobot_diagnostics', 'ament_prefix_path')
[5.667s] INFO:colcon.colcon_core.shell:Creating environment hook '/home/bbcontact/magician_ros2/install/dobot_diagnostics/share/dobot_diagnostics/hook/ament_prefix_path.ps1'
[5.673s] INFO:colcon.colcon_core.shell:Creating environment descriptor '/home/bbcontact/magician_ros2/install/dobot_diagnostics/share/dobot_diagnostics/hook/ament_prefix_path.dsv'
[5.675s] INFO:colcon.colcon_core.shell:Creating environment hook '/home/bbcontact/magician_ros2/install/dobot_diagnostics/share/dobot_diagnostics/hook/ament_prefix_path.sh'
[5.678s] INFO:colcon.colcon_core.shell:Skip shell extension 'powershell' for command environment: Not usable outside of PowerShell
[5.678s] DEBUG:colcon.colcon_core.shell:Skip shell extension 'dsv' for command environment
[7.028s] INFO:colcon.colcon_core.task.python.build:Building Python package in '/home/bbcontact/magician_ros2/src/magician_ros2/dobot_calibration'
[7.028s] INFO:colcon.colcon_core.shell:Skip shell extension 'powershell' for command environment: Not usable outside of PowerShell
[7.029s] DEBUG:colcon.colcon_core.shell:Skip shell extension 'dsv' for command environment
[7.058s] DEBUG:colcon.colcon_core.event_handler.log_command:Invoked command in '/home/bbcontact/magician_ros2/build/dobot_driver' returned '0': CMAKE_PREFIX_PATH=${CMAKE_PREFIX_PATH}:/opt/ros/jazzy DEBUGINFOD_URLS=https://debuginfod.ubuntu.com /usr/bin/cmake --build /home/bbcontact/magician_ros2/build/dobot_driver -- -j8 -l8
[7.059s] DEBUG:colcon.colcon_core.event_handler.log_command:Invoking command in '/home/bbcontact/magician_ros2/build/dobot_driver': CMAKE_PREFIX_PATH=${CMAKE_PREFIX_PATH}:/opt/ros/jazzy DEBUGINFOD_URLS=https://debuginfod.ubuntu.com /usr/bin/cmake --install /home/bbcontact/magician_ros2/build/dobot_driver
[7.061s] DEBUG:colcon.colcon_core.event_handler.log_command:Invoked command in '/home/bbcontact/magician_ros2/build/orbbec_description' returned '0': CMAKE_PREFIX_PATH=${CMAKE_PREFIX_PATH}:/opt/ros/jazzy DEBUGINFOD_URLS=https://debuginfod.ubuntu.com /usr/bin/cmake /home/bbcontact/magician_ros2/src/OrbbecSDK_ROS2/orbbec_description -DAMENT_CMAKE_SYMLINK_INSTALL=1 -DCMAKE_INSTALL_PREFIX=/home/bbcontact/magician_ros2/install/orbbec_description
[7.064s] DEBUG:colcon.colcon_core.event_handler.log_command:Invoking command in '/home/bbcontact/magician_ros2/build/orbbec_description': CMAKE_PREFIX_PATH=${CMAKE_PREFIX_PATH}:/opt/ros/jazzy DEBUGINFOD_URLS=https://debuginfod.ubuntu.com /usr/bin/cmake --build /home/bbcontact/magician_ros2/build/orbbec_description -- -j8 -l8
[8.342s] INFO:colcon.colcon_core.task.python.build:Building Python package in '/home/bbcontact/magician_ros2/src/magician_ros2/dobot_diagnostics'
[8.343s] INFO:colcon.colcon_core.shell:Skip shell extension 'powershell' for command environment: Not usable outside of PowerShell
[8.343s] DEBUG:colcon.colcon_core.shell:Skip shell extension 'dsv' for command environment
[8.375s] Level 1:colcon.colcon_core.environment:create_environment_scripts_only(dobot_driver)
[8.376s] Level 1:colcon.colcon_core.environment:checking '/home/bbcontact/magician_ros2/install/dobot_driver' for CMake module files
[8.386s] DEBUG:colcon.colcon_core.event_handler.log_command:Invoked command in '/home/bbcontact/magician_ros2/build/dobot_driver' returned '0': CMAKE_PREFIX_PATH=${CMAKE_PREFIX_PATH}:/opt/ros/jazzy DEBUGINFOD_URLS=https://debuginfod.ubuntu.com /usr/bin/cmake --install /home/bbcontact/magician_ros2/build/dobot_driver
[8.386s] Level 1:colcon.colcon_core.environment:checking '/home/bbcontact/magician_ros2/install/dobot_driver' for CMake config files
[8.387s] Level 1:colcon.colcon_core.shell:create_environment_hook('dobot_driver', 'cmake_prefix_path')
[8.388s] INFO:colcon.colcon_core.shell:Creating environment hook '/home/bbcontact/magician_ros2/install/dobot_driver/share/dobot_driver/hook/cmake_prefix_path.ps1'
[8.389s] INFO:colcon.colcon_core.shell:Creating environment descriptor '/home/bbcontact/magician_ros2/install/dobot_driver/share/dobot_driver/hook/cmake_prefix_path.dsv'
[8.390s] INFO:colcon.colcon_core.shell:Creating environment hook '/home/bbcontact/magician_ros2/install/dobot_driver/share/dobot_driver/hook/cmake_prefix_path.sh'
[8.392s] Level 1:colcon.colcon_core.environment:checking '/home/bbcontact/magician_ros2/install/dobot_driver/lib'
[8.393s] Level 1:colcon.colcon_core.environment:checking '/home/bbcontact/magician_ros2/install/dobot_driver/bin'
[8.393s] Level 1:colcon.colcon_core.environment:checking '/home/bbcontact/magician_ros2/install/dobot_driver/lib/pkgconfig/dobot_driver.pc'
[8.394s] Level 1:colcon.colcon_core.environment:checking '/home/bbcontact/magician_ros2/install/dobot_driver/lib/python3.12/site-packages'
[8.394s] Level 1:colcon.colcon_core.shell:create_environment_hook('dobot_driver', 'pythonpath')
[8.395s] INFO:colcon.colcon_core.shell:Creating environment hook '/home/bbcontact/magician_ros2/install/dobot_driver/share/dobot_driver/hook/pythonpath.ps1'
[8.396s] INFO:colcon.colcon_core.shell:Creating environment descriptor '/home/bbcontact/magician_ros2/install/dobot_driver/share/dobot_driver/hook/pythonpath.dsv'
[8.398s] INFO:colcon.colcon_core.shell:Creating environment hook '/home/bbcontact/magician_ros2/install/dobot_driver/share/dobot_driver/hook/pythonpath.sh'
[8.401s] Level 1:colcon.colcon_core.environment:checking '/home/bbcontact/magician_ros2/install/dobot_driver/bin'
[8.402s] INFO:colcon.colcon_core.shell:Creating package script '/home/bbcontact/magician_ros2/install/dobot_driver/share/dobot_driver/package.ps1'
[8.405s] INFO:colcon.colcon_core.shell:Creating package descriptor '/home/bbcontact/magician_ros2/install/dobot_driver/share/dobot_driver/package.dsv'
[8.407s] INFO:colcon.colcon_core.shell:Creating package script '/home/bbcontact/magician_ros2/install/dobot_driver/share/dobot_driver/package.sh'
[8.408s] INFO:colcon.colcon_core.shell:Creating package script '/home/bbcontact/magician_ros2/install/dobot_driver/share/dobot_driver/package.bash'
[8.409s] INFO:colcon.colcon_core.shell:Creating package script '/home/bbcontact/magician_ros2/install/dobot_driver/share/dobot_driver/package.zsh'
[8.410s] Level 1:colcon.colcon_core.environment:create_file_with_runtime_dependencies(/home/bbcontact/magician_ros2/install/dobot_driver/share/colcon-core/packages/dobot_driver)
[8.412s] Level 1:colcon.colcon_core.environment:create_environment_scripts_only(dobot_driver)
[8.412s] Level 1:colcon.colcon_core.environment:checking '/home/bbcontact/magician_ros2/install/dobot_driver' for CMake module files
[8.414s] Level 1:colcon.colcon_core.environment:checking '/home/bbcontact/magician_ros2/install/dobot_driver' for CMake config files
[8.414s] Level 1:colcon.colcon_core.shell:create_environment_hook('dobot_driver', 'cmake_prefix_path')
[8.415s] INFO:colcon.colcon_core.shell:Creating environment hook '/home/bbcontact/magician_ros2/install/dobot_driver/share/dobot_driver/hook/cmake_prefix_path.ps1'
[8.416s] INFO:colcon.colcon_core.shell:Creating environment descriptor '/home/bbcontact/magician_ros2/install/dobot_driver/share/dobot_driver/hook/cmake_prefix_path.dsv'
[8.417s] INFO:colcon.colcon_core.shell:Creating environment hook '/home/bbcontact/magician_ros2/install/dobot_driver/share/dobot_driver/hook/cmake_prefix_path.sh'
[8.420s] Level 1:colcon.colcon_core.environment:checking '/home/bbcontact/magician_ros2/install/dobot_driver/lib'
[8.420s] Level 1:colcon.colcon_core.environment:checking '/home/bbcontact/magician_ros2/install/dobot_driver/bin'
[8.420s] Level 1:colcon.colcon_core.environment:checking '/home/bbcontact/magician_ros2/install/dobot_driver/lib/pkgconfig/dobot_driver.pc'
[8.421s] Level 1:colcon.colcon_core.environment:checking '/home/bbcontact/magician_ros2/install/dobot_driver/lib/python3.12/site-packages'
[8.422s] Level 1:colcon.colcon_core.shell:create_environment_hook('dobot_driver', 'pythonpath')
[8.422s] INFO:colcon.colcon_core.shell:Creating environment hook '/home/bbcontact/magician_ros2/install/dobot_driver/share/dobot_driver/hook/pythonpath.ps1'
[8.424s] INFO:colcon.colcon_core.shell:Creating environment descriptor '/home/bbcontact/magician_ros2/install/dobot_driver/share/dobot_driver/hook/pythonpath.dsv'
[8.425s] INFO:colcon.colcon_core.shell:Creating environment hook '/home/bbcontact/magician_ros2/install/dobot_driver/share/dobot_driver/hook/pythonpath.sh'
[8.428s] Level 1:colcon.colcon_core.environment:checking '/home/bbcontact/magician_ros2/install/dobot_driver/bin'
[8.429s] INFO:colcon.colcon_core.shell:Creating package script '/home/bbcontact/magician_ros2/install/dobot_driver/share/dobot_driver/package.ps1'
[8.431s] INFO:colcon.colcon_core.shell:Creating package descriptor '/home/bbcontact/magician_ros2/install/dobot_driver/share/dobot_driver/package.dsv'
[8.433s] INFO:colcon.colcon_core.shell:Creating package script '/home/bbcontact/magician_ros2/install/dobot_driver/share/dobot_driver/package.sh'
[8.435s] INFO:colcon.colcon_core.shell:Creating package script '/home/bbcontact/magician_ros2/install/dobot_driver/share/dobot_driver/package.bash'
[8.436s] INFO:colcon.colcon_core.shell:Creating package script '/home/bbcontact/magician_ros2/install/dobot_driver/share/dobot_driver/package.zsh'
[8.438s] Level 1:colcon.colcon_core.environment:create_file_with_runtime_dependencies(/home/bbcontact/magician_ros2/install/dobot_driver/share/colcon-core/packages/dobot_driver)
[8.442s] DEBUG:colcon.colcon_core.event_handler.log_command:Invoked command in '/home/bbcontact/magician_ros2/build/orbbec_description' returned '0': CMAKE_PREFIX_PATH=${CMAKE_PREFIX_PATH}:/opt/ros/jazzy DEBUGINFOD_URLS=https://debuginfod.ubuntu.com /usr/bin/cmake --build /home/bbcontact/magician_ros2/build/orbbec_description -- -j8 -l8
[8.445s] DEBUG:colcon.colcon_core.event_handler.log_command:Invoking command in '/home/bbcontact/magician_ros2/build/orbbec_description': CMAKE_PREFIX_PATH=${CMAKE_PREFIX_PATH}:/opt/ros/jazzy DEBUGINFOD_URLS=https://debuginfod.ubuntu.com /usr/bin/cmake --install /home/bbcontact/magician_ros2/build/orbbec_description
[8.447s] DEBUG:colcon.colcon_core.task.python.build:Available setuptools commands: sdist, bdist_egg, update_catalog, install_data, compile_catalog, build_scripts, bdist_wheel, setopt, install, bdist, develop, build, editable_wheel, symlink_data, build_ext, install_egg_info, check, easy_install, upload_docs, extract_messages, register, bdist_rpm, test, build_clib, install_headers, install_lib, upload, build_py, install_scripts, alias, dist_info, init_catalog, egg_info, rotate, saveopts, clean, bdist_dumb
[8.449s] DEBUG:colcon.colcon_core.task.python.build:Available setuptools commands: sdist, bdist_egg, update_catalog, install_data, compile_catalog, build_scripts, bdist_wheel, setopt, install, bdist, develop, build, editable_wheel, symlink_data, build_ext, install_egg_info, check, easy_install, upload_docs, extract_messages, register, bdist_rpm, test, build_clib, install_headers, install_lib, upload, build_py, install_scripts, alias, dist_info, init_catalog, egg_info, rotate, saveopts, clean, bdist_dumb
[8.451s] INFO:colcon.colcon_ros.task.ament_python.build:Building ROS package in '/home/bbcontact/magician_ros2/src/magician_ros2/dobot_end_effector' with build type 'ament_python'
[8.452s] Level 1:colcon.colcon_core.shell:create_environment_hook('dobot_end_effector', 'ament_prefix_path')
[8.453s] INFO:colcon.colcon_core.shell:Creating environment hook '/home/bbcontact/magician_ros2/install/dobot_end_effector/share/dobot_end_effector/hook/ament_prefix_path.ps1'
[8.456s] INFO:colcon.colcon_core.shell:Creating environment descriptor '/home/bbcontact/magician_ros2/install/dobot_end_effector/share/dobot_end_effector/hook/ament_prefix_path.dsv'
[8.459s] INFO:colcon.colcon_core.shell:Creating environment hook '/home/bbcontact/magician_ros2/install/dobot_end_effector/share/dobot_end_effector/hook/ament_prefix_path.sh'
[8.463s] INFO:colcon.colcon_core.shell:Skip shell extension 'powershell' for command environment: Not usable outside of PowerShell
[8.464s] DEBUG:colcon.colcon_core.shell:Skip shell extension 'dsv' for command environment
[10.141s] INFO:colcon.colcon_core.task.python.build:Building Python package in '/home/bbcontact/magician_ros2/src/magician_ros2/dobot_end_effector'
[10.142s] INFO:colcon.colcon_core.shell:Skip shell extension 'powershell' for command environment: Not usable outside of PowerShell
[10.142s] DEBUG:colcon.colcon_core.shell:Skip shell extension 'dsv' for command environment
[10.160s] Level 1:colcon.colcon_core.environment:create_environment_scripts_only(orbbec_description)
[10.161s] Level 1:colcon.colcon_core.environment:checking '/home/bbcontact/magician_ros2/install/orbbec_description' for CMake module files
[10.164s] Level 1:colcon.colcon_core.environment:checking '/home/bbcontact/magician_ros2/install/orbbec_description' for CMake config files
[10.175s] Level 1:colcon.colcon_core.shell:create_environment_hook('orbbec_description', 'cmake_prefix_path')
[10.175s] INFO:colcon.colcon_core.shell:Creating environment hook '/home/bbcontact/magician_ros2/install/orbbec_description/share/orbbec_description/hook/cmake_prefix_path.ps1'
[10.178s] DEBUG:colcon.colcon_core.event_handler.log_command:Invoked command in '/home/bbcontact/magician_ros2/build/orbbec_description' returned '0': CMAKE_PREFIX_PATH=${CMAKE_PREFIX_PATH}:/opt/ros/jazzy DEBUGINFOD_URLS=https://debuginfod.ubuntu.com /usr/bin/cmake --install /home/bbcontact/magician_ros2/build/orbbec_description
[10.180s] INFO:colcon.colcon_core.shell:Creating environment descriptor '/home/bbcontact/magician_ros2/install/orbbec_description/share/orbbec_description/hook/cmake_prefix_path.dsv'
[10.185s] INFO:colcon.colcon_core.shell:Creating environment hook '/home/bbcontact/magician_ros2/install/orbbec_description/share/orbbec_description/hook/cmake_prefix_path.sh'
[10.190s] Level 1:colcon.colcon_core.environment:checking '/home/bbcontact/magician_ros2/install/orbbec_description/bin'
[10.190s] Level 1:colcon.colcon_core.environment:checking '/home/bbcontact/magician_ros2/install/orbbec_description/lib/pkgconfig/orbbec_description.pc'
[10.191s] Level 1:colcon.colcon_core.environment:checking '/home/bbcontact/magician_ros2/install/orbbec_description/lib/python3.12/site-packages'
[10.193s] Level 1:colcon.colcon_core.environment:checking '/home/bbcontact/magician_ros2/install/orbbec_description/bin'
[10.194s] INFO:colcon.colcon_core.shell:Creating package script '/home/bbcontact/magician_ros2/install/orbbec_description/share/orbbec_description/package.ps1'
[10.197s] INFO:colcon.colcon_core.shell:Creating package descriptor '/home/bbcontact/magician_ros2/install/orbbec_description/share/orbbec_description/package.dsv'
[10.198s] INFO:colcon.colcon_core.shell:Creating package script '/home/bbcontact/magician_ros2/install/orbbec_description/share/orbbec_description/package.sh'
[10.200s] INFO:colcon.colcon_core.shell:Creating package script '/home/bbcontact/magician_ros2/install/orbbec_description/share/orbbec_description/package.bash'
[10.202s] INFO:colcon.colcon_core.shell:Creating package script '/home/bbcontact/magician_ros2/install/orbbec_description/share/orbbec_description/package.zsh'
[10.204s] Level 1:colcon.colcon_core.environment:create_file_with_runtime_dependencies(/home/bbcontact/magician_ros2/install/orbbec_description/share/colcon-core/packages/orbbec_description)
[10.205s] Level 1:colcon.colcon_core.environment:create_environment_scripts_only(orbbec_description)
[10.206s] Level 1:colcon.colcon_core.environment:checking '/home/bbcontact/magician_ros2/install/orbbec_description' for CMake module files
[10.209s] Level 1:colcon.colcon_core.environment:checking '/home/bbcontact/magician_ros2/install/orbbec_description' for CMake config files
[10.211s] Level 1:colcon.colcon_core.shell:create_environment_hook('orbbec_description', 'cmake_prefix_path')
[10.212s] INFO:colcon.colcon_core.shell:Creating environment hook '/home/bbcontact/magician_ros2/install/orbbec_description/share/orbbec_description/hook/cmake_prefix_path.ps1'
[10.213s] INFO:colcon.colcon_core.shell:Creating environment descriptor '/home/bbcontact/magician_ros2/install/orbbec_description/share/orbbec_description/hook/cmake_prefix_path.dsv'
[10.215s] INFO:colcon.colcon_core.shell:Creating environment hook '/home/bbcontact/magician_ros2/install/orbbec_description/share/orbbec_description/hook/cmake_prefix_path.sh'
[10.217s] Level 1:colcon.colcon_core.environment:checking '/home/bbcontact/magician_ros2/install/orbbec_description/bin'
[10.217s] Level 1:colcon.colcon_core.environment:checking '/home/bbcontact/magician_ros2/install/orbbec_description/lib/pkgconfig/orbbec_description.pc'
[10.218s] Level 1:colcon.colcon_core.environment:checking '/home/bbcontact/magician_ros2/install/orbbec_description/lib/python3.12/site-packages'
[10.223s] Level 1:colcon.colcon_core.environment:checking '/home/bbcontact/magician_ros2/install/orbbec_description/bin'
[10.225s] INFO:colcon.colcon_core.shell:Creating package script '/home/bbcontact/magician_ros2/install/orbbec_description/share/orbbec_description/package.ps1'
[10.228s] INFO:colcon.colcon_core.shell:Creating package descriptor '/home/bbcontact/magician_ros2/install/orbbec_description/share/orbbec_description/package.dsv'
[10.229s] INFO:colcon.colcon_core.shell:Creating package script '/home/bbcontact/magician_ros2/install/orbbec_description/share/orbbec_description/package.sh'
[10.231s] INFO:colcon.colcon_core.shell:Creating package script '/home/bbcontact/magician_ros2/install/orbbec_description/share/orbbec_description/package.bash'
[10.232s] INFO:colcon.colcon_core.shell:Creating package script '/home/bbcontact/magician_ros2/install/orbbec_description/share/orbbec_description/package.zsh'
[10.234s] Level 1:colcon.colcon_core.environment:create_file_with_runtime_dependencies(/home/bbcontact/magician_ros2/install/orbbec_description/share/colcon-core/packages/orbbec_description)
[10.236s] INFO:colcon.colcon_ros.task.ament_python.build:Building ROS package in '/home/bbcontact/magician_ros2/src/magician_ros2/dobot_homing' with build type 'ament_python'
[10.237s] Level 1:colcon.colcon_core.shell:create_environment_hook('dobot_homing', 'ament_prefix_path')
[10.238s] INFO:colcon.colcon_core.shell:Creating environment hook '/home/bbcontact/magician_ros2/install/dobot_homing/share/dobot_homing/hook/ament_prefix_path.ps1'
[10.239s] INFO:colcon.colcon_core.shell:Creating environment descriptor '/home/bbcontact/magician_ros2/install/dobot_homing/share/dobot_homing/hook/ament_prefix_path.dsv'
[10.241s] INFO:colcon.colcon_core.shell:Creating environment hook '/home/bbcontact/magician_ros2/install/dobot_homing/share/dobot_homing/hook/ament_prefix_path.sh'
[10.243s] INFO:colcon.colcon_core.shell:Skip shell extension 'powershell' for command environment: Not usable outside of PowerShell
[10.243s] DEBUG:colcon.colcon_core.shell:Skip shell extension 'dsv' for command environment
[10.259s] DEBUG:colcon.colcon_core.event_handler.log_command:Invoked command in '/home/bbcontact/magician_ros2/build/dobot_description' returned '0': CMAKE_PREFIX_PATH=${CMAKE_PREFIX_PATH}:/opt/ros/jazzy DEBUGINFOD_URLS=https://debuginfod.ubuntu.com /usr/bin/cmake /home/bbcontact/magician_ros2/src/magician_ros2/dobot_description -DAMENT_CMAKE_SYMLINK_INSTALL=1 -DCMAKE_INSTALL_PREFIX=/home/bbcontact/magician_ros2/install/dobot_description
[10.260s] DEBUG:colcon.colcon_core.event_handler.log_command:Invoking command in '/home/bbcontact/magician_ros2/build/dobot_description': CMAKE_PREFIX_PATH=${CMAKE_PREFIX_PATH}:/opt/ros/jazzy DEBUGINFOD_URLS=https://debuginfod.ubuntu.com /usr/bin/cmake --build /home/bbcontact/magician_ros2/build/dobot_description -- -j8 -l8
[11.498s] INFO:colcon.colcon_core.task.python.build:Building Python package in '/home/bbcontact/magician_ros2/src/magician_ros2/dobot_homing'
[11.499s] INFO:colcon.colcon_core.shell:Skip shell extension 'powershell' for command environment: Not usable outside of PowerShell
[11.499s] DEBUG:colcon.colcon_core.shell:Skip shell extension 'dsv' for command environment
[11.522s] DEBUG:colcon.colcon_core.event_handler.log_command:Invoked command in '/home/bbcontact/magician_ros2/build/dobot_description' returned '0': CMAKE_PREFIX_PATH=${CMAKE_PREFIX_PATH}:/opt/ros/jazzy DEBUGINFOD_URLS=https://debuginfod.ubuntu.com /usr/bin/cmake --build /home/bbcontact/magician_ros2/build/dobot_description -- -j8 -l8
[11.529s] DEBUG:colcon.colcon_core.event_handler.log_command:Invoking command in '/home/bbcontact/magician_ros2/build/dobot_description': CMAKE_PREFIX_PATH=${CMAKE_PREFIX_PATH}:/opt/ros/jazzy DEBUGINFOD_URLS=https://debuginfod.ubuntu.com /usr/bin/cmake --install /home/bbcontact/magician_ros2/build/dobot_description
[11.532s] DEBUG:colcon.colcon_core.event_handler.log_command:Invoked command in '/home/bbcontact/magician_ros2/build/orbbec_camera_msgs' returned '0': CMAKE_PREFIX_PATH=${CMAKE_PREFIX_PATH}:/opt/ros/jazzy DEBUGINFOD_URLS=https://debuginfod.ubuntu.com /usr/bin/cmake /home/bbcontact/magician_ros2/src/OrbbecSDK_ROS2/orbbec_camera_msgs -DAMENT_CMAKE_SYMLINK_INSTALL=1 -DCMAKE_INSTALL_PREFIX=/home/bbcontact/magician_ros2/install/orbbec_camera_msgs
[11.534s] DEBUG:colcon.colcon_core.event_handler.log_command:Invoking command in '/home/bbcontact/magician_ros2/build/orbbec_camera_msgs': CMAKE_PREFIX_PATH=${CMAKE_PREFIX_PATH}:/opt/ros/jazzy DEBUGINFOD_URLS=https://debuginfod.ubuntu.com /usr/bin/cmake --build /home/bbcontact/magician_ros2/build/orbbec_camera_msgs -- -j8 -l8
[11.537s] DEBUG:colcon.colcon_core.task.python.build:Available setuptools 'develop' options: --uninstall, --quiet, --exclude-scripts, --local-snapshots-ok, --help, --zip-ok, --force-installation-into-system-dir, --prefix, --optimize, --install-layout, --record, --find-links, --dry-run, --script-dir, --build-directory, --install-dir, --verbose, --user, --multi-version, --egg-path, --always-unzip, --no-user-cfg, --editable, --index-url, --site-dirs, --always-copy, --no-deps, --version, --no-find-links, --allow-hosts, --upgrade
[11.538s] DEBUG:colcon.colcon_core.task.python.build:While undoing a previous installation files outside the Python library path are being ignored: /home/bbcontact/magician_ros2/install/dobot_visualization_tools/share/ament_index/resource_index/packages/dobot_visualization_tools
[11.538s] DEBUG:colcon.colcon_core.task.python.build:While undoing a previous installation files outside the Python library path are being ignored: /home/bbcontact/magician_ros2/install/dobot_visualization_tools/share/dobot_visualization_tools/package.xml
[11.539s] DEBUG:colcon.colcon_core.task.python.build:While undoing a previous installation files outside the Python library path are being ignored: /home/bbcontact/magician_ros2/install/dobot_visualization_tools/share/dobot_visualization_tools/dae_models/dobot_range.dae
[11.539s] DEBUG:colcon.colcon_core.task.python.build:While undoing a previous installation files outside the Python library path are being ignored: /home/bbcontact/magician_ros2/install/dobot_visualization_tools/share/dobot_visualization_tools/dae_models/realsense_FOV.dae
[11.540s] DEBUG:colcon.colcon_core.task.python.build:While undoing a previous installation files outside the Python library path are being ignored: /home/bbcontact/magician_ros2/install/dobot_visualization_tools/lib/dobot_visualization_tools/int_marker
[11.540s] DEBUG:colcon.colcon_core.task.python.build:While undoing a previous installation files outside the Python library path are being ignored: /home/bbcontact/magician_ros2/install/dobot_visualization_tools/lib/dobot_visualization_tools/show_camera_FOV
[11.540s] DEBUG:colcon.colcon_core.task.python.build:While undoing a previous installation files outside the Python library path are being ignored: /home/bbcontact/magician_ros2/install/dobot_visualization_tools/lib/dobot_visualization_tools/show_dobot_range
[11.540s] DEBUG:colcon.colcon_core.task.python.build:While undoing a previous installation files outside the Python library path are being ignored: /home/bbcontact/magician_ros2/install/dobot_visualization_tools/lib/dobot_visualization_tools/show_trajectory
[11.551s] DEBUG:colcon.colcon_core.task.python.build:Available setuptools 'develop' options: --uninstall, --quiet, --exclude-scripts, --local-snapshots-ok, --help, --zip-ok, --force-installation-into-system-dir, --prefix, --optimize, --install-layout, --record, --find-links, --dry-run, --script-dir, --build-directory, --install-dir, --verbose, --user, --multi-version, --egg-path, --always-unzip, --no-user-cfg, --editable, --index-url, --site-dirs, --always-copy, --no-deps, --version, --no-find-links, --allow-hosts, --upgrade
[11.552s] DEBUG:colcon.colcon_core.event_handler.log_command:Invoking command in '/home/bbcontact/magician_ros2/build/dobot_visualization_tools': DEBUGINFOD_URLS=https://debuginfod.ubuntu.com PYTHONPATH=/home/bbcontact/magician_ros2/build/dobot_visualization_tools/prefix_override:/usr/lib/python3/dist-packages/colcon_core/task/python/colcon_distutils_commands:/home/bbcontact/magician_ros2/install/dobot_visualization_tools/lib/python3.12/site-packages:${PYTHONPATH} /usr/bin/python3 -W ignore:setup.py install is deprecated -W ignore:easy_install command is deprecated setup.py develop --editable --build-directory /home/bbcontact/magician_ros2/build/dobot_visualization_tools/build --no-deps symlink_data --force
[11.557s] DEBUG:colcon.colcon_core.task.python.build:While undoing a previous installation files outside the Python library path are being ignored: /home/bbcontact/magician_ros2/install/dobot_vision_yolo/share/ament_index/resource_index/packages/dobot_vision_yolo
[11.557s] DEBUG:colcon.colcon_core.task.python.build:While undoing a previous installation files outside the Python library path are being ignored: /home/bbcontact/magician_ros2/install/dobot_vision_yolo/share/dobot_vision_yolo/package.xml
[11.557s] DEBUG:colcon.colcon_core.task.python.build:While undoing a previous installation files outside the Python library path are being ignored: /home/bbcontact/magician_ros2/install/dobot_vision_yolo/share/dobot_vision_yolo/README.md
[11.567s] DEBUG:colcon.colcon_core.task.python.build:While undoing a previous installation files outside the Python library path are being ignored: /home/bbcontact/magician_ros2/install/dobot_vision_yolo/share/dobot_vision_yolo/launch/vision_pick_place.launch.py
[11.567s] DEBUG:colcon.colcon_core.task.python.build:While undoing a previous installation files outside the Python library path are being ignored: /home/bbcontact/magician_ros2/install/dobot_vision_yolo/share/dobot_vision_yolo/config/camera_intrinsics.yaml
[11.567s] DEBUG:colcon.colcon_core.task.python.build:While undoing a previous installation files outside the Python library path are being ignored: /home/bbcontact/magician_ros2/install/dobot_vision_yolo/share/dobot_vision_yolo/config/aruco_board.yaml
[11.567s] DEBUG:colcon.colcon_core.task.python.build:While undoing a previous installation files outside the Python library path are being ignored: /home/bbcontact/magician_ros2/install/dobot_vision_yolo/share/dobot_vision_yolo/config/camera_to_robot.yaml
[11.568s] DEBUG:colcon.colcon_core.task.python.build:While undoing a previous installation files outside the Python library path are being ignored: /home/bbcontact/magician_ros2/install/dobot_vision_yolo/share/dobot_vision_yolo/config/eye_in_hand.yaml
[11.568s] DEBUG:colcon.colcon_core.task.python.build:While undoing a previous installation files outside the Python library path are being ignored: /home/bbcontact/magician_ros2/install/dobot_vision_yolo/share/dobot_vision_yolo/config/place_positions.yaml
[11.568s] DEBUG:colcon.colcon_core.task.python.build:While undoing a previous installation files outside the Python library path are being ignored: /home/bbcontact/magician_ros2/install/dobot_vision_yolo/share/dobot_vision_yolo/config/workspace.yaml
[11.568s] DEBUG:colcon.colcon_core.task.python.build:While undoing a previous installation files outside the Python library path are being ignored: /home/bbcontact/magician_ros2/install/dobot_vision_yolo/share/dobot_vision_yolo/config/yolo.yaml
[11.569s] DEBUG:colcon.colcon_core.task.python.build:While undoing a previous installation files outside the Python library path are being ignored: /home/bbcontact/magician_ros2/install/dobot_vision_yolo/lib/dobot_vision_yolo/camera_calibration_tool
[11.569s] DEBUG:colcon.colcon_core.task.python.build:While undoing a previous installation files outside the Python library path are being ignored: /home/bbcontact/magician_ros2/install/dobot_vision_yolo/lib/dobot_vision_yolo/eye_in_hand_calibration_node
[11.569s] DEBUG:colcon.colcon_core.task.python.build:While undoing a previous installation files outside the Python library path are being ignored: /home/bbcontact/magician_ros2/install/dobot_vision_yolo/lib/dobot_vision_yolo/pixel_to_robot_node
[11.569s] DEBUG:colcon.colcon_core.task.python.build:While undoing a previous installation files outside the Python library path are being ignored: /home/bbcontact/magician_ros2/install/dobot_vision_yolo/lib/dobot_vision_yolo/safety_guard_node
[11.569s] DEBUG:colcon.colcon_core.task.python.build:While undoing a previous installation files outside the Python library path are being ignored: /home/bbcontact/magician_ros2/install/dobot_vision_yolo/lib/dobot_vision_yolo/target_selector_node
[11.569s] DEBUG:colcon.colcon_core.task.python.build:While undoing a previous installation files outside the Python library path are being ignored: /home/bbcontact/magician_ros2/install/dobot_vision_yolo/lib/dobot_vision_yolo/vision_pick_place_node
[11.569s] DEBUG:colcon.colcon_core.task.python.build:While undoing a previous installation files outside the Python library path are being ignored: /home/bbcontact/magician_ros2/install/dobot_vision_yolo/lib/dobot_vision_yolo/yolo_detector_node
[11.573s] DEBUG:colcon.colcon_core.event_handler.log_command:Invoking command in '/home/bbcontact/magician_ros2/build/dobot_vision_yolo': DEBUGINFOD_URLS=https://debuginfod.ubuntu.com PYTHONPATH=/home/bbcontact/magician_ros2/build/dobot_vision_yolo/prefix_override:/usr/lib/python3/dist-packages/colcon_core/task/python/colcon_distutils_commands:/home/bbcontact/magician_ros2/install/dobot_vision_yolo/lib/python3.12/site-packages:${PYTHONPATH} /usr/bin/python3 -W ignore:setup.py install is deprecated -W ignore:easy_install command is deprecated setup.py develop --editable --build-directory /home/bbcontact/magician_ros2/build/dobot_vision_yolo/build --no-deps symlink_data --force
[11.641s] Level 1:colcon.colcon_core.environment:create_environment_scripts_only(dobot_description)
[11.643s] Level 1:colcon.colcon_core.environment:checking '/home/bbcontact/magician_ros2/install/dobot_description' for CMake module files
[11.642s] DEBUG:colcon.colcon_core.event_handler.log_command:Invoked command in '/home/bbcontact/magician_ros2/build/dobot_description' returned '0': CMAKE_PREFIX_PATH=${CMAKE_PREFIX_PATH}:/opt/ros/jazzy DEBUGINFOD_URLS=https://debuginfod.ubuntu.com /usr/bin/cmake --install /home/bbcontact/magician_ros2/build/dobot_description
[11.645s] Level 1:colcon.colcon_core.environment:checking '/home/bbcontact/magician_ros2/install/dobot_description' for CMake config files
[11.647s] Level 1:colcon.colcon_core.shell:create_environment_hook('dobot_description', 'cmake_prefix_path')
[11.648s] INFO:colcon.colcon_core.shell:Creating environment hook '/home/bbcontact/magician_ros2/install/dobot_description/share/dobot_description/hook/cmake_prefix_path.ps1'
[11.649s] INFO:colcon.colcon_core.shell:Creating environment descriptor '/home/bbcontact/magician_ros2/install/dobot_description/share/dobot_description/hook/cmake_prefix_path.dsv'
[11.651s] INFO:colcon.colcon_core.shell:Creating environment hook '/home/bbcontact/magician_ros2/install/dobot_description/share/dobot_description/hook/cmake_prefix_path.sh'
[11.652s] Level 1:colcon.colcon_core.environment:checking '/home/bbcontact/magician_ros2/install/dobot_description/bin'
[11.653s] Level 1:colcon.colcon_core.environment:checking '/home/bbcontact/magician_ros2/install/dobot_description/lib/pkgconfig/dobot_description.pc'
[11.654s] Level 1:colcon.colcon_core.environment:checking '/home/bbcontact/magician_ros2/install/dobot_description/lib/python3.12/site-packages'
[11.655s] Level 1:colcon.colcon_core.environment:checking '/home/bbcontact/magician_ros2/install/dobot_description/bin'
[11.656s] INFO:colcon.colcon_core.shell:Creating package script '/home/bbcontact/magician_ros2/install/dobot_description/share/dobot_description/package.ps1'
[11.659s] INFO:colcon.colcon_core.shell:Creating package descriptor '/home/bbcontact/magician_ros2/install/dobot_description/share/dobot_description/package.dsv'
[11.660s] INFO:colcon.colcon_core.shell:Creating package script '/home/bbcontact/magician_ros2/install/dobot_description/share/dobot_description/package.sh'
[11.662s] INFO:colcon.colcon_core.shell:Creating package script '/home/bbcontact/magician_ros2/install/dobot_description/share/dobot_description/package.bash'
[11.663s] INFO:colcon.colcon_core.shell:Creating package script '/home/bbcontact/magician_ros2/install/dobot_description/share/dobot_description/package.zsh'
[11.664s] Level 1:colcon.colcon_core.environment:create_file_with_runtime_dependencies(/home/bbcontact/magician_ros2/install/dobot_description/share/colcon-core/packages/dobot_description)
[11.666s] Level 1:colcon.colcon_core.environment:create_environment_scripts_only(dobot_description)
[11.666s] Level 1:colcon.colcon_core.environment:checking '/home/bbcontact/magician_ros2/install/dobot_description' for CMake module files
[11.669s] Level 1:colcon.colcon_core.environment:checking '/home/bbcontact/magician_ros2/install/dobot_description' for CMake config files
[11.672s] Level 1:colcon.colcon_core.shell:create_environment_hook('dobot_description', 'cmake_prefix_path')
[11.673s] INFO:colcon.colcon_core.shell:Creating environment hook '/home/bbcontact/magician_ros2/install/dobot_description/share/dobot_description/hook/cmake_prefix_path.ps1'
[11.675s] INFO:colcon.colcon_core.shell:Creating environment descriptor '/home/bbcontact/magician_ros2/install/dobot_description/share/dobot_description/hook/cmake_prefix_path.dsv'
[11.677s] INFO:colcon.colcon_core.shell:Creating environment hook '/home/bbcontact/magician_ros2/install/dobot_description/share/dobot_description/hook/cmake_prefix_path.sh'
[11.679s] Level 1:colcon.colcon_core.environment:checking '/home/bbcontact/magician_ros2/install/dobot_description/bin'
[11.679s] Level 1:colcon.colcon_core.environment:checking '/home/bbcontact/magician_ros2/install/dobot_description/lib/pkgconfig/dobot_description.pc'
[11.680s] Level 1:colcon.colcon_core.environment:checking '/home/bbcontact/magician_ros2/install/dobot_description/lib/python3.12/site-packages'
[11.681s] Level 1:colcon.colcon_core.environment:checking '/home/bbcontact/magician_ros2/install/dobot_description/bin'
[11.682s] INFO:colcon.colcon_core.shell:Creating package script '/home/bbcontact/magician_ros2/install/dobot_description/share/dobot_description/package.ps1'
[11.686s] INFO:colcon.colcon_core.shell:Creating package descriptor '/home/bbcontact/magician_ros2/install/dobot_description/share/dobot_description/package.dsv'
[11.688s] INFO:colcon.colcon_core.shell:Creating package script '/home/bbcontact/magician_ros2/install/dobot_description/share/dobot_description/package.sh'
[11.690s] INFO:colcon.colcon_core.shell:Creating package script '/home/bbcontact/magician_ros2/install/dobot_description/share/dobot_description/package.bash'
[11.691s] INFO:colcon.colcon_core.shell:Creating package script '/home/bbcontact/magician_ros2/install/dobot_description/share/dobot_description/package.zsh'
[11.692s] Level 1:colcon.colcon_core.environment:create_file_with_runtime_dependencies(/home/bbcontact/magician_ros2/install/dobot_description/share/colcon-core/packages/dobot_description)
[11.695s] INFO:colcon.colcon_ros.task.ament_python.build:Building ROS package in '/home/bbcontact/magician_ros2/src/magician_ros2/dobot_kinematics' with build type 'ament_python'
[11.695s] Level 1:colcon.colcon_core.shell:create_environment_hook('dobot_kinematics', 'ament_prefix_path')
[11.696s] INFO:colcon.colcon_core.shell:Creating environment hook '/home/bbcontact/magician_ros2/install/dobot_kinematics/share/dobot_kinematics/hook/ament_prefix_path.ps1'
[11.697s] INFO:colcon.colcon_core.shell:Creating environment descriptor '/home/bbcontact/magician_ros2/install/dobot_kinematics/share/dobot_kinematics/hook/ament_prefix_path.dsv'
[11.699s] INFO:colcon.colcon_core.shell:Creating environment hook '/home/bbcontact/magician_ros2/install/dobot_kinematics/share/dobot_kinematics/hook/ament_prefix_path.sh'
[11.701s] INFO:colcon.colcon_core.shell:Skip shell extension 'powershell' for command environment: Not usable outside of PowerShell
[11.701s] DEBUG:colcon.colcon_core.shell:Skip shell extension 'dsv' for command environment
[13.572s] INFO:colcon.colcon_core.task.python.build:Building Python package in '/home/bbcontact/magician_ros2/src/magician_ros2/dobot_kinematics'
[13.572s] INFO:colcon.colcon_core.shell:Skip shell extension 'powershell' for command environment: Not usable outside of PowerShell
[13.572s] DEBUG:colcon.colcon_core.shell:Skip shell extension 'dsv' for command environment
[13.597s] DEBUG:colcon.colcon_core.task.python.build:Available setuptools commands: sdist, bdist_egg, update_catalog, install_data, compile_catalog, build_scripts, bdist_wheel, setopt, install, bdist, develop, build, editable_wheel, symlink_data, build_ext, install_egg_info, check, easy_install, upload_docs, extract_messages, register, bdist_rpm, test, build_clib, install_headers, install_lib, upload, build_py, install_scripts, alias, dist_info, init_catalog, egg_info, rotate, saveopts, clean, bdist_dumb
[13.602s] DEBUG:colcon.colcon_core.task.python.build:Available setuptools commands: sdist, bdist_egg, update_catalog, install_data, compile_catalog, build_scripts, bdist_wheel, setopt, install, bdist, develop, build, editable_wheel, symlink_data, build_ext, install_egg_info, check, easy_install, upload_docs, extract_messages, register, bdist_rpm, test, build_clib, install_headers, install_lib, upload, build_py, install_scripts, alias, dist_info, init_catalog, egg_info, rotate, saveopts, clean, bdist_dumb
[15.344s] DEBUG:colcon.colcon_core.task.python.build:Available setuptools commands: sdist, bdist_egg, update_catalog, install_data, compile_catalog, build_scripts, bdist_wheel, setopt, install, bdist, develop, build, editable_wheel, symlink_data, build_ext, install_egg_info, check, easy_install, upload_docs, extract_messages, register, bdist_rpm, test, build_clib, install_headers, install_lib, upload, build_py, install_scripts, alias, dist_info, init_catalog, egg_info, rotate, saveopts, clean, bdist_dumb
[15.703s] DEBUG:colcon.colcon_core.task.python.build:Available setuptools commands: sdist, bdist_egg, update_catalog, install_data, compile_catalog, build_scripts, bdist_wheel, setopt, install, bdist, develop, build, editable_wheel, symlink_data, build_ext, install_egg_info, check, easy_install, upload_docs, extract_messages, register, bdist_rpm, test, build_clib, install_headers, install_lib, upload, build_py, install_scripts, alias, dist_info, init_catalog, egg_info, rotate, saveopts, clean, bdist_dumb
[16.333s] DEBUG:colcon.colcon_core.event_handler.log_command:Invoked command in '/home/bbcontact/magician_ros2/build/orbbec_camera_msgs' returned '0': CMAKE_PREFIX_PATH=${CMAKE_PREFIX_PATH}:/opt/ros/jazzy DEBUGINFOD_URLS=https://debuginfod.ubuntu.com /usr/bin/cmake --build /home/bbcontact/magician_ros2/build/orbbec_camera_msgs -- -j8 -l8
[16.335s] DEBUG:colcon.colcon_core.event_handler.log_command:Invoking command in '/home/bbcontact/magician_ros2/build/orbbec_camera_msgs': CMAKE_PREFIX_PATH=${CMAKE_PREFIX_PATH}:/opt/ros/jazzy DEBUGINFOD_URLS=https://debuginfod.ubuntu.com /usr/bin/cmake --install /home/bbcontact/magician_ros2/build/orbbec_camera_msgs
[16.502s] DEBUG:colcon.colcon_core.task.python.build:Available setuptools 'develop' options: --uninstall, --quiet, --exclude-scripts, --local-snapshots-ok, --help, --zip-ok, --force-installation-into-system-dir, --prefix, --optimize, --install-layout, --record, --find-links, --dry-run, --script-dir, --build-directory, --install-dir, --verbose, --user, --multi-version, --egg-path, --always-unzip, --no-user-cfg, --editable, --index-url, --site-dirs, --always-copy, --no-deps, --version, --no-find-links, --allow-hosts, --upgrade
[16.510s] DEBUG:colcon.colcon_core.task.python.build:While undoing a previous installation files outside the Python library path are being ignored: /home/bbcontact/magician_ros2/install/dobot_calibration/share/ament_index/resource_index/packages/dobot_calibration
[16.510s] DEBUG:colcon.colcon_core.task.python.build:While undoing a previous installation files outside the Python library path are being ignored: /home/bbcontact/magician_ros2/install/dobot_calibration/share/dobot_calibration/package.xml
[16.511s] DEBUG:colcon.colcon_core.task.python.build:While undoing a previous installation files outside the Python library path are being ignored: /home/bbcontact/magician_ros2/install/dobot_calibration/share/dobot_calibration/README.md
[16.511s] DEBUG:colcon.colcon_core.task.python.build:While undoing a previous installation files outside the Python library path are being ignored: /home/bbcontact/magician_ros2/install/dobot_calibration/share/dobot_calibration/config/mount_model.yaml
[16.511s] DEBUG:colcon.colcon_core.task.python.build:While undoing a previous installation files outside the Python library path are being ignored: /home/bbcontact/magician_ros2/install/dobot_calibration/share/dobot_calibration/config/calibration.yaml
[16.511s] DEBUG:colcon.colcon_core.task.python.build:While undoing a previous installation files outside the Python library path are being ignored: /home/bbcontact/magician_ros2/install/dobot_calibration/share/dobot_calibration/launch/markerless_calibration.launch.py
[16.512s] DEBUG:colcon.colcon_core.task.python.build:While undoing a previous installation files outside the Python library path are being ignored: /home/bbcontact/magician_ros2/install/dobot_calibration/lib/dobot_calibration/markerless_calibration
[16.520s] DEBUG:colcon.colcon_core.event_handler.log_command:Invoking command in '/home/bbcontact/magician_ros2/build/dobot_calibration': AMENT_PREFIX_PATH=/home/bbcontact/magician_ros2/install/dobot_msgs:${AMENT_PREFIX_PATH} CMAKE_PREFIX_PATH=/home/bbcontact/magician_ros2/install/dobot_msgs:${CMAKE_PREFIX_PATH} DEBUGINFOD_URLS=https://debuginfod.ubuntu.com LD_LIBRARY_PATH=/home/bbcontact/magician_ros2/install/dobot_msgs/lib:${LD_LIBRARY_PATH} PYTHONPATH=/home/bbcontact/magician_ros2/build/dobot_calibration/prefix_override:/usr/lib/python3/dist-packages/colcon_core/task/python/colcon_distutils_commands:/home/bbcontact/magician_ros2/install/dobot_calibration/lib/python3.12/site-packages:/home/bbcontact/magician_ros2/install/dobot_msgs/lib/python3.12/site-packages:${PYTHONPATH} /usr/bin/python3 -W ignore:setup.py install is deprecated -W ignore:easy_install command is deprecated setup.py develop --editable --build-directory /home/bbcontact/magician_ros2/build/dobot_calibration/build --no-deps symlink_data --force
[16.575s] DEBUG:colcon.colcon_core.task.python.build:Available setuptools 'develop' options: --uninstall, --quiet, --exclude-scripts, --local-snapshots-ok, --help, --zip-ok, --force-installation-into-system-dir, --prefix, --optimize, --install-layout, --record, --find-links, --dry-run, --script-dir, --build-directory, --install-dir, --verbose, --user, --multi-version, --egg-path, --always-unzip, --no-user-cfg, --editable, --index-url, --site-dirs, --always-copy, --no-deps, --version, --no-find-links, --allow-hosts, --upgrade
[16.576s] DEBUG:colcon.colcon_core.task.python.build:While undoing a previous installation files outside the Python library path are being ignored: /home/bbcontact/magician_ros2/install/dobot_diagnostics/share/ament_index/resource_index/packages/dobot_diagnostics
[16.576s] DEBUG:colcon.colcon_core.task.python.build:While undoing a previous installation files outside the Python library path are being ignored: /home/bbcontact/magician_ros2/install/dobot_diagnostics/share/dobot_diagnostics/package.xml
[16.577s] DEBUG:colcon.colcon_core.task.python.build:While undoing a previous installation files outside the Python library path are being ignored: /home/bbcontact/magician_ros2/install/dobot_diagnostics/share/dobot_diagnostics/launch/alarms_analyzer.launch.py
[16.577s] DEBUG:colcon.colcon_core.task.python.build:While undoing a previous installation files outside the Python library path are being ignored: /home/bbcontact/magician_ros2/install/dobot_diagnostics/share/dobot_diagnostics/config/analyzer_params.yaml
[16.582s] DEBUG:colcon.colcon_core.task.python.build:While undoing a previous installation files outside the Python library path are being ignored: /home/bbcontact/magician_ros2/install/dobot_diagnostics/lib/dobot_diagnostics/alarms_parser
[16.606s] DEBUG:colcon.colcon_core.event_handler.log_command:Invoking command in '/home/bbcontact/magician_ros2/build/dobot_diagnostics': AMENT_PREFIX_PATH=/home/bbcontact/magician_ros2/install/dobot_msgs:${AMENT_PREFIX_PATH} CMAKE_PREFIX_PATH=/home/bbcontact/magician_ros2/install/dobot_msgs:${CMAKE_PREFIX_PATH} DEBUGINFOD_URLS=https://debuginfod.ubuntu.com LD_LIBRARY_PATH=/home/bbcontact/magician_ros2/install/dobot_msgs/lib:${LD_LIBRARY_PATH} PYTHONPATH=/home/bbcontact/magician_ros2/build/dobot_diagnostics/prefix_override:/usr/lib/python3/dist-packages/colcon_core/task/python/colcon_distutils_commands:/home/bbcontact/magician_ros2/install/dobot_diagnostics/lib/python3.12/site-packages:/home/bbcontact/magician_ros2/install/dobot_msgs/lib/python3.12/site-packages:${PYTHONPATH} /usr/bin/python3 -W ignore:setup.py install is deprecated -W ignore:easy_install command is deprecated setup.py develop --editable --build-directory /home/bbcontact/magician_ros2/build/dobot_diagnostics/build --no-deps symlink_data --force
[17.091s] Level 1:colcon.colcon_core.shell:create_environment_hook('dobot_vision_yolo', 'pythonpath_develop')
[17.092s] INFO:colcon.colcon_core.shell:Creating environment hook '/home/bbcontact/magician_ros2/build/dobot_vision_yolo/share/dobot_vision_yolo/hook/pythonpath_develop.ps1'
[17.097s] INFO:colcon.colcon_core.shell:Creating environment descriptor '/home/bbcontact/magician_ros2/build/dobot_vision_yolo/share/dobot_vision_yolo/hook/pythonpath_develop.dsv'
[17.099s] INFO:colcon.colcon_core.shell:Creating environment hook '/home/bbcontact/magician_ros2/build/dobot_vision_yolo/share/dobot_vision_yolo/hook/pythonpath_develop.sh'
[17.108s] Level 1:colcon.colcon_core.environment:checking '/home/bbcontact/magician_ros2/install/dobot_vision_yolo' for CMake module files
[17.116s] DEBUG:colcon.colcon_core.event_handler.log_command:Invoked command in '/home/bbcontact/magician_ros2/build/dobot_vision_yolo' returned '0': DEBUGINFOD_URLS=https://debuginfod.ubuntu.com PYTHONPATH=/home/bbcontact/magician_ros2/build/dobot_vision_yolo/prefix_override:/usr/lib/python3/dist-packages/colcon_core/task/python/colcon_distutils_commands:/home/bbcontact/magician_ros2/install/dobot_vision_yolo/lib/python3.12/site-packages:${PYTHONPATH} /usr/bin/python3 -W ignore:setup.py install is deprecated -W ignore:easy_install command is deprecated setup.py develop --editable --build-directory /home/bbcontact/magician_ros2/build/dobot_vision_yolo/build --no-deps symlink_data --force
[17.116s] Level 1:colcon.colcon_core.environment:checking '/home/bbcontact/magician_ros2/install/dobot_vision_yolo' for CMake config files
[17.119s] Level 1:colcon.colcon_core.environment:checking '/home/bbcontact/magician_ros2/install/dobot_vision_yolo/lib'
[17.119s] Level 1:colcon.colcon_core.environment:checking '/home/bbcontact/magician_ros2/install/dobot_vision_yolo/bin'
[17.120s] Level 1:colcon.colcon_core.environment:checking '/home/bbcontact/magician_ros2/install/dobot_vision_yolo/lib/pkgconfig/dobot_vision_yolo.pc'
[17.128s] Level 1:colcon.colcon_core.environment:checking '/home/bbcontact/magician_ros2/install/dobot_vision_yolo/lib/python3.12/site-packages'
[17.128s] Level 1:colcon.colcon_core.shell:create_environment_hook('dobot_vision_yolo', 'pythonpath')
[17.129s] INFO:colcon.colcon_core.shell:Creating environment hook '/home/bbcontact/magician_ros2/install/dobot_vision_yolo/share/dobot_vision_yolo/hook/pythonpath.ps1'
[17.137s] INFO:colcon.colcon_core.shell:Creating environment descriptor '/home/bbcontact/magician_ros2/install/dobot_vision_yolo/share/dobot_vision_yolo/hook/pythonpath.dsv'
[17.138s] INFO:colcon.colcon_core.shell:Creating environment hook '/home/bbcontact/magician_ros2/install/dobot_vision_yolo/share/dobot_vision_yolo/hook/pythonpath.sh'
[17.146s] Level 1:colcon.colcon_core.environment:checking '/home/bbcontact/magician_ros2/install/dobot_vision_yolo/bin'
[17.146s] Level 1:colcon.colcon_core.environment:create_environment_scripts_only(dobot_vision_yolo)
[17.147s] INFO:colcon.colcon_core.shell:Creating package script '/home/bbcontact/magician_ros2/install/dobot_vision_yolo/share/dobot_vision_yolo/package.ps1'
[17.157s] INFO:colcon.colcon_core.shell:Creating package descriptor '/home/bbcontact/magician_ros2/install/dobot_vision_yolo/share/dobot_vision_yolo/package.dsv'
[17.165s] INFO:colcon.colcon_core.shell:Creating package script '/home/bbcontact/magician_ros2/install/dobot_vision_yolo/share/dobot_vision_yolo/package.sh'
[17.174s] INFO:colcon.colcon_core.shell:Creating package script '/home/bbcontact/magician_ros2/install/dobot_vision_yolo/share/dobot_vision_yolo/package.bash'
[17.175s] INFO:colcon.colcon_core.shell:Creating package script '/home/bbcontact/magician_ros2/install/dobot_vision_yolo/share/dobot_vision_yolo/package.zsh'
[17.180s] Level 1:colcon.colcon_core.environment:create_file_with_runtime_dependencies(/home/bbcontact/magician_ros2/install/dobot_vision_yolo/share/colcon-core/packages/dobot_vision_yolo)
[17.185s] INFO:colcon.colcon_ros.task.ament_python.build:Building ROS package in '/home/bbcontact/magician_ros2/src/magician_ros2/dobot_motion' with build type 'ament_python'
[17.185s] Level 1:colcon.colcon_core.shell:create_environment_hook('dobot_motion', 'ament_prefix_path')
[17.186s] INFO:colcon.colcon_core.shell:Creating environment hook '/home/bbcontact/magician_ros2/install/dobot_motion/share/dobot_motion/hook/ament_prefix_path.ps1'
[17.194s] INFO:colcon.colcon_core.shell:Creating environment descriptor '/home/bbcontact/magician_ros2/install/dobot_motion/share/dobot_motion/hook/ament_prefix_path.dsv'
[17.195s] INFO:colcon.colcon_core.shell:Creating environment hook '/home/bbcontact/magician_ros2/install/dobot_motion/share/dobot_motion/hook/ament_prefix_path.sh'
[17.205s] INFO:colcon.colcon_core.shell:Skip shell extension 'powershell' for command environment: Not usable outside of PowerShell
[17.206s] DEBUG:colcon.colcon_core.shell:Skip shell extension 'dsv' for command environment
[17.238s] Level 1:colcon.colcon_core.environment:create_environment_scripts_only(orbbec_camera_msgs)
[17.245s] Level 1:colcon.colcon_core.environment:checking '/home/bbcontact/magician_ros2/install/orbbec_camera_msgs' for CMake module files
[17.257s] Level 1:colcon.colcon_core.environment:checking '/home/bbcontact/magician_ros2/install/orbbec_camera_msgs' for CMake config files
[17.266s] Level 1:colcon.colcon_core.shell:create_environment_hook('orbbec_camera_msgs', 'cmake_prefix_path')
[17.266s] INFO:colcon.colcon_core.shell:Creating environment hook '/home/bbcontact/magician_ros2/install/orbbec_camera_msgs/share/orbbec_camera_msgs/hook/cmake_prefix_path.ps1'
[17.270s] DEBUG:colcon.colcon_core.event_handler.log_command:Invoked command in '/home/bbcontact/magician_ros2/build/orbbec_camera_msgs' returned '0': CMAKE_PREFIX_PATH=${CMAKE_PREFIX_PATH}:/opt/ros/jazzy DEBUGINFOD_URLS=https://debuginfod.ubuntu.com /usr/bin/cmake --install /home/bbcontact/magician_ros2/build/orbbec_camera_msgs
[17.271s] INFO:colcon.colcon_core.shell:Creating environment descriptor '/home/bbcontact/magician_ros2/install/orbbec_camera_msgs/share/orbbec_camera_msgs/hook/cmake_prefix_path.dsv'
[17.276s] INFO:colcon.colcon_core.shell:Creating environment hook '/home/bbcontact/magician_ros2/install/orbbec_camera_msgs/share/orbbec_camera_msgs/hook/cmake_prefix_path.sh'
[17.281s] Level 1:colcon.colcon_core.environment:checking '/home/bbcontact/magician_ros2/install/orbbec_camera_msgs/lib'
[17.281s] Level 1:colcon.colcon_core.shell:create_environment_hook('orbbec_camera_msgs', 'ld_library_path_lib')
[17.282s] INFO:colcon.colcon_core.shell:Creating environment hook '/home/bbcontact/magician_ros2/install/orbbec_camera_msgs/share/orbbec_camera_msgs/hook/ld_library_path_lib.ps1'
[17.284s] INFO:colcon.colcon_core.shell:Creating environment descriptor '/home/bbcontact/magician_ros2/install/orbbec_camera_msgs/share/orbbec_camera_msgs/hook/ld_library_path_lib.dsv'
[17.285s] INFO:colcon.colcon_core.shell:Creating environment hook '/home/bbcontact/magician_ros2/install/orbbec_camera_msgs/share/orbbec_camera_msgs/hook/ld_library_path_lib.sh'
[17.287s] Level 1:colcon.colcon_core.environment:checking '/home/bbcontact/magician_ros2/install/orbbec_camera_msgs/bin'
[17.288s] Level 1:colcon.colcon_core.environment:checking '/home/bbcontact/magician_ros2/install/orbbec_camera_msgs/lib/pkgconfig/orbbec_camera_msgs.pc'
[17.290s] Level 1:colcon.colcon_core.environment:checking '/home/bbcontact/magician_ros2/install/orbbec_camera_msgs/lib/python3.12/site-packages'
[17.291s] Level 1:colcon.colcon_core.shell:create_environment_hook('orbbec_camera_msgs', 'pythonpath')
[17.293s] INFO:colcon.colcon_core.shell:Creating environment hook '/home/bbcontact/magician_ros2/install/orbbec_camera_msgs/share/orbbec_camera_msgs/hook/pythonpath.ps1'
[17.297s] INFO:colcon.colcon_core.shell:Creating environment descriptor '/home/bbcontact/magician_ros2/install/orbbec_camera_msgs/share/orbbec_camera_msgs/hook/pythonpath.dsv'
[17.302s] INFO:colcon.colcon_core.shell:Creating environment hook '/home/bbcontact/magician_ros2/install/orbbec_camera_msgs/share/orbbec_camera_msgs/hook/pythonpath.sh'
[17.315s] Level 1:colcon.colcon_core.environment:checking '/home/bbcontact/magician_ros2/install/orbbec_camera_msgs/bin'
[17.316s] INFO:colcon.colcon_core.shell:Creating package script '/home/bbcontact/magician_ros2/install/orbbec_camera_msgs/share/orbbec_camera_msgs/package.ps1'
[17.328s] INFO:colcon.colcon_core.shell:Creating package descriptor '/home/bbcontact/magician_ros2/install/orbbec_camera_msgs/share/orbbec_camera_msgs/package.dsv'
[17.334s] INFO:colcon.colcon_core.shell:Creating package script '/home/bbcontact/magician_ros2/install/orbbec_camera_msgs/share/orbbec_camera_msgs/package.sh'
[17.342s] INFO:colcon.colcon_core.shell:Creating package script '/home/bbcontact/magician_ros2/install/orbbec_camera_msgs/share/orbbec_camera_msgs/package.bash'
[17.346s] INFO:colcon.colcon_core.shell:Creating package script '/home/bbcontact/magician_ros2/install/orbbec_camera_msgs/share/orbbec_camera_msgs/package.zsh'
[17.351s] Level 1:colcon.colcon_core.environment:create_file_with_runtime_dependencies(/home/bbcontact/magician_ros2/install/orbbec_camera_msgs/share/colcon-core/packages/orbbec_camera_msgs)
[17.354s] Level 1:colcon.colcon_core.environment:create_environment_scripts_only(orbbec_camera_msgs)
[17.354s] Level 1:colcon.colcon_core.environment:checking '/home/bbcontact/magician_ros2/install/orbbec_camera_msgs' for CMake module files
[17.357s] Level 1:colcon.colcon_core.environment:checking '/home/bbcontact/magician_ros2/install/orbbec_camera_msgs' for CMake config files
[17.363s] Level 1:colcon.colcon_core.shell:create_environment_hook('orbbec_camera_msgs', 'cmake_prefix_path')
[17.363s] INFO:colcon.colcon_core.shell:Creating environment hook '/home/bbcontact/magician_ros2/install/orbbec_camera_msgs/share/orbbec_camera_msgs/hook/cmake_prefix_path.ps1'
[17.367s] INFO:colcon.colcon_core.shell:Creating environment descriptor '/home/bbcontact/magician_ros2/install/orbbec_camera_msgs/share/orbbec_camera_msgs/hook/cmake_prefix_path.dsv'
[17.369s] INFO:colcon.colcon_core.shell:Creating environment hook '/home/bbcontact/magician_ros2/install/orbbec_camera_msgs/share/orbbec_camera_msgs/hook/cmake_prefix_path.sh'
[17.371s] Level 1:colcon.colcon_core.environment:checking '/home/bbcontact/magician_ros2/install/orbbec_camera_msgs/lib'
[17.374s] Level 1:colcon.colcon_core.shell:create_environment_hook('orbbec_camera_msgs', 'ld_library_path_lib')
[17.375s] INFO:colcon.colcon_core.shell:Creating environment hook '/home/bbcontact/magician_ros2/install/orbbec_camera_msgs/share/orbbec_camera_msgs/hook/ld_library_path_lib.ps1'
[17.377s] INFO:colcon.colcon_core.shell:Creating environment descriptor '/home/bbcontact/magician_ros2/install/orbbec_camera_msgs/share/orbbec_camera_msgs/hook/ld_library_path_lib.dsv'
[17.379s] INFO:colcon.colcon_core.shell:Creating environment hook '/home/bbcontact/magician_ros2/install/orbbec_camera_msgs/share/orbbec_camera_msgs/hook/ld_library_path_lib.sh'
[17.380s] Level 1:colcon.colcon_core.environment:checking '/home/bbcontact/magician_ros2/install/orbbec_camera_msgs/bin'
[17.380s] Level 1:colcon.colcon_core.environment:checking '/home/bbcontact/magician_ros2/install/orbbec_camera_msgs/lib/pkgconfig/orbbec_camera_msgs.pc'
[17.381s] Level 1:colcon.colcon_core.environment:checking '/home/bbcontact/magician_ros2/install/orbbec_camera_msgs/lib/python3.12/site-packages'
[17.382s] Level 1:colcon.colcon_core.shell:create_environment_hook('orbbec_camera_msgs', 'pythonpath')
[17.382s] INFO:colcon.colcon_core.shell:Creating environment hook '/home/bbcontact/magician_ros2/install/orbbec_camera_msgs/share/orbbec_camera_msgs/hook/pythonpath.ps1'
[17.384s] INFO:colcon.colcon_core.shell:Creating environment descriptor '/home/bbcontact/magician_ros2/install/orbbec_camera_msgs/share/orbbec_camera_msgs/hook/pythonpath.dsv'
[17.385s] INFO:colcon.colcon_core.shell:Creating environment hook '/home/bbcontact/magician_ros2/install/orbbec_camera_msgs/share/orbbec_camera_msgs/hook/pythonpath.sh'
[17.388s] Level 1:colcon.colcon_core.environment:checking '/home/bbcontact/magician_ros2/install/orbbec_camera_msgs/bin'
[17.392s] INFO:colcon.colcon_core.shell:Creating package script '/home/bbcontact/magician_ros2/install/orbbec_camera_msgs/share/orbbec_camera_msgs/package.ps1'
[17.399s] INFO:colcon.colcon_core.shell:Creating package descriptor '/home/bbcontact/magician_ros2/install/orbbec_camera_msgs/share/orbbec_camera_msgs/package.dsv'
[17.404s] INFO:colcon.colcon_core.shell:Creating package script '/home/bbcontact/magician_ros2/install/orbbec_camera_msgs/share/orbbec_camera_msgs/package.sh'
[17.406s] INFO:colcon.colcon_core.shell:Creating package script '/home/bbcontact/magician_ros2/install/orbbec_camera_msgs/share/orbbec_camera_msgs/package.bash'
[17.407s] INFO:colcon.colcon_core.shell:Creating package script '/home/bbcontact/magician_ros2/install/orbbec_camera_msgs/share/orbbec_camera_msgs/package.zsh'
[17.409s] Level 1:colcon.colcon_core.environment:create_file_with_runtime_dependencies(/home/bbcontact/magician_ros2/install/orbbec_camera_msgs/share/colcon-core/packages/orbbec_camera_msgs)
[17.411s] INFO:colcon.colcon_ros.task.ament_python.build:Building ROS package in '/home/bbcontact/magician_ros2/src/magician_ros2/dobot_state_updater' with build type 'ament_python'
[17.412s] Level 1:colcon.colcon_core.shell:create_environment_hook('dobot_state_updater', 'ament_prefix_path')
[17.413s] INFO:colcon.colcon_core.shell:Creating environment hook '/home/bbcontact/magician_ros2/install/dobot_state_updater/share/dobot_state_updater/hook/ament_prefix_path.ps1'
[17.414s] INFO:colcon.colcon_core.shell:Creating environment descriptor '/home/bbcontact/magician_ros2/install/dobot_state_updater/share/dobot_state_updater/hook/ament_prefix_path.dsv'
[17.415s] INFO:colcon.colcon_core.shell:Creating environment hook '/home/bbcontact/magician_ros2/install/dobot_state_updater/share/dobot_state_updater/hook/ament_prefix_path.sh'
[17.417s] INFO:colcon.colcon_core.shell:Skip shell extension 'powershell' for command environment: Not usable outside of PowerShell
[17.417s] DEBUG:colcon.colcon_core.shell:Skip shell extension 'dsv' for command environment
[18.999s] INFO:colcon.colcon_core.task.python.build:Building Python package in '/home/bbcontact/magician_ros2/src/magician_ros2/dobot_motion'
[19.000s] INFO:colcon.colcon_core.shell:Skip shell extension 'powershell' for command environment: Not usable outside of PowerShell
[19.000s] DEBUG:colcon.colcon_core.shell:Skip shell extension 'dsv' for command environment
[19.013s] Level 1:colcon.colcon_core.shell:create_environment_hook('dobot_visualization_tools', 'pythonpath_develop')
[19.014s] INFO:colcon.colcon_core.shell:Creating environment hook '/home/bbcontact/magician_ros2/build/dobot_visualization_tools/share/dobot_visualization_tools/hook/pythonpath_develop.ps1'
[19.019s] INFO:colcon.colcon_core.shell:Creating environment descriptor '/home/bbcontact/magician_ros2/build/dobot_visualization_tools/share/dobot_visualization_tools/hook/pythonpath_develop.dsv'
[19.021s] INFO:colcon.colcon_core.shell:Creating environment hook '/home/bbcontact/magician_ros2/build/dobot_visualization_tools/share/dobot_visualization_tools/hook/pythonpath_develop.sh'
[19.023s] Level 1:colcon.colcon_core.environment:checking '/home/bbcontact/magician_ros2/install/dobot_visualization_tools' for CMake module files
[19.027s] Level 1:colcon.colcon_core.environment:checking '/home/bbcontact/magician_ros2/install/dobot_visualization_tools' for CMake config files
[19.027s] DEBUG:colcon.colcon_core.event_handler.log_command:Invoked command in '/home/bbcontact/magician_ros2/build/dobot_visualization_tools' returned '0': DEBUGINFOD_URLS=https://debuginfod.ubuntu.com PYTHONPATH=/home/bbcontact/magician_ros2/build/dobot_visualization_tools/prefix_override:/usr/lib/python3/dist-packages/colcon_core/task/python/colcon_distutils_commands:/home/bbcontact/magician_ros2/install/dobot_visualization_tools/lib/python3.12/site-packages:${PYTHONPATH} /usr/bin/python3 -W ignore:setup.py install is deprecated -W ignore:easy_install command is deprecated setup.py develop --editable --build-directory /home/bbcontact/magician_ros2/build/dobot_visualization_tools/build --no-deps symlink_data --force
[19.029s] Level 1:colcon.colcon_core.environment:checking '/home/bbcontact/magician_ros2/install/dobot_visualization_tools/lib'
[19.029s] Level 1:colcon.colcon_core.environment:checking '/home/bbcontact/magician_ros2/install/dobot_visualization_tools/bin'
[19.029s] Level 1:colcon.colcon_core.environment:checking '/home/bbcontact/magician_ros2/install/dobot_visualization_tools/lib/pkgconfig/dobot_visualization_tools.pc'
[19.030s] Level 1:colcon.colcon_core.environment:checking '/home/bbcontact/magician_ros2/install/dobot_visualization_tools/lib/python3.12/site-packages'
[19.030s] Level 1:colcon.colcon_core.shell:create_environment_hook('dobot_visualization_tools', 'pythonpath')
[19.031s] INFO:colcon.colcon_core.shell:Creating environment hook '/home/bbcontact/magician_ros2/install/dobot_visualization_tools/share/dobot_visualization_tools/hook/pythonpath.ps1'
[19.032s] INFO:colcon.colcon_core.shell:Creating environment descriptor '/home/bbcontact/magician_ros2/install/dobot_visualization_tools/share/dobot_visualization_tools/hook/pythonpath.dsv'
[19.033s] INFO:colcon.colcon_core.shell:Creating environment hook '/home/bbcontact/magician_ros2/install/dobot_visualization_tools/share/dobot_visualization_tools/hook/pythonpath.sh'
[19.034s] Level 1:colcon.colcon_core.environment:checking '/home/bbcontact/magician_ros2/install/dobot_visualization_tools/bin'
[19.035s] Level 1:colcon.colcon_core.environment:create_environment_scripts_only(dobot_visualization_tools)
[19.036s] INFO:colcon.colcon_core.shell:Creating package script '/home/bbcontact/magician_ros2/install/dobot_visualization_tools/share/dobot_visualization_tools/package.ps1'
[19.038s] INFO:colcon.colcon_core.shell:Creating package descriptor '/home/bbcontact/magician_ros2/install/dobot_visualization_tools/share/dobot_visualization_tools/package.dsv'
[19.039s] INFO:colcon.colcon_core.shell:Creating package script '/home/bbcontact/magician_ros2/install/dobot_visualization_tools/share/dobot_visualization_tools/package.sh'
[19.040s] INFO:colcon.colcon_core.shell:Creating package script '/home/bbcontact/magician_ros2/install/dobot_visualization_tools/share/dobot_visualization_tools/package.bash'
[19.041s] INFO:colcon.colcon_core.shell:Creating package script '/home/bbcontact/magician_ros2/install/dobot_visualization_tools/share/dobot_visualization_tools/package.zsh'
[19.042s] Level 1:colcon.colcon_core.environment:create_file_with_runtime_dependencies(/home/bbcontact/magician_ros2/install/dobot_visualization_tools/share/colcon-core/packages/dobot_visualization_tools)
[19.828s] INFO:colcon.colcon_core.task.python.build:Building Python package in '/home/bbcontact/magician_ros2/src/magician_ros2/dobot_state_updater'
[19.829s] INFO:colcon.colcon_core.shell:Skip shell extension 'powershell' for command environment: Not usable outside of PowerShell
[19.831s] DEBUG:colcon.colcon_core.shell:Skip shell extension 'dsv' for command environment
[19.841s] DEBUG:colcon.colcon_core.task.python.build:Available setuptools commands: sdist, bdist_egg, update_catalog, install_data, compile_catalog, build_scripts, bdist_wheel, setopt, install, bdist, develop, build, editable_wheel, symlink_data, build_ext, install_egg_info, check, easy_install, upload_docs, extract_messages, register, bdist_rpm, test, build_clib, install_headers, install_lib, upload, build_py, install_scripts, alias, dist_info, init_catalog, egg_info, rotate, saveopts, clean, bdist_dumb
[19.842s] DEBUG:colcon.colcon_core.task.python.build:Available setuptools 'develop' options: --uninstall, --quiet, --exclude-scripts, --local-snapshots-ok, --help, --zip-ok, --force-installation-into-system-dir, --prefix, --optimize, --install-layout, --record, --find-links, --dry-run, --script-dir, --build-directory, --install-dir, --verbose, --user, --multi-version, --egg-path, --always-unzip, --no-user-cfg, --editable, --index-url, --site-dirs, --always-copy, --no-deps, --version, --no-find-links, --allow-hosts, --upgrade
[19.843s] DEBUG:colcon.colcon_core.task.python.build:While undoing a previous installation files outside the Python library path are being ignored: /home/bbcontact/magician_ros2/install/dobot_end_effector/share/ament_index/resource_index/packages/dobot_end_effector
[19.843s] DEBUG:colcon.colcon_core.task.python.build:While undoing a previous installation files outside the Python library path are being ignored: /home/bbcontact/magician_ros2/install/dobot_end_effector/share/dobot_end_effector/package.xml
[19.844s] DEBUG:colcon.colcon_core.task.python.build:While undoing a previous installation files outside the Python library path are being ignored: /home/bbcontact/magician_ros2/install/dobot_end_effector/lib/dobot_end_effector/gripper_server
[19.844s] DEBUG:colcon.colcon_core.task.python.build:While undoing a previous installation files outside the Python library path are being ignored: /home/bbcontact/magician_ros2/install/dobot_end_effector/lib/dobot_end_effector/suction_cup_server
[19.847s] DEBUG:colcon.colcon_core.task.python.build:Available setuptools 'develop' options: --uninstall, --quiet, --exclude-scripts, --local-snapshots-ok, --help, --zip-ok, --force-installation-into-system-dir, --prefix, --optimize, --install-layout, --record, --find-links, --dry-run, --script-dir, --build-directory, --install-dir, --verbose, --user, --multi-version, --egg-path, --always-unzip, --no-user-cfg, --editable, --index-url, --site-dirs, --always-copy, --no-deps, --version, --no-find-links, --allow-hosts, --upgrade
[19.849s] DEBUG:colcon.colcon_core.event_handler.log_command:Invoking command in '/home/bbcontact/magician_ros2/build/dobot_end_effector': AMENT_PREFIX_PATH=/home/bbcontact/magician_ros2/install/dobot_msgs:/home/bbcontact/magician_ros2/install/dobot_driver:${AMENT_PREFIX_PATH} CMAKE_PREFIX_PATH=/home/bbcontact/magician_ros2/install/dobot_msgs:/home/bbcontact/magician_ros2/install/dobot_driver:${CMAKE_PREFIX_PATH} DEBUGINFOD_URLS=https://debuginfod.ubuntu.com LD_LIBRARY_PATH=/home/bbcontact/magician_ros2/install/dobot_msgs/lib:${LD_LIBRARY_PATH} PYTHONPATH=/home/bbcontact/magician_ros2/build/dobot_end_effector/prefix_override:/usr/lib/python3/dist-packages/colcon_core/task/python/colcon_distutils_commands:/home/bbcontact/magician_ros2/install/dobot_end_effector/lib/python3.12/site-packages:/home/bbcontact/magician_ros2/install/dobot_msgs/lib/python3.12/site-packages:/home/bbcontact/magician_ros2/install/dobot_driver/lib/python3.12/site-packages:${PYTHONPATH} /usr/bin/python3 -W ignore:setup.py install is deprecated -W ignore:easy_install command is deprecated setup.py develop --editable --build-directory /home/bbcontact/magician_ros2/build/dobot_end_effector/build --no-deps symlink_data --force
[19.850s] DEBUG:colcon.colcon_core.task.python.build:While undoing a previous installation files outside the Python library path are being ignored: /home/bbcontact/magician_ros2/install/dobot_homing/share/ament_index/resource_index/packages/dobot_homing
[19.850s] DEBUG:colcon.colcon_core.task.python.build:While undoing a previous installation files outside the Python library path are being ignored: /home/bbcontact/magician_ros2/install/dobot_homing/share/dobot_homing/package.xml
[19.851s] DEBUG:colcon.colcon_core.task.python.build:While undoing a previous installation files outside the Python library path are being ignored: /home/bbcontact/magician_ros2/install/dobot_homing/share/dobot_homing/launch/dobot_homing.launch.py
[19.851s] DEBUG:colcon.colcon_core.task.python.build:While undoing a previous installation files outside the Python library path are being ignored: /home/bbcontact/magician_ros2/install/dobot_homing/share/dobot_homing/config/homing_params.yaml
[19.852s] DEBUG:colcon.colcon_core.task.python.build:While undoing a previous installation files outside the Python library path are being ignored: /home/bbcontact/magician_ros2/install/dobot_homing/lib/dobot_homing/homing_server
[19.856s] DEBUG:colcon.colcon_core.event_handler.log_command:Invoking command in '/home/bbcontact/magician_ros2/build/dobot_homing': AMENT_PREFIX_PATH=/home/bbcontact/magician_ros2/install/dobot_msgs:/home/bbcontact/magician_ros2/install/dobot_driver:${AMENT_PREFIX_PATH} CMAKE_PREFIX_PATH=/home/bbcontact/magician_ros2/install/dobot_msgs:/home/bbcontact/magician_ros2/install/dobot_driver:${CMAKE_PREFIX_PATH} DEBUGINFOD_URLS=https://debuginfod.ubuntu.com LD_LIBRARY_PATH=/home/bbcontact/magician_ros2/install/dobot_msgs/lib:${LD_LIBRARY_PATH} PYTHONPATH=/home/bbcontact/magician_ros2/build/dobot_homing/prefix_override:/usr/lib/python3/dist-packages/colcon_core/task/python/colcon_distutils_commands:/home/bbcontact/magician_ros2/install/dobot_homing/lib/python3.12/site-packages:/home/bbcontact/magician_ros2/install/dobot_msgs/lib/python3.12/site-packages:/home/bbcontact/magician_ros2/install/dobot_driver/lib/python3.12/site-packages:${PYTHONPATH} /usr/bin/python3 -W ignore:setup.py install is deprecated -W ignore:easy_install command is deprecated setup.py develop --editable --build-directory /home/bbcontact/magician_ros2/build/dobot_homing/build --no-deps symlink_data --force
[19.857s] INFO:colcon.colcon_ros.task.ament_python.build:Building ROS package in '/home/bbcontact/magician_ros2/src/magician_ros2/dobot_vision_rgbd' with build type 'ament_python'
[19.857s] Level 1:colcon.colcon_core.shell:create_environment_hook('dobot_vision_rgbd', 'ament_prefix_path')
[19.858s] INFO:colcon.colcon_core.shell:Creating environment hook '/home/bbcontact/magician_ros2/install/dobot_vision_rgbd/share/dobot_vision_rgbd/hook/ament_prefix_path.ps1'
[19.859s] INFO:colcon.colcon_core.shell:Creating environment descriptor '/home/bbcontact/magician_ros2/install/dobot_vision_rgbd/share/dobot_vision_rgbd/hook/ament_prefix_path.dsv'
[19.860s] INFO:colcon.colcon_core.shell:Creating environment hook '/home/bbcontact/magician_ros2/install/dobot_vision_rgbd/share/dobot_vision_rgbd/hook/ament_prefix_path.sh'
[19.864s] INFO:colcon.colcon_core.shell:Skip shell extension 'powershell' for command environment: Not usable outside of PowerShell
[19.865s] DEBUG:colcon.colcon_core.shell:Skip shell extension 'dsv' for command environment
[21.659s] INFO:colcon.colcon_core.task.python.build:Building Python package in '/home/bbcontact/magician_ros2/src/magician_ros2/dobot_vision_rgbd'
[21.660s] INFO:colcon.colcon_core.shell:Skip shell extension 'powershell' for command environment: Not usable outside of PowerShell
[21.660s] DEBUG:colcon.colcon_core.shell:Skip shell extension 'dsv' for command environment
[21.675s] Level 1:colcon.colcon_core.shell:create_environment_hook('dobot_calibration', 'pythonpath_develop')
[21.676s] INFO:colcon.colcon_core.shell:Creating environment hook '/home/bbcontact/magician_ros2/build/dobot_calibration/share/dobot_calibration/hook/pythonpath_develop.ps1'
[21.686s] INFO:colcon.colcon_core.shell:Creating environment descriptor '/home/bbcontact/magician_ros2/build/dobot_calibration/share/dobot_calibration/hook/pythonpath_develop.dsv'
[21.688s] INFO:colcon.colcon_core.shell:Creating environment hook '/home/bbcontact/magician_ros2/build/dobot_calibration/share/dobot_calibration/hook/pythonpath_develop.sh'
[21.698s] Level 1:colcon.colcon_core.environment:checking '/home/bbcontact/magician_ros2/install/dobot_calibration' for CMake module files
[21.707s] Level 1:colcon.colcon_core.environment:checking '/home/bbcontact/magician_ros2/install/dobot_calibration' for CMake config files
[21.709s] Level 1:colcon.colcon_core.environment:checking '/home/bbcontact/magician_ros2/install/dobot_calibration/lib'
[21.709s] Level 1:colcon.colcon_core.environment:checking '/home/bbcontact/magician_ros2/install/dobot_calibration/bin'
[21.712s] Level 1:colcon.colcon_core.environment:checking '/home/bbcontact/magician_ros2/install/dobot_calibration/lib/pkgconfig/dobot_calibration.pc'
[21.713s] Level 1:colcon.colcon_core.environment:checking '/home/bbcontact/magician_ros2/install/dobot_calibration/lib/python3.12/site-packages'
[21.714s] Level 1:colcon.colcon_core.shell:create_environment_hook('dobot_calibration', 'pythonpath')
[21.714s] INFO:colcon.colcon_core.shell:Creating environment hook '/home/bbcontact/magician_ros2/install/dobot_calibration/share/dobot_calibration/hook/pythonpath.ps1'
[21.712s] DEBUG:colcon.colcon_core.event_handler.log_command:Invoked command in '/home/bbcontact/magician_ros2/build/dobot_calibration' returned '0': AMENT_PREFIX_PATH=/home/bbcontact/magician_ros2/install/dobot_msgs:${AMENT_PREFIX_PATH} CMAKE_PREFIX_PATH=/home/bbcontact/magician_ros2/install/dobot_msgs:${CMAKE_PREFIX_PATH} DEBUGINFOD_URLS=https://debuginfod.ubuntu.com LD_LIBRARY_PATH=/home/bbcontact/magician_ros2/install/dobot_msgs/lib:${LD_LIBRARY_PATH} PYTHONPATH=/home/bbcontact/magician_ros2/build/dobot_calibration/prefix_override:/usr/lib/python3/dist-packages/colcon_core/task/python/colcon_distutils_commands:/home/bbcontact/magician_ros2/install/dobot_calibration/lib/python3.12/site-packages:/home/bbcontact/magician_ros2/install/dobot_msgs/lib/python3.12/site-packages:${PYTHONPATH} /usr/bin/python3 -W ignore:setup.py install is deprecated -W ignore:easy_install command is deprecated setup.py develop --editable --build-directory /home/bbcontact/magician_ros2/build/dobot_calibration/build --no-deps symlink_data --force
[21.716s] INFO:colcon.colcon_core.shell:Creating environment descriptor '/home/bbcontact/magician_ros2/install/dobot_calibration/share/dobot_calibration/hook/pythonpath.dsv'
[21.717s] INFO:colcon.colcon_core.shell:Creating environment hook '/home/bbcontact/magician_ros2/install/dobot_calibration/share/dobot_calibration/hook/pythonpath.sh'
[21.719s] Level 1:colcon.colcon_core.environment:checking '/home/bbcontact/magician_ros2/install/dobot_calibration/bin'
[21.719s] Level 1:colcon.colcon_core.environment:create_environment_scripts_only(dobot_calibration)
[21.720s] INFO:colcon.colcon_core.shell:Creating package script '/home/bbcontact/magician_ros2/install/dobot_calibration/share/dobot_calibration/package.ps1'
[21.723s] INFO:colcon.colcon_core.shell:Creating package descriptor '/home/bbcontact/magician_ros2/install/dobot_calibration/share/dobot_calibration/package.dsv'
[21.725s] INFO:colcon.colcon_core.shell:Creating package script '/home/bbcontact/magician_ros2/install/dobot_calibration/share/dobot_calibration/package.sh'
[21.726s] INFO:colcon.colcon_core.shell:Creating package script '/home/bbcontact/magician_ros2/install/dobot_calibration/share/dobot_calibration/package.bash'
[21.727s] INFO:colcon.colcon_core.shell:Creating package script '/home/bbcontact/magician_ros2/install/dobot_calibration/share/dobot_calibration/package.zsh'
[21.728s] Level 1:colcon.colcon_core.environment:create_file_with_runtime_dependencies(/home/bbcontact/magician_ros2/install/dobot_calibration/share/colcon-core/packages/dobot_calibration)
[21.729s] Level 1:colcon.colcon_core.shell:create_environment_hook('dobot_diagnostics', 'pythonpath_develop')
[21.732s] INFO:colcon.colcon_core.shell:Creating environment hook '/home/bbcontact/magician_ros2/build/dobot_diagnostics/share/dobot_diagnostics/hook/pythonpath_develop.ps1'
[21.731s] DEBUG:colcon.colcon_core.event_handler.log_command:Invoked command in '/home/bbcontact/magician_ros2/build/dobot_diagnostics' returned '0': AMENT_PREFIX_PATH=/home/bbcontact/magician_ros2/install/dobot_msgs:${AMENT_PREFIX_PATH} CMAKE_PREFIX_PATH=/home/bbcontact/magician_ros2/install/dobot_msgs:${CMAKE_PREFIX_PATH} DEBUGINFOD_URLS=https://debuginfod.ubuntu.com LD_LIBRARY_PATH=/home/bbcontact/magician_ros2/install/dobot_msgs/lib:${LD_LIBRARY_PATH} PYTHONPATH=/home/bbcontact/magician_ros2/build/dobot_diagnostics/prefix_override:/usr/lib/python3/dist-packages/colcon_core/task/python/colcon_distutils_commands:/home/bbcontact/magician_ros2/install/dobot_diagnostics/lib/python3.12/site-packages:/home/bbcontact/magician_ros2/install/dobot_msgs/lib/python3.12/site-packages:${PYTHONPATH} /usr/bin/python3 -W ignore:setup.py install is deprecated -W ignore:easy_install command is deprecated setup.py develop --editable --build-directory /home/bbcontact/magician_ros2/build/dobot_diagnostics/build --no-deps symlink_data --force
[21.733s] INFO:colcon.colcon_core.shell:Creating environment descriptor '/home/bbcontact/magician_ros2/build/dobot_diagnostics/share/dobot_diagnostics/hook/pythonpath_develop.dsv'
[21.734s] INFO:colcon.colcon_core.shell:Creating environment hook '/home/bbcontact/magician_ros2/build/dobot_diagnostics/share/dobot_diagnostics/hook/pythonpath_develop.sh'
[21.736s] Level 1:colcon.colcon_core.environment:checking '/home/bbcontact/magician_ros2/install/dobot_diagnostics' for CMake module files
[21.738s] Level 1:colcon.colcon_core.environment:checking '/home/bbcontact/magician_ros2/install/dobot_diagnostics' for CMake config files
[21.740s] Level 1:colcon.colcon_core.environment:checking '/home/bbcontact/magician_ros2/install/dobot_diagnostics/lib'
[21.740s] Level 1:colcon.colcon_core.environment:checking '/home/bbcontact/magician_ros2/install/dobot_diagnostics/bin'
[21.740s] Level 1:colcon.colcon_core.environment:checking '/home/bbcontact/magician_ros2/install/dobot_diagnostics/lib/pkgconfig/dobot_diagnostics.pc'
[21.741s] Level 1:colcon.colcon_core.environment:checking '/home/bbcontact/magician_ros2/install/dobot_diagnostics/lib/python3.12/site-packages'
[21.742s] Level 1:colcon.colcon_core.shell:create_environment_hook('dobot_diagnostics', 'pythonpath')
[21.742s] INFO:colcon.colcon_core.shell:Creating environment hook '/home/bbcontact/magician_ros2/install/dobot_diagnostics/share/dobot_diagnostics/hook/pythonpath.ps1'
[21.744s] INFO:colcon.colcon_core.shell:Creating environment descriptor '/home/bbcontact/magician_ros2/install/dobot_diagnostics/share/dobot_diagnostics/hook/pythonpath.dsv'
[21.745s] INFO:colcon.colcon_core.shell:Creating environment hook '/home/bbcontact/magician_ros2/install/dobot_diagnostics/share/dobot_diagnostics/hook/pythonpath.sh'
[21.747s] Level 1:colcon.colcon_core.environment:checking '/home/bbcontact/magician_ros2/install/dobot_diagnostics/bin'
[21.748s] Level 1:colcon.colcon_core.environment:create_environment_scripts_only(dobot_diagnostics)
[21.748s] INFO:colcon.colcon_core.shell:Creating package script '/home/bbcontact/magician_ros2/install/dobot_diagnostics/share/dobot_diagnostics/package.ps1'
[21.751s] INFO:colcon.colcon_core.shell:Creating package descriptor '/home/bbcontact/magician_ros2/install/dobot_diagnostics/share/dobot_diagnostics/package.dsv'
[21.753s] INFO:colcon.colcon_core.shell:Creating package script '/home/bbcontact/magician_ros2/install/dobot_diagnostics/share/dobot_diagnostics/package.sh'
[21.754s] INFO:colcon.colcon_core.shell:Creating package script '/home/bbcontact/magician_ros2/install/dobot_diagnostics/share/dobot_diagnostics/package.bash'
[21.755s] INFO:colcon.colcon_core.shell:Creating package script '/home/bbcontact/magician_ros2/install/dobot_diagnostics/share/dobot_diagnostics/package.zsh'
[21.756s] Level 1:colcon.colcon_core.environment:create_file_with_runtime_dependencies(/home/bbcontact/magician_ros2/install/dobot_diagnostics/share/colcon-core/packages/dobot_diagnostics)
[21.759s] INFO:colcon.colcon_ros.task.ament_cmake.build:Building ROS package in '/home/bbcontact/magician_ros2/src/OrbbecSDK_ROS2/orbbec_camera' with build type 'ament_cmake'
[21.759s] INFO:colcon.colcon_cmake.task.cmake.build:Building CMake package in '/home/bbcontact/magician_ros2/src/OrbbecSDK_ROS2/orbbec_camera'
[21.760s] INFO:colcon.colcon_core.shell:Skip shell extension 'powershell' for command environment: Not usable outside of PowerShell
[21.760s] DEBUG:colcon.colcon_core.shell:Skip shell extension 'dsv' for command environment
[21.775s] INFO:colcon.colcon_ros.task.ament_python.build:Building ROS package in '/home/bbcontact/magician_ros2/src/magician_ros2/dobot_control_panel' with build type 'ament_python'
[21.776s] Level 1:colcon.colcon_core.shell:create_environment_hook('dobot_control_panel', 'ament_prefix_path')
[21.777s] INFO:colcon.colcon_core.shell:Creating environment hook '/home/bbcontact/magician_ros2/install/dobot_control_panel/share/dobot_control_panel/hook/ament_prefix_path.ps1'
[21.779s] INFO:colcon.colcon_core.shell:Creating environment descriptor '/home/bbcontact/magician_ros2/install/dobot_control_panel/share/dobot_control_panel/hook/ament_prefix_path.dsv'
[21.782s] INFO:colcon.colcon_core.shell:Creating environment hook '/home/bbcontact/magician_ros2/install/dobot_control_panel/share/dobot_control_panel/hook/ament_prefix_path.sh'
[21.787s] INFO:colcon.colcon_core.shell:Skip shell extension 'powershell' for command environment: Not usable outside of PowerShell
[21.788s] DEBUG:colcon.colcon_core.shell:Skip shell extension 'dsv' for command environment
[21.829s] DEBUG:colcon.colcon_core.event_handler.log_command:Invoking command in '/home/bbcontact/magician_ros2/build/orbbec_camera': AMENT_PREFIX_PATH=/home/bbcontact/magician_ros2/install/orbbec_camera_msgs:${AMENT_PREFIX_PATH} CMAKE_PREFIX_PATH=/home/bbcontact/magician_ros2/install/orbbec_camera_msgs:/opt/ros/jazzy/opt/gz_sim_vendor:/opt/ros/jazzy/opt/gz_sensors_vendor:/opt/ros/jazzy/opt/gz_physics_vendor:/opt/ros/jazzy/opt/sdformat_vendor:/opt/ros/jazzy/opt/gz_gui_vendor:/opt/ros/jazzy/opt/gz_transport_vendor:/opt/ros/jazzy/opt/gz_rendering_vendor:/opt/ros/jazzy/opt/gz_plugin_vendor:/opt/ros/jazzy/opt/gz_fuel_tools_vendor:/opt/ros/jazzy/opt/gz_msgs_vendor:/opt/ros/jazzy/opt/gz_common_vendor:/opt/ros/jazzy/opt/gz_math_vendor:/opt/ros/jazzy/opt/gz_utils_vendor:/opt/ros/jazzy/opt/gz_tools_vendor:/opt/ros/jazzy/opt/gz_ogre_next_vendor:/opt/ros/jazzy/opt/gz_dartsim_vendor:/opt/ros/jazzy/opt/gz_cmake_vendor:/opt/ros/jazzy DEBUGINFOD_URLS=https://debuginfod.ubuntu.com LD_LIBRARY_PATH=/home/bbcontact/magician_ros2/install/orbbec_camera_msgs/lib:${LD_LIBRARY_PATH} PYTHONPATH=/home/bbcontact/magician_ros2/install/orbbec_camera_msgs/lib/python3.12/site-packages:${PYTHONPATH} /usr/bin/cmake /home/bbcontact/magician_ros2/src/OrbbecSDK_ROS2/orbbec_camera -DOpenCV_DIR=/usr/lib/x86_64-linux-gnu/cmake/opencv4 -DAMENT_CMAKE_SYMLINK_INSTALL=1 -DCMAKE_INSTALL_PREFIX=/home/bbcontact/magician_ros2/install/orbbec_camera
[23.451s] INFO:colcon.colcon_core.task.python.build:Building Python package in '/home/bbcontact/magician_ros2/src/magician_ros2/dobot_control_panel'
[23.455s] INFO:colcon.colcon_core.shell:Skip shell extension 'powershell' for command environment: Not usable outside of PowerShell
[23.455s] DEBUG:colcon.colcon_core.shell:Skip shell extension 'dsv' for command environment
[23.486s] DEBUG:colcon.colcon_core.task.python.build:Available setuptools 'develop' options: --uninstall, --quiet, --exclude-scripts, --local-snapshots-ok, --help, --zip-ok, --force-installation-into-system-dir, --prefix, --optimize, --install-layout, --record, --find-links, --dry-run, --script-dir, --build-directory, --install-dir, --verbose, --user, --multi-version, --egg-path, --always-unzip, --no-user-cfg, --editable, --index-url, --site-dirs, --always-copy, --no-deps, --version, --no-find-links, --allow-hosts, --upgrade
[23.497s] DEBUG:colcon.colcon_core.task.python.build:While undoing a previous installation files outside the Python library path are being ignored: /home/bbcontact/magician_ros2/install/dobot_kinematics/share/ament_index/resource_index/packages/dobot_kinematics
[23.497s] DEBUG:colcon.colcon_core.task.python.build:While undoing a previous installation files outside the Python library path are being ignored: /home/bbcontact/magician_ros2/install/dobot_kinematics/share/dobot_kinematics/package.xml
[23.497s] DEBUG:colcon.colcon_core.task.python.build:While undoing a previous installation files outside the Python library path are being ignored: /home/bbcontact/magician_ros2/install/dobot_kinematics/share/dobot_kinematics/launch/dobot_validate_trajectory.launch.py
[23.497s] DEBUG:colcon.colcon_core.task.python.build:While undoing a previous installation files outside the Python library path are being ignored: /home/bbcontact/magician_ros2/install/dobot_kinematics/share/dobot_kinematics/config/axis_limits.yaml
[23.498s] DEBUG:colcon.colcon_core.task.python.build:While undoing a previous installation files outside the Python library path are being ignored: /home/bbcontact/magician_ros2/install/dobot_kinematics/lib/dobot_kinematics/trajectory_validator_client
[23.498s] DEBUG:colcon.colcon_core.task.python.build:While undoing a previous installation files outside the Python library path are being ignored: /home/bbcontact/magician_ros2/install/dobot_kinematics/lib/dobot_kinematics/trajectory_validator_server
[23.508s] DEBUG:colcon.colcon_core.event_handler.log_command:Invoking command in '/home/bbcontact/magician_ros2/build/dobot_kinematics': AMENT_PREFIX_PATH=/home/bbcontact/magician_ros2/install/dobot_msgs:/home/bbcontact/magician_ros2/install/dobot_description:${AMENT_PREFIX_PATH} CMAKE_PREFIX_PATH=/home/bbcontact/magician_ros2/install/dobot_msgs:/home/bbcontact/magician_ros2/install/dobot_description:${CMAKE_PREFIX_PATH} DEBUGINFOD_URLS=https://debuginfod.ubuntu.com LD_LIBRARY_PATH=/home/bbcontact/magician_ros2/install/dobot_msgs/lib:${LD_LIBRARY_PATH} PYTHONPATH=/home/bbcontact/magician_ros2/build/dobot_kinematics/prefix_override:/usr/lib/python3/dist-packages/colcon_core/task/python/colcon_distutils_commands:/home/bbcontact/magician_ros2/install/dobot_kinematics/lib/python3.12/site-packages:/home/bbcontact/magician_ros2/install/dobot_msgs/lib/python3.12/site-packages:${PYTHONPATH} /usr/bin/python3 -W ignore:setup.py install is deprecated -W ignore:easy_install command is deprecated setup.py develop --editable --build-directory /home/bbcontact/magician_ros2/build/dobot_kinematics/build --no-deps symlink_data --force
[24.870s] DEBUG:colcon.colcon_core.task.python.build:Available setuptools commands: sdist, bdist_egg, update_catalog, install_data, compile_catalog, build_scripts, bdist_wheel, setopt, install, bdist, develop, build, editable_wheel, symlink_data, build_ext, install_egg_info, check, easy_install, upload_docs, extract_messages, register, bdist_rpm, test, build_clib, install_headers, install_lib, upload, build_py, install_scripts, alias, dist_info, init_catalog, egg_info, rotate, saveopts, clean, bdist_dumb
[25.006s] DEBUG:colcon.colcon_core.task.python.build:Available setuptools commands: sdist, bdist_egg, update_catalog, install_data, compile_catalog, build_scripts, bdist_wheel, setopt, install, bdist, develop, build, editable_wheel, symlink_data, build_ext, install_egg_info, check, easy_install, upload_docs, extract_messages, register, bdist_rpm, test, build_clib, install_headers, install_lib, upload, build_py, install_scripts, alias, dist_info, init_catalog, egg_info, rotate, saveopts, clean, bdist_dumb
[25.434s] Level 1:colcon.colcon_core.shell:create_environment_hook('dobot_end_effector', 'pythonpath_develop')
[25.434s] INFO:colcon.colcon_core.shell:Creating environment hook '/home/bbcontact/magician_ros2/build/dobot_end_effector/share/dobot_end_effector/hook/pythonpath_develop.ps1'
[25.439s] INFO:colcon.colcon_core.shell:Creating environment descriptor '/home/bbcontact/magician_ros2/build/dobot_end_effector/share/dobot_end_effector/hook/pythonpath_develop.dsv'
[25.441s] INFO:colcon.colcon_core.shell:Creating environment hook '/home/bbcontact/magician_ros2/build/dobot_end_effector/share/dobot_end_effector/hook/pythonpath_develop.sh'
[25.442s] DEBUG:colcon.colcon_core.event_handler.log_command:Invoked command in '/home/bbcontact/magician_ros2/build/dobot_end_effector' returned '0': AMENT_PREFIX_PATH=/home/bbcontact/magician_ros2/install/dobot_msgs:/home/bbcontact/magician_ros2/install/dobot_driver:${AMENT_PREFIX_PATH} CMAKE_PREFIX_PATH=/home/bbcontact/magician_ros2/install/dobot_msgs:/home/bbcontact/magician_ros2/install/dobot_driver:${CMAKE_PREFIX_PATH} DEBUGINFOD_URLS=https://debuginfod.ubuntu.com LD_LIBRARY_PATH=/home/bbcontact/magician_ros2/install/dobot_msgs/lib:${LD_LIBRARY_PATH} PYTHONPATH=/home/bbcontact/magician_ros2/build/dobot_end_effector/prefix_override:/usr/lib/python3/dist-packages/colcon_core/task/python/colcon_distutils_commands:/home/bbcontact/magician_ros2/install/dobot_end_effector/lib/python3.12/site-packages:/home/bbcontact/magician_ros2/install/dobot_msgs/lib/python3.12/site-packages:/home/bbcontact/magician_ros2/install/dobot_driver/lib/python3.12/site-packages:${PYTHONPATH} /usr/bin/python3 -W ignore:setup.py install is deprecated -W ignore:easy_install command is deprecated setup.py develop --editable --build-directory /home/bbcontact/magician_ros2/build/dobot_end_effector/build --no-deps symlink_data --force
[25.449s] Level 1:colcon.colcon_core.environment:checking '/home/bbcontact/magician_ros2/install/dobot_end_effector' for CMake module files
[25.451s] Level 1:colcon.colcon_core.environment:checking '/home/bbcontact/magician_ros2/install/dobot_end_effector' for CMake config files
[25.455s] Level 1:colcon.colcon_core.environment:checking '/home/bbcontact/magician_ros2/install/dobot_end_effector/lib'
[25.455s] Level 1:colcon.colcon_core.environment:checking '/home/bbcontact/magician_ros2/install/dobot_end_effector/bin'
[25.455s] Level 1:colcon.colcon_core.environment:checking '/home/bbcontact/magician_ros2/install/dobot_end_effector/lib/pkgconfig/dobot_end_effector.pc'
[25.461s] Level 1:colcon.colcon_core.environment:checking '/home/bbcontact/magician_ros2/install/dobot_end_effector/lib/python3.12/site-packages'
[25.462s] Level 1:colcon.colcon_core.shell:create_environment_hook('dobot_end_effector', 'pythonpath')
[25.463s] INFO:colcon.colcon_core.shell:Creating environment hook '/home/bbcontact/magician_ros2/install/dobot_end_effector/share/dobot_end_effector/hook/pythonpath.ps1'
[25.464s] INFO:colcon.colcon_core.shell:Creating environment descriptor '/home/bbcontact/magician_ros2/install/dobot_end_effector/share/dobot_end_effector/hook/pythonpath.dsv'
[25.468s] INFO:colcon.colcon_core.shell:Creating environment hook '/home/bbcontact/magician_ros2/install/dobot_end_effector/share/dobot_end_effector/hook/pythonpath.sh'
[25.472s] Level 1:colcon.colcon_core.environment:checking '/home/bbcontact/magician_ros2/install/dobot_end_effector/bin'
[25.473s] Level 1:colcon.colcon_core.environment:create_environment_scripts_only(dobot_end_effector)
[25.474s] INFO:colcon.colcon_core.shell:Creating package script '/home/bbcontact/magician_ros2/install/dobot_end_effector/share/dobot_end_effector/package.ps1'
[25.483s] INFO:colcon.colcon_core.shell:Creating package descriptor '/home/bbcontact/magician_ros2/install/dobot_end_effector/share/dobot_end_effector/package.dsv'
[25.489s] INFO:colcon.colcon_core.shell:Creating package script '/home/bbcontact/magician_ros2/install/dobot_end_effector/share/dobot_end_effector/package.sh'
[25.493s] INFO:colcon.colcon_core.shell:Creating package script '/home/bbcontact/magician_ros2/install/dobot_end_effector/share/dobot_end_effector/package.bash'
[25.497s] INFO:colcon.colcon_core.shell:Creating package script '/home/bbcontact/magician_ros2/install/dobot_end_effector/share/dobot_end_effector/package.zsh'
[25.499s] Level 1:colcon.colcon_core.environment:create_file_with_runtime_dependencies(/home/bbcontact/magician_ros2/install/dobot_end_effector/share/colcon-core/packages/dobot_end_effector)
[25.504s] INFO:colcon.colcon_ros.task.ament_python.build:Building ROS package in '/home/bbcontact/magician_ros2/src/magician_ros2/dobot_object_vision' with build type 'ament_python'
[25.505s] Level 1:colcon.colcon_core.shell:create_environment_hook('dobot_object_vision', 'ament_prefix_path')
[25.505s] INFO:colcon.colcon_core.shell:Creating environment hook '/home/bbcontact/magician_ros2/install/dobot_object_vision/share/dobot_object_vision/hook/ament_prefix_path.ps1'
[25.510s] INFO:colcon.colcon_core.shell:Creating environment descriptor '/home/bbcontact/magician_ros2/install/dobot_object_vision/share/dobot_object_vision/hook/ament_prefix_path.dsv'
[25.512s] INFO:colcon.colcon_core.shell:Creating environment hook '/home/bbcontact/magician_ros2/install/dobot_object_vision/share/dobot_object_vision/hook/ament_prefix_path.sh'
[25.517s] INFO:colcon.colcon_core.shell:Skip shell extension 'powershell' for command environment: Not usable outside of PowerShell
[25.517s] DEBUG:colcon.colcon_core.shell:Skip shell extension 'dsv' for command environment
[26.774s] INFO:colcon.colcon_core.task.python.build:Building Python package in '/home/bbcontact/magician_ros2/src/magician_ros2/dobot_object_vision'
[26.775s] INFO:colcon.colcon_core.shell:Skip shell extension 'powershell' for command environment: Not usable outside of PowerShell
[26.775s] DEBUG:colcon.colcon_core.shell:Skip shell extension 'dsv' for command environment
[26.794s] Level 1:colcon.colcon_core.shell:create_environment_hook('dobot_homing', 'pythonpath_develop')
[26.795s] INFO:colcon.colcon_core.shell:Creating environment hook '/home/bbcontact/magician_ros2/build/dobot_homing/share/dobot_homing/hook/pythonpath_develop.ps1'
[26.796s] INFO:colcon.colcon_core.shell:Creating environment descriptor '/home/bbcontact/magician_ros2/build/dobot_homing/share/dobot_homing/hook/pythonpath_develop.dsv'
[26.800s] DEBUG:colcon.colcon_core.event_handler.log_command:Invoked command in '/home/bbcontact/magician_ros2/build/dobot_homing' returned '0': AMENT_PREFIX_PATH=/home/bbcontact/magician_ros2/install/dobot_msgs:/home/bbcontact/magician_ros2/install/dobot_driver:${AMENT_PREFIX_PATH} CMAKE_PREFIX_PATH=/home/bbcontact/magician_ros2/install/dobot_msgs:/home/bbcontact/magician_ros2/install/dobot_driver:${CMAKE_PREFIX_PATH} DEBUGINFOD_URLS=https://debuginfod.ubuntu.com LD_LIBRARY_PATH=/home/bbcontact/magician_ros2/install/dobot_msgs/lib:${LD_LIBRARY_PATH} PYTHONPATH=/home/bbcontact/magician_ros2/build/dobot_homing/prefix_override:/usr/lib/python3/dist-packages/colcon_core/task/python/colcon_distutils_commands:/home/bbcontact/magician_ros2/install/dobot_homing/lib/python3.12/site-packages:/home/bbcontact/magician_ros2/install/dobot_msgs/lib/python3.12/site-packages:/home/bbcontact/magician_ros2/install/dobot_driver/lib/python3.12/site-packages:${PYTHONPATH} /usr/bin/python3 -W ignore:setup.py install is deprecated -W ignore:easy_install command is deprecated setup.py develop --editable --build-directory /home/bbcontact/magician_ros2/build/dobot_homing/build --no-deps symlink_data --force
[26.801s] INFO:colcon.colcon_core.shell:Creating environment hook '/home/bbcontact/magician_ros2/build/dobot_homing/share/dobot_homing/hook/pythonpath_develop.sh'
[26.802s] Level 1:colcon.colcon_core.environment:checking '/home/bbcontact/magician_ros2/install/dobot_homing' for CMake module files
[26.817s] Level 1:colcon.colcon_core.environment:checking '/home/bbcontact/magician_ros2/install/dobot_homing' for CMake config files
[26.819s] Level 1:colcon.colcon_core.environment:checking '/home/bbcontact/magician_ros2/install/dobot_homing/lib'
[26.820s] Level 1:colcon.colcon_core.environment:checking '/home/bbcontact/magician_ros2/install/dobot_homing/bin'
[26.821s] Level 1:colcon.colcon_core.environment:checking '/home/bbcontact/magician_ros2/install/dobot_homing/lib/pkgconfig/dobot_homing.pc'
[26.825s] Level 1:colcon.colcon_core.environment:checking '/home/bbcontact/magician_ros2/install/dobot_homing/lib/python3.12/site-packages'
[26.825s] Level 1:colcon.colcon_core.shell:create_environment_hook('dobot_homing', 'pythonpath')
[26.826s] INFO:colcon.colcon_core.shell:Creating environment hook '/home/bbcontact/magician_ros2/install/dobot_homing/share/dobot_homing/hook/pythonpath.ps1'
[26.836s] INFO:colcon.colcon_core.shell:Creating environment descriptor '/home/bbcontact/magician_ros2/install/dobot_homing/share/dobot_homing/hook/pythonpath.dsv'
[26.839s] INFO:colcon.colcon_core.shell:Creating environment hook '/home/bbcontact/magician_ros2/install/dobot_homing/share/dobot_homing/hook/pythonpath.sh'
[26.843s] Level 1:colcon.colcon_core.environment:checking '/home/bbcontact/magician_ros2/install/dobot_homing/bin'
[26.847s] Level 1:colcon.colcon_core.environment:create_environment_scripts_only(dobot_homing)
[26.848s] INFO:colcon.colcon_core.shell:Creating package script '/home/bbcontact/magician_ros2/install/dobot_homing/share/dobot_homing/package.ps1'
[26.854s] INFO:colcon.colcon_core.shell:Creating package descriptor '/home/bbcontact/magician_ros2/install/dobot_homing/share/dobot_homing/package.dsv'
[26.855s] INFO:colcon.colcon_core.shell:Creating package script '/home/bbcontact/magician_ros2/install/dobot_homing/share/dobot_homing/package.sh'
[26.862s] INFO:colcon.colcon_core.shell:Creating package script '/home/bbcontact/magician_ros2/install/dobot_homing/share/dobot_homing/package.bash'
[26.863s] INFO:colcon.colcon_core.shell:Creating package script '/home/bbcontact/magician_ros2/install/dobot_homing/share/dobot_homing/package.zsh'
[26.869s] Level 1:colcon.colcon_core.environment:create_file_with_runtime_dependencies(/home/bbcontact/magician_ros2/install/dobot_homing/share/colcon-core/packages/dobot_homing)
[26.874s] INFO:colcon.colcon_ros.task.ament_python.build:Building ROS package in '/home/bbcontact/magician_ros2/src/magician_ros2/dobot_demos' with build type 'ament_python'
[26.874s] Level 1:colcon.colcon_core.shell:create_environment_hook('dobot_demos', 'ament_prefix_path')
[26.875s] INFO:colcon.colcon_core.shell:Creating environment hook '/home/bbcontact/magician_ros2/install/dobot_demos/share/dobot_demos/hook/ament_prefix_path.ps1'
[26.880s] INFO:colcon.colcon_core.shell:Creating environment descriptor '/home/bbcontact/magician_ros2/install/dobot_demos/share/dobot_demos/hook/ament_prefix_path.dsv'
[26.882s] INFO:colcon.colcon_core.shell:Creating environment hook '/home/bbcontact/magician_ros2/install/dobot_demos/share/dobot_demos/hook/ament_prefix_path.sh'
[26.888s] INFO:colcon.colcon_core.shell:Skip shell extension 'powershell' for command environment: Not usable outside of PowerShell
[26.888s] DEBUG:colcon.colcon_core.shell:Skip shell extension 'dsv' for command environment
[26.907s] DEBUG:colcon.colcon_core.task.python.build:Available setuptools commands: sdist, bdist_egg, update_catalog, install_data, compile_catalog, build_scripts, bdist_wheel, setopt, install, bdist, develop, build, editable_wheel, symlink_data, build_ext, install_egg_info, check, easy_install, upload_docs, extract_messages, register, bdist_rpm, test, build_clib, install_headers, install_lib, upload, build_py, install_scripts, alias, dist_info, init_catalog, egg_info, rotate, saveopts, clean, bdist_dumb
[28.497s] INFO:colcon.colcon_core.task.python.build:Building Python package in '/home/bbcontact/magician_ros2/src/magician_ros2/dobot_demos'
[28.498s] INFO:colcon.colcon_core.shell:Skip shell extension 'powershell' for command environment: Not usable outside of PowerShell
[28.498s] DEBUG:colcon.colcon_core.shell:Skip shell extension 'dsv' for command environment
[28.532s] DEBUG:colcon.colcon_core.task.python.build:Available setuptools 'develop' options: --uninstall, --quiet, --exclude-scripts, --local-snapshots-ok, --help, --zip-ok, --force-installation-into-system-dir, --prefix, --optimize, --install-layout, --record, --find-links, --dry-run, --script-dir, --build-directory, --install-dir, --verbose, --user, --multi-version, --egg-path, --always-unzip, --no-user-cfg, --editable, --index-url, --site-dirs, --always-copy, --no-deps, --version, --no-find-links, --allow-hosts, --upgrade
[28.533s] DEBUG:colcon.colcon_core.task.python.build:While undoing a previous installation files outside the Python library path are being ignored: /home/bbcontact/magician_ros2/install/dobot_motion/share/ament_index/resource_index/packages/dobot_motion
[28.534s] DEBUG:colcon.colcon_core.task.python.build:While undoing a previous installation files outside the Python library path are being ignored: /home/bbcontact/magician_ros2/install/dobot_motion/share/dobot_motion/package.xml
[28.535s] DEBUG:colcon.colcon_core.task.python.build:While undoing a previous installation files outside the Python library path are being ignored: /home/bbcontact/magician_ros2/install/dobot_motion/share/dobot_motion/launch/dobot_PTP.launch.py
[28.540s] DEBUG:colcon.colcon_core.task.python.build:While undoing a previous installation files outside the Python library path are being ignored: /home/bbcontact/magician_ros2/install/dobot_motion/share/dobot_motion/launch/dobot_rail.launch.py
[28.540s] DEBUG:colcon.colcon_core.task.python.build:While undoing a previous installation files outside the Python library path are being ignored: /home/bbcontact/magician_ros2/install/dobot_motion/share/dobot_motion/config/PTP_motion_params.yaml
[28.540s] DEBUG:colcon.colcon_core.task.python.build:While undoing a previous installation files outside the Python library path are being ignored: /home/bbcontact/magician_ros2/install/dobot_motion/share/dobot_motion/config/sliding_rail_params.yaml
[28.541s] DEBUG:colcon.colcon_core.task.python.build:While undoing a previous installation files outside the Python library path are being ignored: /home/bbcontact/magician_ros2/install/dobot_motion/lib/dobot_motion/PTP_server
[28.541s] DEBUG:colcon.colcon_core.task.python.build:While undoing a previous installation files outside the Python library path are being ignored: /home/bbcontact/magician_ros2/install/dobot_motion/lib/dobot_motion/sliding_rail_server
[28.558s] DEBUG:colcon.colcon_core.event_handler.log_command:Invoking command in '/home/bbcontact/magician_ros2/build/dobot_motion': AMENT_PREFIX_PATH=/home/bbcontact/magician_ros2/install/dobot_msgs:/home/bbcontact/magician_ros2/install/dobot_driver:${AMENT_PREFIX_PATH} CMAKE_PREFIX_PATH=/home/bbcontact/magician_ros2/install/dobot_msgs:/home/bbcontact/magician_ros2/install/dobot_driver:${CMAKE_PREFIX_PATH} DEBUGINFOD_URLS=https://debuginfod.ubuntu.com LD_LIBRARY_PATH=/home/bbcontact/magician_ros2/install/dobot_msgs/lib:${LD_LIBRARY_PATH} PYTHONPATH=/home/bbcontact/magician_ros2/build/dobot_motion/prefix_override:/usr/lib/python3/dist-packages/colcon_core/task/python/colcon_distutils_commands:/home/bbcontact/magician_ros2/install/dobot_motion/lib/python3.12/site-packages:/home/bbcontact/magician_ros2/install/dobot_msgs/lib/python3.12/site-packages:/home/bbcontact/magician_ros2/install/dobot_driver/lib/python3.12/site-packages:${PYTHONPATH} /usr/bin/python3 -W ignore:setup.py install is deprecated -W ignore:easy_install command is deprecated setup.py develop --editable --build-directory /home/bbcontact/magician_ros2/build/dobot_motion/build --no-deps symlink_data --force
[28.559s] DEBUG:colcon.colcon_core.task.python.build:Available setuptools 'develop' options: --uninstall, --quiet, --exclude-scripts, --local-snapshots-ok, --help, --zip-ok, --force-installation-into-system-dir, --prefix, --optimize, --install-layout, --record, --find-links, --dry-run, --script-dir, --build-directory, --install-dir, --verbose, --user, --multi-version, --egg-path, --always-unzip, --no-user-cfg, --editable, --index-url, --site-dirs, --always-copy, --no-deps, --version, --no-find-links, --allow-hosts, --upgrade
[28.560s] DEBUG:colcon.colcon_core.task.python.build:While undoing a previous installation files outside the Python library path are being ignored: /home/bbcontact/magician_ros2/install/dobot_state_updater/share/ament_index/resource_index/packages/dobot_state_updater
[28.560s] DEBUG:colcon.colcon_core.task.python.build:While undoing a previous installation files outside the Python library path are being ignored: /home/bbcontact/magician_ros2/install/dobot_state_updater/share/dobot_state_updater/package.xml
[28.563s] DEBUG:colcon.colcon_core.task.python.build:While undoing a previous installation files outside the Python library path are being ignored: /home/bbcontact/magician_ros2/install/dobot_state_updater/lib/dobot_state_updater/state_publisher
[28.576s] DEBUG:colcon.colcon_core.event_handler.log_command:Invoking command in '/home/bbcontact/magician_ros2/build/dobot_state_updater': AMENT_PREFIX_PATH=/home/bbcontact/magician_ros2/install/dobot_msgs:/home/bbcontact/magician_ros2/install/dobot_driver:${AMENT_PREFIX_PATH} CMAKE_PREFIX_PATH=/home/bbcontact/magician_ros2/install/dobot_msgs:/home/bbcontact/magician_ros2/install/dobot_driver:${CMAKE_PREFIX_PATH} DEBUGINFOD_URLS=https://debuginfod.ubuntu.com LD_LIBRARY_PATH=/home/bbcontact/magician_ros2/install/dobot_msgs/lib:${LD_LIBRARY_PATH} PYTHONPATH=/home/bbcontact/magician_ros2/build/dobot_state_updater/prefix_override:/usr/lib/python3/dist-packages/colcon_core/task/python/colcon_distutils_commands:/home/bbcontact/magician_ros2/install/dobot_state_updater/lib/python3.12/site-packages:/home/bbcontact/magician_ros2/install/dobot_msgs/lib/python3.12/site-packages:/home/bbcontact/magician_ros2/install/dobot_driver/lib/python3.12/site-packages:${PYTHONPATH} /usr/bin/python3 -W ignore:setup.py install is deprecated -W ignore:easy_install command is deprecated setup.py develop --editable --build-directory /home/bbcontact/magician_ros2/build/dobot_state_updater/build --no-deps symlink_data --force
[28.577s] Level 1:colcon.colcon_core.shell:create_environment_hook('dobot_kinematics', 'pythonpath_develop')
[28.580s] INFO:colcon.colcon_core.shell:Creating environment hook '/home/bbcontact/magician_ros2/build/dobot_kinematics/share/dobot_kinematics/hook/pythonpath_develop.ps1'
[28.580s] DEBUG:colcon.colcon_core.event_handler.log_command:Invoked command in '/home/bbcontact/magician_ros2/build/dobot_kinematics' returned '0': AMENT_PREFIX_PATH=/home/bbcontact/magician_ros2/install/dobot_msgs:/home/bbcontact/magician_ros2/install/dobot_description:${AMENT_PREFIX_PATH} CMAKE_PREFIX_PATH=/home/bbcontact/magician_ros2/install/dobot_msgs:/home/bbcontact/magician_ros2/install/dobot_description:${CMAKE_PREFIX_PATH} DEBUGINFOD_URLS=https://debuginfod.ubuntu.com LD_LIBRARY_PATH=/home/bbcontact/magician_ros2/install/dobot_msgs/lib:${LD_LIBRARY_PATH} PYTHONPATH=/home/bbcontact/magician_ros2/build/dobot_kinematics/prefix_override:/usr/lib/python3/dist-packages/colcon_core/task/python/colcon_distutils_commands:/home/bbcontact/magician_ros2/install/dobot_kinematics/lib/python3.12/site-packages:/home/bbcontact/magician_ros2/install/dobot_msgs/lib/python3.12/site-packages:${PYTHONPATH} /usr/bin/python3 -W ignore:setup.py install is deprecated -W ignore:easy_install command is deprecated setup.py develop --editable --build-directory /home/bbcontact/magician_ros2/build/dobot_kinematics/build --no-deps symlink_data --force
[28.585s] INFO:colcon.colcon_core.shell:Creating environment descriptor '/home/bbcontact/magician_ros2/build/dobot_kinematics/share/dobot_kinematics/hook/pythonpath_develop.dsv'
[28.587s] INFO:colcon.colcon_core.shell:Creating environment hook '/home/bbcontact/magician_ros2/build/dobot_kinematics/share/dobot_kinematics/hook/pythonpath_develop.sh'
[28.589s] Level 1:colcon.colcon_core.environment:checking '/home/bbcontact/magician_ros2/install/dobot_kinematics' for CMake module files
[28.590s] Level 1:colcon.colcon_core.environment:checking '/home/bbcontact/magician_ros2/install/dobot_kinematics' for CMake config files
[28.592s] Level 1:colcon.colcon_core.environment:checking '/home/bbcontact/magician_ros2/install/dobot_kinematics/lib'
[28.592s] Level 1:colcon.colcon_core.environment:checking '/home/bbcontact/magician_ros2/install/dobot_kinematics/bin'
[28.593s] Level 1:colcon.colcon_core.environment:checking '/home/bbcontact/magician_ros2/install/dobot_kinematics/lib/pkgconfig/dobot_kinematics.pc'
[28.594s] Level 1:colcon.colcon_core.environment:checking '/home/bbcontact/magician_ros2/install/dobot_kinematics/lib/python3.12/site-packages'
[28.594s] Level 1:colcon.colcon_core.shell:create_environment_hook('dobot_kinematics', 'pythonpath')
[28.595s] INFO:colcon.colcon_core.shell:Creating environment hook '/home/bbcontact/magician_ros2/install/dobot_kinematics/share/dobot_kinematics/hook/pythonpath.ps1'
[28.597s] INFO:colcon.colcon_core.shell:Creating environment descriptor '/home/bbcontact/magician_ros2/install/dobot_kinematics/share/dobot_kinematics/hook/pythonpath.dsv'
[28.599s] INFO:colcon.colcon_core.shell:Creating environment hook '/home/bbcontact/magician_ros2/install/dobot_kinematics/share/dobot_kinematics/hook/pythonpath.sh'
[28.602s] Level 1:colcon.colcon_core.environment:checking '/home/bbcontact/magician_ros2/install/dobot_kinematics/bin'
[28.603s] Level 1:colcon.colcon_core.environment:create_environment_scripts_only(dobot_kinematics)
[28.604s] INFO:colcon.colcon_core.shell:Creating package script '/home/bbcontact/magician_ros2/install/dobot_kinematics/share/dobot_kinematics/package.ps1'
[28.608s] INFO:colcon.colcon_core.shell:Creating package descriptor '/home/bbcontact/magician_ros2/install/dobot_kinematics/share/dobot_kinematics/package.dsv'
[28.611s] INFO:colcon.colcon_core.shell:Creating package script '/home/bbcontact/magician_ros2/install/dobot_kinematics/share/dobot_kinematics/package.sh'
[28.613s] INFO:colcon.colcon_core.shell:Creating package script '/home/bbcontact/magician_ros2/install/dobot_kinematics/share/dobot_kinematics/package.bash'
[28.615s] INFO:colcon.colcon_core.shell:Creating package script '/home/bbcontact/magician_ros2/install/dobot_kinematics/share/dobot_kinematics/package.zsh'
[28.619s] Level 1:colcon.colcon_core.environment:create_file_with_runtime_dependencies(/home/bbcontact/magician_ros2/install/dobot_kinematics/share/colcon-core/packages/dobot_kinematics)
[28.667s] DEBUG:colcon.colcon_core.task.python.build:Available setuptools commands: sdist, bdist_egg, update_catalog, install_data, compile_catalog, build_scripts, bdist_wheel, setopt, install, bdist, develop, build, editable_wheel, symlink_data, build_ext, install_egg_info, check, easy_install, upload_docs, extract_messages, register, bdist_rpm, test, build_clib, install_headers, install_lib, upload, build_py, install_scripts, alias, dist_info, init_catalog, egg_info, rotate, saveopts, clean, bdist_dumb
[29.316s] DEBUG:colcon.colcon_core.event_handler.log_command:Invoked command in '/home/bbcontact/magician_ros2/build/orbbec_camera' returned '0': AMENT_PREFIX_PATH=/home/bbcontact/magician_ros2/install/orbbec_camera_msgs:${AMENT_PREFIX_PATH} CMAKE_PREFIX_PATH=/home/bbcontact/magician_ros2/install/orbbec_camera_msgs:/opt/ros/jazzy/opt/gz_sim_vendor:/opt/ros/jazzy/opt/gz_sensors_vendor:/opt/ros/jazzy/opt/gz_physics_vendor:/opt/ros/jazzy/opt/sdformat_vendor:/opt/ros/jazzy/opt/gz_gui_vendor:/opt/ros/jazzy/opt/gz_transport_vendor:/opt/ros/jazzy/opt/gz_rendering_vendor:/opt/ros/jazzy/opt/gz_plugin_vendor:/opt/ros/jazzy/opt/gz_fuel_tools_vendor:/opt/ros/jazzy/opt/gz_msgs_vendor:/opt/ros/jazzy/opt/gz_common_vendor:/opt/ros/jazzy/opt/gz_math_vendor:/opt/ros/jazzy/opt/gz_utils_vendor:/opt/ros/jazzy/opt/gz_tools_vendor:/opt/ros/jazzy/opt/gz_ogre_next_vendor:/opt/ros/jazzy/opt/gz_dartsim_vendor:/opt/ros/jazzy/opt/gz_cmake_vendor:/opt/ros/jazzy DEBUGINFOD_URLS=https://debuginfod.ubuntu.com LD_LIBRARY_PATH=/home/bbcontact/magician_ros2/install/orbbec_camera_msgs/lib:${LD_LIBRARY_PATH} PYTHONPATH=/home/bbcontact/magician_ros2/install/orbbec_camera_msgs/lib/python3.12/site-packages:${PYTHONPATH} /usr/bin/cmake /home/bbcontact/magician_ros2/src/OrbbecSDK_ROS2/orbbec_camera -DOpenCV_DIR=/usr/lib/x86_64-linux-gnu/cmake/opencv4 -DAMENT_CMAKE_SYMLINK_INSTALL=1 -DCMAKE_INSTALL_PREFIX=/home/bbcontact/magician_ros2/install/orbbec_camera
[29.317s] DEBUG:colcon.colcon_core.event_handler.log_command:Invoking command in '/home/bbcontact/magician_ros2/build/orbbec_camera': AMENT_PREFIX_PATH=/home/bbcontact/magician_ros2/install/orbbec_camera_msgs:${AMENT_PREFIX_PATH} CMAKE_PREFIX_PATH=/home/bbcontact/magician_ros2/install/orbbec_camera_msgs:/opt/ros/jazzy/opt/gz_sim_vendor:/opt/ros/jazzy/opt/gz_sensors_vendor:/opt/ros/jazzy/opt/gz_physics_vendor:/opt/ros/jazzy/opt/sdformat_vendor:/opt/ros/jazzy/opt/gz_gui_vendor:/opt/ros/jazzy/opt/gz_transport_vendor:/opt/ros/jazzy/opt/gz_rendering_vendor:/opt/ros/jazzy/opt/gz_plugin_vendor:/opt/ros/jazzy/opt/gz_fuel_tools_vendor:/opt/ros/jazzy/opt/gz_msgs_vendor:/opt/ros/jazzy/opt/gz_common_vendor:/opt/ros/jazzy/opt/gz_math_vendor:/opt/ros/jazzy/opt/gz_utils_vendor:/opt/ros/jazzy/opt/gz_tools_vendor:/opt/ros/jazzy/opt/gz_ogre_next_vendor:/opt/ros/jazzy/opt/gz_dartsim_vendor:/opt/ros/jazzy/opt/gz_cmake_vendor:/opt/ros/jazzy DEBUGINFOD_URLS=https://debuginfod.ubuntu.com LD_LIBRARY_PATH=/home/bbcontact/magician_ros2/install/orbbec_camera_msgs/lib:${LD_LIBRARY_PATH} PYTHONPATH=/home/bbcontact/magician_ros2/install/orbbec_camera_msgs/lib/python3.12/site-packages:${PYTHONPATH} /usr/bin/cmake --build /home/bbcontact/magician_ros2/build/orbbec_camera -- -j8 -l8
[29.604s] DEBUG:colcon.colcon_core.task.python.build:Available setuptools 'develop' options: --uninstall, --quiet, --exclude-scripts, --local-snapshots-ok, --help, --zip-ok, --force-installation-into-system-dir, --prefix, --optimize, --install-layout, --record, --find-links, --dry-run, --script-dir, --build-directory, --install-dir, --verbose, --user, --multi-version, --egg-path, --always-unzip, --no-user-cfg, --editable, --index-url, --site-dirs, --always-copy, --no-deps, --version, --no-find-links, --allow-hosts, --upgrade
[29.608s] DEBUG:colcon.colcon_core.task.python.build:While undoing a previous installation files outside the Python library path are being ignored: /home/bbcontact/magician_ros2/install/dobot_vision_rgbd/share/ament_index/resource_index/packages/dobot_vision_rgbd
[29.609s] DEBUG:colcon.colcon_core.task.python.build:While undoing a previous installation files outside the Python library path are being ignored: /home/bbcontact/magician_ros2/install/dobot_vision_rgbd/share/dobot_vision_rgbd/package.xml
[29.609s] DEBUG:colcon.colcon_core.task.python.build:While undoing a previous installation files outside the Python library path are being ignored: /home/bbcontact/magician_ros2/install/dobot_vision_rgbd/share/dobot_vision_rgbd/config/camera_geometry.yaml
[29.609s] DEBUG:colcon.colcon_core.task.python.build:While undoing a previous installation files outside the Python library path are being ignored: /home/bbcontact/magician_ros2/install/dobot_vision_rgbd/share/dobot_vision_rgbd/config/color_rules.yaml
[29.609s] DEBUG:colcon.colcon_core.task.python.build:While undoing a previous installation files outside the Python library path are being ignored: /home/bbcontact/magician_ros2/install/dobot_vision_rgbd/share/dobot_vision_rgbd/config/object_classes.yaml
[29.609s] DEBUG:colcon.colcon_core.task.python.build:While undoing a previous installation files outside the Python library path are being ignored: /home/bbcontact/magician_ros2/install/dobot_vision_rgbd/share/dobot_vision_rgbd/config/rgbd_vision.yaml
[29.609s] DEBUG:colcon.colcon_core.task.python.build:While undoing a previous installation files outside the Python library path are being ignored: /home/bbcontact/magician_ros2/install/dobot_vision_rgbd/share/dobot_vision_rgbd/config/shape_rules.yaml
[29.609s] DEBUG:colcon.colcon_core.task.python.build:While undoing a previous installation files outside the Python library path are being ignored: /home/bbcontact/magician_ros2/install/dobot_vision_rgbd/share/dobot_vision_rgbd/launch/rgbd_vision.launch.py
[29.610s] DEBUG:colcon.colcon_core.task.python.build:While undoing a previous installation files outside the Python library path are being ignored: /home/bbcontact/magician_ros2/install/dobot_vision_rgbd/lib/dobot_vision_rgbd/camera_health_node
[29.611s] DEBUG:colcon.colcon_core.task.python.build:While undoing a previous installation files outside the Python library path are being ignored: /home/bbcontact/magician_ros2/install/dobot_vision_rgbd/lib/dobot_vision_rgbd/object_fusion_node
[29.617s] DEBUG:colcon.colcon_core.event_handler.log_command:Invoking command in '/home/bbcontact/magician_ros2/build/dobot_vision_rgbd': AMENT_PREFIX_PATH=/home/bbcontact/magician_ros2/install/orbbec_camera_msgs:${AMENT_PREFIX_PATH} CMAKE_PREFIX_PATH=/home/bbcontact/magician_ros2/install/orbbec_camera_msgs:${CMAKE_PREFIX_PATH} DEBUGINFOD_URLS=https://debuginfod.ubuntu.com LD_LIBRARY_PATH=/home/bbcontact/magician_ros2/install/orbbec_camera_msgs/lib:${LD_LIBRARY_PATH} PYTHONPATH=/home/bbcontact/magician_ros2/build/dobot_vision_rgbd/prefix_override:/usr/lib/python3/dist-packages/colcon_core/task/python/colcon_distutils_commands:/home/bbcontact/magician_ros2/install/dobot_vision_rgbd/lib/python3.12/site-packages:/home/bbcontact/magician_ros2/install/orbbec_camera_msgs/lib/python3.12/site-packages:${PYTHONPATH} /usr/bin/python3 -W ignore:setup.py install is deprecated -W ignore:easy_install command is deprecated setup.py develop --editable --build-directory /home/bbcontact/magician_ros2/build/dobot_vision_rgbd/build --no-deps symlink_data --force
[31.219s] DEBUG:colcon.colcon_core.task.python.build:Available setuptools 'develop' options: --uninstall, --quiet, --exclude-scripts, --local-snapshots-ok, --help, --zip-ok, --force-installation-into-system-dir, --prefix, --optimize, --install-layout, --record, --find-links, --dry-run, --script-dir, --build-directory, --install-dir, --verbose, --user, --multi-version, --egg-path, --always-unzip, --no-user-cfg, --editable, --index-url, --site-dirs, --always-copy, --no-deps, --version, --no-find-links, --allow-hosts, --upgrade
[31.221s] DEBUG:colcon.colcon_core.task.python.build:While undoing a previous installation files outside the Python library path are being ignored: /home/bbcontact/magician_ros2/install/dobot_control_panel/share/ament_index/resource_index/packages/dobot_control_panel
[31.221s] DEBUG:colcon.colcon_core.task.python.build:While undoing a previous installation files outside the Python library path are being ignored: /home/bbcontact/magician_ros2/install/dobot_control_panel/share/dobot_control_panel/package.xml
[31.221s] DEBUG:colcon.colcon_core.task.python.build:While undoing a previous installation files outside the Python library path are being ignored: /home/bbcontact/magician_ros2/install/dobot_control_panel/share/dobot_control_panel/resource/DobotControlPanel_layout.ui
[31.221s] DEBUG:colcon.colcon_core.task.python.build:While undoing a previous installation files outside the Python library path are being ignored: /home/bbcontact/magician_ros2/install/dobot_control_panel/share/dobot_control_panel/plugin.xml
[31.222s] DEBUG:colcon.colcon_core.task.python.build:While undoing a previous installation files outside the Python library path are being ignored: /home/bbcontact/magician_ros2/install/dobot_control_panel/share/dobot_control_panel/resource/images/blue_house.png
[31.222s] DEBUG:colcon.colcon_core.task.python.build:While undoing a previous installation files outside the Python library path are being ignored: /home/bbcontact/magician_ros2/install/dobot_control_panel/share/dobot_control_panel/resource/images/cartesian_system.png
[31.223s] DEBUG:colcon.colcon_core.task.python.build:While undoing a previous installation files outside the Python library path are being ignored: /home/bbcontact/magician_ros2/install/dobot_control_panel/share/dobot_control_panel/resource/images/coordinate_system.png
[31.224s] DEBUG:colcon.colcon_core.task.python.build:While undoing a previous installation files outside the Python library path are being ignored: /home/bbcontact/magician_ros2/install/dobot_control_panel/share/dobot_control_panel/resource/images/dobot_joints_system.png
[31.225s] DEBUG:colcon.colcon_core.task.python.build:While undoing a previous installation files outside the Python library path are being ignored: /home/bbcontact/magician_ros2/install/dobot_control_panel/share/dobot_control_panel/resource/images/estop.png
[31.225s] DEBUG:colcon.colcon_core.task.python.build:While undoing a previous installation files outside the Python library path are being ignored: /home/bbcontact/magician_ros2/install/dobot_control_panel/share/dobot_control_panel/resource/images/gripper.png
[31.225s] DEBUG:colcon.colcon_core.task.python.build:While undoing a previous installation files outside the Python library path are being ignored: /home/bbcontact/magician_ros2/install/dobot_control_panel/share/dobot_control_panel/resource/images/info.png
[31.226s] DEBUG:colcon.colcon_core.task.python.build:While undoing a previous installation files outside the Python library path are being ignored: /home/bbcontact/magician_ros2/install/dobot_control_panel/share/dobot_control_panel/resource/images/magician_gui_image.png
[31.227s] DEBUG:colcon.colcon_core.task.python.build:While undoing a previous installation files outside the Python library path are being ignored: /home/bbcontact/magician_ros2/install/dobot_control_panel/share/dobot_control_panel/resource/images/settings.png
[31.227s] DEBUG:colcon.colcon_core.task.python.build:While undoing a previous installation files outside the Python library path are being ignored: /home/bbcontact/magician_ros2/install/dobot_control_panel/share/dobot_control_panel/resource/images/sliding_rail2.png
[31.227s] DEBUG:colcon.colcon_core.task.python.build:While undoing a previous installation files outside the Python library path are being ignored: /home/bbcontact/magician_ros2/install/dobot_control_panel/share/dobot_control_panel/resource/images/stop_rail.png
[31.227s] DEBUG:colcon.colcon_core.task.python.build:While undoing a previous installation files outside the Python library path are being ignored: /home/bbcontact/magician_ros2/install/dobot_control_panel/share/dobot_control_panel/resource/images/suction_cup.png
[31.228s] DEBUG:colcon.colcon_core.task.python.build:While undoing a previous installation files outside the Python library path are being ignored: /home/bbcontact/magician_ros2/install/dobot_control_panel/share/dobot_control_panel/resource/images/velocity.png
[31.228s] DEBUG:colcon.colcon_core.task.python.build:While undoing a previous installation files outside the Python library path are being ignored: /home/bbcontact/magician_ros2/install/dobot_control_panel/share/dobot_control_panel/resource/images
[31.230s] DEBUG:colcon.colcon_core.task.python.build:While undoing a previous installation files outside the Python library path are being ignored: /home/bbcontact/magician_ros2/install/dobot_control_panel/lib/dobot_control_panel/dobot_control_panel
[31.235s] DEBUG:colcon.colcon_core.event_handler.log_command:Invoking command in '/home/bbcontact/magician_ros2/build/dobot_control_panel': AMENT_PREFIX_PATH=/home/bbcontact/magician_ros2/install/dobot_driver:${AMENT_PREFIX_PATH} CMAKE_PREFIX_PATH=/home/bbcontact/magician_ros2/install/dobot_driver:${CMAKE_PREFIX_PATH} DEBUGINFOD_URLS=https://debuginfod.ubuntu.com PYTHONPATH=/home/bbcontact/magician_ros2/build/dobot_control_panel/prefix_override:/usr/lib/python3/dist-packages/colcon_core/task/python/colcon_distutils_commands:/home/bbcontact/magician_ros2/install/dobot_control_panel/lib/python3.12/site-packages:/home/bbcontact/magician_ros2/install/dobot_driver/lib/python3.12/site-packages:${PYTHONPATH} /usr/bin/python3 -W ignore:setup.py install is deprecated -W ignore:easy_install command is deprecated setup.py develop --editable --build-directory /home/bbcontact/magician_ros2/build/dobot_control_panel/build --no-deps symlink_data --force
[31.247s] DEBUG:colcon.colcon_core.event_handler.log_command:Invoked command in '/home/bbcontact/magician_ros2/build/orbbec_camera' returned '0': AMENT_PREFIX_PATH=/home/bbcontact/magician_ros2/install/orbbec_camera_msgs:${AMENT_PREFIX_PATH} CMAKE_PREFIX_PATH=/home/bbcontact/magician_ros2/install/orbbec_camera_msgs:/opt/ros/jazzy/opt/gz_sim_vendor:/opt/ros/jazzy/opt/gz_sensors_vendor:/opt/ros/jazzy/opt/gz_physics_vendor:/opt/ros/jazzy/opt/sdformat_vendor:/opt/ros/jazzy/opt/gz_gui_vendor:/opt/ros/jazzy/opt/gz_transport_vendor:/opt/ros/jazzy/opt/gz_rendering_vendor:/opt/ros/jazzy/opt/gz_plugin_vendor:/opt/ros/jazzy/opt/gz_fuel_tools_vendor:/opt/ros/jazzy/opt/gz_msgs_vendor:/opt/ros/jazzy/opt/gz_common_vendor:/opt/ros/jazzy/opt/gz_math_vendor:/opt/ros/jazzy/opt/gz_utils_vendor:/opt/ros/jazzy/opt/gz_tools_vendor:/opt/ros/jazzy/opt/gz_ogre_next_vendor:/opt/ros/jazzy/opt/gz_dartsim_vendor:/opt/ros/jazzy/opt/gz_cmake_vendor:/opt/ros/jazzy DEBUGINFOD_URLS=https://debuginfod.ubuntu.com LD_LIBRARY_PATH=/home/bbcontact/magician_ros2/install/orbbec_camera_msgs/lib:${LD_LIBRARY_PATH} PYTHONPATH=/home/bbcontact/magician_ros2/install/orbbec_camera_msgs/lib/python3.12/site-packages:${PYTHONPATH} /usr/bin/cmake --build /home/bbcontact/magician_ros2/build/orbbec_camera -- -j8 -l8
[31.250s] DEBUG:colcon.colcon_core.event_handler.log_command:Invoking command in '/home/bbcontact/magician_ros2/build/orbbec_camera': AMENT_PREFIX_PATH=/home/bbcontact/magician_ros2/install/orbbec_camera_msgs:${AMENT_PREFIX_PATH} CMAKE_PREFIX_PATH=/home/bbcontact/magician_ros2/install/orbbec_camera_msgs:/opt/ros/jazzy/opt/gz_sim_vendor:/opt/ros/jazzy/opt/gz_sensors_vendor:/opt/ros/jazzy/opt/gz_physics_vendor:/opt/ros/jazzy/opt/sdformat_vendor:/opt/ros/jazzy/opt/gz_gui_vendor:/opt/ros/jazzy/opt/gz_transport_vendor:/opt/ros/jazzy/opt/gz_rendering_vendor:/opt/ros/jazzy/opt/gz_plugin_vendor:/opt/ros/jazzy/opt/gz_fuel_tools_vendor:/opt/ros/jazzy/opt/gz_msgs_vendor:/opt/ros/jazzy/opt/gz_common_vendor:/opt/ros/jazzy/opt/gz_math_vendor:/opt/ros/jazzy/opt/gz_utils_vendor:/opt/ros/jazzy/opt/gz_tools_vendor:/opt/ros/jazzy/opt/gz_ogre_next_vendor:/opt/ros/jazzy/opt/gz_dartsim_vendor:/opt/ros/jazzy/opt/gz_cmake_vendor:/opt/ros/jazzy DEBUGINFOD_URLS=https://debuginfod.ubuntu.com LD_LIBRARY_PATH=/home/bbcontact/magician_ros2/install/orbbec_camera_msgs/lib:${LD_LIBRARY_PATH} PYTHONPATH=/home/bbcontact/magician_ros2/install/orbbec_camera_msgs/lib/python3.12/site-packages:${PYTHONPATH} /usr/bin/cmake --install /home/bbcontact/magician_ros2/build/orbbec_camera
[31.491s] Level 1:colcon.colcon_core.environment:create_environment_scripts_only(orbbec_camera)
[31.492s] Level 1:colcon.colcon_core.environment:checking '/home/bbcontact/magician_ros2/install/orbbec_camera' for CMake module files
[31.494s] Level 1:colcon.colcon_core.environment:checking '/home/bbcontact/magician_ros2/install/orbbec_camera' for CMake config files
[31.496s] DEBUG:colcon.colcon_core.event_handler.log_command:Invoked command in '/home/bbcontact/magician_ros2/build/orbbec_camera' returned '0': AMENT_PREFIX_PATH=/home/bbcontact/magician_ros2/install/orbbec_camera_msgs:${AMENT_PREFIX_PATH} CMAKE_PREFIX_PATH=/home/bbcontact/magician_ros2/install/orbbec_camera_msgs:/opt/ros/jazzy/opt/gz_sim_vendor:/opt/ros/jazzy/opt/gz_sensors_vendor:/opt/ros/jazzy/opt/gz_physics_vendor:/opt/ros/jazzy/opt/sdformat_vendor:/opt/ros/jazzy/opt/gz_gui_vendor:/opt/ros/jazzy/opt/gz_transport_vendor:/opt/ros/jazzy/opt/gz_rendering_vendor:/opt/ros/jazzy/opt/gz_plugin_vendor:/opt/ros/jazzy/opt/gz_fuel_tools_vendor:/opt/ros/jazzy/opt/gz_msgs_vendor:/opt/ros/jazzy/opt/gz_common_vendor:/opt/ros/jazzy/opt/gz_math_vendor:/opt/ros/jazzy/opt/gz_utils_vendor:/opt/ros/jazzy/opt/gz_tools_vendor:/opt/ros/jazzy/opt/gz_ogre_next_vendor:/opt/ros/jazzy/opt/gz_dartsim_vendor:/opt/ros/jazzy/opt/gz_cmake_vendor:/opt/ros/jazzy DEBUGINFOD_URLS=https://debuginfod.ubuntu.com LD_LIBRARY_PATH=/home/bbcontact/magician_ros2/install/orbbec_camera_msgs/lib:${LD_LIBRARY_PATH} PYTHONPATH=/home/bbcontact/magician_ros2/install/orbbec_camera_msgs/lib/python3.12/site-packages:${PYTHONPATH} /usr/bin/cmake --install /home/bbcontact/magician_ros2/build/orbbec_camera
[31.498s] Level 1:colcon.colcon_core.shell:create_environment_hook('orbbec_camera', 'cmake_prefix_path')
[31.498s] INFO:colcon.colcon_core.shell:Creating environment hook '/home/bbcontact/magician_ros2/install/orbbec_camera/share/orbbec_camera/hook/cmake_prefix_path.ps1'
[31.500s] INFO:colcon.colcon_core.shell:Creating environment descriptor '/home/bbcontact/magician_ros2/install/orbbec_camera/share/orbbec_camera/hook/cmake_prefix_path.dsv'
[31.501s] INFO:colcon.colcon_core.shell:Creating environment hook '/home/bbcontact/magician_ros2/install/orbbec_camera/share/orbbec_camera/hook/cmake_prefix_path.sh'
[31.503s] Level 1:colcon.colcon_core.environment:checking '/home/bbcontact/magician_ros2/install/orbbec_camera/lib'
[31.504s] Level 1:colcon.colcon_core.shell:create_environment_hook('orbbec_camera', 'ld_library_path_lib')
[31.504s] INFO:colcon.colcon_core.shell:Creating environment hook '/home/bbcontact/magician_ros2/install/orbbec_camera/share/orbbec_camera/hook/ld_library_path_lib.ps1'
[31.506s] INFO:colcon.colcon_core.shell:Creating environment descriptor '/home/bbcontact/magician_ros2/install/orbbec_camera/share/orbbec_camera/hook/ld_library_path_lib.dsv'
[31.507s] INFO:colcon.colcon_core.shell:Creating environment hook '/home/bbcontact/magician_ros2/install/orbbec_camera/share/orbbec_camera/hook/ld_library_path_lib.sh'
[31.509s] Level 1:colcon.colcon_core.environment:checking '/home/bbcontact/magician_ros2/install/orbbec_camera/bin'
[31.509s] Level 1:colcon.colcon_core.environment:checking '/home/bbcontact/magician_ros2/install/orbbec_camera/lib/pkgconfig/orbbec_camera.pc'
[31.510s] Level 1:colcon.colcon_core.environment:checking '/home/bbcontact/magician_ros2/install/orbbec_camera/lib/python3.12/site-packages'
[31.512s] Level 1:colcon.colcon_core.environment:checking '/home/bbcontact/magician_ros2/install/orbbec_camera/bin'
[31.513s] INFO:colcon.colcon_core.shell:Creating package script '/home/bbcontact/magician_ros2/install/orbbec_camera/share/orbbec_camera/package.ps1'
[31.515s] INFO:colcon.colcon_core.shell:Creating package descriptor '/home/bbcontact/magician_ros2/install/orbbec_camera/share/orbbec_camera/package.dsv'
[31.517s] INFO:colcon.colcon_core.shell:Creating package script '/home/bbcontact/magician_ros2/install/orbbec_camera/share/orbbec_camera/package.sh'
[31.520s] INFO:colcon.colcon_core.shell:Creating package script '/home/bbcontact/magician_ros2/install/orbbec_camera/share/orbbec_camera/package.bash'
[31.524s] INFO:colcon.colcon_core.shell:Creating package script '/home/bbcontact/magician_ros2/install/orbbec_camera/share/orbbec_camera/package.zsh'
[31.528s] Level 1:colcon.colcon_core.environment:create_file_with_runtime_dependencies(/home/bbcontact/magician_ros2/install/orbbec_camera/share/colcon-core/packages/orbbec_camera)
[31.530s] Level 1:colcon.colcon_core.environment:create_environment_scripts_only(orbbec_camera)
[31.530s] Level 1:colcon.colcon_core.environment:checking '/home/bbcontact/magician_ros2/install/orbbec_camera' for CMake module files
[31.537s] Level 1:colcon.colcon_core.environment:checking '/home/bbcontact/magician_ros2/install/orbbec_camera' for CMake config files
[31.547s] Level 1:colcon.colcon_core.shell:create_environment_hook('orbbec_camera', 'cmake_prefix_path')
[31.547s] INFO:colcon.colcon_core.shell:Creating environment hook '/home/bbcontact/magician_ros2/install/orbbec_camera/share/orbbec_camera/hook/cmake_prefix_path.ps1'
[31.552s] INFO:colcon.colcon_core.shell:Creating environment descriptor '/home/bbcontact/magician_ros2/install/orbbec_camera/share/orbbec_camera/hook/cmake_prefix_path.dsv'
[31.553s] INFO:colcon.colcon_core.shell:Creating environment hook '/home/bbcontact/magician_ros2/install/orbbec_camera/share/orbbec_camera/hook/cmake_prefix_path.sh'
[31.559s] Level 1:colcon.colcon_core.environment:checking '/home/bbcontact/magician_ros2/install/orbbec_camera/lib'
[31.559s] Level 1:colcon.colcon_core.shell:create_environment_hook('orbbec_camera', 'ld_library_path_lib')
[31.560s] INFO:colcon.colcon_core.shell:Creating environment hook '/home/bbcontact/magician_ros2/install/orbbec_camera/share/orbbec_camera/hook/ld_library_path_lib.ps1'
[31.565s] INFO:colcon.colcon_core.shell:Creating environment descriptor '/home/bbcontact/magician_ros2/install/orbbec_camera/share/orbbec_camera/hook/ld_library_path_lib.dsv'
[31.567s] INFO:colcon.colcon_core.shell:Creating environment hook '/home/bbcontact/magician_ros2/install/orbbec_camera/share/orbbec_camera/hook/ld_library_path_lib.sh'
[31.571s] Level 1:colcon.colcon_core.environment:checking '/home/bbcontact/magician_ros2/install/orbbec_camera/bin'
[31.571s] Level 1:colcon.colcon_core.environment:checking '/home/bbcontact/magician_ros2/install/orbbec_camera/lib/pkgconfig/orbbec_camera.pc'
[31.572s] Level 1:colcon.colcon_core.environment:checking '/home/bbcontact/magician_ros2/install/orbbec_camera/lib/python3.12/site-packages'
[31.573s] Level 1:colcon.colcon_core.environment:checking '/home/bbcontact/magician_ros2/install/orbbec_camera/bin'
[31.579s] INFO:colcon.colcon_core.shell:Creating package script '/home/bbcontact/magician_ros2/install/orbbec_camera/share/orbbec_camera/package.ps1'
[31.587s] INFO:colcon.colcon_core.shell:Creating package descriptor '/home/bbcontact/magician_ros2/install/orbbec_camera/share/orbbec_camera/package.dsv'
[31.592s] INFO:colcon.colcon_core.shell:Creating package script '/home/bbcontact/magician_ros2/install/orbbec_camera/share/orbbec_camera/package.sh'
[31.594s] INFO:colcon.colcon_core.shell:Creating package script '/home/bbcontact/magician_ros2/install/orbbec_camera/share/orbbec_camera/package.bash'
[31.598s] INFO:colcon.colcon_core.shell:Creating package script '/home/bbcontact/magician_ros2/install/orbbec_camera/share/orbbec_camera/package.zsh'
[31.601s] Level 1:colcon.colcon_core.environment:create_file_with_runtime_dependencies(/home/bbcontact/magician_ros2/install/orbbec_camera/share/colcon-core/packages/orbbec_camera)
[31.859s] DEBUG:colcon.colcon_core.task.python.build:Available setuptools commands: sdist, bdist_egg, update_catalog, install_data, compile_catalog, build_scripts, bdist_wheel, setopt, install, bdist, develop, build, editable_wheel, symlink_data, build_ext, install_egg_info, check, easy_install, upload_docs, extract_messages, register, bdist_rpm, test, build_clib, install_headers, install_lib, upload, build_py, install_scripts, alias, dist_info, init_catalog, egg_info, rotate, saveopts, clean, bdist_dumb
[33.383s] DEBUG:colcon.colcon_core.task.python.build:Available setuptools commands: sdist, bdist_egg, update_catalog, install_data, compile_catalog, build_scripts, bdist_wheel, setopt, install, bdist, develop, build, editable_wheel, symlink_data, build_ext, install_egg_info, check, easy_install, upload_docs, extract_messages, register, bdist_rpm, test, build_clib, install_headers, install_lib, upload, build_py, install_scripts, alias, dist_info, init_catalog, egg_info, rotate, saveopts, clean, bdist_dumb
[33.685s] Level 1:colcon.colcon_core.shell:create_environment_hook('dobot_state_updater', 'pythonpath_develop')
[33.691s] INFO:colcon.colcon_core.shell:Creating environment hook '/home/bbcontact/magician_ros2/build/dobot_state_updater/share/dobot_state_updater/hook/pythonpath_develop.ps1'
[33.693s] DEBUG:colcon.colcon_core.event_handler.log_command:Invoked command in '/home/bbcontact/magician_ros2/build/dobot_state_updater' returned '0': AMENT_PREFIX_PATH=/home/bbcontact/magician_ros2/install/dobot_msgs:/home/bbcontact/magician_ros2/install/dobot_driver:${AMENT_PREFIX_PATH} CMAKE_PREFIX_PATH=/home/bbcontact/magician_ros2/install/dobot_msgs:/home/bbcontact/magician_ros2/install/dobot_driver:${CMAKE_PREFIX_PATH} DEBUGINFOD_URLS=https://debuginfod.ubuntu.com LD_LIBRARY_PATH=/home/bbcontact/magician_ros2/install/dobot_msgs/lib:${LD_LIBRARY_PATH} PYTHONPATH=/home/bbcontact/magician_ros2/build/dobot_state_updater/prefix_override:/usr/lib/python3/dist-packages/colcon_core/task/python/colcon_distutils_commands:/home/bbcontact/magician_ros2/install/dobot_state_updater/lib/python3.12/site-packages:/home/bbcontact/magician_ros2/install/dobot_msgs/lib/python3.12/site-packages:/home/bbcontact/magician_ros2/install/dobot_driver/lib/python3.12/site-packages:${PYTHONPATH} /usr/bin/python3 -W ignore:setup.py install is deprecated -W ignore:easy_install command is deprecated setup.py develop --editable --build-directory /home/bbcontact/magician_ros2/build/dobot_state_updater/build --no-deps symlink_data --force
[33.701s] INFO:colcon.colcon_core.shell:Creating environment descriptor '/home/bbcontact/magician_ros2/build/dobot_state_updater/share/dobot_state_updater/hook/pythonpath_develop.dsv'
[33.702s] INFO:colcon.colcon_core.shell:Creating environment hook '/home/bbcontact/magician_ros2/build/dobot_state_updater/share/dobot_state_updater/hook/pythonpath_develop.sh'
[33.706s] Level 1:colcon.colcon_core.environment:checking '/home/bbcontact/magician_ros2/install/dobot_state_updater' for CMake module files
[33.709s] Level 1:colcon.colcon_core.environment:checking '/home/bbcontact/magician_ros2/install/dobot_state_updater' for CMake config files
[33.711s] Level 1:colcon.colcon_core.environment:checking '/home/bbcontact/magician_ros2/install/dobot_state_updater/lib'
[33.711s] Level 1:colcon.colcon_core.environment:checking '/home/bbcontact/magician_ros2/install/dobot_state_updater/bin'
[33.717s] Level 1:colcon.colcon_core.environment:checking '/home/bbcontact/magician_ros2/install/dobot_state_updater/lib/pkgconfig/dobot_state_updater.pc'
[33.718s] Level 1:colcon.colcon_core.environment:checking '/home/bbcontact/magician_ros2/install/dobot_state_updater/lib/python3.12/site-packages'
[33.723s] Level 1:colcon.colcon_core.shell:create_environment_hook('dobot_state_updater', 'pythonpath')
[33.724s] INFO:colcon.colcon_core.shell:Creating environment hook '/home/bbcontact/magician_ros2/install/dobot_state_updater/share/dobot_state_updater/hook/pythonpath.ps1'
[33.726s] INFO:colcon.colcon_core.shell:Creating environment descriptor '/home/bbcontact/magician_ros2/install/dobot_state_updater/share/dobot_state_updater/hook/pythonpath.dsv'
[33.727s] INFO:colcon.colcon_core.shell:Creating environment hook '/home/bbcontact/magician_ros2/install/dobot_state_updater/share/dobot_state_updater/hook/pythonpath.sh'
[33.730s] Level 1:colcon.colcon_core.environment:checking '/home/bbcontact/magician_ros2/install/dobot_state_updater/bin'
[33.731s] Level 1:colcon.colcon_core.environment:create_environment_scripts_only(dobot_state_updater)
[33.732s] INFO:colcon.colcon_core.shell:Creating package script '/home/bbcontact/magician_ros2/install/dobot_state_updater/share/dobot_state_updater/package.ps1'
[33.735s] INFO:colcon.colcon_core.shell:Creating package descriptor '/home/bbcontact/magician_ros2/install/dobot_state_updater/share/dobot_state_updater/package.dsv'
[33.738s] INFO:colcon.colcon_core.shell:Creating package script '/home/bbcontact/magician_ros2/install/dobot_state_updater/share/dobot_state_updater/package.sh'
[33.740s] INFO:colcon.colcon_core.shell:Creating package script '/home/bbcontact/magician_ros2/install/dobot_state_updater/share/dobot_state_updater/package.bash'
[33.741s] INFO:colcon.colcon_core.shell:Creating package script '/home/bbcontact/magician_ros2/install/dobot_state_updater/share/dobot_state_updater/package.zsh'
[33.743s] Level 1:colcon.colcon_core.environment:create_file_with_runtime_dependencies(/home/bbcontact/magician_ros2/install/dobot_state_updater/share/colcon-core/packages/dobot_state_updater)
[33.777s] DEBUG:colcon.colcon_core.task.python.build:Available setuptools 'develop' options: --uninstall, --quiet, --exclude-scripts, --local-snapshots-ok, --help, --zip-ok, --force-installation-into-system-dir, --prefix, --optimize, --install-layout, --record, --find-links, --dry-run, --script-dir, --build-directory, --install-dir, --verbose, --user, --multi-version, --egg-path, --always-unzip, --no-user-cfg, --editable, --index-url, --site-dirs, --always-copy, --no-deps, --version, --no-find-links, --allow-hosts, --upgrade
[33.782s] DEBUG:colcon.colcon_core.event_handler.log_command:Invoking command in '/home/bbcontact/magician_ros2/build/dobot_object_vision': AMENT_PREFIX_PATH=/home/bbcontact/magician_ros2/install/dobot_msgs:${AMENT_PREFIX_PATH} CMAKE_PREFIX_PATH=/home/bbcontact/magician_ros2/install/dobot_msgs:${CMAKE_PREFIX_PATH} DEBUGINFOD_URLS=https://debuginfod.ubuntu.com LD_LIBRARY_PATH=/home/bbcontact/magician_ros2/install/dobot_msgs/lib:${LD_LIBRARY_PATH} PYTHONPATH=/home/bbcontact/magician_ros2/build/dobot_object_vision/prefix_override:/usr/lib/python3/dist-packages/colcon_core/task/python/colcon_distutils_commands:/home/bbcontact/magician_ros2/install/dobot_object_vision/lib/python3.12/site-packages:/home/bbcontact/magician_ros2/install/dobot_msgs/lib/python3.12/site-packages:${PYTHONPATH} /usr/bin/python3 -W ignore:setup.py install is deprecated -W ignore:easy_install command is deprecated setup.py develop --editable --build-directory /home/bbcontact/magician_ros2/build/dobot_object_vision/build --no-deps symlink_data
[34.111s] Level 1:colcon.colcon_core.shell:create_environment_hook('dobot_motion', 'pythonpath_develop')
[34.112s] INFO:colcon.colcon_core.shell:Creating environment hook '/home/bbcontact/magician_ros2/build/dobot_motion/share/dobot_motion/hook/pythonpath_develop.ps1'
[34.117s] INFO:colcon.colcon_core.shell:Creating environment descriptor '/home/bbcontact/magician_ros2/build/dobot_motion/share/dobot_motion/hook/pythonpath_develop.dsv'
[34.118s] DEBUG:colcon.colcon_core.event_handler.log_command:Invoked command in '/home/bbcontact/magician_ros2/build/dobot_motion' returned '0': AMENT_PREFIX_PATH=/home/bbcontact/magician_ros2/install/dobot_msgs:/home/bbcontact/magician_ros2/install/dobot_driver:${AMENT_PREFIX_PATH} CMAKE_PREFIX_PATH=/home/bbcontact/magician_ros2/install/dobot_msgs:/home/bbcontact/magician_ros2/install/dobot_driver:${CMAKE_PREFIX_PATH} DEBUGINFOD_URLS=https://debuginfod.ubuntu.com LD_LIBRARY_PATH=/home/bbcontact/magician_ros2/install/dobot_msgs/lib:${LD_LIBRARY_PATH} PYTHONPATH=/home/bbcontact/magician_ros2/build/dobot_motion/prefix_override:/usr/lib/python3/dist-packages/colcon_core/task/python/colcon_distutils_commands:/home/bbcontact/magician_ros2/install/dobot_motion/lib/python3.12/site-packages:/home/bbcontact/magician_ros2/install/dobot_msgs/lib/python3.12/site-packages:/home/bbcontact/magician_ros2/install/dobot_driver/lib/python3.12/site-packages:${PYTHONPATH} /usr/bin/python3 -W ignore:setup.py install is deprecated -W ignore:easy_install command is deprecated setup.py develop --editable --build-directory /home/bbcontact/magician_ros2/build/dobot_motion/build --no-deps symlink_data --force
[34.126s] INFO:colcon.colcon_core.shell:Creating environment hook '/home/bbcontact/magician_ros2/build/dobot_motion/share/dobot_motion/hook/pythonpath_develop.sh'
[34.133s] Level 1:colcon.colcon_core.environment:checking '/home/bbcontact/magician_ros2/install/dobot_motion' for CMake module files
[34.136s] Level 1:colcon.colcon_core.environment:checking '/home/bbcontact/magician_ros2/install/dobot_motion' for CMake config files
[34.138s] Level 1:colcon.colcon_core.environment:checking '/home/bbcontact/magician_ros2/install/dobot_motion/lib'
[34.138s] Level 1:colcon.colcon_core.environment:checking '/home/bbcontact/magician_ros2/install/dobot_motion/bin'
[34.138s] Level 1:colcon.colcon_core.environment:checking '/home/bbcontact/magician_ros2/install/dobot_motion/lib/pkgconfig/dobot_motion.pc'
[34.139s] Level 1:colcon.colcon_core.environment:checking '/home/bbcontact/magician_ros2/install/dobot_motion/lib/python3.12/site-packages'
[34.139s] Level 1:colcon.colcon_core.shell:create_environment_hook('dobot_motion', 'pythonpath')
[34.139s] INFO:colcon.colcon_core.shell:Creating environment hook '/home/bbcontact/magician_ros2/install/dobot_motion/share/dobot_motion/hook/pythonpath.ps1'
[34.140s] INFO:colcon.colcon_core.shell:Creating environment descriptor '/home/bbcontact/magician_ros2/install/dobot_motion/share/dobot_motion/hook/pythonpath.dsv'
[34.141s] INFO:colcon.colcon_core.shell:Creating environment hook '/home/bbcontact/magician_ros2/install/dobot_motion/share/dobot_motion/hook/pythonpath.sh'
[34.143s] Level 1:colcon.colcon_core.environment:checking '/home/bbcontact/magician_ros2/install/dobot_motion/bin'
[34.144s] Level 1:colcon.colcon_core.environment:create_environment_scripts_only(dobot_motion)
[34.144s] INFO:colcon.colcon_core.shell:Creating package script '/home/bbcontact/magician_ros2/install/dobot_motion/share/dobot_motion/package.ps1'
[34.146s] INFO:colcon.colcon_core.shell:Creating package descriptor '/home/bbcontact/magician_ros2/install/dobot_motion/share/dobot_motion/package.dsv'
[34.148s] INFO:colcon.colcon_core.shell:Creating package script '/home/bbcontact/magician_ros2/install/dobot_motion/share/dobot_motion/package.sh'
[34.150s] INFO:colcon.colcon_core.shell:Creating package script '/home/bbcontact/magician_ros2/install/dobot_motion/share/dobot_motion/package.bash'
[34.153s] INFO:colcon.colcon_core.shell:Creating package script '/home/bbcontact/magician_ros2/install/dobot_motion/share/dobot_motion/package.zsh'
[34.154s] Level 1:colcon.colcon_core.environment:create_file_with_runtime_dependencies(/home/bbcontact/magician_ros2/install/dobot_motion/share/colcon-core/packages/dobot_motion)
[34.155s] INFO:colcon.colcon_ros.task.ament_python.build:Building ROS package in '/home/bbcontact/magician_ros2/src/magician_ros2/dobot_bringup' with build type 'ament_python'
[34.155s] Level 1:colcon.colcon_core.shell:create_environment_hook('dobot_bringup', 'ament_prefix_path')
[34.156s] INFO:colcon.colcon_core.shell:Creating environment hook '/home/bbcontact/magician_ros2/install/dobot_bringup/share/dobot_bringup/hook/ament_prefix_path.ps1'
[34.158s] INFO:colcon.colcon_core.shell:Creating environment descriptor '/home/bbcontact/magician_ros2/install/dobot_bringup/share/dobot_bringup/hook/ament_prefix_path.dsv'
[34.161s] INFO:colcon.colcon_core.shell:Creating environment hook '/home/bbcontact/magician_ros2/install/dobot_bringup/share/dobot_bringup/hook/ament_prefix_path.sh'
[34.163s] INFO:colcon.colcon_core.shell:Skip shell extension 'powershell' for command environment: Not usable outside of PowerShell
[34.163s] DEBUG:colcon.colcon_core.shell:Skip shell extension 'dsv' for command environment
[35.362s] INFO:colcon.colcon_core.task.python.build:Building Python package in '/home/bbcontact/magician_ros2/src/magician_ros2/dobot_bringup'
[35.363s] INFO:colcon.colcon_core.shell:Skip shell extension 'powershell' for command environment: Not usable outside of PowerShell
[35.363s] DEBUG:colcon.colcon_core.shell:Skip shell extension 'dsv' for command environment
[35.384s] Level 1:colcon.colcon_core.shell:create_environment_hook('dobot_vision_rgbd', 'pythonpath_develop')
[35.387s] INFO:colcon.colcon_core.shell:Creating environment hook '/home/bbcontact/magician_ros2/build/dobot_vision_rgbd/share/dobot_vision_rgbd/hook/pythonpath_develop.ps1'
[35.389s] INFO:colcon.colcon_core.shell:Creating environment descriptor '/home/bbcontact/magician_ros2/build/dobot_vision_rgbd/share/dobot_vision_rgbd/hook/pythonpath_develop.dsv'
[35.394s] INFO:colcon.colcon_core.shell:Creating environment hook '/home/bbcontact/magician_ros2/build/dobot_vision_rgbd/share/dobot_vision_rgbd/hook/pythonpath_develop.sh'
[35.400s] Level 1:colcon.colcon_core.environment:checking '/home/bbcontact/magician_ros2/install/dobot_vision_rgbd' for CMake module files
[35.406s] Level 1:colcon.colcon_core.environment:checking '/home/bbcontact/magician_ros2/install/dobot_vision_rgbd' for CMake config files
[35.410s] DEBUG:colcon.colcon_core.event_handler.log_command:Invoked command in '/home/bbcontact/magician_ros2/build/dobot_vision_rgbd' returned '0': AMENT_PREFIX_PATH=/home/bbcontact/magician_ros2/install/orbbec_camera_msgs:${AMENT_PREFIX_PATH} CMAKE_PREFIX_PATH=/home/bbcontact/magician_ros2/install/orbbec_camera_msgs:${CMAKE_PREFIX_PATH} DEBUGINFOD_URLS=https://debuginfod.ubuntu.com LD_LIBRARY_PATH=/home/bbcontact/magician_ros2/install/orbbec_camera_msgs/lib:${LD_LIBRARY_PATH} PYTHONPATH=/home/bbcontact/magician_ros2/build/dobot_vision_rgbd/prefix_override:/usr/lib/python3/dist-packages/colcon_core/task/python/colcon_distutils_commands:/home/bbcontact/magician_ros2/install/dobot_vision_rgbd/lib/python3.12/site-packages:/home/bbcontact/magician_ros2/install/orbbec_camera_msgs/lib/python3.12/site-packages:${PYTHONPATH} /usr/bin/python3 -W ignore:setup.py install is deprecated -W ignore:easy_install command is deprecated setup.py develop --editable --build-directory /home/bbcontact/magician_ros2/build/dobot_vision_rgbd/build --no-deps symlink_data --force
[35.411s] Level 1:colcon.colcon_core.environment:checking '/home/bbcontact/magician_ros2/install/dobot_vision_rgbd/lib'
[35.412s] Level 1:colcon.colcon_core.environment:checking '/home/bbcontact/magician_ros2/install/dobot_vision_rgbd/bin'
[35.412s] Level 1:colcon.colcon_core.environment:checking '/home/bbcontact/magician_ros2/install/dobot_vision_rgbd/lib/pkgconfig/dobot_vision_rgbd.pc'
[35.413s] Level 1:colcon.colcon_core.environment:checking '/home/bbcontact/magician_ros2/install/dobot_vision_rgbd/lib/python3.12/site-packages'
[35.413s] Level 1:colcon.colcon_core.shell:create_environment_hook('dobot_vision_rgbd', 'pythonpath')
[35.414s] INFO:colcon.colcon_core.shell:Creating environment hook '/home/bbcontact/magician_ros2/install/dobot_vision_rgbd/share/dobot_vision_rgbd/hook/pythonpath.ps1'
[35.415s] INFO:colcon.colcon_core.shell:Creating environment descriptor '/home/bbcontact/magician_ros2/install/dobot_vision_rgbd/share/dobot_vision_rgbd/hook/pythonpath.dsv'
[35.416s] INFO:colcon.colcon_core.shell:Creating environment hook '/home/bbcontact/magician_ros2/install/dobot_vision_rgbd/share/dobot_vision_rgbd/hook/pythonpath.sh'
[35.418s] Level 1:colcon.colcon_core.environment:checking '/home/bbcontact/magician_ros2/install/dobot_vision_rgbd/bin'
[35.418s] Level 1:colcon.colcon_core.environment:create_environment_scripts_only(dobot_vision_rgbd)
[35.419s] INFO:colcon.colcon_core.shell:Creating package script '/home/bbcontact/magician_ros2/install/dobot_vision_rgbd/share/dobot_vision_rgbd/package.ps1'
[35.422s] INFO:colcon.colcon_core.shell:Creating package descriptor '/home/bbcontact/magician_ros2/install/dobot_vision_rgbd/share/dobot_vision_rgbd/package.dsv'
[35.423s] INFO:colcon.colcon_core.shell:Creating package script '/home/bbcontact/magician_ros2/install/dobot_vision_rgbd/share/dobot_vision_rgbd/package.sh'
[35.425s] INFO:colcon.colcon_core.shell:Creating package script '/home/bbcontact/magician_ros2/install/dobot_vision_rgbd/share/dobot_vision_rgbd/package.bash'
[35.426s] INFO:colcon.colcon_core.shell:Creating package script '/home/bbcontact/magician_ros2/install/dobot_vision_rgbd/share/dobot_vision_rgbd/package.zsh'
[35.427s] Level 1:colcon.colcon_core.environment:create_file_with_runtime_dependencies(/home/bbcontact/magician_ros2/install/dobot_vision_rgbd/share/colcon-core/packages/dobot_vision_rgbd)
[35.428s] Level 1:colcon.colcon_core.shell:create_environment_hook('dobot_control_panel', 'pythonpath_develop')
[35.429s] INFO:colcon.colcon_core.shell:Creating environment hook '/home/bbcontact/magician_ros2/build/dobot_control_panel/share/dobot_control_panel/hook/pythonpath_develop.ps1'
[35.432s] DEBUG:colcon.colcon_core.event_handler.log_command:Invoked command in '/home/bbcontact/magician_ros2/build/dobot_control_panel' returned '0': AMENT_PREFIX_PATH=/home/bbcontact/magician_ros2/install/dobot_driver:${AMENT_PREFIX_PATH} CMAKE_PREFIX_PATH=/home/bbcontact/magician_ros2/install/dobot_driver:${CMAKE_PREFIX_PATH} DEBUGINFOD_URLS=https://debuginfod.ubuntu.com PYTHONPATH=/home/bbcontact/magician_ros2/build/dobot_control_panel/prefix_override:/usr/lib/python3/dist-packages/colcon_core/task/python/colcon_distutils_commands:/home/bbcontact/magician_ros2/install/dobot_control_panel/lib/python3.12/site-packages:/home/bbcontact/magician_ros2/install/dobot_driver/lib/python3.12/site-packages:${PYTHONPATH} /usr/bin/python3 -W ignore:setup.py install is deprecated -W ignore:easy_install command is deprecated setup.py develop --editable --build-directory /home/bbcontact/magician_ros2/build/dobot_control_panel/build --no-deps symlink_data --force
[35.432s] INFO:colcon.colcon_core.shell:Creating environment descriptor '/home/bbcontact/magician_ros2/build/dobot_control_panel/share/dobot_control_panel/hook/pythonpath_develop.dsv'
[35.433s] INFO:colcon.colcon_core.shell:Creating environment hook '/home/bbcontact/magician_ros2/build/dobot_control_panel/share/dobot_control_panel/hook/pythonpath_develop.sh'
[35.434s] Level 1:colcon.colcon_core.environment:checking '/home/bbcontact/magician_ros2/install/dobot_control_panel' for CMake module files
[35.435s] Level 1:colcon.colcon_core.environment:checking '/home/bbcontact/magician_ros2/install/dobot_control_panel' for CMake config files
[35.437s] Level 1:colcon.colcon_core.environment:checking '/home/bbcontact/magician_ros2/install/dobot_control_panel/lib'
[35.437s] Level 1:colcon.colcon_core.environment:checking '/home/bbcontact/magician_ros2/install/dobot_control_panel/bin'
[35.438s] Level 1:colcon.colcon_core.environment:checking '/home/bbcontact/magician_ros2/install/dobot_control_panel/lib/pkgconfig/dobot_control_panel.pc'
[35.439s] Level 1:colcon.colcon_core.environment:checking '/home/bbcontact/magician_ros2/install/dobot_control_panel/lib/python3.12/site-packages'
[35.439s] Level 1:colcon.colcon_core.shell:create_environment_hook('dobot_control_panel', 'pythonpath')
[35.440s] INFO:colcon.colcon_core.shell:Creating environment hook '/home/bbcontact/magician_ros2/install/dobot_control_panel/share/dobot_control_panel/hook/pythonpath.ps1'
[35.441s] INFO:colcon.colcon_core.shell:Creating environment descriptor '/home/bbcontact/magician_ros2/install/dobot_control_panel/share/dobot_control_panel/hook/pythonpath.dsv'
[35.441s] INFO:colcon.colcon_core.shell:Creating environment hook '/home/bbcontact/magician_ros2/install/dobot_control_panel/share/dobot_control_panel/hook/pythonpath.sh'
[35.443s] Level 1:colcon.colcon_core.environment:checking '/home/bbcontact/magician_ros2/install/dobot_control_panel/bin'
[35.443s] Level 1:colcon.colcon_core.environment:create_environment_scripts_only(dobot_control_panel)
[35.444s] INFO:colcon.colcon_core.shell:Creating package script '/home/bbcontact/magician_ros2/install/dobot_control_panel/share/dobot_control_panel/package.ps1'
[35.446s] INFO:colcon.colcon_core.shell:Creating package descriptor '/home/bbcontact/magician_ros2/install/dobot_control_panel/share/dobot_control_panel/package.dsv'
[35.447s] INFO:colcon.colcon_core.shell:Creating package script '/home/bbcontact/magician_ros2/install/dobot_control_panel/share/dobot_control_panel/package.sh'
[35.448s] INFO:colcon.colcon_core.shell:Creating package script '/home/bbcontact/magician_ros2/install/dobot_control_panel/share/dobot_control_panel/package.bash'
[35.449s] INFO:colcon.colcon_core.shell:Creating package script '/home/bbcontact/magician_ros2/install/dobot_control_panel/share/dobot_control_panel/package.zsh'
[35.450s] Level 1:colcon.colcon_core.environment:create_file_with_runtime_dependencies(/home/bbcontact/magician_ros2/install/dobot_control_panel/share/colcon-core/packages/dobot_control_panel)
[35.451s] DEBUG:colcon.colcon_core.task.python.build:Available setuptools 'develop' options: --uninstall, --quiet, --exclude-scripts, --local-snapshots-ok, --help, --zip-ok, --force-installation-into-system-dir, --prefix, --optimize, --install-layout, --record, --find-links, --dry-run, --script-dir, --build-directory, --install-dir, --verbose, --user, --multi-version, --egg-path, --always-unzip, --no-user-cfg, --editable, --index-url, --site-dirs, --always-copy, --no-deps, --version, --no-find-links, --allow-hosts, --upgrade
[35.452s] DEBUG:colcon.colcon_core.task.python.build:While undoing a previous installation files outside the Python library path are being ignored: /home/bbcontact/magician_ros2/install/dobot_demos/share/ament_index/resource_index/packages/dobot_demos
[35.453s] DEBUG:colcon.colcon_core.task.python.build:While undoing a previous installation files outside the Python library path are being ignored: /home/bbcontact/magician_ros2/install/dobot_demos/share/dobot_demos/package.xml
[35.453s] DEBUG:colcon.colcon_core.task.python.build:While undoing a previous installation files outside the Python library path are being ignored: /home/bbcontact/magician_ros2/install/dobot_demos/lib/dobot_demos/test_gripper
[35.453s] DEBUG:colcon.colcon_core.task.python.build:While undoing a previous installation files outside the Python library path are being ignored: /home/bbcontact/magician_ros2/install/dobot_demos/lib/dobot_demos/test_homing
[35.453s] DEBUG:colcon.colcon_core.task.python.build:While undoing a previous installation files outside the Python library path are being ignored: /home/bbcontact/magician_ros2/install/dobot_demos/lib/dobot_demos/test_pick_and_place
[35.453s] DEBUG:colcon.colcon_core.task.python.build:While undoing a previous installation files outside the Python library path are being ignored: /home/bbcontact/magician_ros2/install/dobot_demos/lib/dobot_demos/test_point_to_point
[35.453s] DEBUG:colcon.colcon_core.task.python.build:While undoing a previous installation files outside the Python library path are being ignored: /home/bbcontact/magician_ros2/install/dobot_demos/lib/dobot_demos/test_suction_cup
[35.457s] DEBUG:colcon.colcon_core.event_handler.log_command:Invoking command in '/home/bbcontact/magician_ros2/build/dobot_demos': AMENT_PREFIX_PATH=/home/bbcontact/magician_ros2/install/dobot_calibration:/home/bbcontact/magician_ros2/install/dobot_msgs:${AMENT_PREFIX_PATH} CMAKE_PREFIX_PATH=/home/bbcontact/magician_ros2/install/dobot_msgs:${CMAKE_PREFIX_PATH} DEBUGINFOD_URLS=https://debuginfod.ubuntu.com LD_LIBRARY_PATH=/home/bbcontact/magician_ros2/install/dobot_msgs/lib:${LD_LIBRARY_PATH} PYTHONPATH=/home/bbcontact/magician_ros2/build/dobot_demos/prefix_override:/usr/lib/python3/dist-packages/colcon_core/task/python/colcon_distutils_commands:/home/bbcontact/magician_ros2/install/dobot_demos/lib/python3.12/site-packages:/home/bbcontact/magician_ros2/build/dobot_calibration:/home/bbcontact/magician_ros2/install/dobot_calibration/lib/python3.12/site-packages:/home/bbcontact/magician_ros2/install/dobot_msgs/lib/python3.12/site-packages:${PYTHONPATH} /usr/bin/python3 -W ignore:setup.py install is deprecated -W ignore:easy_install command is deprecated setup.py develop --editable --build-directory /home/bbcontact/magician_ros2/build/dobot_demos/build --no-deps symlink_data --force
[36.947s] Level 1:colcon.colcon_core.shell:create_environment_hook('dobot_object_vision', 'pythonpath_develop')
[36.948s] INFO:colcon.colcon_core.shell:Creating environment hook '/home/bbcontact/magician_ros2/build/dobot_object_vision/share/dobot_object_vision/hook/pythonpath_develop.ps1'
[36.949s] DEBUG:colcon.colcon_core.event_handler.log_command:Invoked command in '/home/bbcontact/magician_ros2/build/dobot_object_vision' returned '0': AMENT_PREFIX_PATH=/home/bbcontact/magician_ros2/install/dobot_msgs:${AMENT_PREFIX_PATH} CMAKE_PREFIX_PATH=/home/bbcontact/magician_ros2/install/dobot_msgs:${CMAKE_PREFIX_PATH} DEBUGINFOD_URLS=https://debuginfod.ubuntu.com LD_LIBRARY_PATH=/home/bbcontact/magician_ros2/install/dobot_msgs/lib:${LD_LIBRARY_PATH} PYTHONPATH=/home/bbcontact/magician_ros2/build/dobot_object_vision/prefix_override:/usr/lib/python3/dist-packages/colcon_core/task/python/colcon_distutils_commands:/home/bbcontact/magician_ros2/install/dobot_object_vision/lib/python3.12/site-packages:/home/bbcontact/magician_ros2/install/dobot_msgs/lib/python3.12/site-packages:${PYTHONPATH} /usr/bin/python3 -W ignore:setup.py install is deprecated -W ignore:easy_install command is deprecated setup.py develop --editable --build-directory /home/bbcontact/magician_ros2/build/dobot_object_vision/build --no-deps symlink_data
[36.950s] INFO:colcon.colcon_core.shell:Creating environment descriptor '/home/bbcontact/magician_ros2/build/dobot_object_vision/share/dobot_object_vision/hook/pythonpath_develop.dsv'
[36.952s] INFO:colcon.colcon_core.shell:Creating environment hook '/home/bbcontact/magician_ros2/build/dobot_object_vision/share/dobot_object_vision/hook/pythonpath_develop.sh'
[36.954s] Level 1:colcon.colcon_core.environment:checking '/home/bbcontact/magician_ros2/install/dobot_object_vision' for CMake module files
[36.956s] Level 1:colcon.colcon_core.environment:checking '/home/bbcontact/magician_ros2/install/dobot_object_vision' for CMake config files
[36.958s] Level 1:colcon.colcon_core.environment:checking '/home/bbcontact/magician_ros2/install/dobot_object_vision/lib'
[36.958s] Level 1:colcon.colcon_core.environment:checking '/home/bbcontact/magician_ros2/install/dobot_object_vision/bin'
[36.958s] Level 1:colcon.colcon_core.environment:checking '/home/bbcontact/magician_ros2/install/dobot_object_vision/lib/pkgconfig/dobot_object_vision.pc'
[36.959s] Level 1:colcon.colcon_core.environment:checking '/home/bbcontact/magician_ros2/install/dobot_object_vision/lib/python3.12/site-packages'
[36.960s] Level 1:colcon.colcon_core.shell:create_environment_hook('dobot_object_vision', 'pythonpath')
[36.960s] INFO:colcon.colcon_core.shell:Creating environment hook '/home/bbcontact/magician_ros2/install/dobot_object_vision/share/dobot_object_vision/hook/pythonpath.ps1'
[36.962s] INFO:colcon.colcon_core.shell:Creating environment descriptor '/home/bbcontact/magician_ros2/install/dobot_object_vision/share/dobot_object_vision/hook/pythonpath.dsv'
[36.963s] INFO:colcon.colcon_core.shell:Creating environment hook '/home/bbcontact/magician_ros2/install/dobot_object_vision/share/dobot_object_vision/hook/pythonpath.sh'
[36.966s] Level 1:colcon.colcon_core.environment:checking '/home/bbcontact/magician_ros2/install/dobot_object_vision/bin'
[36.966s] Level 1:colcon.colcon_core.environment:create_environment_scripts_only(dobot_object_vision)
[36.967s] INFO:colcon.colcon_core.shell:Creating package script '/home/bbcontact/magician_ros2/install/dobot_object_vision/share/dobot_object_vision/package.ps1'
[36.970s] INFO:colcon.colcon_core.shell:Creating package descriptor '/home/bbcontact/magician_ros2/install/dobot_object_vision/share/dobot_object_vision/package.dsv'
[36.974s] INFO:colcon.colcon_core.shell:Creating package script '/home/bbcontact/magician_ros2/install/dobot_object_vision/share/dobot_object_vision/package.sh'
[36.976s] INFO:colcon.colcon_core.shell:Creating package script '/home/bbcontact/magician_ros2/install/dobot_object_vision/share/dobot_object_vision/package.bash'
[36.977s] INFO:colcon.colcon_core.shell:Creating package script '/home/bbcontact/magician_ros2/install/dobot_object_vision/share/dobot_object_vision/package.zsh'
[36.978s] Level 1:colcon.colcon_core.environment:create_file_with_runtime_dependencies(/home/bbcontact/magician_ros2/install/dobot_object_vision/share/colcon-core/packages/dobot_object_vision)
[37.967s] DEBUG:colcon.colcon_core.task.python.build:Available setuptools commands: sdist, bdist_egg, update_catalog, install_data, compile_catalog, build_scripts, bdist_wheel, setopt, install, bdist, develop, build, editable_wheel, symlink_data, build_ext, install_egg_info, check, easy_install, upload_docs, extract_messages, register, bdist_rpm, test, build_clib, install_headers, install_lib, upload, build_py, install_scripts, alias, dist_info, init_catalog, egg_info, rotate, saveopts, clean, bdist_dumb
[38.334s] Level 1:colcon.colcon_core.shell:create_environment_hook('dobot_demos', 'pythonpath_develop')
[38.335s] DEBUG:colcon.colcon_core.event_handler.log_command:Invoked command in '/home/bbcontact/magician_ros2/build/dobot_demos' returned '0': AMENT_PREFIX_PATH=/home/bbcontact/magician_ros2/install/dobot_calibration:/home/bbcontact/magician_ros2/install/dobot_msgs:${AMENT_PREFIX_PATH} CMAKE_PREFIX_PATH=/home/bbcontact/magician_ros2/install/dobot_msgs:${CMAKE_PREFIX_PATH} DEBUGINFOD_URLS=https://debuginfod.ubuntu.com LD_LIBRARY_PATH=/home/bbcontact/magician_ros2/install/dobot_msgs/lib:${LD_LIBRARY_PATH} PYTHONPATH=/home/bbcontact/magician_ros2/build/dobot_demos/prefix_override:/usr/lib/python3/dist-packages/colcon_core/task/python/colcon_distutils_commands:/home/bbcontact/magician_ros2/install/dobot_demos/lib/python3.12/site-packages:/home/bbcontact/magician_ros2/build/dobot_calibration:/home/bbcontact/magician_ros2/install/dobot_calibration/lib/python3.12/site-packages:/home/bbcontact/magician_ros2/install/dobot_msgs/lib/python3.12/site-packages:${PYTHONPATH} /usr/bin/python3 -W ignore:setup.py install is deprecated -W ignore:easy_install command is deprecated setup.py develop --editable --build-directory /home/bbcontact/magician_ros2/build/dobot_demos/build --no-deps symlink_data --force
[38.336s] INFO:colcon.colcon_core.shell:Creating environment hook '/home/bbcontact/magician_ros2/build/dobot_demos/share/dobot_demos/hook/pythonpath_develop.ps1'
[38.338s] INFO:colcon.colcon_core.shell:Creating environment descriptor '/home/bbcontact/magician_ros2/build/dobot_demos/share/dobot_demos/hook/pythonpath_develop.dsv'
[38.340s] INFO:colcon.colcon_core.shell:Creating environment hook '/home/bbcontact/magician_ros2/build/dobot_demos/share/dobot_demos/hook/pythonpath_develop.sh'
[38.342s] Level 1:colcon.colcon_core.environment:checking '/home/bbcontact/magician_ros2/install/dobot_demos' for CMake module files
[38.344s] Level 1:colcon.colcon_core.environment:checking '/home/bbcontact/magician_ros2/install/dobot_demos' for CMake config files
[38.346s] Level 1:colcon.colcon_core.environment:checking '/home/bbcontact/magician_ros2/install/dobot_demos/lib'
[38.346s] Level 1:colcon.colcon_core.environment:checking '/home/bbcontact/magician_ros2/install/dobot_demos/bin'
[38.347s] Level 1:colcon.colcon_core.environment:checking '/home/bbcontact/magician_ros2/install/dobot_demos/lib/pkgconfig/dobot_demos.pc'
[38.347s] Level 1:colcon.colcon_core.environment:checking '/home/bbcontact/magician_ros2/install/dobot_demos/lib/python3.12/site-packages'
[38.348s] Level 1:colcon.colcon_core.shell:create_environment_hook('dobot_demos', 'pythonpath')
[38.349s] INFO:colcon.colcon_core.shell:Creating environment hook '/home/bbcontact/magician_ros2/install/dobot_demos/share/dobot_demos/hook/pythonpath.ps1'
[38.350s] INFO:colcon.colcon_core.shell:Creating environment descriptor '/home/bbcontact/magician_ros2/install/dobot_demos/share/dobot_demos/hook/pythonpath.dsv'
[38.352s] INFO:colcon.colcon_core.shell:Creating environment hook '/home/bbcontact/magician_ros2/install/dobot_demos/share/dobot_demos/hook/pythonpath.sh'
[38.355s] Level 1:colcon.colcon_core.environment:checking '/home/bbcontact/magician_ros2/install/dobot_demos/bin'
[38.355s] Level 1:colcon.colcon_core.environment:create_environment_scripts_only(dobot_demos)
[38.356s] INFO:colcon.colcon_core.shell:Creating package script '/home/bbcontact/magician_ros2/install/dobot_demos/share/dobot_demos/package.ps1'
[38.359s] INFO:colcon.colcon_core.shell:Creating package descriptor '/home/bbcontact/magician_ros2/install/dobot_demos/share/dobot_demos/package.dsv'
[38.361s] INFO:colcon.colcon_core.shell:Creating package script '/home/bbcontact/magician_ros2/install/dobot_demos/share/dobot_demos/package.sh'
[38.363s] INFO:colcon.colcon_core.shell:Creating package script '/home/bbcontact/magician_ros2/install/dobot_demos/share/dobot_demos/package.bash'
[38.365s] INFO:colcon.colcon_core.shell:Creating package script '/home/bbcontact/magician_ros2/install/dobot_demos/share/dobot_demos/package.zsh'
[38.366s] Level 1:colcon.colcon_core.environment:create_file_with_runtime_dependencies(/home/bbcontact/magician_ros2/install/dobot_demos/share/colcon-core/packages/dobot_demos)
[39.320s] DEBUG:colcon.colcon_core.task.python.build:Available setuptools 'develop' options: --uninstall, --quiet, --exclude-scripts, --local-snapshots-ok, --help, --zip-ok, --force-installation-into-system-dir, --prefix, --optimize, --install-layout, --record, --find-links, --dry-run, --script-dir, --build-directory, --install-dir, --verbose, --user, --multi-version, --egg-path, --always-unzip, --no-user-cfg, --editable, --index-url, --site-dirs, --always-copy, --no-deps, --version, --no-find-links, --allow-hosts, --upgrade
[39.321s] DEBUG:colcon.colcon_core.task.python.build:While undoing a previous installation files outside the Python library path are being ignored: /home/bbcontact/magician_ros2/install/dobot_bringup/share/ament_index/resource_index/packages/dobot_bringup
[39.321s] DEBUG:colcon.colcon_core.task.python.build:While undoing a previous installation files outside the Python library path are being ignored: /home/bbcontact/magician_ros2/install/dobot_bringup/share/dobot_bringup/package.xml
[39.322s] DEBUG:colcon.colcon_core.task.python.build:While undoing a previous installation files outside the Python library path are being ignored: /home/bbcontact/magician_ros2/install/dobot_bringup/share/dobot_bringup/launch/dobot_magician_control_system.launch.py
[39.322s] DEBUG:colcon.colcon_core.task.python.build:While undoing a previous installation files outside the Python library path are being ignored: /home/bbcontact/magician_ros2/install/dobot_bringup/lib/dobot_bringup/set_tool_null
[39.328s] DEBUG:colcon.colcon_core.event_handler.log_command:Invoking command in '/home/bbcontact/magician_ros2/build/dobot_bringup': AMENT_PREFIX_PATH=/home/bbcontact/magician_ros2/install/dobot_state_updater:/home/bbcontact/magician_ros2/install/dobot_motion:/home/bbcontact/magician_ros2/install/dobot_kinematics:/home/bbcontact/magician_ros2/install/dobot_homing:/home/bbcontact/magician_ros2/install/dobot_end_effector:/home/bbcontact/magician_ros2/install/dobot_diagnostics:/home/bbcontact/magician_ros2/install/dobot_msgs:/home/bbcontact/magician_ros2/install/dobot_driver:/home/bbcontact/magician_ros2/install/dobot_description:${AMENT_PREFIX_PATH} CMAKE_PREFIX_PATH=/home/bbcontact/magician_ros2/install/dobot_msgs:/home/bbcontact/magician_ros2/install/dobot_driver:/home/bbcontact/magician_ros2/install/dobot_description:${CMAKE_PREFIX_PATH} DEBUGINFOD_URLS=https://debuginfod.ubuntu.com LD_LIBRARY_PATH=/home/bbcontact/magician_ros2/install/dobot_msgs/lib:${LD_LIBRARY_PATH} PYTHONPATH=/home/bbcontact/magician_ros2/build/dobot_bringup/prefix_override:/usr/lib/python3/dist-packages/colcon_core/task/python/colcon_distutils_commands:/home/bbcontact/magician_ros2/install/dobot_bringup/lib/python3.12/site-packages:/home/bbcontact/magician_ros2/build/dobot_state_updater:/home/bbcontact/magician_ros2/install/dobot_state_updater/lib/python3.12/site-packages:/home/bbcontact/magician_ros2/build/dobot_motion:/home/bbcontact/magician_ros2/install/dobot_motion/lib/python3.12/site-packages:/home/bbcontact/magician_ros2/build/dobot_kinematics:/home/bbcontact/magician_ros2/install/dobot_kinematics/lib/python3.12/site-packages:/home/bbcontact/magician_ros2/build/dobot_homing:/home/bbcontact/magician_ros2/install/dobot_homing/lib/python3.12/site-packages:/home/bbcontact/magician_ros2/build/dobot_end_effector:/home/bbcontact/magician_ros2/install/dobot_end_effector/lib/python3.12/site-packages:/home/bbcontact/magician_ros2/build/dobot_diagnostics:/home/bbcontact/magician_ros2/install/dobot_diagnostics/lib/python3.12/site-packages:/home/bbcontact/magician_ros2/install/dobot_msgs/lib/python3.12/site-packages:/home/bbcontact/magician_ros2/install/dobot_driver/lib/python3.12/site-packages:${PYTHONPATH} /usr/bin/python3 -W ignore:setup.py install is deprecated -W ignore:easy_install command is deprecated setup.py develop --editable --build-directory /home/bbcontact/magician_ros2/build/dobot_bringup/build --no-deps symlink_data --force
[42.126s] Level 1:colcon.colcon_core.shell:create_environment_hook('dobot_bringup', 'pythonpath_develop')
[42.128s] INFO:colcon.colcon_core.shell:Creating environment hook '/home/bbcontact/magician_ros2/build/dobot_bringup/share/dobot_bringup/hook/pythonpath_develop.ps1'
[42.129s] DEBUG:colcon.colcon_core.event_handler.log_command:Invoked command in '/home/bbcontact/magician_ros2/build/dobot_bringup' returned '0': AMENT_PREFIX_PATH=/home/bbcontact/magician_ros2/install/dobot_state_updater:/home/bbcontact/magician_ros2/install/dobot_motion:/home/bbcontact/magician_ros2/install/dobot_kinematics:/home/bbcontact/magician_ros2/install/dobot_homing:/home/bbcontact/magician_ros2/install/dobot_end_effector:/home/bbcontact/magician_ros2/install/dobot_diagnostics:/home/bbcontact/magician_ros2/install/dobot_msgs:/home/bbcontact/magician_ros2/install/dobot_driver:/home/bbcontact/magician_ros2/install/dobot_description:${AMENT_PREFIX_PATH} CMAKE_PREFIX_PATH=/home/bbcontact/magician_ros2/install/dobot_msgs:/home/bbcontact/magician_ros2/install/dobot_driver:/home/bbcontact/magician_ros2/install/dobot_description:${CMAKE_PREFIX_PATH} DEBUGINFOD_URLS=https://debuginfod.ubuntu.com LD_LIBRARY_PATH=/home/bbcontact/magician_ros2/install/dobot_msgs/lib:${LD_LIBRARY_PATH} PYTHONPATH=/home/bbcontact/magician_ros2/build/dobot_bringup/prefix_override:/usr/lib/python3/dist-packages/colcon_core/task/python/colcon_distutils_commands:/home/bbcontact/magician_ros2/install/dobot_bringup/lib/python3.12/site-packages:/home/bbcontact/magician_ros2/build/dobot_state_updater:/home/bbcontact/magician_ros2/install/dobot_state_updater/lib/python3.12/site-packages:/home/bbcontact/magician_ros2/build/dobot_motion:/home/bbcontact/magician_ros2/install/dobot_motion/lib/python3.12/site-packages:/home/bbcontact/magician_ros2/build/dobot_kinematics:/home/bbcontact/magician_ros2/install/dobot_kinematics/lib/python3.12/site-packages:/home/bbcontact/magician_ros2/build/dobot_homing:/home/bbcontact/magician_ros2/install/dobot_homing/lib/python3.12/site-packages:/home/bbcontact/magician_ros2/build/dobot_end_effector:/home/bbcontact/magician_ros2/install/dobot_end_effector/lib/python3.12/site-packages:/home/bbcontact/magician_ros2/build/dobot_diagnostics:/home/bbcontact/magician_ros2/install/dobot_diagnostics/lib/python3.12/site-packages:/home/bbcontact/magician_ros2/install/dobot_msgs/lib/python3.12/site-packages:/home/bbcontact/magician_ros2/install/dobot_driver/lib/python3.12/site-packages:${PYTHONPATH} /usr/bin/python3 -W ignore:setup.py install is deprecated -W ignore:easy_install command is deprecated setup.py develop --editable --build-directory /home/bbcontact/magician_ros2/build/dobot_bringup/build --no-deps symlink_data --force
[42.130s] INFO:colcon.colcon_core.shell:Creating environment descriptor '/home/bbcontact/magician_ros2/build/dobot_bringup/share/dobot_bringup/hook/pythonpath_develop.dsv'
[42.132s] INFO:colcon.colcon_core.shell:Creating environment hook '/home/bbcontact/magician_ros2/build/dobot_bringup/share/dobot_bringup/hook/pythonpath_develop.sh'
[42.133s] Level 1:colcon.colcon_core.environment:checking '/home/bbcontact/magician_ros2/install/dobot_bringup' for CMake module files
[42.135s] Level 1:colcon.colcon_core.environment:checking '/home/bbcontact/magician_ros2/install/dobot_bringup' for CMake config files
[42.136s] Level 1:colcon.colcon_core.environment:checking '/home/bbcontact/magician_ros2/install/dobot_bringup/lib'
[42.136s] Level 1:colcon.colcon_core.environment:checking '/home/bbcontact/magician_ros2/install/dobot_bringup/bin'
[42.137s] Level 1:colcon.colcon_core.environment:checking '/home/bbcontact/magician_ros2/install/dobot_bringup/lib/pkgconfig/dobot_bringup.pc'
[42.137s] Level 1:colcon.colcon_core.environment:checking '/home/bbcontact/magician_ros2/install/dobot_bringup/lib/python3.12/site-packages'
[42.138s] Level 1:colcon.colcon_core.shell:create_environment_hook('dobot_bringup', 'pythonpath')
[42.138s] INFO:colcon.colcon_core.shell:Creating environment hook '/home/bbcontact/magician_ros2/install/dobot_bringup/share/dobot_bringup/hook/pythonpath.ps1'
[42.139s] INFO:colcon.colcon_core.shell:Creating environment descriptor '/home/bbcontact/magician_ros2/install/dobot_bringup/share/dobot_bringup/hook/pythonpath.dsv'
[42.140s] INFO:colcon.colcon_core.shell:Creating environment hook '/home/bbcontact/magician_ros2/install/dobot_bringup/share/dobot_bringup/hook/pythonpath.sh'
[42.142s] Level 1:colcon.colcon_core.environment:checking '/home/bbcontact/magician_ros2/install/dobot_bringup/bin'
[42.142s] Level 1:colcon.colcon_core.environment:create_environment_scripts_only(dobot_bringup)
[42.143s] INFO:colcon.colcon_core.shell:Creating package script '/home/bbcontact/magician_ros2/install/dobot_bringup/share/dobot_bringup/package.ps1'
[42.145s] INFO:colcon.colcon_core.shell:Creating package descriptor '/home/bbcontact/magician_ros2/install/dobot_bringup/share/dobot_bringup/package.dsv'
[42.147s] INFO:colcon.colcon_core.shell:Creating package script '/home/bbcontact/magician_ros2/install/dobot_bringup/share/dobot_bringup/package.sh'
[42.148s] INFO:colcon.colcon_core.shell:Creating package script '/home/bbcontact/magician_ros2/install/dobot_bringup/share/dobot_bringup/package.bash'
[42.149s] INFO:colcon.colcon_core.shell:Creating package script '/home/bbcontact/magician_ros2/install/dobot_bringup/share/dobot_bringup/package.zsh'
[42.150s] Level 1:colcon.colcon_core.environment:create_file_with_runtime_dependencies(/home/bbcontact/magician_ros2/install/dobot_bringup/share/colcon-core/packages/dobot_bringup)
[42.151s] INFO:colcon.colcon_ros.task.ament_python.build:Building ROS package in '/home/bbcontact/magician_ros2/src/magician_ros2/dobot_web_interface' with build type 'ament_python'
[42.152s] Level 1:colcon.colcon_core.shell:create_environment_hook('dobot_web_interface', 'ament_prefix_path')
[42.154s] INFO:colcon.colcon_core.shell:Creating environment hook '/home/bbcontact/magician_ros2/install/dobot_web_interface/share/dobot_web_interface/hook/ament_prefix_path.ps1'
[42.157s] INFO:colcon.colcon_core.shell:Creating environment descriptor '/home/bbcontact/magician_ros2/install/dobot_web_interface/share/dobot_web_interface/hook/ament_prefix_path.dsv'
[42.158s] INFO:colcon.colcon_core.shell:Creating environment hook '/home/bbcontact/magician_ros2/install/dobot_web_interface/share/dobot_web_interface/hook/ament_prefix_path.sh'
[42.160s] INFO:colcon.colcon_core.shell:Skip shell extension 'powershell' for command environment: Not usable outside of PowerShell
[42.160s] DEBUG:colcon.colcon_core.shell:Skip shell extension 'dsv' for command environment
[43.079s] INFO:colcon.colcon_core.task.python.build:Building Python package in '/home/bbcontact/magician_ros2/src/magician_ros2/dobot_web_interface'
[43.080s] INFO:colcon.colcon_core.shell:Skip shell extension 'powershell' for command environment: Not usable outside of PowerShell
[43.080s] DEBUG:colcon.colcon_core.shell:Skip shell extension 'dsv' for command environment
[45.571s] DEBUG:colcon.colcon_core.task.python.build:Available setuptools commands: sdist, bdist_egg, update_catalog, install_data, compile_catalog, build_scripts, bdist_wheel, setopt, install, bdist, develop, build, editable_wheel, symlink_data, build_ext, install_egg_info, check, easy_install, upload_docs, extract_messages, register, bdist_rpm, test, build_clib, install_headers, install_lib, upload, build_py, install_scripts, alias, dist_info, init_catalog, egg_info, rotate, saveopts, clean, bdist_dumb
[46.853s] DEBUG:colcon.colcon_core.task.python.build:Available setuptools 'develop' options: --uninstall, --quiet, --exclude-scripts, --local-snapshots-ok, --help, --zip-ok, --force-installation-into-system-dir, --prefix, --optimize, --install-layout, --record, --find-links, --dry-run, --script-dir, --build-directory, --install-dir, --verbose, --user, --multi-version, --egg-path, --always-unzip, --no-user-cfg, --editable, --index-url, --site-dirs, --always-copy, --no-deps, --version, --no-find-links, --allow-hosts, --upgrade
[46.854s] DEBUG:colcon.colcon_core.task.python.build:While undoing a previous installation files outside the Python library path are being ignored: /home/bbcontact/magician_ros2/install/dobot_web_interface/share/ament_index/resource_index/packages/dobot_web_interface
[46.855s] DEBUG:colcon.colcon_core.task.python.build:While undoing a previous installation files outside the Python library path are being ignored: /home/bbcontact/magician_ros2/install/dobot_web_interface/share/dobot_web_interface/package.xml
[46.855s] DEBUG:colcon.colcon_core.task.python.build:While undoing a previous installation files outside the Python library path are being ignored: /home/bbcontact/magician_ros2/install/dobot_web_interface/share/dobot_web_interface/README.md
[46.855s] DEBUG:colcon.colcon_core.task.python.build:While undoing a previous installation files outside the Python library path are being ignored: /home/bbcontact/magician_ros2/install/dobot_web_interface/share/dobot_web_interface/launch/dobot_auto.launch.py
[46.855s] DEBUG:colcon.colcon_core.task.python.build:While undoing a previous installation files outside the Python library path are being ignored: /home/bbcontact/magician_ros2/install/dobot_web_interface/share/dobot_web_interface/launch/dobot_web_interface.launch.py
[46.855s] DEBUG:colcon.colcon_core.task.python.build:While undoing a previous installation files outside the Python library path are being ignored: /home/bbcontact/magician_ros2/install/dobot_web_interface/lib/dobot_web_interface/web_interface
[46.860s] DEBUG:colcon.colcon_core.event_handler.log_command:Invoking command in '/home/bbcontact/magician_ros2/build/dobot_web_interface': AMENT_PREFIX_PATH=/home/bbcontact/magician_ros2/install/dobot_bringup:/home/bbcontact/magician_ros2/install/orbbec_camera:/home/bbcontact/magician_ros2/install/dobot_vision_rgbd:/home/bbcontact/magician_ros2/install/dobot_state_updater:/home/bbcontact/magician_ros2/install/dobot_motion:/home/bbcontact/magician_ros2/install/dobot_kinematics:/home/bbcontact/magician_ros2/install/dobot_homing:/home/bbcontact/magician_ros2/install/dobot_end_effector:/home/bbcontact/magician_ros2/install/dobot_diagnostics:/home/bbcontact/magician_ros2/install/dobot_calibration:/home/bbcontact/magician_ros2/install/orbbec_camera_msgs:/home/bbcontact/magician_ros2/install/dobot_vision_yolo:/home/bbcontact/magician_ros2/install/dobot_msgs:/home/bbcontact/magician_ros2/install/dobot_driver:/home/bbcontact/magician_ros2/install/dobot_description:${AMENT_PREFIX_PATH} CMAKE_PREFIX_PATH=/home/bbcontact/magician_ros2/install/orbbec_camera:/home/bbcontact/magician_ros2/install/orbbec_camera_msgs:/home/bbcontact/magician_ros2/install/dobot_msgs:/home/bbcontact/magician_ros2/install/dobot_driver:/home/bbcontact/magician_ros2/install/dobot_description:${CMAKE_PREFIX_PATH} DEBUGINFOD_URLS=https://debuginfod.ubuntu.com LD_LIBRARY_PATH=/home/bbcontact/magician_ros2/install/orbbec_camera/lib:/home/bbcontact/magician_ros2/install/orbbec_camera_msgs/lib:/home/bbcontact/magician_ros2/install/dobot_msgs/lib:${LD_LIBRARY_PATH} PYTHONPATH=/home/bbcontact/magician_ros2/build/dobot_web_interface/prefix_override:/usr/lib/python3/dist-packages/colcon_core/task/python/colcon_distutils_commands:/home/bbcontact/magician_ros2/install/dobot_web_interface/lib/python3.12/site-packages:/home/bbcontact/magician_ros2/build/dobot_bringup:/home/bbcontact/magician_ros2/install/dobot_bringup/lib/python3.12/site-packages:/home/bbcontact/magician_ros2/build/dobot_vision_rgbd:/home/bbcontact/magician_ros2/install/dobot_vision_rgbd/lib/python3.12/site-packages:/home/bbcontact/magician_ros2/build/dobot_state_updater:/home/bbcontact/magician_ros2/install/dobot_state_updater/lib/python3.12/site-packages:/home/bbcontact/magician_ros2/build/dobot_motion:/home/bbcontact/magician_ros2/install/dobot_motion/lib/python3.12/site-packages:/home/bbcontact/magician_ros2/build/dobot_kinematics:/home/bbcontact/magician_ros2/install/dobot_kinematics/lib/python3.12/site-packages:/home/bbcontact/magician_ros2/build/dobot_homing:/home/bbcontact/magician_ros2/install/dobot_homing/lib/python3.12/site-packages:/home/bbcontact/magician_ros2/build/dobot_end_effector:/home/bbcontact/magician_ros2/install/dobot_end_effector/lib/python3.12/site-packages:/home/bbcontact/magician_ros2/build/dobot_diagnostics:/home/bbcontact/magician_ros2/install/dobot_diagnostics/lib/python3.12/site-packages:/home/bbcontact/magician_ros2/build/dobot_calibration:/home/bbcontact/magician_ros2/install/dobot_calibration/lib/python3.12/site-packages:/home/bbcontact/magician_ros2/install/orbbec_camera_msgs/lib/python3.12/site-packages:/home/bbcontact/magician_ros2/build/dobot_vision_yolo:/home/bbcontact/magician_ros2/install/dobot_vision_yolo/lib/python3.12/site-packages:/home/bbcontact/magician_ros2/install/dobot_msgs/lib/python3.12/site-packages:/home/bbcontact/magician_ros2/install/dobot_driver/lib/python3.12/site-packages:${PYTHONPATH} /usr/bin/python3 -W ignore:setup.py install is deprecated -W ignore:easy_install command is deprecated setup.py develop --editable --build-directory /home/bbcontact/magician_ros2/build/dobot_web_interface/build --no-deps symlink_data --force
[49.639s] Level 1:colcon.colcon_core.shell:create_environment_hook('dobot_web_interface', 'pythonpath_develop')
[49.641s] DEBUG:colcon.colcon_core.event_handler.log_command:Invoked command in '/home/bbcontact/magician_ros2/build/dobot_web_interface' returned '0': AMENT_PREFIX_PATH=/home/bbcontact/magician_ros2/install/dobot_bringup:/home/bbcontact/magician_ros2/install/orbbec_camera:/home/bbcontact/magician_ros2/install/dobot_vision_rgbd:/home/bbcontact/magician_ros2/install/dobot_state_updater:/home/bbcontact/magician_ros2/install/dobot_motion:/home/bbcontact/magician_ros2/install/dobot_kinematics:/home/bbcontact/magician_ros2/install/dobot_homing:/home/bbcontact/magician_ros2/install/dobot_end_effector:/home/bbcontact/magician_ros2/install/dobot_diagnostics:/home/bbcontact/magician_ros2/install/dobot_calibration:/home/bbcontact/magician_ros2/install/orbbec_camera_msgs:/home/bbcontact/magician_ros2/install/dobot_vision_yolo:/home/bbcontact/magician_ros2/install/dobot_msgs:/home/bbcontact/magician_ros2/install/dobot_driver:/home/bbcontact/magician_ros2/install/dobot_description:${AMENT_PREFIX_PATH} CMAKE_PREFIX_PATH=/home/bbcontact/magician_ros2/install/orbbec_camera:/home/bbcontact/magician_ros2/install/orbbec_camera_msgs:/home/bbcontact/magician_ros2/install/dobot_msgs:/home/bbcontact/magician_ros2/install/dobot_driver:/home/bbcontact/magician_ros2/install/dobot_description:${CMAKE_PREFIX_PATH} DEBUGINFOD_URLS=https://debuginfod.ubuntu.com LD_LIBRARY_PATH=/home/bbcontact/magician_ros2/install/orbbec_camera/lib:/home/bbcontact/magician_ros2/install/orbbec_camera_msgs/lib:/home/bbcontact/magician_ros2/install/dobot_msgs/lib:${LD_LIBRARY_PATH} PYTHONPATH=/home/bbcontact/magician_ros2/build/dobot_web_interface/prefix_override:/usr/lib/python3/dist-packages/colcon_core/task/python/colcon_distutils_commands:/home/bbcontact/magician_ros2/install/dobot_web_interface/lib/python3.12/site-packages:/home/bbcontact/magician_ros2/build/dobot_bringup:/home/bbcontact/magician_ros2/install/dobot_bringup/lib/python3.12/site-packages:/home/bbcontact/magician_ros2/build/dobot_vision_rgbd:/home/bbcontact/magician_ros2/install/dobot_vision_rgbd/lib/python3.12/site-packages:/home/bbcontact/magician_ros2/build/dobot_state_updater:/home/bbcontact/magician_ros2/install/dobot_state_updater/lib/python3.12/site-packages:/home/bbcontact/magician_ros2/build/dobot_motion:/home/bbcontact/magician_ros2/install/dobot_motion/lib/python3.12/site-packages:/home/bbcontact/magician_ros2/build/dobot_kinematics:/home/bbcontact/magician_ros2/install/dobot_kinematics/lib/python3.12/site-packages:/home/bbcontact/magician_ros2/build/dobot_homing:/home/bbcontact/magician_ros2/install/dobot_homing/lib/python3.12/site-packages:/home/bbcontact/magician_ros2/build/dobot_end_effector:/home/bbcontact/magician_ros2/install/dobot_end_effector/lib/python3.12/site-packages:/home/bbcontact/magician_ros2/build/dobot_diagnostics:/home/bbcontact/magician_ros2/install/dobot_diagnostics/lib/python3.12/site-packages:/home/bbcontact/magician_ros2/build/dobot_calibration:/home/bbcontact/magician_ros2/install/dobot_calibration/lib/python3.12/site-packages:/home/bbcontact/magician_ros2/install/orbbec_camera_msgs/lib/python3.12/site-packages:/home/bbcontact/magician_ros2/build/dobot_vision_yolo:/home/bbcontact/magician_ros2/install/dobot_vision_yolo/lib/python3.12/site-packages:/home/bbcontact/magician_ros2/install/dobot_msgs/lib/python3.12/site-packages:/home/bbcontact/magician_ros2/install/dobot_driver/lib/python3.12/site-packages:${PYTHONPATH} /usr/bin/python3 -W ignore:setup.py install is deprecated -W ignore:easy_install command is deprecated setup.py develop --editable --build-directory /home/bbcontact/magician_ros2/build/dobot_web_interface/build --no-deps symlink_data --force
[49.641s] INFO:colcon.colcon_core.shell:Creating environment hook '/home/bbcontact/magician_ros2/build/dobot_web_interface/share/dobot_web_interface/hook/pythonpath_develop.ps1'
[49.643s] INFO:colcon.colcon_core.shell:Creating environment descriptor '/home/bbcontact/magician_ros2/build/dobot_web_interface/share/dobot_web_interface/hook/pythonpath_develop.dsv'
[49.644s] INFO:colcon.colcon_core.shell:Creating environment hook '/home/bbcontact/magician_ros2/build/dobot_web_interface/share/dobot_web_interface/hook/pythonpath_develop.sh'
[49.646s] Level 1:colcon.colcon_core.environment:checking '/home/bbcontact/magician_ros2/install/dobot_web_interface' for CMake module files
[49.648s] Level 1:colcon.colcon_core.environment:checking '/home/bbcontact/magician_ros2/install/dobot_web_interface' for CMake config files
[49.649s] Level 1:colcon.colcon_core.environment:checking '/home/bbcontact/magician_ros2/install/dobot_web_interface/lib'
[49.649s] Level 1:colcon.colcon_core.environment:checking '/home/bbcontact/magician_ros2/install/dobot_web_interface/bin'
[49.650s] Level 1:colcon.colcon_core.environment:checking '/home/bbcontact/magician_ros2/install/dobot_web_interface/lib/pkgconfig/dobot_web_interface.pc'
[49.650s] Level 1:colcon.colcon_core.environment:checking '/home/bbcontact/magician_ros2/install/dobot_web_interface/lib/python3.12/site-packages'
[49.651s] Level 1:colcon.colcon_core.shell:create_environment_hook('dobot_web_interface', 'pythonpath')
[49.651s] INFO:colcon.colcon_core.shell:Creating environment hook '/home/bbcontact/magician_ros2/install/dobot_web_interface/share/dobot_web_interface/hook/pythonpath.ps1'
[49.652s] INFO:colcon.colcon_core.shell:Creating environment descriptor '/home/bbcontact/magician_ros2/install/dobot_web_interface/share/dobot_web_interface/hook/pythonpath.dsv'
[49.653s] INFO:colcon.colcon_core.shell:Creating environment hook '/home/bbcontact/magician_ros2/install/dobot_web_interface/share/dobot_web_interface/hook/pythonpath.sh'
[49.656s] Level 1:colcon.colcon_core.environment:checking '/home/bbcontact/magician_ros2/install/dobot_web_interface/bin'
[49.656s] Level 1:colcon.colcon_core.environment:create_environment_scripts_only(dobot_web_interface)
[49.657s] INFO:colcon.colcon_core.shell:Creating package script '/home/bbcontact/magician_ros2/install/dobot_web_interface/share/dobot_web_interface/package.ps1'
[49.660s] INFO:colcon.colcon_core.shell:Creating package descriptor '/home/bbcontact/magician_ros2/install/dobot_web_interface/share/dobot_web_interface/package.dsv'
[49.661s] INFO:colcon.colcon_core.shell:Creating package script '/home/bbcontact/magician_ros2/install/dobot_web_interface/share/dobot_web_interface/package.sh'
[49.663s] INFO:colcon.colcon_core.shell:Creating package script '/home/bbcontact/magician_ros2/install/dobot_web_interface/share/dobot_web_interface/package.bash'
[49.664s] INFO:colcon.colcon_core.shell:Creating package script '/home/bbcontact/magician_ros2/install/dobot_web_interface/share/dobot_web_interface/package.zsh'
[49.665s] Level 1:colcon.colcon_core.environment:create_file_with_runtime_dependencies(/home/bbcontact/magician_ros2/install/dobot_web_interface/share/colcon-core/packages/dobot_web_interface)
[49.666s] DEBUG:colcon.colcon_parallel_executor.executor.parallel:closing loop
[49.667s] DEBUG:colcon.colcon_parallel_executor.executor.parallel:loop closed
[49.667s] DEBUG:colcon.colcon_parallel_executor.executor.parallel:run_until_complete finished with '0'
[49.668s] DEBUG:colcon.colcon_core.event_reactor:joining thread
[49.670s] DEBUG:colcon.colcon_core.event_reactor:joined thread
[49.671s] INFO:colcon.colcon_core.shell:Creating prefix script '/home/bbcontact/magician_ros2/install/local_setup.ps1'
[49.674s] INFO:colcon.colcon_core.shell:Creating prefix util module '/home/bbcontact/magician_ros2/install/_local_setup_util_ps1.py'
[49.677s] INFO:colcon.colcon_core.shell:Creating prefix chain script '/home/bbcontact/magician_ros2/install/setup.ps1'
[49.680s] INFO:colcon.colcon_core.shell:Creating prefix script '/home/bbcontact/magician_ros2/install/local_setup.sh'
[49.681s] INFO:colcon.colcon_core.shell:Creating prefix util module '/home/bbcontact/magician_ros2/install/_local_setup_util_sh.py'
[49.682s] INFO:colcon.colcon_core.shell:Creating prefix chain script '/home/bbcontact/magician_ros2/install/setup.sh'
[49.684s] INFO:colcon.colcon_core.shell:Creating prefix script '/home/bbcontact/magician_ros2/install/local_setup.bash'
[49.686s] INFO:colcon.colcon_core.shell:Creating prefix chain script '/home/bbcontact/magician_ros2/install/setup.bash'
[49.688s] INFO:colcon.colcon_core.shell:Creating prefix script '/home/bbcontact/magician_ros2/install/local_setup.zsh'
[49.689s] INFO:colcon.colcon_core.shell:Creating prefix chain script '/home/bbcontact/magician_ros2/install/setup.zsh'
