[0.589s] DEBUG:colcon:Command line arguments: ['/usr/bin/colcon', 'build', '--packages-up-to', 'dobot_calibration', 'dobot_web_interface', '--symlink-install']
[0.589s] DEBUG:colcon:Parsed command line arguments: Namespace(log_base=None, log_level=None, verb_name='build', build_base='build', install_base='install', merge_install=False, symlink_install=True, test_result_base=None, continue_on_error=False, executor='parallel', parallel_workers=8, event_handlers=None, ignore_user_meta=False, metas=['./colcon.meta'], base_paths=['.'], packages_ignore=None, packages_ignore_regex=None, paths=None, packages_up_to=['dobot_calibration', 'dobot_web_interface'], packages_up_to_regex=None, packages_above=None, packages_above_and_dependencies=None, packages_above_depth=None, packages_select_by_dep=None, packages_skip_by_dep=None, packages_skip_up_to=None, packages_select_build_failed=False, packages_skip_build_finished=False, packages_select_test_failures=False, packages_skip_test_passed=False, packages_select=None, packages_skip=None, packages_select_regex=None, packages_skip_regex=None, packages_start=None, packages_end=None, allow_overriding=[], cmake_args=None, cmake_target=None, cmake_target_skip_unavailable=False, cmake_clean_cache=False, cmake_clean_first=False, cmake_force_configure=False, ament_cmake_args=None, catkin_cmake_args=None, catkin_skip_building_tests=False, mixin_files=None, mixin=None, verb_parser=<colcon_mixin.mixin.mixin_argument.MixinArgumentDecorator object at 0x73c82c73a120>, verb_extension=<colcon_core.verb.build.BuildVerb object at 0x73c82c8844a0>, main=<bound method BuildVerb.main of <colcon_core.verb.build.BuildVerb object at 0x73c82c8844a0>>, mixin_verb=('build',))
[0.681s] Level 1:colcon.colcon_core.package_discovery:discover_packages(colcon_meta) check parameters
[0.683s] INFO:colcon.colcon_metadata.package_discovery.colcon_meta:Using configuration from '/home/bbcontact/magician_ros2/colcon.meta'
[0.683s] Level 1:colcon.colcon_core.package_discovery:discover_packages(recursive) check parameters
[0.683s] Level 1:colcon.colcon_core.package_discovery:discover_packages(ignore) check parameters
[0.683s] Level 1:colcon.colcon_core.package_discovery:discover_packages(path) check parameters
[0.683s] Level 1:colcon.colcon_core.package_discovery:discover_packages(colcon_meta) discover
[0.683s] Level 1:colcon.colcon_core.package_discovery:discover_packages(recursive) discover
[0.683s] INFO:colcon.colcon_core.package_discovery:Crawling recursively for packages in '/home/bbcontact/magician_ros2'
[0.684s] Level 1:colcon.colcon_core.package_identification:_identify(.) by extensions ['ignore', 'ignore_ament_install']
[0.684s] Level 1:colcon.colcon_core.package_identification:_identify(.) by extension 'ignore'
[0.684s] Level 1:colcon.colcon_core.package_identification:_identify(.) by extension 'ignore_ament_install'
[0.684s] Level 1:colcon.colcon_core.package_identification:_identify(.) by extensions ['colcon_pkg']
[0.684s] Level 1:colcon.colcon_core.package_identification:_identify(.) by extension 'colcon_pkg'
[0.684s] Level 1:colcon.colcon_core.package_identification:_identify(.) by extensions ['colcon_meta']
[0.684s] Level 1:colcon.colcon_core.package_identification:_identify(.) by extension 'colcon_meta'
[0.685s] Level 1:colcon.colcon_core.package_identification:_identify(.) by extensions ['ros']
[0.685s] Level 1:colcon.colcon_core.package_identification:_identify(.) by extension 'ros'
[0.752s] Level 1:colcon.colcon_core.package_identification:_identify(.) by extensions ['cmake', 'python']
[0.752s] Level 1:colcon.colcon_core.package_identification:_identify(.) by extension 'cmake'
[0.752s] Level 1:colcon.colcon_core.package_identification:_identify(.) by extension 'python'
[0.752s] Level 1:colcon.colcon_core.package_identification:_identify(.) by extensions ['python_setup_py']
[0.753s] Level 1:colcon.colcon_core.package_identification:_identify(.) by extension 'python_setup_py'
[0.753s] Level 1:colcon.colcon_core.package_identification:_identify(Log) by extensions ['ignore', 'ignore_ament_install']
[0.753s] Level 1:colcon.colcon_core.package_identification:_identify(Log) by extension 'ignore'
[0.753s] Level 1:colcon.colcon_core.package_identification:_identify(Log) by extension 'ignore_ament_install'
[0.754s] Level 1:colcon.colcon_core.package_identification:_identify(Log) by extensions ['colcon_pkg']
[0.754s] Level 1:colcon.colcon_core.package_identification:_identify(Log) by extension 'colcon_pkg'
[0.754s] Level 1:colcon.colcon_core.package_identification:_identify(Log) by extensions ['colcon_meta']
[0.754s] Level 1:colcon.colcon_core.package_identification:_identify(Log) by extension 'colcon_meta'
[0.754s] Level 1:colcon.colcon_core.package_identification:_identify(Log) by extensions ['ros']
[0.754s] Level 1:colcon.colcon_core.package_identification:_identify(Log) by extension 'ros'
[0.754s] Level 1:colcon.colcon_core.package_identification:_identify(Log) by extensions ['cmake', 'python']
[0.754s] Level 1:colcon.colcon_core.package_identification:_identify(Log) by extension 'cmake'
[0.754s] Level 1:colcon.colcon_core.package_identification:_identify(Log) by extension 'python'
[0.755s] Level 1:colcon.colcon_core.package_identification:_identify(Log) by extensions ['python_setup_py']
[0.755s] Level 1:colcon.colcon_core.package_identification:_identify(Log) by extension 'python_setup_py'
[0.755s] Level 1:colcon.colcon_core.package_identification:_identify(build) by extensions ['ignore', 'ignore_ament_install']
[0.755s] Level 1:colcon.colcon_core.package_identification:_identify(build) by extension 'ignore'
[0.755s] Level 1:colcon.colcon_core.package_identification:_identify(build) ignored
[0.756s] Level 1:colcon.colcon_core.package_identification:_identify(config) by extensions ['ignore', 'ignore_ament_install']
[0.756s] Level 1:colcon.colcon_core.package_identification:_identify(config) by extension 'ignore'
[0.756s] Level 1:colcon.colcon_core.package_identification:_identify(config) by extension 'ignore_ament_install'
[0.756s] Level 1:colcon.colcon_core.package_identification:_identify(config) by extensions ['colcon_pkg']
[0.756s] Level 1:colcon.colcon_core.package_identification:_identify(config) by extension 'colcon_pkg'
[0.756s] Level 1:colcon.colcon_core.package_identification:_identify(config) by extensions ['colcon_meta']
[0.756s] Level 1:colcon.colcon_core.package_identification:_identify(config) by extension 'colcon_meta'
[0.757s] Level 1:colcon.colcon_core.package_identification:_identify(config) by extensions ['ros']
[0.757s] Level 1:colcon.colcon_core.package_identification:_identify(config) by extension 'ros'
[0.757s] Level 1:colcon.colcon_core.package_identification:_identify(config) by extensions ['cmake', 'python']
[0.757s] Level 1:colcon.colcon_core.package_identification:_identify(config) by extension 'cmake'
[0.757s] Level 1:colcon.colcon_core.package_identification:_identify(config) by extension 'python'
[0.757s] Level 1:colcon.colcon_core.package_identification:_identify(config) by extensions ['python_setup_py']
[0.757s] Level 1:colcon.colcon_core.package_identification:_identify(config) by extension 'python_setup_py'
[0.757s] Level 1:colcon.colcon_core.package_identification:_identify(docs) by extensions ['ignore', 'ignore_ament_install']
[0.758s] Level 1:colcon.colcon_core.package_identification:_identify(docs) by extension 'ignore'
[0.758s] Level 1:colcon.colcon_core.package_identification:_identify(docs) by extension 'ignore_ament_install'
[0.758s] Level 1:colcon.colcon_core.package_identification:_identify(docs) by extensions ['colcon_pkg']
[0.758s] Level 1:colcon.colcon_core.package_identification:_identify(docs) by extension 'colcon_pkg'
[0.758s] Level 1:colcon.colcon_core.package_identification:_identify(docs) by extensions ['colcon_meta']
[0.758s] Level 1:colcon.colcon_core.package_identification:_identify(docs) by extension 'colcon_meta'
[0.758s] Level 1:colcon.colcon_core.package_identification:_identify(docs) by extensions ['ros']
[0.759s] Level 1:colcon.colcon_core.package_identification:_identify(docs) by extension 'ros'
[0.759s] Level 1:colcon.colcon_core.package_identification:_identify(docs) by extensions ['cmake', 'python']
[0.759s] Level 1:colcon.colcon_core.package_identification:_identify(docs) by extension 'cmake'
[0.759s] Level 1:colcon.colcon_core.package_identification:_identify(docs) by extension 'python'
[0.759s] Level 1:colcon.colcon_core.package_identification:_identify(docs) by extensions ['python_setup_py']
[0.759s] Level 1:colcon.colcon_core.package_identification:_identify(docs) by extension 'python_setup_py'
[0.759s] Level 1:colcon.colcon_core.package_identification:_identify(docs/evidence) by extensions ['ignore', 'ignore_ament_install']
[0.760s] Level 1:colcon.colcon_core.package_identification:_identify(docs/evidence) by extension 'ignore'
[0.760s] Level 1:colcon.colcon_core.package_identification:_identify(docs/evidence) by extension 'ignore_ament_install'
[0.760s] Level 1:colcon.colcon_core.package_identification:_identify(docs/evidence) by extensions ['colcon_pkg']
[0.760s] Level 1:colcon.colcon_core.package_identification:_identify(docs/evidence) by extension 'colcon_pkg'
[0.760s] Level 1:colcon.colcon_core.package_identification:_identify(docs/evidence) by extensions ['colcon_meta']
[0.760s] Level 1:colcon.colcon_core.package_identification:_identify(docs/evidence) by extension 'colcon_meta'
[0.760s] Level 1:colcon.colcon_core.package_identification:_identify(docs/evidence) by extensions ['ros']
[0.760s] Level 1:colcon.colcon_core.package_identification:_identify(docs/evidence) by extension 'ros'
[0.761s] Level 1:colcon.colcon_core.package_identification:_identify(docs/evidence) by extensions ['cmake', 'python']
[0.761s] Level 1:colcon.colcon_core.package_identification:_identify(docs/evidence) by extension 'cmake'
[0.761s] Level 1:colcon.colcon_core.package_identification:_identify(docs/evidence) by extension 'python'
[0.761s] Level 1:colcon.colcon_core.package_identification:_identify(docs/evidence) by extensions ['python_setup_py']
[0.761s] Level 1:colcon.colcon_core.package_identification:_identify(docs/evidence) by extension 'python_setup_py'
[0.761s] Level 1:colcon.colcon_core.package_identification:_identify(docs/evidence/depth-health-2026-09-12) by extensions ['ignore', 'ignore_ament_install']
[0.762s] Level 1:colcon.colcon_core.package_identification:_identify(docs/evidence/depth-health-2026-09-12) by extension 'ignore'
[0.762s] Level 1:colcon.colcon_core.package_identification:_identify(docs/evidence/depth-health-2026-09-12) by extension 'ignore_ament_install'
[0.762s] Level 1:colcon.colcon_core.package_identification:_identify(docs/evidence/depth-health-2026-09-12) by extensions ['colcon_pkg']
[0.762s] Level 1:colcon.colcon_core.package_identification:_identify(docs/evidence/depth-health-2026-09-12) by extension 'colcon_pkg'
[0.762s] Level 1:colcon.colcon_core.package_identification:_identify(docs/evidence/depth-health-2026-09-12) by extensions ['colcon_meta']
[0.762s] Level 1:colcon.colcon_core.package_identification:_identify(docs/evidence/depth-health-2026-09-12) by extension 'colcon_meta'
[0.762s] Level 1:colcon.colcon_core.package_identification:_identify(docs/evidence/depth-health-2026-09-12) by extensions ['ros']
[0.762s] Level 1:colcon.colcon_core.package_identification:_identify(docs/evidence/depth-health-2026-09-12) by extension 'ros'
[0.763s] Level 1:colcon.colcon_core.package_identification:_identify(docs/evidence/depth-health-2026-09-12) by extensions ['cmake', 'python']
[0.763s] Level 1:colcon.colcon_core.package_identification:_identify(docs/evidence/depth-health-2026-09-12) by extension 'cmake'
[0.763s] Level 1:colcon.colcon_core.package_identification:_identify(docs/evidence/depth-health-2026-09-12) by extension 'python'
[0.763s] Level 1:colcon.colcon_core.package_identification:_identify(docs/evidence/depth-health-2026-09-12) by extensions ['python_setup_py']
[0.763s] Level 1:colcon.colcon_core.package_identification:_identify(docs/evidence/depth-health-2026-09-12) by extension 'python_setup_py'
[0.763s] Level 1:colcon.colcon_core.package_identification:_identify(docs/evidence/mount-probe-2026-09-11) by extensions ['ignore', 'ignore_ament_install']
[0.764s] Level 1:colcon.colcon_core.package_identification:_identify(docs/evidence/mount-probe-2026-09-11) by extension 'ignore'
[0.764s] Level 1:colcon.colcon_core.package_identification:_identify(docs/evidence/mount-probe-2026-09-11) by extension 'ignore_ament_install'
[0.764s] Level 1:colcon.colcon_core.package_identification:_identify(docs/evidence/mount-probe-2026-09-11) by extensions ['colcon_pkg']
[0.764s] Level 1:colcon.colcon_core.package_identification:_identify(docs/evidence/mount-probe-2026-09-11) by extension 'colcon_pkg'
[0.764s] Level 1:colcon.colcon_core.package_identification:_identify(docs/evidence/mount-probe-2026-09-11) by extensions ['colcon_meta']
[0.764s] Level 1:colcon.colcon_core.package_identification:_identify(docs/evidence/mount-probe-2026-09-11) by extension 'colcon_meta'
[0.764s] Level 1:colcon.colcon_core.package_identification:_identify(docs/evidence/mount-probe-2026-09-11) by extensions ['ros']
[0.764s] Level 1:colcon.colcon_core.package_identification:_identify(docs/evidence/mount-probe-2026-09-11) by extension 'ros'
[0.765s] Level 1:colcon.colcon_core.package_identification:_identify(docs/evidence/mount-probe-2026-09-11) by extensions ['cmake', 'python']
[0.765s] Level 1:colcon.colcon_core.package_identification:_identify(docs/evidence/mount-probe-2026-09-11) by extension 'cmake'
[0.765s] Level 1:colcon.colcon_core.package_identification:_identify(docs/evidence/mount-probe-2026-09-11) by extension 'python'
[0.765s] Level 1:colcon.colcon_core.package_identification:_identify(docs/evidence/mount-probe-2026-09-11) by extensions ['python_setup_py']
[0.765s] Level 1:colcon.colcon_core.package_identification:_identify(docs/evidence/mount-probe-2026-09-11) by extension 'python_setup_py'
[0.765s] Level 1:colcon.colcon_core.package_identification:_identify(docs/evidence/official-dobot-magician) by extensions ['ignore', 'ignore_ament_install']
[0.766s] Level 1:colcon.colcon_core.package_identification:_identify(docs/evidence/official-dobot-magician) by extension 'ignore'
[0.766s] Level 1:colcon.colcon_core.package_identification:_identify(docs/evidence/official-dobot-magician) by extension 'ignore_ament_install'
[0.766s] Level 1:colcon.colcon_core.package_identification:_identify(docs/evidence/official-dobot-magician) by extensions ['colcon_pkg']
[0.766s] Level 1:colcon.colcon_core.package_identification:_identify(docs/evidence/official-dobot-magician) by extension 'colcon_pkg'
[0.766s] Level 1:colcon.colcon_core.package_identification:_identify(docs/evidence/official-dobot-magician) by extensions ['colcon_meta']
[0.766s] Level 1:colcon.colcon_core.package_identification:_identify(docs/evidence/official-dobot-magician) by extension 'colcon_meta'
[0.766s] Level 1:colcon.colcon_core.package_identification:_identify(docs/evidence/official-dobot-magician) by extensions ['ros']
[0.766s] Level 1:colcon.colcon_core.package_identification:_identify(docs/evidence/official-dobot-magician) by extension 'ros'
[0.767s] Level 1:colcon.colcon_core.package_identification:_identify(docs/evidence/official-dobot-magician) by extensions ['cmake', 'python']
[0.767s] Level 1:colcon.colcon_core.package_identification:_identify(docs/evidence/official-dobot-magician) by extension 'cmake'
[0.767s] Level 1:colcon.colcon_core.package_identification:_identify(docs/evidence/official-dobot-magician) by extension 'python'
[0.767s] Level 1:colcon.colcon_core.package_identification:_identify(docs/evidence/official-dobot-magician) by extensions ['python_setup_py']
[0.767s] Level 1:colcon.colcon_core.package_identification:_identify(docs/evidence/official-dobot-magician) by extension 'python_setup_py'
[0.767s] Level 1:colcon.colcon_core.package_identification:_identify(install) by extensions ['ignore', 'ignore_ament_install']
[0.768s] Level 1:colcon.colcon_core.package_identification:_identify(install) by extension 'ignore'
[0.768s] Level 1:colcon.colcon_core.package_identification:_identify(install) ignored
[0.768s] Level 1:colcon.colcon_core.package_identification:_identify(log) by extensions ['ignore', 'ignore_ament_install']
[0.768s] Level 1:colcon.colcon_core.package_identification:_identify(log) by extension 'ignore'
[0.768s] Level 1:colcon.colcon_core.package_identification:_identify(log) ignored
[0.769s] Level 1:colcon.colcon_core.package_identification:_identify(scripts) by extensions ['ignore', 'ignore_ament_install']
[0.769s] Level 1:colcon.colcon_core.package_identification:_identify(scripts) by extension 'ignore'
[0.769s] Level 1:colcon.colcon_core.package_identification:_identify(scripts) by extension 'ignore_ament_install'
[0.769s] Level 1:colcon.colcon_core.package_identification:_identify(scripts) by extensions ['colcon_pkg']
[0.769s] Level 1:colcon.colcon_core.package_identification:_identify(scripts) by extension 'colcon_pkg'
[0.769s] Level 1:colcon.colcon_core.package_identification:_identify(scripts) by extensions ['colcon_meta']
[0.769s] Level 1:colcon.colcon_core.package_identification:_identify(scripts) by extension 'colcon_meta'
[0.770s] Level 1:colcon.colcon_core.package_identification:_identify(scripts) by extensions ['ros']
[0.770s] Level 1:colcon.colcon_core.package_identification:_identify(scripts) by extension 'ros'
[0.770s] Level 1:colcon.colcon_core.package_identification:_identify(scripts) by extensions ['cmake', 'python']
[0.770s] Level 1:colcon.colcon_core.package_identification:_identify(scripts) by extension 'cmake'
[0.770s] Level 1:colcon.colcon_core.package_identification:_identify(scripts) by extension 'python'
[0.770s] Level 1:colcon.colcon_core.package_identification:_identify(scripts) by extensions ['python_setup_py']
[0.770s] Level 1:colcon.colcon_core.package_identification:_identify(scripts) by extension 'python_setup_py'
[0.771s] Level 1:colcon.colcon_core.package_identification:_identify(scripts/__pycache__) by extensions ['ignore', 'ignore_ament_install']
[0.771s] Level 1:colcon.colcon_core.package_identification:_identify(scripts/__pycache__) by extension 'ignore'
[0.771s] Level 1:colcon.colcon_core.package_identification:_identify(scripts/__pycache__) by extension 'ignore_ament_install'
[0.771s] Level 1:colcon.colcon_core.package_identification:_identify(scripts/__pycache__) by extensions ['colcon_pkg']
[0.771s] Level 1:colcon.colcon_core.package_identification:_identify(scripts/__pycache__) by extension 'colcon_pkg'
[0.771s] Level 1:colcon.colcon_core.package_identification:_identify(scripts/__pycache__) by extensions ['colcon_meta']
[0.771s] Level 1:colcon.colcon_core.package_identification:_identify(scripts/__pycache__) by extension 'colcon_meta'
[0.771s] Level 1:colcon.colcon_core.package_identification:_identify(scripts/__pycache__) by extensions ['ros']
[0.772s] Level 1:colcon.colcon_core.package_identification:_identify(scripts/__pycache__) by extension 'ros'
[0.772s] Level 1:colcon.colcon_core.package_identification:_identify(scripts/__pycache__) by extensions ['cmake', 'python']
[0.772s] Level 1:colcon.colcon_core.package_identification:_identify(scripts/__pycache__) by extension 'cmake'
[0.772s] Level 1:colcon.colcon_core.package_identification:_identify(scripts/__pycache__) by extension 'python'
[0.772s] Level 1:colcon.colcon_core.package_identification:_identify(scripts/__pycache__) by extensions ['python_setup_py']
[0.772s] Level 1:colcon.colcon_core.package_identification:_identify(scripts/__pycache__) by extension 'python_setup_py'
[0.772s] Level 1:colcon.colcon_core.package_identification:_identify(src) by extensions ['ignore', 'ignore_ament_install']
[0.773s] Level 1:colcon.colcon_core.package_identification:_identify(src) by extension 'ignore'
[0.773s] Level 1:colcon.colcon_core.package_identification:_identify(src) by extension 'ignore_ament_install'
[0.773s] Level 1:colcon.colcon_core.package_identification:_identify(src) by extensions ['colcon_pkg']
[0.773s] Level 1:colcon.colcon_core.package_identification:_identify(src) by extension 'colcon_pkg'
[0.773s] Level 1:colcon.colcon_core.package_identification:_identify(src) by extensions ['colcon_meta']
[0.773s] Level 1:colcon.colcon_core.package_identification:_identify(src) by extension 'colcon_meta'
[0.773s] Level 1:colcon.colcon_core.package_identification:_identify(src) by extensions ['ros']
[0.773s] Level 1:colcon.colcon_core.package_identification:_identify(src) by extension 'ros'
[0.774s] Level 1:colcon.colcon_core.package_identification:_identify(src) by extensions ['cmake', 'python']
[0.774s] Level 1:colcon.colcon_core.package_identification:_identify(src) by extension 'cmake'
[0.774s] Level 1:colcon.colcon_core.package_identification:_identify(src) by extension 'python'
[0.774s] Level 1:colcon.colcon_core.package_identification:_identify(src) by extensions ['python_setup_py']
[0.774s] Level 1:colcon.colcon_core.package_identification:_identify(src) by extension 'python_setup_py'
[0.774s] Level 1:colcon.colcon_core.package_identification:_identify(src/OrbbecSDK_ROS2) by extensions ['ignore', 'ignore_ament_install']
[0.775s] Level 1:colcon.colcon_core.package_identification:_identify(src/OrbbecSDK_ROS2) by extension 'ignore'
[0.775s] Level 1:colcon.colcon_core.package_identification:_identify(src/OrbbecSDK_ROS2) by extension 'ignore_ament_install'
[0.775s] Level 1:colcon.colcon_core.package_identification:_identify(src/OrbbecSDK_ROS2) by extensions ['colcon_pkg']
[0.775s] Level 1:colcon.colcon_core.package_identification:_identify(src/OrbbecSDK_ROS2) by extension 'colcon_pkg'
[0.775s] Level 1:colcon.colcon_core.package_identification:_identify(src/OrbbecSDK_ROS2) by extensions ['colcon_meta']
[0.775s] Level 1:colcon.colcon_core.package_identification:_identify(src/OrbbecSDK_ROS2) by extension 'colcon_meta'
[0.775s] Level 1:colcon.colcon_core.package_identification:_identify(src/OrbbecSDK_ROS2) by extensions ['ros']
[0.775s] Level 1:colcon.colcon_core.package_identification:_identify(src/OrbbecSDK_ROS2) by extension 'ros'
[0.776s] Level 1:colcon.colcon_core.package_identification:_identify(src/OrbbecSDK_ROS2) by extensions ['cmake', 'python']
[0.776s] Level 1:colcon.colcon_core.package_identification:_identify(src/OrbbecSDK_ROS2) by extension 'cmake'
[0.776s] Level 1:colcon.colcon_core.package_identification:_identify(src/OrbbecSDK_ROS2) by extension 'python'
[0.776s] Level 1:colcon.colcon_core.package_identification:_identify(src/OrbbecSDK_ROS2) by extensions ['python_setup_py']
[0.776s] Level 1:colcon.colcon_core.package_identification:_identify(src/OrbbecSDK_ROS2) by extension 'python_setup_py'
[0.776s] Level 1:colcon.colcon_core.package_identification:_identify(src/OrbbecSDK_ROS2/docs) by extensions ['ignore', 'ignore_ament_install']
[0.776s] Level 1:colcon.colcon_core.package_identification:_identify(src/OrbbecSDK_ROS2/docs) by extension 'ignore'
[0.777s] Level 1:colcon.colcon_core.package_identification:_identify(src/OrbbecSDK_ROS2/docs) by extension 'ignore_ament_install'
[0.777s] Level 1:colcon.colcon_core.package_identification:_identify(src/OrbbecSDK_ROS2/docs) by extensions ['colcon_pkg']
[0.777s] Level 1:colcon.colcon_core.package_identification:_identify(src/OrbbecSDK_ROS2/docs) by extension 'colcon_pkg'
[0.777s] Level 1:colcon.colcon_core.package_identification:_identify(src/OrbbecSDK_ROS2/docs) by extensions ['colcon_meta']
[0.777s] Level 1:colcon.colcon_core.package_identification:_identify(src/OrbbecSDK_ROS2/docs) by extension 'colcon_meta'
[0.777s] Level 1:colcon.colcon_core.package_identification:_identify(src/OrbbecSDK_ROS2/docs) by extensions ['ros']
[0.777s] Level 1:colcon.colcon_core.package_identification:_identify(src/OrbbecSDK_ROS2/docs) by extension 'ros'
[0.777s] Level 1:colcon.colcon_core.package_identification:_identify(src/OrbbecSDK_ROS2/docs) by extensions ['cmake', 'python']
[0.777s] Level 1:colcon.colcon_core.package_identification:_identify(src/OrbbecSDK_ROS2/docs) by extension 'cmake'
[0.778s] Level 1:colcon.colcon_core.package_identification:_identify(src/OrbbecSDK_ROS2/docs) by extension 'python'
[0.778s] Level 1:colcon.colcon_core.package_identification:_identify(src/OrbbecSDK_ROS2/docs) by extensions ['python_setup_py']
[0.778s] Level 1:colcon.colcon_core.package_identification:_identify(src/OrbbecSDK_ROS2/docs) by extension 'python_setup_py'
[0.778s] Level 1:colcon.colcon_core.package_identification:_identify(src/OrbbecSDK_ROS2/docs/images) by extensions ['ignore', 'ignore_ament_install']
[0.778s] Level 1:colcon.colcon_core.package_identification:_identify(src/OrbbecSDK_ROS2/docs/images) by extension 'ignore'
[0.778s] Level 1:colcon.colcon_core.package_identification:_identify(src/OrbbecSDK_ROS2/docs/images) by extension 'ignore_ament_install'
[0.779s] Level 1:colcon.colcon_core.package_identification:_identify(src/OrbbecSDK_ROS2/docs/images) by extensions ['colcon_pkg']
[0.779s] Level 1:colcon.colcon_core.package_identification:_identify(src/OrbbecSDK_ROS2/docs/images) by extension 'colcon_pkg'
[0.779s] Level 1:colcon.colcon_core.package_identification:_identify(src/OrbbecSDK_ROS2/docs/images) by extensions ['colcon_meta']
[0.779s] Level 1:colcon.colcon_core.package_identification:_identify(src/OrbbecSDK_ROS2/docs/images) by extension 'colcon_meta'
[0.779s] Level 1:colcon.colcon_core.package_identification:_identify(src/OrbbecSDK_ROS2/docs/images) by extensions ['ros']
[0.779s] Level 1:colcon.colcon_core.package_identification:_identify(src/OrbbecSDK_ROS2/docs/images) by extension 'ros'
[0.779s] Level 1:colcon.colcon_core.package_identification:_identify(src/OrbbecSDK_ROS2/docs/images) by extensions ['cmake', 'python']
[0.779s] Level 1:colcon.colcon_core.package_identification:_identify(src/OrbbecSDK_ROS2/docs/images) by extension 'cmake'
[0.779s] Level 1:colcon.colcon_core.package_identification:_identify(src/OrbbecSDK_ROS2/docs/images) by extension 'python'
[0.780s] Level 1:colcon.colcon_core.package_identification:_identify(src/OrbbecSDK_ROS2/docs/images) by extensions ['python_setup_py']
[0.780s] Level 1:colcon.colcon_core.package_identification:_identify(src/OrbbecSDK_ROS2/docs/images) by extension 'python_setup_py'
[0.780s] Level 1:colcon.colcon_core.package_identification:_identify(src/OrbbecSDK_ROS2/orbbec_camera) by extensions ['ignore', 'ignore_ament_install']
[0.780s] Level 1:colcon.colcon_core.package_identification:_identify(src/OrbbecSDK_ROS2/orbbec_camera) by extension 'ignore'
[0.780s] Level 1:colcon.colcon_core.package_identification:_identify(src/OrbbecSDK_ROS2/orbbec_camera) by extension 'ignore_ament_install'
[0.780s] Level 1:colcon.colcon_core.package_identification:_identify(src/OrbbecSDK_ROS2/orbbec_camera) by extensions ['colcon_pkg']
[0.780s] Level 1:colcon.colcon_core.package_identification:_identify(src/OrbbecSDK_ROS2/orbbec_camera) by extension 'colcon_pkg'
[0.781s] Level 1:colcon.colcon_core.package_identification:_identify(src/OrbbecSDK_ROS2/orbbec_camera) by extensions ['colcon_meta']
[0.781s] Level 1:colcon.colcon_core.package_identification:_identify(src/OrbbecSDK_ROS2/orbbec_camera) by extension 'colcon_meta'
[0.781s] Level 1:colcon.colcon_core.package_identification:_identify(src/OrbbecSDK_ROS2/orbbec_camera) by extensions ['ros']
[0.781s] Level 1:colcon.colcon_core.package_identification:_identify(src/OrbbecSDK_ROS2/orbbec_camera) by extension 'ros'
[0.794s] DEBUG:colcon.colcon_core.package_identification:Package 'src/OrbbecSDK_ROS2/orbbec_camera' with type 'ros.ament_cmake' and name 'orbbec_camera'
[0.794s] Level 1:colcon.colcon_core.package_identification:_identify(src/OrbbecSDK_ROS2/orbbec_camera_msgs) by extensions ['ignore', 'ignore_ament_install']
[0.794s] Level 1:colcon.colcon_core.package_identification:_identify(src/OrbbecSDK_ROS2/orbbec_camera_msgs) by extension 'ignore'
[0.794s] Level 1:colcon.colcon_core.package_identification:_identify(src/OrbbecSDK_ROS2/orbbec_camera_msgs) by extension 'ignore_ament_install'
[0.795s] Level 1:colcon.colcon_core.package_identification:_identify(src/OrbbecSDK_ROS2/orbbec_camera_msgs) by extensions ['colcon_pkg']
[0.795s] Level 1:colcon.colcon_core.package_identification:_identify(src/OrbbecSDK_ROS2/orbbec_camera_msgs) by extension 'colcon_pkg'
[0.795s] Level 1:colcon.colcon_core.package_identification:_identify(src/OrbbecSDK_ROS2/orbbec_camera_msgs) by extensions ['colcon_meta']
[0.795s] Level 1:colcon.colcon_core.package_identification:_identify(src/OrbbecSDK_ROS2/orbbec_camera_msgs) by extension 'colcon_meta'
[0.795s] Level 1:colcon.colcon_core.package_identification:_identify(src/OrbbecSDK_ROS2/orbbec_camera_msgs) by extensions ['ros']
[0.795s] Level 1:colcon.colcon_core.package_identification:_identify(src/OrbbecSDK_ROS2/orbbec_camera_msgs) by extension 'ros'
[0.797s] DEBUG:colcon.colcon_core.package_identification:Package 'src/OrbbecSDK_ROS2/orbbec_camera_msgs' with type 'ros.ament_cmake' and name 'orbbec_camera_msgs'
[0.797s] Level 1:colcon.colcon_core.package_identification:_identify(src/OrbbecSDK_ROS2/orbbec_description) by extensions ['ignore', 'ignore_ament_install']
[0.797s] Level 1:colcon.colcon_core.package_identification:_identify(src/OrbbecSDK_ROS2/orbbec_description) by extension 'ignore'
[0.797s] Level 1:colcon.colcon_core.package_identification:_identify(src/OrbbecSDK_ROS2/orbbec_description) by extension 'ignore_ament_install'
[0.798s] Level 1:colcon.colcon_core.package_identification:_identify(src/OrbbecSDK_ROS2/orbbec_description) by extensions ['colcon_pkg']
[0.798s] Level 1:colcon.colcon_core.package_identification:_identify(src/OrbbecSDK_ROS2/orbbec_description) by extension 'colcon_pkg'
[0.798s] Level 1:colcon.colcon_core.package_identification:_identify(src/OrbbecSDK_ROS2/orbbec_description) by extensions ['colcon_meta']
[0.798s] Level 1:colcon.colcon_core.package_identification:_identify(src/OrbbecSDK_ROS2/orbbec_description) by extension 'colcon_meta'
[0.798s] Level 1:colcon.colcon_core.package_identification:_identify(src/OrbbecSDK_ROS2/orbbec_description) by extensions ['ros']
[0.798s] Level 1:colcon.colcon_core.package_identification:_identify(src/OrbbecSDK_ROS2/orbbec_description) by extension 'ros'
[0.799s] DEBUG:colcon.colcon_core.package_identification:Package 'src/OrbbecSDK_ROS2/orbbec_description' with type 'ros.ament_cmake' and name 'orbbec_description'
[0.799s] Level 1:colcon.colcon_core.package_identification:_identify(src/magician_ros2) by extensions ['ignore', 'ignore_ament_install']
[0.800s] Level 1:colcon.colcon_core.package_identification:_identify(src/magician_ros2) by extension 'ignore'
[0.800s] Level 1:colcon.colcon_core.package_identification:_identify(src/magician_ros2) by extension 'ignore_ament_install'
[0.800s] Level 1:colcon.colcon_core.package_identification:_identify(src/magician_ros2) by extensions ['colcon_pkg']
[0.800s] Level 1:colcon.colcon_core.package_identification:_identify(src/magician_ros2) by extension 'colcon_pkg'
[0.800s] Level 1:colcon.colcon_core.package_identification:_identify(src/magician_ros2) by extensions ['colcon_meta']
[0.800s] Level 1:colcon.colcon_core.package_identification:_identify(src/magician_ros2) by extension 'colcon_meta'
[0.800s] Level 1:colcon.colcon_core.package_identification:_identify(src/magician_ros2) by extensions ['ros']
[0.800s] Level 1:colcon.colcon_core.package_identification:_identify(src/magician_ros2) by extension 'ros'
[0.801s] Level 1:colcon.colcon_core.package_identification:_identify(src/magician_ros2) by extensions ['cmake', 'python']
[0.801s] Level 1:colcon.colcon_core.package_identification:_identify(src/magician_ros2) by extension 'cmake'
[0.801s] Level 1:colcon.colcon_core.package_identification:_identify(src/magician_ros2) by extension 'python'
[0.801s] Level 1:colcon.colcon_core.package_identification:_identify(src/magician_ros2) by extensions ['python_setup_py']
[0.801s] Level 1:colcon.colcon_core.package_identification:_identify(src/magician_ros2) by extension 'python_setup_py'
[0.801s] Level 1:colcon.colcon_core.package_identification:_identify(src/magician_ros2/dobot_bringup) by extensions ['ignore', 'ignore_ament_install']
[0.802s] Level 1:colcon.colcon_core.package_identification:_identify(src/magician_ros2/dobot_bringup) by extension 'ignore'
[0.802s] Level 1:colcon.colcon_core.package_identification:_identify(src/magician_ros2/dobot_bringup) by extension 'ignore_ament_install'
[0.802s] Level 1:colcon.colcon_core.package_identification:_identify(src/magician_ros2/dobot_bringup) by extensions ['colcon_pkg']
[0.802s] Level 1:colcon.colcon_core.package_identification:_identify(src/magician_ros2/dobot_bringup) by extension 'colcon_pkg'
[0.802s] Level 1:colcon.colcon_core.package_identification:_identify(src/magician_ros2/dobot_bringup) by extensions ['colcon_meta']
[0.802s] Level 1:colcon.colcon_core.package_identification:_identify(src/magician_ros2/dobot_bringup) by extension 'colcon_meta'
[0.802s] Level 1:colcon.colcon_core.package_identification:_identify(src/magician_ros2/dobot_bringup) by extensions ['ros']
[0.802s] Level 1:colcon.colcon_core.package_identification:_identify(src/magician_ros2/dobot_bringup) by extension 'ros'
[0.804s] DEBUG:colcon.colcon_core.package_identification:Package 'src/magician_ros2/dobot_bringup' with type 'ros.ament_python' and name 'dobot_bringup'
[0.804s] Level 1:colcon.colcon_core.package_identification:_identify(src/magician_ros2/dobot_calibration) by extensions ['ignore', 'ignore_ament_install']
[0.804s] Level 1:colcon.colcon_core.package_identification:_identify(src/magician_ros2/dobot_calibration) by extension 'ignore'
[0.805s] Level 1:colcon.colcon_core.package_identification:_identify(src/magician_ros2/dobot_calibration) by extension 'ignore_ament_install'
[0.805s] Level 1:colcon.colcon_core.package_identification:_identify(src/magician_ros2/dobot_calibration) by extensions ['colcon_pkg']
[0.805s] Level 1:colcon.colcon_core.package_identification:_identify(src/magician_ros2/dobot_calibration) by extension 'colcon_pkg'
[0.805s] Level 1:colcon.colcon_core.package_identification:_identify(src/magician_ros2/dobot_calibration) by extensions ['colcon_meta']
[0.805s] Level 1:colcon.colcon_core.package_identification:_identify(src/magician_ros2/dobot_calibration) by extension 'colcon_meta'
[0.805s] Level 1:colcon.colcon_core.package_identification:_identify(src/magician_ros2/dobot_calibration) by extensions ['ros']
[0.805s] Level 1:colcon.colcon_core.package_identification:_identify(src/magician_ros2/dobot_calibration) by extension 'ros'
[0.807s] DEBUG:colcon.colcon_core.package_identification:Package 'src/magician_ros2/dobot_calibration' with type 'ros.ament_python' and name 'dobot_calibration'
[0.807s] Level 1:colcon.colcon_core.package_identification:_identify(src/magician_ros2/dobot_control_panel) by extensions ['ignore', 'ignore_ament_install']
[0.807s] Level 1:colcon.colcon_core.package_identification:_identify(src/magician_ros2/dobot_control_panel) by extension 'ignore'
[0.808s] Level 1:colcon.colcon_core.package_identification:_identify(src/magician_ros2/dobot_control_panel) by extension 'ignore_ament_install'
[0.808s] Level 1:colcon.colcon_core.package_identification:_identify(src/magician_ros2/dobot_control_panel) by extensions ['colcon_pkg']
[0.808s] Level 1:colcon.colcon_core.package_identification:_identify(src/magician_ros2/dobot_control_panel) by extension 'colcon_pkg'
[0.808s] Level 1:colcon.colcon_core.package_identification:_identify(src/magician_ros2/dobot_control_panel) by extensions ['colcon_meta']
[0.808s] Level 1:colcon.colcon_core.package_identification:_identify(src/magician_ros2/dobot_control_panel) by extension 'colcon_meta'
[0.808s] Level 1:colcon.colcon_core.package_identification:_identify(src/magician_ros2/dobot_control_panel) by extensions ['ros']
[0.808s] Level 1:colcon.colcon_core.package_identification:_identify(src/magician_ros2/dobot_control_panel) by extension 'ros'
[0.810s] DEBUG:colcon.colcon_core.package_identification:Package 'src/magician_ros2/dobot_control_panel' with type 'ros.ament_python' and name 'dobot_control_panel'
[0.810s] Level 1:colcon.colcon_core.package_identification:_identify(src/magician_ros2/dobot_demos) by extensions ['ignore', 'ignore_ament_install']
[0.810s] Level 1:colcon.colcon_core.package_identification:_identify(src/magician_ros2/dobot_demos) by extension 'ignore'
[0.810s] Level 1:colcon.colcon_core.package_identification:_identify(src/magician_ros2/dobot_demos) by extension 'ignore_ament_install'
[0.811s] Level 1:colcon.colcon_core.package_identification:_identify(src/magician_ros2/dobot_demos) by extensions ['colcon_pkg']
[0.811s] Level 1:colcon.colcon_core.package_identification:_identify(src/magician_ros2/dobot_demos) by extension 'colcon_pkg'
[0.811s] Level 1:colcon.colcon_core.package_identification:_identify(src/magician_ros2/dobot_demos) by extensions ['colcon_meta']
[0.811s] Level 1:colcon.colcon_core.package_identification:_identify(src/magician_ros2/dobot_demos) by extension 'colcon_meta'
[0.811s] Level 1:colcon.colcon_core.package_identification:_identify(src/magician_ros2/dobot_demos) by extensions ['ros']
[0.811s] Level 1:colcon.colcon_core.package_identification:_identify(src/magician_ros2/dobot_demos) by extension 'ros'
[0.813s] DEBUG:colcon.colcon_core.package_identification:Package 'src/magician_ros2/dobot_demos' with type 'ros.ament_python' and name 'dobot_demos'
[0.813s] Level 1:colcon.colcon_core.package_identification:_identify(src/magician_ros2/dobot_description) by extensions ['ignore', 'ignore_ament_install']
[0.813s] Level 1:colcon.colcon_core.package_identification:_identify(src/magician_ros2/dobot_description) by extension 'ignore'
[0.814s] Level 1:colcon.colcon_core.package_identification:_identify(src/magician_ros2/dobot_description) by extension 'ignore_ament_install'
[0.814s] Level 1:colcon.colcon_core.package_identification:_identify(src/magician_ros2/dobot_description) by extensions ['colcon_pkg']
[0.814s] Level 1:colcon.colcon_core.package_identification:_identify(src/magician_ros2/dobot_description) by extension 'colcon_pkg'
[0.814s] Level 1:colcon.colcon_core.package_identification:_identify(src/magician_ros2/dobot_description) by extensions ['colcon_meta']
[0.814s] Level 1:colcon.colcon_core.package_identification:_identify(src/magician_ros2/dobot_description) by extension 'colcon_meta'
[0.814s] Level 1:colcon.colcon_core.package_identification:_identify(src/magician_ros2/dobot_description) by extensions ['ros']
[0.814s] Level 1:colcon.colcon_core.package_identification:_identify(src/magician_ros2/dobot_description) by extension 'ros'
[0.816s] DEBUG:colcon.colcon_core.package_identification:Package 'src/magician_ros2/dobot_description' with type 'ros.ament_cmake' and name 'dobot_description'
[0.816s] Level 1:colcon.colcon_core.package_identification:_identify(src/magician_ros2/dobot_diagnostics) by extensions ['ignore', 'ignore_ament_install']
[0.816s] Level 1:colcon.colcon_core.package_identification:_identify(src/magician_ros2/dobot_diagnostics) by extension 'ignore'
[0.816s] Level 1:colcon.colcon_core.package_identification:_identify(src/magician_ros2/dobot_diagnostics) by extension 'ignore_ament_install'
[0.817s] Level 1:colcon.colcon_core.package_identification:_identify(src/magician_ros2/dobot_diagnostics) by extensions ['colcon_pkg']
[0.817s] Level 1:colcon.colcon_core.package_identification:_identify(src/magician_ros2/dobot_diagnostics) by extension 'colcon_pkg'
[0.817s] Level 1:colcon.colcon_core.package_identification:_identify(src/magician_ros2/dobot_diagnostics) by extensions ['colcon_meta']
[0.817s] Level 1:colcon.colcon_core.package_identification:_identify(src/magician_ros2/dobot_diagnostics) by extension 'colcon_meta'
[0.817s] Level 1:colcon.colcon_core.package_identification:_identify(src/magician_ros2/dobot_diagnostics) by extensions ['ros']
[0.817s] Level 1:colcon.colcon_core.package_identification:_identify(src/magician_ros2/dobot_diagnostics) by extension 'ros'
[0.819s] DEBUG:colcon.colcon_core.package_identification:Package 'src/magician_ros2/dobot_diagnostics' with type 'ros.ament_python' and name 'dobot_diagnostics'
[0.819s] Level 1:colcon.colcon_core.package_identification:_identify(src/magician_ros2/dobot_driver) by extensions ['ignore', 'ignore_ament_install']
[0.819s] Level 1:colcon.colcon_core.package_identification:_identify(src/magician_ros2/dobot_driver) by extension 'ignore'
[0.819s] Level 1:colcon.colcon_core.package_identification:_identify(src/magician_ros2/dobot_driver) by extension 'ignore_ament_install'
[0.820s] Level 1:colcon.colcon_core.package_identification:_identify(src/magician_ros2/dobot_driver) by extensions ['colcon_pkg']
[0.820s] Level 1:colcon.colcon_core.package_identification:_identify(src/magician_ros2/dobot_driver) by extension 'colcon_pkg'
[0.820s] Level 1:colcon.colcon_core.package_identification:_identify(src/magician_ros2/dobot_driver) by extensions ['colcon_meta']
[0.820s] Level 1:colcon.colcon_core.package_identification:_identify(src/magician_ros2/dobot_driver) by extension 'colcon_meta'
[0.820s] Level 1:colcon.colcon_core.package_identification:_identify(src/magician_ros2/dobot_driver) by extensions ['ros']
[0.820s] Level 1:colcon.colcon_core.package_identification:_identify(src/magician_ros2/dobot_driver) by extension 'ros'
[0.821s] DEBUG:colcon.colcon_core.package_identification:Package 'src/magician_ros2/dobot_driver' with type 'ros.ament_cmake' and name 'dobot_driver'
[0.821s] Level 1:colcon.colcon_core.package_identification:_identify(src/magician_ros2/dobot_end_effector) by extensions ['ignore', 'ignore_ament_install']
[0.822s] Level 1:colcon.colcon_core.package_identification:_identify(src/magician_ros2/dobot_end_effector) by extension 'ignore'
[0.822s] Level 1:colcon.colcon_core.package_identification:_identify(src/magician_ros2/dobot_end_effector) by extension 'ignore_ament_install'
[0.822s] Level 1:colcon.colcon_core.package_identification:_identify(src/magician_ros2/dobot_end_effector) by extensions ['colcon_pkg']
[0.822s] Level 1:colcon.colcon_core.package_identification:_identify(src/magician_ros2/dobot_end_effector) by extension 'colcon_pkg'
[0.822s] Level 1:colcon.colcon_core.package_identification:_identify(src/magician_ros2/dobot_end_effector) by extensions ['colcon_meta']
[0.822s] Level 1:colcon.colcon_core.package_identification:_identify(src/magician_ros2/dobot_end_effector) by extension 'colcon_meta'
[0.823s] Level 1:colcon.colcon_core.package_identification:_identify(src/magician_ros2/dobot_end_effector) by extensions ['ros']
[0.823s] Level 1:colcon.colcon_core.package_identification:_identify(src/magician_ros2/dobot_end_effector) by extension 'ros'
[0.824s] DEBUG:colcon.colcon_core.package_identification:Package 'src/magician_ros2/dobot_end_effector' with type 'ros.ament_python' and name 'dobot_end_effector'
[0.824s] Level 1:colcon.colcon_core.package_identification:_identify(src/magician_ros2/dobot_homing) by extensions ['ignore', 'ignore_ament_install']
[0.825s] Level 1:colcon.colcon_core.package_identification:_identify(src/magician_ros2/dobot_homing) by extension 'ignore'
[0.825s] Level 1:colcon.colcon_core.package_identification:_identify(src/magician_ros2/dobot_homing) by extension 'ignore_ament_install'
[0.825s] Level 1:colcon.colcon_core.package_identification:_identify(src/magician_ros2/dobot_homing) by extensions ['colcon_pkg']
[0.825s] Level 1:colcon.colcon_core.package_identification:_identify(src/magician_ros2/dobot_homing) by extension 'colcon_pkg'
[0.825s] Level 1:colcon.colcon_core.package_identification:_identify(src/magician_ros2/dobot_homing) by extensions ['colcon_meta']
[0.825s] Level 1:colcon.colcon_core.package_identification:_identify(src/magician_ros2/dobot_homing) by extension 'colcon_meta'
[0.825s] Level 1:colcon.colcon_core.package_identification:_identify(src/magician_ros2/dobot_homing) by extensions ['ros']
[0.826s] Level 1:colcon.colcon_core.package_identification:_identify(src/magician_ros2/dobot_homing) by extension 'ros'
[0.827s] DEBUG:colcon.colcon_core.package_identification:Package 'src/magician_ros2/dobot_homing' with type 'ros.ament_python' and name 'dobot_homing'
[0.828s] Level 1:colcon.colcon_core.package_identification:_identify(src/magician_ros2/dobot_kinematics) by extensions ['ignore', 'ignore_ament_install']
[0.828s] Level 1:colcon.colcon_core.package_identification:_identify(src/magician_ros2/dobot_kinematics) by extension 'ignore'
[0.828s] Level 1:colcon.colcon_core.package_identification:_identify(src/magician_ros2/dobot_kinematics) by extension 'ignore_ament_install'
[0.828s] Level 1:colcon.colcon_core.package_identification:_identify(src/magician_ros2/dobot_kinematics) by extensions ['colcon_pkg']
[0.828s] Level 1:colcon.colcon_core.package_identification:_identify(src/magician_ros2/dobot_kinematics) by extension 'colcon_pkg'
[0.828s] Level 1:colcon.colcon_core.package_identification:_identify(src/magician_ros2/dobot_kinematics) by extensions ['colcon_meta']
[0.828s] Level 1:colcon.colcon_core.package_identification:_identify(src/magician_ros2/dobot_kinematics) by extension 'colcon_meta'
[0.829s] Level 1:colcon.colcon_core.package_identification:_identify(src/magician_ros2/dobot_kinematics) by extensions ['ros']
[0.829s] Level 1:colcon.colcon_core.package_identification:_identify(src/magician_ros2/dobot_kinematics) by extension 'ros'
[0.830s] DEBUG:colcon.colcon_core.package_identification:Package 'src/magician_ros2/dobot_kinematics' with type 'ros.ament_python' and name 'dobot_kinematics'
[0.831s] Level 1:colcon.colcon_core.package_identification:_identify(src/magician_ros2/dobot_motion) by extensions ['ignore', 'ignore_ament_install']
[0.831s] Level 1:colcon.colcon_core.package_identification:_identify(src/magician_ros2/dobot_motion) by extension 'ignore'
[0.831s] Level 1:colcon.colcon_core.package_identification:_identify(src/magician_ros2/dobot_motion) by extension 'ignore_ament_install'
[0.831s] Level 1:colcon.colcon_core.package_identification:_identify(src/magician_ros2/dobot_motion) by extensions ['colcon_pkg']
[0.831s] Level 1:colcon.colcon_core.package_identification:_identify(src/magician_ros2/dobot_motion) by extension 'colcon_pkg'
[0.831s] Level 1:colcon.colcon_core.package_identification:_identify(src/magician_ros2/dobot_motion) by extensions ['colcon_meta']
[0.832s] Level 1:colcon.colcon_core.package_identification:_identify(src/magician_ros2/dobot_motion) by extension 'colcon_meta'
[0.832s] Level 1:colcon.colcon_core.package_identification:_identify(src/magician_ros2/dobot_motion) by extensions ['ros']
[0.832s] Level 1:colcon.colcon_core.package_identification:_identify(src/magician_ros2/dobot_motion) by extension 'ros'
[0.833s] DEBUG:colcon.colcon_core.package_identification:Package 'src/magician_ros2/dobot_motion' with type 'ros.ament_python' and name 'dobot_motion'
[0.834s] Level 1:colcon.colcon_core.package_identification:_identify(src/magician_ros2/dobot_msgs) by extensions ['ignore', 'ignore_ament_install']
[0.834s] Level 1:colcon.colcon_core.package_identification:_identify(src/magician_ros2/dobot_msgs) by extension 'ignore'
[0.834s] Level 1:colcon.colcon_core.package_identification:_identify(src/magician_ros2/dobot_msgs) by extension 'ignore_ament_install'
[0.834s] Level 1:colcon.colcon_core.package_identification:_identify(src/magician_ros2/dobot_msgs) by extensions ['colcon_pkg']
[0.834s] Level 1:colcon.colcon_core.package_identification:_identify(src/magician_ros2/dobot_msgs) by extension 'colcon_pkg'
[0.834s] Level 1:colcon.colcon_core.package_identification:_identify(src/magician_ros2/dobot_msgs) by extensions ['colcon_meta']
[0.835s] Level 1:colcon.colcon_core.package_identification:_identify(src/magician_ros2/dobot_msgs) by extension 'colcon_meta'
[0.835s] Level 1:colcon.colcon_core.package_identification:_identify(src/magician_ros2/dobot_msgs) by extensions ['ros']
[0.835s] Level 1:colcon.colcon_core.package_identification:_identify(src/magician_ros2/dobot_msgs) by extension 'ros'
[0.836s] DEBUG:colcon.colcon_core.package_identification:Package 'src/magician_ros2/dobot_msgs' with type 'ros.ament_cmake' and name 'dobot_msgs'
[0.837s] Level 1:colcon.colcon_core.package_identification:_identify(src/magician_ros2/dobot_object_vision) by extensions ['ignore', 'ignore_ament_install']
[0.837s] Level 1:colcon.colcon_core.package_identification:_identify(src/magician_ros2/dobot_object_vision) by extension 'ignore'
[0.837s] Level 1:colcon.colcon_core.package_identification:_identify(src/magician_ros2/dobot_object_vision) by extension 'ignore_ament_install'
[0.837s] Level 1:colcon.colcon_core.package_identification:_identify(src/magician_ros2/dobot_object_vision) by extensions ['colcon_pkg']
[0.837s] Level 1:colcon.colcon_core.package_identification:_identify(src/magician_ros2/dobot_object_vision) by extension 'colcon_pkg'
[0.838s] Level 1:colcon.colcon_core.package_identification:_identify(src/magician_ros2/dobot_object_vision) by extensions ['colcon_meta']
[0.838s] Level 1:colcon.colcon_core.package_identification:_identify(src/magician_ros2/dobot_object_vision) by extension 'colcon_meta'
[0.838s] Level 1:colcon.colcon_core.package_identification:_identify(src/magician_ros2/dobot_object_vision) by extensions ['ros']
[0.838s] Level 1:colcon.colcon_core.package_identification:_identify(src/magician_ros2/dobot_object_vision) by extension 'ros'
[0.839s] DEBUG:colcon.colcon_core.package_identification:Package 'src/magician_ros2/dobot_object_vision' with type 'ros.ament_python' and name 'dobot_object_vision'
[0.839s] Level 1:colcon.colcon_core.package_identification:_identify(src/magician_ros2/dobot_state_updater) by extensions ['ignore', 'ignore_ament_install']
[0.840s] Level 1:colcon.colcon_core.package_identification:_identify(src/magician_ros2/dobot_state_updater) by extension 'ignore'
[0.840s] Level 1:colcon.colcon_core.package_identification:_identify(src/magician_ros2/dobot_state_updater) by extension 'ignore_ament_install'
[0.840s] Level 1:colcon.colcon_core.package_identification:_identify(src/magician_ros2/dobot_state_updater) by extensions ['colcon_pkg']
[0.840s] Level 1:colcon.colcon_core.package_identification:_identify(src/magician_ros2/dobot_state_updater) by extension 'colcon_pkg'
[0.840s] Level 1:colcon.colcon_core.package_identification:_identify(src/magician_ros2/dobot_state_updater) by extensions ['colcon_meta']
[0.840s] Level 1:colcon.colcon_core.package_identification:_identify(src/magician_ros2/dobot_state_updater) by extension 'colcon_meta'
[0.840s] Level 1:colcon.colcon_core.package_identification:_identify(src/magician_ros2/dobot_state_updater) by extensions ['ros']
[0.840s] Level 1:colcon.colcon_core.package_identification:_identify(src/magician_ros2/dobot_state_updater) by extension 'ros'
[0.842s] DEBUG:colcon.colcon_core.package_identification:Package 'src/magician_ros2/dobot_state_updater' with type 'ros.ament_python' and name 'dobot_state_updater'
[0.842s] Level 1:colcon.colcon_core.package_identification:_identify(src/magician_ros2/dobot_vision_rgbd) by extensions ['ignore', 'ignore_ament_install']
[0.843s] Level 1:colcon.colcon_core.package_identification:_identify(src/magician_ros2/dobot_vision_rgbd) by extension 'ignore'
[0.843s] Level 1:colcon.colcon_core.package_identification:_identify(src/magician_ros2/dobot_vision_rgbd) by extension 'ignore_ament_install'
[0.843s] Level 1:colcon.colcon_core.package_identification:_identify(src/magician_ros2/dobot_vision_rgbd) by extensions ['colcon_pkg']
[0.843s] Level 1:colcon.colcon_core.package_identification:_identify(src/magician_ros2/dobot_vision_rgbd) by extension 'colcon_pkg'
[0.843s] Level 1:colcon.colcon_core.package_identification:_identify(src/magician_ros2/dobot_vision_rgbd) by extensions ['colcon_meta']
[0.843s] Level 1:colcon.colcon_core.package_identification:_identify(src/magician_ros2/dobot_vision_rgbd) by extension 'colcon_meta'
[0.843s] Level 1:colcon.colcon_core.package_identification:_identify(src/magician_ros2/dobot_vision_rgbd) by extensions ['ros']
[0.843s] Level 1:colcon.colcon_core.package_identification:_identify(src/magician_ros2/dobot_vision_rgbd) by extension 'ros'
[0.845s] DEBUG:colcon.colcon_core.package_identification:Package 'src/magician_ros2/dobot_vision_rgbd' with type 'ros.ament_python' and name 'dobot_vision_rgbd'
[0.845s] Level 1:colcon.colcon_core.package_identification:_identify(src/magician_ros2/dobot_vision_yolo) by extensions ['ignore', 'ignore_ament_install']
[0.846s] Level 1:colcon.colcon_core.package_identification:_identify(src/magician_ros2/dobot_vision_yolo) by extension 'ignore'
[0.846s] Level 1:colcon.colcon_core.package_identification:_identify(src/magician_ros2/dobot_vision_yolo) by extension 'ignore_ament_install'
[0.846s] Level 1:colcon.colcon_core.package_identification:_identify(src/magician_ros2/dobot_vision_yolo) by extensions ['colcon_pkg']
[0.846s] Level 1:colcon.colcon_core.package_identification:_identify(src/magician_ros2/dobot_vision_yolo) by extension 'colcon_pkg'
[0.846s] Level 1:colcon.colcon_core.package_identification:_identify(src/magician_ros2/dobot_vision_yolo) by extensions ['colcon_meta']
[0.846s] Level 1:colcon.colcon_core.package_identification:_identify(src/magician_ros2/dobot_vision_yolo) by extension 'colcon_meta'
[0.846s] Level 1:colcon.colcon_core.package_identification:_identify(src/magician_ros2/dobot_vision_yolo) by extensions ['ros']
[0.846s] Level 1:colcon.colcon_core.package_identification:_identify(src/magician_ros2/dobot_vision_yolo) by extension 'ros'
[0.848s] DEBUG:colcon.colcon_core.package_identification:Package 'src/magician_ros2/dobot_vision_yolo' with type 'ros.ament_python' and name 'dobot_vision_yolo'
[0.849s] Level 1:colcon.colcon_core.package_identification:_identify(src/magician_ros2/dobot_visualization_tools) by extensions ['ignore', 'ignore_ament_install']
[0.849s] Level 1:colcon.colcon_core.package_identification:_identify(src/magician_ros2/dobot_visualization_tools) by extension 'ignore'
[0.849s] Level 1:colcon.colcon_core.package_identification:_identify(src/magician_ros2/dobot_visualization_tools) by extension 'ignore_ament_install'
[0.849s] Level 1:colcon.colcon_core.package_identification:_identify(src/magician_ros2/dobot_visualization_tools) by extensions ['colcon_pkg']
[0.849s] Level 1:colcon.colcon_core.package_identification:_identify(src/magician_ros2/dobot_visualization_tools) by extension 'colcon_pkg'
[0.850s] Level 1:colcon.colcon_core.package_identification:_identify(src/magician_ros2/dobot_visualization_tools) by extensions ['colcon_meta']
[0.850s] Level 1:colcon.colcon_core.package_identification:_identify(src/magician_ros2/dobot_visualization_tools) by extension 'colcon_meta'
[0.850s] Level 1:colcon.colcon_core.package_identification:_identify(src/magician_ros2/dobot_visualization_tools) by extensions ['ros']
[0.850s] Level 1:colcon.colcon_core.package_identification:_identify(src/magician_ros2/dobot_visualization_tools) by extension 'ros'
[0.851s] DEBUG:colcon.colcon_core.package_identification:Package 'src/magician_ros2/dobot_visualization_tools' with type 'ros.ament_python' and name 'dobot_visualization_tools'
[0.851s] Level 1:colcon.colcon_core.package_identification:_identify(src/magician_ros2/dobot_web_interface) by extensions ['ignore', 'ignore_ament_install']
[0.851s] Level 1:colcon.colcon_core.package_identification:_identify(src/magician_ros2/dobot_web_interface) by extension 'ignore'
[0.852s] Level 1:colcon.colcon_core.package_identification:_identify(src/magician_ros2/dobot_web_interface) by extension 'ignore_ament_install'
[0.852s] Level 1:colcon.colcon_core.package_identification:_identify(src/magician_ros2/dobot_web_interface) by extensions ['colcon_pkg']
[0.852s] Level 1:colcon.colcon_core.package_identification:_identify(src/magician_ros2/dobot_web_interface) by extension 'colcon_pkg'
[0.852s] Level 1:colcon.colcon_core.package_identification:_identify(src/magician_ros2/dobot_web_interface) by extensions ['colcon_meta']
[0.852s] Level 1:colcon.colcon_core.package_identification:_identify(src/magician_ros2/dobot_web_interface) by extension 'colcon_meta'
[0.852s] Level 1:colcon.colcon_core.package_identification:_identify(src/magician_ros2/dobot_web_interface) by extensions ['ros']
[0.852s] Level 1:colcon.colcon_core.package_identification:_identify(src/magician_ros2/dobot_web_interface) by extension 'ros'
[0.854s] DEBUG:colcon.colcon_core.package_identification:Package 'src/magician_ros2/dobot_web_interface' with type 'ros.ament_python' and name 'dobot_web_interface'
[0.855s] Level 1:colcon.colcon_core.package_identification:_identify(systemd) by extensions ['ignore', 'ignore_ament_install']
[0.855s] Level 1:colcon.colcon_core.package_identification:_identify(systemd) by extension 'ignore'
[0.855s] Level 1:colcon.colcon_core.package_identification:_identify(systemd) by extension 'ignore_ament_install'
[0.855s] Level 1:colcon.colcon_core.package_identification:_identify(systemd) by extensions ['colcon_pkg']
[0.856s] Level 1:colcon.colcon_core.package_identification:_identify(systemd) by extension 'colcon_pkg'
[0.856s] Level 1:colcon.colcon_core.package_identification:_identify(systemd) by extensions ['colcon_meta']
[0.856s] Level 1:colcon.colcon_core.package_identification:_identify(systemd) by extension 'colcon_meta'
[0.856s] Level 1:colcon.colcon_core.package_identification:_identify(systemd) by extensions ['ros']
[0.856s] Level 1:colcon.colcon_core.package_identification:_identify(systemd) by extension 'ros'
[0.856s] Level 1:colcon.colcon_core.package_identification:_identify(systemd) by extensions ['cmake', 'python']
[0.856s] Level 1:colcon.colcon_core.package_identification:_identify(systemd) by extension 'cmake'
[0.856s] Level 1:colcon.colcon_core.package_identification:_identify(systemd) by extension 'python'
[0.856s] Level 1:colcon.colcon_core.package_identification:_identify(systemd) by extensions ['python_setup_py']
[0.857s] Level 1:colcon.colcon_core.package_identification:_identify(systemd) by extension 'python_setup_py'
[0.857s] Level 1:colcon.colcon_core.package_discovery:discover_packages(recursive) using defaults
[0.857s] Level 1:colcon.colcon_core.package_discovery:discover_packages(ignore) discover
[0.857s] Level 1:colcon.colcon_core.package_discovery:discover_packages(ignore) using defaults
[0.857s] Level 1:colcon.colcon_core.package_discovery:discover_packages(path) discover
[0.857s] Level 1:colcon.colcon_core.package_discovery:discover_packages(path) using defaults
[0.935s] INFO:colcon.colcon_core.package_selection:Skipping package 'dobot_demos' in 'src/magician_ros2/dobot_demos'
[0.935s] INFO:colcon.colcon_core.package_selection:Skipping package 'dobot_object_vision' in 'src/magician_ros2/dobot_object_vision'
[0.935s] INFO:colcon.colcon_core.package_selection:Skipping package 'dobot_control_panel' in 'src/magician_ros2/dobot_control_panel'
[0.935s] INFO:colcon.colcon_core.package_selection:Skipping package 'orbbec_description' in 'src/OrbbecSDK_ROS2/orbbec_description'
[0.936s] INFO:colcon.colcon_core.package_selection:Skipping package 'dobot_visualization_tools' in 'src/magician_ros2/dobot_visualization_tools'
[0.937s] Level 1:colcon.colcon_core.package_discovery:discover_packages(prefix_path) check parameters
[0.937s] Level 1:colcon.colcon_core.package_discovery:discover_packages(prefix_path) discover
[0.948s] DEBUG:colcon.colcon_installed_package_information.package_discovery:Found 401 installed packages in /opt/ros/jazzy
[0.951s] Level 1:colcon.colcon_core.package_discovery:discover_packages(prefix_path) using defaults
[1.089s] Level 5:colcon.colcon_core.verb:set package 'dobot_description' build argument 'cmake_args' from command line to 'None'
[1.089s] Level 5:colcon.colcon_core.verb:set package 'dobot_description' build argument 'cmake_target' from command line to 'None'
[1.090s] Level 5:colcon.colcon_core.verb:set package 'dobot_description' build argument 'cmake_target_skip_unavailable' from command line to 'False'
[1.090s] Level 5:colcon.colcon_core.verb:set package 'dobot_description' build argument 'cmake_clean_cache' from command line to 'False'
[1.090s] Level 5:colcon.colcon_core.verb:set package 'dobot_description' build argument 'cmake_clean_first' from command line to 'False'
[1.090s] Level 5:colcon.colcon_core.verb:set package 'dobot_description' build argument 'cmake_force_configure' from command line to 'False'
[1.090s] Level 5:colcon.colcon_core.verb:set package 'dobot_description' build argument 'ament_cmake_args' from command line to 'None'
[1.090s] Level 5:colcon.colcon_core.verb:set package 'dobot_description' build argument 'catkin_cmake_args' from command line to 'None'
[1.090s] Level 5:colcon.colcon_core.verb:set package 'dobot_description' build argument 'catkin_skip_building_tests' from command line to 'False'
[1.090s] DEBUG:colcon.colcon_core.verb:Building package 'dobot_description' with the following arguments: {'ament_cmake_args': None, 'build_base': '/home/bbcontact/magician_ros2/build/dobot_description', 'catkin_cmake_args': None, 'catkin_skip_building_tests': False, 'cmake_args': None, 'cmake_clean_cache': False, 'cmake_clean_first': False, 'cmake_force_configure': False, 'cmake_target': None, 'cmake_target_skip_unavailable': False, 'install_base': '/home/bbcontact/magician_ros2/install/dobot_description', 'merge_install': False, 'path': '/home/bbcontact/magician_ros2/src/magician_ros2/dobot_description', 'symlink_install': True, 'test_result_base': None}
[1.091s] Level 5:colcon.colcon_core.verb:set package 'dobot_driver' build argument 'cmake_args' from command line to 'None'
[1.091s] Level 5:colcon.colcon_core.verb:set package 'dobot_driver' build argument 'cmake_target' from command line to 'None'
[1.091s] Level 5:colcon.colcon_core.verb:set package 'dobot_driver' build argument 'cmake_target_skip_unavailable' from command line to 'False'
[1.091s] Level 5:colcon.colcon_core.verb:set package 'dobot_driver' build argument 'cmake_clean_cache' from command line to 'False'
[1.091s] Level 5:colcon.colcon_core.verb:set package 'dobot_driver' build argument 'cmake_clean_first' from command line to 'False'
[1.091s] Level 5:colcon.colcon_core.verb:set package 'dobot_driver' build argument 'cmake_force_configure' from command line to 'False'
[1.091s] Level 5:colcon.colcon_core.verb:set package 'dobot_driver' build argument 'ament_cmake_args' from command line to 'None'
[1.091s] Level 5:colcon.colcon_core.verb:set package 'dobot_driver' build argument 'catkin_cmake_args' from command line to 'None'
[1.091s] Level 5:colcon.colcon_core.verb:set package 'dobot_driver' build argument 'catkin_skip_building_tests' from command line to 'False'
[1.091s] DEBUG:colcon.colcon_core.verb:Building package 'dobot_driver' with the following arguments: {'ament_cmake_args': None, 'build_base': '/home/bbcontact/magician_ros2/build/dobot_driver', 'catkin_cmake_args': None, 'catkin_skip_building_tests': False, 'cmake_args': None, 'cmake_clean_cache': False, 'cmake_clean_first': False, 'cmake_force_configure': False, 'cmake_target': None, 'cmake_target_skip_unavailable': False, 'install_base': '/home/bbcontact/magician_ros2/install/dobot_driver', 'merge_install': False, 'path': '/home/bbcontact/magician_ros2/src/magician_ros2/dobot_driver', 'symlink_install': True, 'test_result_base': None}
[1.091s] Level 5:colcon.colcon_core.verb:set package 'dobot_msgs' build argument 'cmake_args' from command line to 'None'
[1.092s] Level 5:colcon.colcon_core.verb:set package 'dobot_msgs' build argument 'cmake_target' from command line to 'None'
[1.092s] Level 5:colcon.colcon_core.verb:set package 'dobot_msgs' build argument 'cmake_target_skip_unavailable' from command line to 'False'
[1.092s] Level 5:colcon.colcon_core.verb:set package 'dobot_msgs' build argument 'cmake_clean_cache' from command line to 'False'
[1.092s] Level 5:colcon.colcon_core.verb:set package 'dobot_msgs' build argument 'cmake_clean_first' from command line to 'False'
[1.092s] Level 5:colcon.colcon_core.verb:set package 'dobot_msgs' build argument 'cmake_force_configure' from command line to 'False'
[1.092s] Level 5:colcon.colcon_core.verb:set package 'dobot_msgs' build argument 'ament_cmake_args' from command line to 'None'
[1.092s] Level 5:colcon.colcon_core.verb:set package 'dobot_msgs' build argument 'catkin_cmake_args' from command line to 'None'
[1.092s] Level 5:colcon.colcon_core.verb:set package 'dobot_msgs' build argument 'catkin_skip_building_tests' from command line to 'False'
[1.092s] DEBUG:colcon.colcon_core.verb:Building package 'dobot_msgs' with the following arguments: {'ament_cmake_args': None, 'build_base': '/home/bbcontact/magician_ros2/build/dobot_msgs', 'catkin_cmake_args': None, 'catkin_skip_building_tests': False, 'cmake_args': None, 'cmake_clean_cache': False, 'cmake_clean_first': False, 'cmake_force_configure': False, 'cmake_target': None, 'cmake_target_skip_unavailable': False, 'install_base': '/home/bbcontact/magician_ros2/install/dobot_msgs', 'merge_install': False, 'path': '/home/bbcontact/magician_ros2/src/magician_ros2/dobot_msgs', 'symlink_install': True, 'test_result_base': None}
[1.092s] Level 5:colcon.colcon_core.verb:set package 'orbbec_camera_msgs' build argument 'cmake_args' from command line to 'None'
[1.093s] Level 5:colcon.colcon_core.verb:set package 'orbbec_camera_msgs' build argument 'cmake_target' from command line to 'None'
[1.093s] Level 5:colcon.colcon_core.verb:set package 'orbbec_camera_msgs' build argument 'cmake_target_skip_unavailable' from command line to 'False'
[1.093s] Level 5:colcon.colcon_core.verb:set package 'orbbec_camera_msgs' build argument 'cmake_clean_cache' from command line to 'False'
[1.093s] Level 5:colcon.colcon_core.verb:set package 'orbbec_camera_msgs' build argument 'cmake_clean_first' from command line to 'False'
[1.093s] Level 5:colcon.colcon_core.verb:set package 'orbbec_camera_msgs' build argument 'cmake_force_configure' from command line to 'False'
[1.093s] Level 5:colcon.colcon_core.verb:set package 'orbbec_camera_msgs' build argument 'ament_cmake_args' from command line to 'None'
[1.093s] Level 5:colcon.colcon_core.verb:set package 'orbbec_camera_msgs' build argument 'catkin_cmake_args' from command line to 'None'
[1.093s] Level 5:colcon.colcon_core.verb:set package 'orbbec_camera_msgs' build argument 'catkin_skip_building_tests' from command line to 'False'
[1.093s] DEBUG:colcon.colcon_core.verb:Building package 'orbbec_camera_msgs' with the following arguments: {'ament_cmake_args': None, 'build_base': '/home/bbcontact/magician_ros2/build/orbbec_camera_msgs', 'catkin_cmake_args': None, 'catkin_skip_building_tests': False, 'cmake_args': None, 'cmake_clean_cache': False, 'cmake_clean_first': False, 'cmake_force_configure': False, 'cmake_target': None, 'cmake_target_skip_unavailable': False, 'install_base': '/home/bbcontact/magician_ros2/install/orbbec_camera_msgs', 'merge_install': False, 'path': '/home/bbcontact/magician_ros2/src/OrbbecSDK_ROS2/orbbec_camera_msgs', 'symlink_install': True, 'test_result_base': None}
[1.093s] Level 5:colcon.colcon_core.verb:set package 'dobot_calibration' build argument 'cmake_args' from command line to 'None'
[1.094s] Level 5:colcon.colcon_core.verb:set package 'dobot_calibration' build argument 'cmake_target' from command line to 'None'
[1.094s] Level 5:colcon.colcon_core.verb:set package 'dobot_calibration' build argument 'cmake_target_skip_unavailable' from command line to 'False'
[1.094s] Level 5:colcon.colcon_core.verb:set package 'dobot_calibration' build argument 'cmake_clean_cache' from command line to 'False'
[1.094s] Level 5:colcon.colcon_core.verb:set package 'dobot_calibration' build argument 'cmake_clean_first' from command line to 'False'
[1.094s] Level 5:colcon.colcon_core.verb:set package 'dobot_calibration' build argument 'cmake_force_configure' from command line to 'False'
[1.094s] Level 5:colcon.colcon_core.verb:set package 'dobot_calibration' build argument 'ament_cmake_args' from command line to 'None'
[1.094s] Level 5:colcon.colcon_core.verb:set package 'dobot_calibration' build argument 'catkin_cmake_args' from command line to 'None'
[1.094s] Level 5:colcon.colcon_core.verb:set package 'dobot_calibration' build argument 'catkin_skip_building_tests' from command line to 'False'
[1.094s] DEBUG:colcon.colcon_core.verb:Building package 'dobot_calibration' with the following arguments: {'ament_cmake_args': None, 'build_base': '/home/bbcontact/magician_ros2/build/dobot_calibration', 'catkin_cmake_args': None, 'catkin_skip_building_tests': False, 'cmake_args': None, 'cmake_clean_cache': False, 'cmake_clean_first': False, 'cmake_force_configure': False, 'cmake_target': None, 'cmake_target_skip_unavailable': False, 'install_base': '/home/bbcontact/magician_ros2/install/dobot_calibration', 'merge_install': False, 'path': '/home/bbcontact/magician_ros2/src/magician_ros2/dobot_calibration', 'symlink_install': True, 'test_result_base': None}
[1.094s] Level 5:colcon.colcon_core.verb:set package 'dobot_diagnostics' build argument 'cmake_args' from command line to 'None'
[1.094s] Level 5:colcon.colcon_core.verb:set package 'dobot_diagnostics' build argument 'cmake_target' from command line to 'None'
[1.095s] Level 5:colcon.colcon_core.verb:set package 'dobot_diagnostics' build argument 'cmake_target_skip_unavailable' from command line to 'False'
[1.095s] Level 5:colcon.colcon_core.verb:set package 'dobot_diagnostics' build argument 'cmake_clean_cache' from command line to 'False'
[1.095s] Level 5:colcon.colcon_core.verb:set package 'dobot_diagnostics' build argument 'cmake_clean_first' from command line to 'False'
[1.095s] Level 5:colcon.colcon_core.verb:set package 'dobot_diagnostics' build argument 'cmake_force_configure' from command line to 'False'
[1.095s] Level 5:colcon.colcon_core.verb:set package 'dobot_diagnostics' build argument 'ament_cmake_args' from command line to 'None'
[1.095s] Level 5:colcon.colcon_core.verb:set package 'dobot_diagnostics' build argument 'catkin_cmake_args' from command line to 'None'
[1.095s] Level 5:colcon.colcon_core.verb:set package 'dobot_diagnostics' build argument 'catkin_skip_building_tests' from command line to 'False'
[1.095s] DEBUG:colcon.colcon_core.verb:Building package 'dobot_diagnostics' with the following arguments: {'ament_cmake_args': None, 'build_base': '/home/bbcontact/magician_ros2/build/dobot_diagnostics', 'catkin_cmake_args': None, 'catkin_skip_building_tests': False, 'cmake_args': None, 'cmake_clean_cache': False, 'cmake_clean_first': False, 'cmake_force_configure': False, 'cmake_target': None, 'cmake_target_skip_unavailable': False, 'install_base': '/home/bbcontact/magician_ros2/install/dobot_diagnostics', 'merge_install': False, 'path': '/home/bbcontact/magician_ros2/src/magician_ros2/dobot_diagnostics', 'symlink_install': True, 'test_result_base': None}
[1.095s] Level 5:colcon.colcon_core.verb:set package 'dobot_end_effector' build argument 'cmake_args' from command line to 'None'
[1.095s] Level 5:colcon.colcon_core.verb:set package 'dobot_end_effector' build argument 'cmake_target' from command line to 'None'
[1.095s] Level 5:colcon.colcon_core.verb:set package 'dobot_end_effector' build argument 'cmake_target_skip_unavailable' from command line to 'False'
[1.096s] Level 5:colcon.colcon_core.verb:set package 'dobot_end_effector' build argument 'cmake_clean_cache' from command line to 'False'
[1.096s] Level 5:colcon.colcon_core.verb:set package 'dobot_end_effector' build argument 'cmake_clean_first' from command line to 'False'
[1.096s] Level 5:colcon.colcon_core.verb:set package 'dobot_end_effector' build argument 'cmake_force_configure' from command line to 'False'
[1.096s] Level 5:colcon.colcon_core.verb:set package 'dobot_end_effector' build argument 'ament_cmake_args' from command line to 'None'
[1.096s] Level 5:colcon.colcon_core.verb:set package 'dobot_end_effector' build argument 'catkin_cmake_args' from command line to 'None'
[1.096s] Level 5:colcon.colcon_core.verb:set package 'dobot_end_effector' build argument 'catkin_skip_building_tests' from command line to 'False'
[1.096s] DEBUG:colcon.colcon_core.verb:Building package 'dobot_end_effector' with the following arguments: {'ament_cmake_args': None, 'build_base': '/home/bbcontact/magician_ros2/build/dobot_end_effector', 'catkin_cmake_args': None, 'catkin_skip_building_tests': False, 'cmake_args': None, 'cmake_clean_cache': False, 'cmake_clean_first': False, 'cmake_force_configure': False, 'cmake_target': None, 'cmake_target_skip_unavailable': False, 'install_base': '/home/bbcontact/magician_ros2/install/dobot_end_effector', 'merge_install': False, 'path': '/home/bbcontact/magician_ros2/src/magician_ros2/dobot_end_effector', 'symlink_install': True, 'test_result_base': None}
[1.096s] Level 5:colcon.colcon_core.verb:set package 'dobot_homing' build argument 'cmake_args' from command line to 'None'
[1.096s] Level 5:colcon.colcon_core.verb:set package 'dobot_homing' build argument 'cmake_target' from command line to 'None'
[1.096s] Level 5:colcon.colcon_core.verb:set package 'dobot_homing' build argument 'cmake_target_skip_unavailable' from command line to 'False'
[1.096s] Level 5:colcon.colcon_core.verb:set package 'dobot_homing' build argument 'cmake_clean_cache' from command line to 'False'
[1.097s] Level 5:colcon.colcon_core.verb:set package 'dobot_homing' build argument 'cmake_clean_first' from command line to 'False'
[1.097s] Level 5:colcon.colcon_core.verb:set package 'dobot_homing' build argument 'cmake_force_configure' from command line to 'False'
[1.097s] Level 5:colcon.colcon_core.verb:set package 'dobot_homing' build argument 'ament_cmake_args' from command line to 'None'
[1.097s] Level 5:colcon.colcon_core.verb:set package 'dobot_homing' build argument 'catkin_cmake_args' from command line to 'None'
[1.097s] Level 5:colcon.colcon_core.verb:set package 'dobot_homing' build argument 'catkin_skip_building_tests' from command line to 'False'
[1.097s] DEBUG:colcon.colcon_core.verb:Building package 'dobot_homing' with the following arguments: {'ament_cmake_args': None, 'build_base': '/home/bbcontact/magician_ros2/build/dobot_homing', 'catkin_cmake_args': None, 'catkin_skip_building_tests': False, 'cmake_args': None, 'cmake_clean_cache': False, 'cmake_clean_first': False, 'cmake_force_configure': False, 'cmake_target': None, 'cmake_target_skip_unavailable': False, 'install_base': '/home/bbcontact/magician_ros2/install/dobot_homing', 'merge_install': False, 'path': '/home/bbcontact/magician_ros2/src/magician_ros2/dobot_homing', 'symlink_install': True, 'test_result_base': None}
[1.097s] Level 5:colcon.colcon_core.verb:set package 'dobot_kinematics' build argument 'cmake_args' from command line to 'None'
[1.097s] Level 5:colcon.colcon_core.verb:set package 'dobot_kinematics' build argument 'cmake_target' from command line to 'None'
[1.097s] Level 5:colcon.colcon_core.verb:set package 'dobot_kinematics' build argument 'cmake_target_skip_unavailable' from command line to 'False'
[1.097s] Level 5:colcon.colcon_core.verb:set package 'dobot_kinematics' build argument 'cmake_clean_cache' from command line to 'False'
[1.097s] Level 5:colcon.colcon_core.verb:set package 'dobot_kinematics' build argument 'cmake_clean_first' from command line to 'False'
[1.097s] Level 5:colcon.colcon_core.verb:set package 'dobot_kinematics' build argument 'cmake_force_configure' from command line to 'False'
[1.098s] Level 5:colcon.colcon_core.verb:set package 'dobot_kinematics' build argument 'ament_cmake_args' from command line to 'None'
[1.098s] Level 5:colcon.colcon_core.verb:set package 'dobot_kinematics' build argument 'catkin_cmake_args' from command line to 'None'
[1.098s] Level 5:colcon.colcon_core.verb:set package 'dobot_kinematics' build argument 'catkin_skip_building_tests' from command line to 'False'
[1.098s] DEBUG:colcon.colcon_core.verb:Building package 'dobot_kinematics' with the following arguments: {'ament_cmake_args': None, 'build_base': '/home/bbcontact/magician_ros2/build/dobot_kinematics', 'catkin_cmake_args': None, 'catkin_skip_building_tests': False, 'cmake_args': None, 'cmake_clean_cache': False, 'cmake_clean_first': False, 'cmake_force_configure': False, 'cmake_target': None, 'cmake_target_skip_unavailable': False, 'install_base': '/home/bbcontact/magician_ros2/install/dobot_kinematics', 'merge_install': False, 'path': '/home/bbcontact/magician_ros2/src/magician_ros2/dobot_kinematics', 'symlink_install': True, 'test_result_base': None}
[1.098s] Level 5:colcon.colcon_core.verb:set package 'dobot_motion' build argument 'cmake_args' from command line to 'None'
[1.098s] Level 5:colcon.colcon_core.verb:set package 'dobot_motion' build argument 'cmake_target' from command line to 'None'
[1.098s] Level 5:colcon.colcon_core.verb:set package 'dobot_motion' build argument 'cmake_target_skip_unavailable' from command line to 'False'
[1.098s] Level 5:colcon.colcon_core.verb:set package 'dobot_motion' build argument 'cmake_clean_cache' from command line to 'False'
[1.098s] Level 5:colcon.colcon_core.verb:set package 'dobot_motion' build argument 'cmake_clean_first' from command line to 'False'
[1.098s] Level 5:colcon.colcon_core.verb:set package 'dobot_motion' build argument 'cmake_force_configure' from command line to 'False'
[1.098s] Level 5:colcon.colcon_core.verb:set package 'dobot_motion' build argument 'ament_cmake_args' from command line to 'None'
[1.099s] Level 5:colcon.colcon_core.verb:set package 'dobot_motion' build argument 'catkin_cmake_args' from command line to 'None'
[1.099s] Level 5:colcon.colcon_core.verb:set package 'dobot_motion' build argument 'catkin_skip_building_tests' from command line to 'False'
[1.099s] DEBUG:colcon.colcon_core.verb:Building package 'dobot_motion' with the following arguments: {'ament_cmake_args': None, 'build_base': '/home/bbcontact/magician_ros2/build/dobot_motion', 'catkin_cmake_args': None, 'catkin_skip_building_tests': False, 'cmake_args': None, 'cmake_clean_cache': False, 'cmake_clean_first': False, 'cmake_force_configure': False, 'cmake_target': None, 'cmake_target_skip_unavailable': False, 'install_base': '/home/bbcontact/magician_ros2/install/dobot_motion', 'merge_install': False, 'path': '/home/bbcontact/magician_ros2/src/magician_ros2/dobot_motion', 'symlink_install': True, 'test_result_base': None}
[1.099s] Level 5:colcon.colcon_core.verb:set package 'dobot_state_updater' build argument 'cmake_args' from command line to 'None'
[1.099s] Level 5:colcon.colcon_core.verb:set package 'dobot_state_updater' build argument 'cmake_target' from command line to 'None'
[1.099s] Level 5:colcon.colcon_core.verb:set package 'dobot_state_updater' build argument 'cmake_target_skip_unavailable' from command line to 'False'
[1.099s] Level 5:colcon.colcon_core.verb:set package 'dobot_state_updater' build argument 'cmake_clean_cache' from command line to 'False'
[1.099s] Level 5:colcon.colcon_core.verb:set package 'dobot_state_updater' build argument 'cmake_clean_first' from command line to 'False'
[1.099s] Level 5:colcon.colcon_core.verb:set package 'dobot_state_updater' build argument 'cmake_force_configure' from command line to 'False'
[1.099s] Level 5:colcon.colcon_core.verb:set package 'dobot_state_updater' build argument 'ament_cmake_args' from command line to 'None'
[1.099s] Level 5:colcon.colcon_core.verb:set package 'dobot_state_updater' build argument 'catkin_cmake_args' from command line to 'None'
[1.099s] Level 5:colcon.colcon_core.verb:set package 'dobot_state_updater' build argument 'catkin_skip_building_tests' from command line to 'False'
[1.100s] DEBUG:colcon.colcon_core.verb:Building package 'dobot_state_updater' with the following arguments: {'ament_cmake_args': None, 'build_base': '/home/bbcontact/magician_ros2/build/dobot_state_updater', 'catkin_cmake_args': None, 'catkin_skip_building_tests': False, 'cmake_args': None, 'cmake_clean_cache': False, 'cmake_clean_first': False, 'cmake_force_configure': False, 'cmake_target': None, 'cmake_target_skip_unavailable': False, 'install_base': '/home/bbcontact/magician_ros2/install/dobot_state_updater', 'merge_install': False, 'path': '/home/bbcontact/magician_ros2/src/magician_ros2/dobot_state_updater', 'symlink_install': True, 'test_result_base': None}
[1.100s] Level 5:colcon.colcon_core.verb:set package 'dobot_vision_rgbd' build argument 'cmake_args' from command line to 'None'
[1.100s] Level 5:colcon.colcon_core.verb:set package 'dobot_vision_rgbd' build argument 'cmake_target' from command line to 'None'
[1.100s] Level 5:colcon.colcon_core.verb:set package 'dobot_vision_rgbd' build argument 'cmake_target_skip_unavailable' from command line to 'False'
[1.100s] Level 5:colcon.colcon_core.verb:set package 'dobot_vision_rgbd' build argument 'cmake_clean_cache' from command line to 'False'
[1.100s] Level 5:colcon.colcon_core.verb:set package 'dobot_vision_rgbd' build argument 'cmake_clean_first' from command line to 'False'
[1.100s] Level 5:colcon.colcon_core.verb:set package 'dobot_vision_rgbd' build argument 'cmake_force_configure' from command line to 'False'
[1.100s] Level 5:colcon.colcon_core.verb:set package 'dobot_vision_rgbd' build argument 'ament_cmake_args' from command line to 'None'
[1.100s] Level 5:colcon.colcon_core.verb:set package 'dobot_vision_rgbd' build argument 'catkin_cmake_args' from command line to 'None'
[1.100s] Level 5:colcon.colcon_core.verb:set package 'dobot_vision_rgbd' build argument 'catkin_skip_building_tests' from command line to 'False'
[1.100s] DEBUG:colcon.colcon_core.verb:Building package 'dobot_vision_rgbd' with the following arguments: {'ament_cmake_args': None, 'build_base': '/home/bbcontact/magician_ros2/build/dobot_vision_rgbd', 'catkin_cmake_args': None, 'catkin_skip_building_tests': False, 'cmake_args': None, 'cmake_clean_cache': False, 'cmake_clean_first': False, 'cmake_force_configure': False, 'cmake_target': None, 'cmake_target_skip_unavailable': False, 'install_base': '/home/bbcontact/magician_ros2/install/dobot_vision_rgbd', 'merge_install': False, 'path': '/home/bbcontact/magician_ros2/src/magician_ros2/dobot_vision_rgbd', 'symlink_install': True, 'test_result_base': None}
[1.101s] Level 5:colcon.colcon_core.verb:set package 'orbbec_camera' build argument 'cmake_args' from command line to 'None'
[1.101s] Level 5:colcon.colcon_core.verb:overwrite package 'orbbec_camera' build argument 'cmake_args' from package metadata with '['-DOpenCV_DIR=/usr/lib/x86_64-linux-gnu/cmake/opencv4']' (before: 'None')
[1.101s] Level 5:colcon.colcon_core.verb:set package 'orbbec_camera' build argument 'cmake_target' from command line to 'None'
[1.101s] Level 5:colcon.colcon_core.verb:set package 'orbbec_camera' build argument 'cmake_target_skip_unavailable' from command line to 'False'
[1.101s] Level 5:colcon.colcon_core.verb:set package 'orbbec_camera' build argument 'cmake_clean_cache' from command line to 'False'
[1.101s] Level 5:colcon.colcon_core.verb:set package 'orbbec_camera' build argument 'cmake_clean_first' from command line to 'False'
[1.101s] Level 5:colcon.colcon_core.verb:set package 'orbbec_camera' build argument 'cmake_force_configure' from command line to 'False'
[1.101s] Level 5:colcon.colcon_core.verb:set package 'orbbec_camera' build argument 'ament_cmake_args' from command line to 'None'
[1.101s] Level 5:colcon.colcon_core.verb:set package 'orbbec_camera' build argument 'catkin_cmake_args' from command line to 'None'
[1.101s] Level 5:colcon.colcon_core.verb:set package 'orbbec_camera' build argument 'catkin_skip_building_tests' from command line to 'False'
[1.102s] DEBUG:colcon.colcon_core.verb:Building package 'orbbec_camera' with the following arguments: {'ament_cmake_args': None, 'build_base': '/home/bbcontact/magician_ros2/build/orbbec_camera', 'catkin_cmake_args': None, 'catkin_skip_building_tests': False, 'cmake_args': ['-DOpenCV_DIR=/usr/lib/x86_64-linux-gnu/cmake/opencv4'], 'cmake_clean_cache': False, 'cmake_clean_first': False, 'cmake_force_configure': False, 'cmake_target': None, 'cmake_target_skip_unavailable': False, 'install_base': '/home/bbcontact/magician_ros2/install/orbbec_camera', 'merge_install': False, 'path': '/home/bbcontact/magician_ros2/src/OrbbecSDK_ROS2/orbbec_camera', 'symlink_install': True, 'test_result_base': None}
[1.102s] Level 5:colcon.colcon_core.verb:set package 'dobot_bringup' build argument 'cmake_args' from command line to 'None'
[1.102s] Level 5:colcon.colcon_core.verb:set package 'dobot_bringup' build argument 'cmake_target' from command line to 'None'
[1.102s] Level 5:colcon.colcon_core.verb:set package 'dobot_bringup' build argument 'cmake_target_skip_unavailable' from command line to 'False'
[1.102s] Level 5:colcon.colcon_core.verb:set package 'dobot_bringup' build argument 'cmake_clean_cache' from command line to 'False'
[1.102s] Level 5:colcon.colcon_core.verb:set package 'dobot_bringup' build argument 'cmake_clean_first' from command line to 'False'
[1.102s] Level 5:colcon.colcon_core.verb:set package 'dobot_bringup' build argument 'cmake_force_configure' from command line to 'False'
[1.102s] Level 5:colcon.colcon_core.verb:set package 'dobot_bringup' build argument 'ament_cmake_args' from command line to 'None'
[1.102s] Level 5:colcon.colcon_core.verb:set package 'dobot_bringup' build argument 'catkin_cmake_args' from command line to 'None'
[1.102s] Level 5:colcon.colcon_core.verb:set package 'dobot_bringup' build argument 'catkin_skip_building_tests' from command line to 'False'
[1.102s] DEBUG:colcon.colcon_core.verb:Building package 'dobot_bringup' with the following arguments: {'ament_cmake_args': None, 'build_base': '/home/bbcontact/magician_ros2/build/dobot_bringup', 'catkin_cmake_args': None, 'catkin_skip_building_tests': False, 'cmake_args': None, 'cmake_clean_cache': False, 'cmake_clean_first': False, 'cmake_force_configure': False, 'cmake_target': None, 'cmake_target_skip_unavailable': False, 'install_base': '/home/bbcontact/magician_ros2/install/dobot_bringup', 'merge_install': False, 'path': '/home/bbcontact/magician_ros2/src/magician_ros2/dobot_bringup', 'symlink_install': True, 'test_result_base': None}
[1.103s] Level 5:colcon.colcon_core.verb:set package 'dobot_vision_yolo' build argument 'cmake_args' from command line to 'None'
[1.103s] Level 5:colcon.colcon_core.verb:set package 'dobot_vision_yolo' build argument 'cmake_target' from command line to 'None'
[1.103s] Level 5:colcon.colcon_core.verb:set package 'dobot_vision_yolo' build argument 'cmake_target_skip_unavailable' from command line to 'False'
[1.103s] Level 5:colcon.colcon_core.verb:set package 'dobot_vision_yolo' build argument 'cmake_clean_cache' from command line to 'False'
[1.103s] Level 5:colcon.colcon_core.verb:set package 'dobot_vision_yolo' build argument 'cmake_clean_first' from command line to 'False'
[1.103s] Level 5:colcon.colcon_core.verb:set package 'dobot_vision_yolo' build argument 'cmake_force_configure' from command line to 'False'
[1.103s] Level 5:colcon.colcon_core.verb:set package 'dobot_vision_yolo' build argument 'ament_cmake_args' from command line to 'None'
[1.103s] Level 5:colcon.colcon_core.verb:set package 'dobot_vision_yolo' build argument 'catkin_cmake_args' from command line to 'None'
[1.103s] Level 5:colcon.colcon_core.verb:set package 'dobot_vision_yolo' build argument 'catkin_skip_building_tests' from command line to 'False'
[1.103s] DEBUG:colcon.colcon_core.verb:Building package 'dobot_vision_yolo' with the following arguments: {'ament_cmake_args': None, 'build_base': '/home/bbcontact/magician_ros2/build/dobot_vision_yolo', 'catkin_cmake_args': None, 'catkin_skip_building_tests': False, 'cmake_args': None, 'cmake_clean_cache': False, 'cmake_clean_first': False, 'cmake_force_configure': False, 'cmake_target': None, 'cmake_target_skip_unavailable': False, 'install_base': '/home/bbcontact/magician_ros2/install/dobot_vision_yolo', 'merge_install': False, 'path': '/home/bbcontact/magician_ros2/src/magician_ros2/dobot_vision_yolo', 'symlink_install': True, 'test_result_base': None}
[1.104s] Level 5:colcon.colcon_core.verb:set package 'dobot_web_interface' build argument 'cmake_args' from command line to 'None'
[1.104s] Level 5:colcon.colcon_core.verb:set package 'dobot_web_interface' build argument 'cmake_target' from command line to 'None'
[1.104s] Level 5:colcon.colcon_core.verb:set package 'dobot_web_interface' build argument 'cmake_target_skip_unavailable' from command line to 'False'
[1.104s] Level 5:colcon.colcon_core.verb:set package 'dobot_web_interface' build argument 'cmake_clean_cache' from command line to 'False'
[1.104s] Level 5:colcon.colcon_core.verb:set package 'dobot_web_interface' build argument 'cmake_clean_first' from command line to 'False'
[1.104s] Level 5:colcon.colcon_core.verb:set package 'dobot_web_interface' build argument 'cmake_force_configure' from command line to 'False'
[1.104s] Level 5:colcon.colcon_core.verb:set package 'dobot_web_interface' build argument 'ament_cmake_args' from command line to 'None'
[1.104s] Level 5:colcon.colcon_core.verb:set package 'dobot_web_interface' build argument 'catkin_cmake_args' from command line to 'None'
[1.104s] Level 5:colcon.colcon_core.verb:set package 'dobot_web_interface' build argument 'catkin_skip_building_tests' from command line to 'False'
[1.104s] DEBUG:colcon.colcon_core.verb:Building package 'dobot_web_interface' with the following arguments: {'ament_cmake_args': None, 'build_base': '/home/bbcontact/magician_ros2/build/dobot_web_interface', 'catkin_cmake_args': None, 'catkin_skip_building_tests': False, 'cmake_args': None, 'cmake_clean_cache': False, 'cmake_clean_first': False, 'cmake_force_configure': False, 'cmake_target': None, 'cmake_target_skip_unavailable': False, 'install_base': '/home/bbcontact/magician_ros2/install/dobot_web_interface', 'merge_install': False, 'path': '/home/bbcontact/magician_ros2/src/magician_ros2/dobot_web_interface', 'symlink_install': True, 'test_result_base': None}
[1.105s] INFO:colcon.colcon_core.executor:Executing jobs using 'parallel' executor
[1.106s] DEBUG:colcon.colcon_parallel_executor.executor.parallel:run_until_complete
[1.107s] INFO:colcon.colcon_ros.task.ament_cmake.build:Building ROS package in '/home/bbcontact/magician_ros2/src/magician_ros2/dobot_msgs' with build type 'ament_cmake'
[1.107s] INFO:colcon.colcon_cmake.task.cmake.build:Building CMake package in '/home/bbcontact/magician_ros2/src/magician_ros2/dobot_msgs'
[1.113s] INFO:colcon.colcon_core.plugin_system:Skipping extension 'colcon_core.shell.bat': Not used on non-Windows systems
[1.114s] INFO:colcon.colcon_core.shell:Skip shell extension 'powershell' for command environment: Not usable outside of PowerShell
[1.114s] DEBUG:colcon.colcon_core.shell:Skip shell extension 'dsv' for command environment
[1.120s] INFO:colcon.colcon_ros.task.ament_cmake.build:Building ROS package in '/home/bbcontact/magician_ros2/src/magician_ros2/dobot_driver' with build type 'ament_cmake'
[1.120s] INFO:colcon.colcon_cmake.task.cmake.build:Building CMake package in '/home/bbcontact/magician_ros2/src/magician_ros2/dobot_driver'
[1.120s] INFO:colcon.colcon_core.shell:Skip shell extension 'powershell' for command environment: Not usable outside of PowerShell
[1.120s] DEBUG:colcon.colcon_core.shell:Skip shell extension 'dsv' for command environment
[1.126s] INFO:colcon.colcon_ros.task.ament_cmake.build:Building ROS package in '/home/bbcontact/magician_ros2/src/magician_ros2/dobot_description' with build type 'ament_cmake'
[1.126s] INFO:colcon.colcon_cmake.task.cmake.build:Building CMake package in '/home/bbcontact/magician_ros2/src/magician_ros2/dobot_description'
[1.126s] INFO:colcon.colcon_core.shell:Skip shell extension 'powershell' for command environment: Not usable outside of PowerShell
[1.126s] DEBUG:colcon.colcon_core.shell:Skip shell extension 'dsv' for command environment
[1.132s] INFO:colcon.colcon_ros.task.ament_cmake.build:Building ROS package in '/home/bbcontact/magician_ros2/src/OrbbecSDK_ROS2/orbbec_camera_msgs' with build type 'ament_cmake'
[1.132s] INFO:colcon.colcon_cmake.task.cmake.build:Building CMake package in '/home/bbcontact/magician_ros2/src/OrbbecSDK_ROS2/orbbec_camera_msgs'
[1.133s] INFO:colcon.colcon_core.shell:Skip shell extension 'powershell' for command environment: Not usable outside of PowerShell
[1.133s] DEBUG:colcon.colcon_core.shell:Skip shell extension 'dsv' for command environment
[1.144s] DEBUG:colcon.colcon_core.event_handler.log_command:Invoking command in '/home/bbcontact/magician_ros2/build/dobot_msgs': CMAKE_PREFIX_PATH=${CMAKE_PREFIX_PATH}:/opt/ros/jazzy DEBUGINFOD_URLS=https://debuginfod.ubuntu.com /usr/bin/cmake /home/bbcontact/magician_ros2/src/magician_ros2/dobot_msgs -DAMENT_CMAKE_SYMLINK_INSTALL=1 -DCMAKE_INSTALL_PREFIX=/home/bbcontact/magician_ros2/install/dobot_msgs
[1.149s] DEBUG:colcon.colcon_core.event_handler.log_command:Invoking command in '/home/bbcontact/magician_ros2/build/dobot_driver': CMAKE_PREFIX_PATH=${CMAKE_PREFIX_PATH}:/opt/ros/jazzy DEBUGINFOD_URLS=https://debuginfod.ubuntu.com /usr/bin/cmake --build /home/bbcontact/magician_ros2/build/dobot_driver -- -j8 -l8
[1.153s] DEBUG:colcon.colcon_core.event_handler.log_command:Invoking command in '/home/bbcontact/magician_ros2/build/dobot_description': CMAKE_PREFIX_PATH=${CMAKE_PREFIX_PATH}:/opt/ros/jazzy DEBUGINFOD_URLS=https://debuginfod.ubuntu.com /usr/bin/cmake --build /home/bbcontact/magician_ros2/build/dobot_description -- -j8 -l8
[1.159s] DEBUG:colcon.colcon_core.event_handler.log_command:Invoking command in '/home/bbcontact/magician_ros2/build/orbbec_camera_msgs': CMAKE_PREFIX_PATH=${CMAKE_PREFIX_PATH}:/opt/ros/jazzy DEBUGINFOD_URLS=https://debuginfod.ubuntu.com /usr/bin/cmake /home/bbcontact/magician_ros2/src/OrbbecSDK_ROS2/orbbec_camera_msgs -DAMENT_CMAKE_SYMLINK_INSTALL=1 -DCMAKE_INSTALL_PREFIX=/home/bbcontact/magician_ros2/install/orbbec_camera_msgs
[1.281s] DEBUG:colcon.colcon_core.event_handler.log_command:Invoked command in '/home/bbcontact/magician_ros2/build/dobot_description' returned '0': CMAKE_PREFIX_PATH=${CMAKE_PREFIX_PATH}:/opt/ros/jazzy DEBUGINFOD_URLS=https://debuginfod.ubuntu.com /usr/bin/cmake --build /home/bbcontact/magician_ros2/build/dobot_description -- -j8 -l8
[1.312s] DEBUG:colcon.colcon_core.event_handler.log_command:Invoking command in '/home/bbcontact/magician_ros2/build/dobot_description': CMAKE_PREFIX_PATH=${CMAKE_PREFIX_PATH}:/opt/ros/jazzy DEBUGINFOD_URLS=https://debuginfod.ubuntu.com /usr/bin/cmake --install /home/bbcontact/magician_ros2/build/dobot_description
[1.405s] Level 1:colcon.colcon_core.environment:create_environment_scripts_only(dobot_description)
[1.407s] DEBUG:colcon.colcon_core.event_handler.log_command:Invoked command in '/home/bbcontact/magician_ros2/build/dobot_description' returned '0': CMAKE_PREFIX_PATH=${CMAKE_PREFIX_PATH}:/opt/ros/jazzy DEBUGINFOD_URLS=https://debuginfod.ubuntu.com /usr/bin/cmake --install /home/bbcontact/magician_ros2/build/dobot_description
[1.418s] Level 1:colcon.colcon_core.environment:checking '/home/bbcontact/magician_ros2/install/dobot_description' for CMake module files
[1.420s] Level 1:colcon.colcon_core.environment:checking '/home/bbcontact/magician_ros2/install/dobot_description' for CMake config files
[1.422s] Level 1:colcon.colcon_core.shell:create_environment_hook('dobot_description', 'cmake_prefix_path')
[1.423s] INFO:colcon.colcon_core.shell:Creating environment hook '/home/bbcontact/magician_ros2/install/dobot_description/share/dobot_description/hook/cmake_prefix_path.ps1'
[1.424s] INFO:colcon.colcon_core.shell:Creating environment descriptor '/home/bbcontact/magician_ros2/install/dobot_description/share/dobot_description/hook/cmake_prefix_path.dsv'
[1.426s] INFO:colcon.colcon_core.shell:Creating environment hook '/home/bbcontact/magician_ros2/install/dobot_description/share/dobot_description/hook/cmake_prefix_path.sh'
[1.428s] Level 1:colcon.colcon_core.environment:checking '/home/bbcontact/magician_ros2/install/dobot_description/bin'
[1.428s] Level 1:colcon.colcon_core.environment:checking '/home/bbcontact/magician_ros2/install/dobot_description/lib/pkgconfig/dobot_description.pc'
[1.429s] Level 1:colcon.colcon_core.environment:checking '/home/bbcontact/magician_ros2/install/dobot_description/lib/python3.12/site-packages'
[1.430s] Level 1:colcon.colcon_core.environment:checking '/home/bbcontact/magician_ros2/install/dobot_description/bin'
[1.430s] INFO:colcon.colcon_core.shell:Creating package script '/home/bbcontact/magician_ros2/install/dobot_description/share/dobot_description/package.ps1'
[1.433s] INFO:colcon.colcon_core.shell:Creating package descriptor '/home/bbcontact/magician_ros2/install/dobot_description/share/dobot_description/package.dsv'
[1.434s] INFO:colcon.colcon_core.shell:Creating package script '/home/bbcontact/magician_ros2/install/dobot_description/share/dobot_description/package.sh'
[1.436s] INFO:colcon.colcon_core.shell:Creating package script '/home/bbcontact/magician_ros2/install/dobot_description/share/dobot_description/package.bash'
[1.438s] INFO:colcon.colcon_core.shell:Creating package script '/home/bbcontact/magician_ros2/install/dobot_description/share/dobot_description/package.zsh'
[1.439s] Level 1:colcon.colcon_core.environment:create_file_with_runtime_dependencies(/home/bbcontact/magician_ros2/install/dobot_description/share/colcon-core/packages/dobot_description)
[1.441s] Level 1:colcon.colcon_core.environment:create_environment_scripts_only(dobot_description)
[1.441s] Level 1:colcon.colcon_core.environment:checking '/home/bbcontact/magician_ros2/install/dobot_description' for CMake module files
[1.443s] Level 1:colcon.colcon_core.environment:checking '/home/bbcontact/magician_ros2/install/dobot_description' for CMake config files
[1.444s] Level 1:colcon.colcon_core.shell:create_environment_hook('dobot_description', 'cmake_prefix_path')
[1.444s] INFO:colcon.colcon_core.shell:Creating environment hook '/home/bbcontact/magician_ros2/install/dobot_description/share/dobot_description/hook/cmake_prefix_path.ps1'
[1.446s] INFO:colcon.colcon_core.shell:Creating environment descriptor '/home/bbcontact/magician_ros2/install/dobot_description/share/dobot_description/hook/cmake_prefix_path.dsv'
[1.446s] INFO:colcon.colcon_core.shell:Creating environment hook '/home/bbcontact/magician_ros2/install/dobot_description/share/dobot_description/hook/cmake_prefix_path.sh'
[1.448s] Level 1:colcon.colcon_core.environment:checking '/home/bbcontact/magician_ros2/install/dobot_description/bin'
[1.448s] Level 1:colcon.colcon_core.environment:checking '/home/bbcontact/magician_ros2/install/dobot_description/lib/pkgconfig/dobot_description.pc'
[1.449s] Level 1:colcon.colcon_core.environment:checking '/home/bbcontact/magician_ros2/install/dobot_description/lib/python3.12/site-packages'
[1.450s] Level 1:colcon.colcon_core.environment:checking '/home/bbcontact/magician_ros2/install/dobot_description/bin'
[1.450s] INFO:colcon.colcon_core.shell:Creating package script '/home/bbcontact/magician_ros2/install/dobot_description/share/dobot_description/package.ps1'
[1.452s] INFO:colcon.colcon_core.shell:Creating package descriptor '/home/bbcontact/magician_ros2/install/dobot_description/share/dobot_description/package.dsv'
[1.453s] INFO:colcon.colcon_core.shell:Creating package script '/home/bbcontact/magician_ros2/install/dobot_description/share/dobot_description/package.sh'
[1.454s] INFO:colcon.colcon_core.shell:Creating package script '/home/bbcontact/magician_ros2/install/dobot_description/share/dobot_description/package.bash'
[1.455s] INFO:colcon.colcon_core.shell:Creating package script '/home/bbcontact/magician_ros2/install/dobot_description/share/dobot_description/package.zsh'
[1.456s] Level 1:colcon.colcon_core.environment:create_file_with_runtime_dependencies(/home/bbcontact/magician_ros2/install/dobot_description/share/colcon-core/packages/dobot_description)
[2.559s] DEBUG:colcon.colcon_core.event_handler.log_command:Invoked command in '/home/bbcontact/magician_ros2/build/dobot_driver' returned '0': CMAKE_PREFIX_PATH=${CMAKE_PREFIX_PATH}:/opt/ros/jazzy DEBUGINFOD_URLS=https://debuginfod.ubuntu.com /usr/bin/cmake --build /home/bbcontact/magician_ros2/build/dobot_driver -- -j8 -l8
[2.563s] DEBUG:colcon.colcon_core.event_handler.log_command:Invoking command in '/home/bbcontact/magician_ros2/build/dobot_driver': CMAKE_PREFIX_PATH=${CMAKE_PREFIX_PATH}:/opt/ros/jazzy DEBUGINFOD_URLS=https://debuginfod.ubuntu.com /usr/bin/cmake --install /home/bbcontact/magician_ros2/build/dobot_driver
[2.737s] Level 1:colcon.colcon_core.environment:create_environment_scripts_only(dobot_driver)
[2.738s] Level 1:colcon.colcon_core.environment:checking '/home/bbcontact/magician_ros2/install/dobot_driver' for CMake module files
[2.739s] DEBUG:colcon.colcon_core.event_handler.log_command:Invoked command in '/home/bbcontact/magician_ros2/build/dobot_driver' returned '0': CMAKE_PREFIX_PATH=${CMAKE_PREFIX_PATH}:/opt/ros/jazzy DEBUGINFOD_URLS=https://debuginfod.ubuntu.com /usr/bin/cmake --install /home/bbcontact/magician_ros2/build/dobot_driver
[2.741s] Level 1:colcon.colcon_core.environment:checking '/home/bbcontact/magician_ros2/install/dobot_driver' for CMake config files
[2.742s] Level 1:colcon.colcon_core.shell:create_environment_hook('dobot_driver', 'cmake_prefix_path')
[2.742s] INFO:colcon.colcon_core.shell:Creating environment hook '/home/bbcontact/magician_ros2/install/dobot_driver/share/dobot_driver/hook/cmake_prefix_path.ps1'
[2.743s] INFO:colcon.colcon_core.shell:Creating environment descriptor '/home/bbcontact/magician_ros2/install/dobot_driver/share/dobot_driver/hook/cmake_prefix_path.dsv'
[2.744s] INFO:colcon.colcon_core.shell:Creating environment hook '/home/bbcontact/magician_ros2/install/dobot_driver/share/dobot_driver/hook/cmake_prefix_path.sh'
[2.746s] Level 1:colcon.colcon_core.environment:checking '/home/bbcontact/magician_ros2/install/dobot_driver/lib'
[2.747s] Level 1:colcon.colcon_core.environment:checking '/home/bbcontact/magician_ros2/install/dobot_driver/bin'
[2.747s] Level 1:colcon.colcon_core.environment:checking '/home/bbcontact/magician_ros2/install/dobot_driver/lib/pkgconfig/dobot_driver.pc'
[2.748s] Level 1:colcon.colcon_core.environment:checking '/home/bbcontact/magician_ros2/install/dobot_driver/lib/python3.12/site-packages'
[2.748s] Level 1:colcon.colcon_core.shell:create_environment_hook('dobot_driver', 'pythonpath')
[2.749s] INFO:colcon.colcon_core.shell:Creating environment hook '/home/bbcontact/magician_ros2/install/dobot_driver/share/dobot_driver/hook/pythonpath.ps1'
[2.750s] INFO:colcon.colcon_core.shell:Creating environment descriptor '/home/bbcontact/magician_ros2/install/dobot_driver/share/dobot_driver/hook/pythonpath.dsv'
[2.751s] INFO:colcon.colcon_core.shell:Creating environment hook '/home/bbcontact/magician_ros2/install/dobot_driver/share/dobot_driver/hook/pythonpath.sh'
[2.754s] Level 1:colcon.colcon_core.environment:checking '/home/bbcontact/magician_ros2/install/dobot_driver/bin'
[2.755s] INFO:colcon.colcon_core.shell:Creating package script '/home/bbcontact/magician_ros2/install/dobot_driver/share/dobot_driver/package.ps1'
[2.757s] INFO:colcon.colcon_core.shell:Creating package descriptor '/home/bbcontact/magician_ros2/install/dobot_driver/share/dobot_driver/package.dsv'
[2.758s] INFO:colcon.colcon_core.shell:Creating package script '/home/bbcontact/magician_ros2/install/dobot_driver/share/dobot_driver/package.sh'
[2.760s] INFO:colcon.colcon_core.shell:Creating package script '/home/bbcontact/magician_ros2/install/dobot_driver/share/dobot_driver/package.bash'
[2.761s] INFO:colcon.colcon_core.shell:Creating package script '/home/bbcontact/magician_ros2/install/dobot_driver/share/dobot_driver/package.zsh'
[2.763s] Level 1:colcon.colcon_core.environment:create_file_with_runtime_dependencies(/home/bbcontact/magician_ros2/install/dobot_driver/share/colcon-core/packages/dobot_driver)
[2.764s] Level 1:colcon.colcon_core.environment:create_environment_scripts_only(dobot_driver)
[2.765s] Level 1:colcon.colcon_core.environment:checking '/home/bbcontact/magician_ros2/install/dobot_driver' for CMake module files
[2.766s] Level 1:colcon.colcon_core.environment:checking '/home/bbcontact/magician_ros2/install/dobot_driver' for CMake config files
[2.767s] Level 1:colcon.colcon_core.shell:create_environment_hook('dobot_driver', 'cmake_prefix_path')
[2.767s] INFO:colcon.colcon_core.shell:Creating environment hook '/home/bbcontact/magician_ros2/install/dobot_driver/share/dobot_driver/hook/cmake_prefix_path.ps1'
[2.768s] INFO:colcon.colcon_core.shell:Creating environment descriptor '/home/bbcontact/magician_ros2/install/dobot_driver/share/dobot_driver/hook/cmake_prefix_path.dsv'
[2.769s] INFO:colcon.colcon_core.shell:Creating environment hook '/home/bbcontact/magician_ros2/install/dobot_driver/share/dobot_driver/hook/cmake_prefix_path.sh'
[2.770s] Level 1:colcon.colcon_core.environment:checking '/home/bbcontact/magician_ros2/install/dobot_driver/lib'
[2.770s] Level 1:colcon.colcon_core.environment:checking '/home/bbcontact/magician_ros2/install/dobot_driver/bin'
[2.770s] Level 1:colcon.colcon_core.environment:checking '/home/bbcontact/magician_ros2/install/dobot_driver/lib/pkgconfig/dobot_driver.pc'
[2.771s] Level 1:colcon.colcon_core.environment:checking '/home/bbcontact/magician_ros2/install/dobot_driver/lib/python3.12/site-packages'
[2.771s] Level 1:colcon.colcon_core.shell:create_environment_hook('dobot_driver', 'pythonpath')
[2.771s] INFO:colcon.colcon_core.shell:Creating environment hook '/home/bbcontact/magician_ros2/install/dobot_driver/share/dobot_driver/hook/pythonpath.ps1'
[2.772s] INFO:colcon.colcon_core.shell:Creating environment descriptor '/home/bbcontact/magician_ros2/install/dobot_driver/share/dobot_driver/hook/pythonpath.dsv'
[2.773s] INFO:colcon.colcon_core.shell:Creating environment hook '/home/bbcontact/magician_ros2/install/dobot_driver/share/dobot_driver/hook/pythonpath.sh'
[2.774s] Level 1:colcon.colcon_core.environment:checking '/home/bbcontact/magician_ros2/install/dobot_driver/bin'
[2.775s] INFO:colcon.colcon_core.shell:Creating package script '/home/bbcontact/magician_ros2/install/dobot_driver/share/dobot_driver/package.ps1'
[2.776s] INFO:colcon.colcon_core.shell:Creating package descriptor '/home/bbcontact/magician_ros2/install/dobot_driver/share/dobot_driver/package.dsv'
[2.777s] INFO:colcon.colcon_core.shell:Creating package script '/home/bbcontact/magician_ros2/install/dobot_driver/share/dobot_driver/package.sh'
[2.778s] INFO:colcon.colcon_core.shell:Creating package script '/home/bbcontact/magician_ros2/install/dobot_driver/share/dobot_driver/package.bash'
[2.779s] INFO:colcon.colcon_core.shell:Creating package script '/home/bbcontact/magician_ros2/install/dobot_driver/share/dobot_driver/package.zsh'
[2.779s] Level 1:colcon.colcon_core.environment:create_file_with_runtime_dependencies(/home/bbcontact/magician_ros2/install/dobot_driver/share/colcon-core/packages/dobot_driver)
[9.283s] DEBUG:colcon.colcon_core.event_handler.log_command:Invoked command in '/home/bbcontact/magician_ros2/build/dobot_msgs' returned '0': CMAKE_PREFIX_PATH=${CMAKE_PREFIX_PATH}:/opt/ros/jazzy DEBUGINFOD_URLS=https://debuginfod.ubuntu.com /usr/bin/cmake /home/bbcontact/magician_ros2/src/magician_ros2/dobot_msgs -DAMENT_CMAKE_SYMLINK_INSTALL=1 -DCMAKE_INSTALL_PREFIX=/home/bbcontact/magician_ros2/install/dobot_msgs
[9.285s] DEBUG:colcon.colcon_core.event_handler.log_command:Invoking command in '/home/bbcontact/magician_ros2/build/dobot_msgs': CMAKE_PREFIX_PATH=${CMAKE_PREFIX_PATH}:/opt/ros/jazzy DEBUGINFOD_URLS=https://debuginfod.ubuntu.com /usr/bin/cmake --build /home/bbcontact/magician_ros2/build/dobot_msgs -- -j8 -l8
[9.577s] DEBUG:colcon.colcon_core.event_handler.log_command:Invoked command in '/home/bbcontact/magician_ros2/build/orbbec_camera_msgs' returned '0': CMAKE_PREFIX_PATH=${CMAKE_PREFIX_PATH}:/opt/ros/jazzy DEBUGINFOD_URLS=https://debuginfod.ubuntu.com /usr/bin/cmake /home/bbcontact/magician_ros2/src/OrbbecSDK_ROS2/orbbec_camera_msgs -DAMENT_CMAKE_SYMLINK_INSTALL=1 -DCMAKE_INSTALL_PREFIX=/home/bbcontact/magician_ros2/install/orbbec_camera_msgs
[9.580s] DEBUG:colcon.colcon_core.event_handler.log_command:Invoking command in '/home/bbcontact/magician_ros2/build/orbbec_camera_msgs': CMAKE_PREFIX_PATH=${CMAKE_PREFIX_PATH}:/opt/ros/jazzy DEBUGINFOD_URLS=https://debuginfod.ubuntu.com /usr/bin/cmake --build /home/bbcontact/magician_ros2/build/orbbec_camera_msgs -- -j8 -l8
[64.983s] DEBUG:colcon.colcon_core.event_handler.log_command:Invoked command in '/home/bbcontact/magician_ros2/build/dobot_msgs' returned '0': CMAKE_PREFIX_PATH=${CMAKE_PREFIX_PATH}:/opt/ros/jazzy DEBUGINFOD_URLS=https://debuginfod.ubuntu.com /usr/bin/cmake --build /home/bbcontact/magician_ros2/build/dobot_msgs -- -j8 -l8
[64.986s] DEBUG:colcon.colcon_core.event_handler.log_command:Invoking command in '/home/bbcontact/magician_ros2/build/dobot_msgs': CMAKE_PREFIX_PATH=${CMAKE_PREFIX_PATH}:/opt/ros/jazzy DEBUGINFOD_URLS=https://debuginfod.ubuntu.com /usr/bin/cmake --install /home/bbcontact/magician_ros2/build/dobot_msgs
[65.119s] DEBUG:colcon.colcon_core.event_handler.log_command:Invoked command in '/home/bbcontact/magician_ros2/build/orbbec_camera_msgs' returned '0': CMAKE_PREFIX_PATH=${CMAKE_PREFIX_PATH}:/opt/ros/jazzy DEBUGINFOD_URLS=https://debuginfod.ubuntu.com /usr/bin/cmake --build /home/bbcontact/magician_ros2/build/orbbec_camera_msgs -- -j8 -l8
[65.122s] DEBUG:colcon.colcon_core.event_handler.log_command:Invoking command in '/home/bbcontact/magician_ros2/build/orbbec_camera_msgs': CMAKE_PREFIX_PATH=${CMAKE_PREFIX_PATH}:/opt/ros/jazzy DEBUGINFOD_URLS=https://debuginfod.ubuntu.com /usr/bin/cmake --install /home/bbcontact/magician_ros2/build/orbbec_camera_msgs
[69.646s] Level 1:colcon.colcon_core.environment:create_environment_scripts_only(dobot_msgs)
[69.647s] Level 1:colcon.colcon_core.environment:checking '/home/bbcontact/magician_ros2/install/dobot_msgs' for CMake module files
[69.648s] DEBUG:colcon.colcon_core.event_handler.log_command:Invoked command in '/home/bbcontact/magician_ros2/build/dobot_msgs' returned '0': CMAKE_PREFIX_PATH=${CMAKE_PREFIX_PATH}:/opt/ros/jazzy DEBUGINFOD_URLS=https://debuginfod.ubuntu.com /usr/bin/cmake --install /home/bbcontact/magician_ros2/build/dobot_msgs
[69.650s] Level 1:colcon.colcon_core.environment:checking '/home/bbcontact/magician_ros2/install/dobot_msgs' for CMake config files
[69.651s] Level 1:colcon.colcon_core.shell:create_environment_hook('dobot_msgs', 'cmake_prefix_path')
[69.652s] INFO:colcon.colcon_core.shell:Creating environment hook '/home/bbcontact/magician_ros2/install/dobot_msgs/share/dobot_msgs/hook/cmake_prefix_path.ps1'
[69.653s] INFO:colcon.colcon_core.shell:Creating environment descriptor '/home/bbcontact/magician_ros2/install/dobot_msgs/share/dobot_msgs/hook/cmake_prefix_path.dsv'
[69.654s] INFO:colcon.colcon_core.shell:Creating environment hook '/home/bbcontact/magician_ros2/install/dobot_msgs/share/dobot_msgs/hook/cmake_prefix_path.sh'
[69.655s] Level 1:colcon.colcon_core.environment:checking '/home/bbcontact/magician_ros2/install/dobot_msgs/lib'
[69.655s] Level 1:colcon.colcon_core.shell:create_environment_hook('dobot_msgs', 'ld_library_path_lib')
[69.656s] INFO:colcon.colcon_core.shell:Creating environment hook '/home/bbcontact/magician_ros2/install/dobot_msgs/share/dobot_msgs/hook/ld_library_path_lib.ps1'
[69.657s] INFO:colcon.colcon_core.shell:Creating environment descriptor '/home/bbcontact/magician_ros2/install/dobot_msgs/share/dobot_msgs/hook/ld_library_path_lib.dsv'
[69.657s] INFO:colcon.colcon_core.shell:Creating environment hook '/home/bbcontact/magician_ros2/install/dobot_msgs/share/dobot_msgs/hook/ld_library_path_lib.sh'
[69.658s] Level 1:colcon.colcon_core.environment:checking '/home/bbcontact/magician_ros2/install/dobot_msgs/bin'
[69.658s] Level 1:colcon.colcon_core.environment:checking '/home/bbcontact/magician_ros2/install/dobot_msgs/lib/pkgconfig/dobot_msgs.pc'
[69.659s] Level 1:colcon.colcon_core.environment:checking '/home/bbcontact/magician_ros2/install/dobot_msgs/lib/python3.12/site-packages'
[69.659s] Level 1:colcon.colcon_core.shell:create_environment_hook('dobot_msgs', 'pythonpath')
[69.660s] INFO:colcon.colcon_core.shell:Creating environment hook '/home/bbcontact/magician_ros2/install/dobot_msgs/share/dobot_msgs/hook/pythonpath.ps1'
[69.660s] INFO:colcon.colcon_core.shell:Creating environment descriptor '/home/bbcontact/magician_ros2/install/dobot_msgs/share/dobot_msgs/hook/pythonpath.dsv'
[69.661s] INFO:colcon.colcon_core.shell:Creating environment hook '/home/bbcontact/magician_ros2/install/dobot_msgs/share/dobot_msgs/hook/pythonpath.sh'
[69.663s] Level 1:colcon.colcon_core.environment:checking '/home/bbcontact/magician_ros2/install/dobot_msgs/bin'
[69.663s] INFO:colcon.colcon_core.shell:Creating package script '/home/bbcontact/magician_ros2/install/dobot_msgs/share/dobot_msgs/package.ps1'
[69.665s] INFO:colcon.colcon_core.shell:Creating package descriptor '/home/bbcontact/magician_ros2/install/dobot_msgs/share/dobot_msgs/package.dsv'
[69.666s] INFO:colcon.colcon_core.shell:Creating package script '/home/bbcontact/magician_ros2/install/dobot_msgs/share/dobot_msgs/package.sh'
[69.667s] INFO:colcon.colcon_core.shell:Creating package script '/home/bbcontact/magician_ros2/install/dobot_msgs/share/dobot_msgs/package.bash'
[69.667s] INFO:colcon.colcon_core.shell:Creating package script '/home/bbcontact/magician_ros2/install/dobot_msgs/share/dobot_msgs/package.zsh'
[69.668s] Level 1:colcon.colcon_core.environment:create_file_with_runtime_dependencies(/home/bbcontact/magician_ros2/install/dobot_msgs/share/colcon-core/packages/dobot_msgs)
[69.669s] Level 1:colcon.colcon_core.environment:create_environment_scripts_only(dobot_msgs)
[69.670s] Level 1:colcon.colcon_core.environment:checking '/home/bbcontact/magician_ros2/install/dobot_msgs' for CMake module files
[69.671s] Level 1:colcon.colcon_core.environment:checking '/home/bbcontact/magician_ros2/install/dobot_msgs' for CMake config files
[69.672s] Level 1:colcon.colcon_core.shell:create_environment_hook('dobot_msgs', 'cmake_prefix_path')
[69.673s] INFO:colcon.colcon_core.shell:Creating environment hook '/home/bbcontact/magician_ros2/install/dobot_msgs/share/dobot_msgs/hook/cmake_prefix_path.ps1'
[69.673s] INFO:colcon.colcon_core.shell:Creating environment descriptor '/home/bbcontact/magician_ros2/install/dobot_msgs/share/dobot_msgs/hook/cmake_prefix_path.dsv'
[69.674s] INFO:colcon.colcon_core.shell:Creating environment hook '/home/bbcontact/magician_ros2/install/dobot_msgs/share/dobot_msgs/hook/cmake_prefix_path.sh'
[69.675s] Level 1:colcon.colcon_core.environment:checking '/home/bbcontact/magician_ros2/install/dobot_msgs/lib'
[69.676s] Level 1:colcon.colcon_core.shell:create_environment_hook('dobot_msgs', 'ld_library_path_lib')
[69.676s] INFO:colcon.colcon_core.shell:Creating environment hook '/home/bbcontact/magician_ros2/install/dobot_msgs/share/dobot_msgs/hook/ld_library_path_lib.ps1'
[69.677s] INFO:colcon.colcon_core.shell:Creating environment descriptor '/home/bbcontact/magician_ros2/install/dobot_msgs/share/dobot_msgs/hook/ld_library_path_lib.dsv'
[69.677s] INFO:colcon.colcon_core.shell:Creating environment hook '/home/bbcontact/magician_ros2/install/dobot_msgs/share/dobot_msgs/hook/ld_library_path_lib.sh'
[69.678s] Level 1:colcon.colcon_core.environment:checking '/home/bbcontact/magician_ros2/install/dobot_msgs/bin'
[69.678s] Level 1:colcon.colcon_core.environment:checking '/home/bbcontact/magician_ros2/install/dobot_msgs/lib/pkgconfig/dobot_msgs.pc'
[69.679s] Level 1:colcon.colcon_core.environment:checking '/home/bbcontact/magician_ros2/install/dobot_msgs/lib/python3.12/site-packages'
[69.679s] Level 1:colcon.colcon_core.shell:create_environment_hook('dobot_msgs', 'pythonpath')
[69.679s] INFO:colcon.colcon_core.shell:Creating environment hook '/home/bbcontact/magician_ros2/install/dobot_msgs/share/dobot_msgs/hook/pythonpath.ps1'
[69.680s] INFO:colcon.colcon_core.shell:Creating environment descriptor '/home/bbcontact/magician_ros2/install/dobot_msgs/share/dobot_msgs/hook/pythonpath.dsv'
[69.681s] INFO:colcon.colcon_core.shell:Creating environment hook '/home/bbcontact/magician_ros2/install/dobot_msgs/share/dobot_msgs/hook/pythonpath.sh'
[69.682s] Level 1:colcon.colcon_core.environment:checking '/home/bbcontact/magician_ros2/install/dobot_msgs/bin'
[69.683s] INFO:colcon.colcon_core.shell:Creating package script '/home/bbcontact/magician_ros2/install/dobot_msgs/share/dobot_msgs/package.ps1'
[69.685s] INFO:colcon.colcon_core.shell:Creating package descriptor '/home/bbcontact/magician_ros2/install/dobot_msgs/share/dobot_msgs/package.dsv'
[69.686s] INFO:colcon.colcon_core.shell:Creating package script '/home/bbcontact/magician_ros2/install/dobot_msgs/share/dobot_msgs/package.sh'
[69.687s] INFO:colcon.colcon_core.shell:Creating package script '/home/bbcontact/magician_ros2/install/dobot_msgs/share/dobot_msgs/package.bash'
[69.688s] INFO:colcon.colcon_core.shell:Creating package script '/home/bbcontact/magician_ros2/install/dobot_msgs/share/dobot_msgs/package.zsh'
[69.688s] Level 1:colcon.colcon_core.environment:create_file_with_runtime_dependencies(/home/bbcontact/magician_ros2/install/dobot_msgs/share/colcon-core/packages/dobot_msgs)
[69.689s] INFO:colcon.colcon_ros.task.ament_python.build:Building ROS package in '/home/bbcontact/magician_ros2/src/magician_ros2/dobot_calibration' with build type 'ament_python'
[69.689s] Level 1:colcon.colcon_core.shell:create_environment_hook('dobot_calibration', 'ament_prefix_path')
[69.690s] INFO:colcon.colcon_core.shell:Creating environment hook '/home/bbcontact/magician_ros2/install/dobot_calibration/share/dobot_calibration/hook/ament_prefix_path.ps1'
[69.691s] INFO:colcon.colcon_core.shell:Creating environment descriptor '/home/bbcontact/magician_ros2/install/dobot_calibration/share/dobot_calibration/hook/ament_prefix_path.dsv'
[69.692s] INFO:colcon.colcon_core.shell:Creating environment hook '/home/bbcontact/magician_ros2/install/dobot_calibration/share/dobot_calibration/hook/ament_prefix_path.sh'
[69.693s] INFO:colcon.colcon_core.shell:Skip shell extension 'powershell' for command environment: Not usable outside of PowerShell
[69.693s] DEBUG:colcon.colcon_core.shell:Skip shell extension 'dsv' for command environment
[69.699s] INFO:colcon.colcon_ros.task.ament_python.build:Building ROS package in '/home/bbcontact/magician_ros2/src/magician_ros2/dobot_diagnostics' with build type 'ament_python'
[69.700s] Level 1:colcon.colcon_core.shell:create_environment_hook('dobot_diagnostics', 'ament_prefix_path')
[69.700s] INFO:colcon.colcon_core.shell:Creating environment hook '/home/bbcontact/magician_ros2/install/dobot_diagnostics/share/dobot_diagnostics/hook/ament_prefix_path.ps1'
[69.701s] INFO:colcon.colcon_core.shell:Creating environment descriptor '/home/bbcontact/magician_ros2/install/dobot_diagnostics/share/dobot_diagnostics/hook/ament_prefix_path.dsv'
[69.702s] INFO:colcon.colcon_core.shell:Creating environment hook '/home/bbcontact/magician_ros2/install/dobot_diagnostics/share/dobot_diagnostics/hook/ament_prefix_path.sh'
[69.703s] INFO:colcon.colcon_core.shell:Skip shell extension 'powershell' for command environment: Not usable outside of PowerShell
[69.703s] DEBUG:colcon.colcon_core.shell:Skip shell extension 'dsv' for command environment
[69.709s] INFO:colcon.colcon_ros.task.ament_python.build:Building ROS package in '/home/bbcontact/magician_ros2/src/magician_ros2/dobot_end_effector' with build type 'ament_python'
[69.709s] Level 1:colcon.colcon_core.shell:create_environment_hook('dobot_end_effector', 'ament_prefix_path')
[69.710s] INFO:colcon.colcon_core.shell:Creating environment hook '/home/bbcontact/magician_ros2/install/dobot_end_effector/share/dobot_end_effector/hook/ament_prefix_path.ps1'
[69.711s] INFO:colcon.colcon_core.shell:Creating environment descriptor '/home/bbcontact/magician_ros2/install/dobot_end_effector/share/dobot_end_effector/hook/ament_prefix_path.dsv'
[69.712s] INFO:colcon.colcon_core.shell:Creating environment hook '/home/bbcontact/magician_ros2/install/dobot_end_effector/share/dobot_end_effector/hook/ament_prefix_path.sh'
[69.713s] INFO:colcon.colcon_core.shell:Skip shell extension 'powershell' for command environment: Not usable outside of PowerShell
[69.713s] DEBUG:colcon.colcon_core.shell:Skip shell extension 'dsv' for command environment
[69.741s] INFO:colcon.colcon_ros.task.ament_python.build:Building ROS package in '/home/bbcontact/magician_ros2/src/magician_ros2/dobot_homing' with build type 'ament_python'
[69.741s] Level 1:colcon.colcon_core.shell:create_environment_hook('dobot_homing', 'ament_prefix_path')
[69.742s] INFO:colcon.colcon_core.shell:Creating environment hook '/home/bbcontact/magician_ros2/install/dobot_homing/share/dobot_homing/hook/ament_prefix_path.ps1'
[69.743s] INFO:colcon.colcon_core.shell:Creating environment descriptor '/home/bbcontact/magician_ros2/install/dobot_homing/share/dobot_homing/hook/ament_prefix_path.dsv'
[69.744s] INFO:colcon.colcon_core.shell:Creating environment hook '/home/bbcontact/magician_ros2/install/dobot_homing/share/dobot_homing/hook/ament_prefix_path.sh'
[69.745s] INFO:colcon.colcon_core.shell:Skip shell extension 'powershell' for command environment: Not usable outside of PowerShell
[69.746s] DEBUG:colcon.colcon_core.shell:Skip shell extension 'dsv' for command environment
[69.754s] INFO:colcon.colcon_ros.task.ament_python.build:Building ROS package in '/home/bbcontact/magician_ros2/src/magician_ros2/dobot_kinematics' with build type 'ament_python'
[69.754s] Level 1:colcon.colcon_core.shell:create_environment_hook('dobot_kinematics', 'ament_prefix_path')
[69.755s] INFO:colcon.colcon_core.shell:Creating environment hook '/home/bbcontact/magician_ros2/install/dobot_kinematics/share/dobot_kinematics/hook/ament_prefix_path.ps1'
[69.757s] INFO:colcon.colcon_core.shell:Creating environment descriptor '/home/bbcontact/magician_ros2/install/dobot_kinematics/share/dobot_kinematics/hook/ament_prefix_path.dsv'
[69.757s] INFO:colcon.colcon_core.shell:Creating environment hook '/home/bbcontact/magician_ros2/install/dobot_kinematics/share/dobot_kinematics/hook/ament_prefix_path.sh'
[69.759s] INFO:colcon.colcon_core.shell:Skip shell extension 'powershell' for command environment: Not usable outside of PowerShell
[69.759s] DEBUG:colcon.colcon_core.shell:Skip shell extension 'dsv' for command environment
[69.767s] INFO:colcon.colcon_ros.task.ament_python.build:Building ROS package in '/home/bbcontact/magician_ros2/src/magician_ros2/dobot_motion' with build type 'ament_python'
[69.767s] Level 1:colcon.colcon_core.shell:create_environment_hook('dobot_motion', 'ament_prefix_path')
[69.767s] INFO:colcon.colcon_core.shell:Creating environment hook '/home/bbcontact/magician_ros2/install/dobot_motion/share/dobot_motion/hook/ament_prefix_path.ps1'
[69.769s] INFO:colcon.colcon_core.shell:Creating environment descriptor '/home/bbcontact/magician_ros2/install/dobot_motion/share/dobot_motion/hook/ament_prefix_path.dsv'
[69.769s] INFO:colcon.colcon_core.shell:Creating environment hook '/home/bbcontact/magician_ros2/install/dobot_motion/share/dobot_motion/hook/ament_prefix_path.sh'
[69.771s] INFO:colcon.colcon_core.shell:Skip shell extension 'powershell' for command environment: Not usable outside of PowerShell
[69.771s] DEBUG:colcon.colcon_core.shell:Skip shell extension 'dsv' for command environment
[69.778s] INFO:colcon.colcon_ros.task.ament_python.build:Building ROS package in '/home/bbcontact/magician_ros2/src/magician_ros2/dobot_state_updater' with build type 'ament_python'
[69.779s] Level 1:colcon.colcon_core.shell:create_environment_hook('dobot_state_updater', 'ament_prefix_path')
[69.779s] INFO:colcon.colcon_core.shell:Creating environment hook '/home/bbcontact/magician_ros2/install/dobot_state_updater/share/dobot_state_updater/hook/ament_prefix_path.ps1'
[69.781s] INFO:colcon.colcon_core.shell:Creating environment descriptor '/home/bbcontact/magician_ros2/install/dobot_state_updater/share/dobot_state_updater/hook/ament_prefix_path.dsv'
[69.782s] INFO:colcon.colcon_core.shell:Creating environment hook '/home/bbcontact/magician_ros2/install/dobot_state_updater/share/dobot_state_updater/hook/ament_prefix_path.sh'
[69.783s] INFO:colcon.colcon_core.shell:Skip shell extension 'powershell' for command environment: Not usable outside of PowerShell
[69.783s] DEBUG:colcon.colcon_core.shell:Skip shell extension 'dsv' for command environment
[70.386s] INFO:colcon.colcon_core.task.python.build:Building Python package in '/home/bbcontact/magician_ros2/src/magician_ros2/dobot_calibration'
[70.386s] INFO:colcon.colcon_core.shell:Skip shell extension 'powershell' for command environment: Not usable outside of PowerShell
[70.386s] DEBUG:colcon.colcon_core.shell:Skip shell extension 'dsv' for command environment
[70.964s] INFO:colcon.colcon_core.task.python.build:Building Python package in '/home/bbcontact/magician_ros2/src/magician_ros2/dobot_diagnostics'
[70.964s] INFO:colcon.colcon_core.shell:Skip shell extension 'powershell' for command environment: Not usable outside of PowerShell
[70.964s] DEBUG:colcon.colcon_core.shell:Skip shell extension 'dsv' for command environment
[71.516s] INFO:colcon.colcon_core.task.python.build:Building Python package in '/home/bbcontact/magician_ros2/src/magician_ros2/dobot_end_effector'
[71.517s] INFO:colcon.colcon_core.shell:Skip shell extension 'powershell' for command environment: Not usable outside of PowerShell
[71.517s] DEBUG:colcon.colcon_core.shell:Skip shell extension 'dsv' for command environment
[72.057s] INFO:colcon.colcon_core.task.python.build:Building Python package in '/home/bbcontact/magician_ros2/src/magician_ros2/dobot_homing'
[72.057s] INFO:colcon.colcon_core.shell:Skip shell extension 'powershell' for command environment: Not usable outside of PowerShell
[72.057s] DEBUG:colcon.colcon_core.shell:Skip shell extension 'dsv' for command environment
[72.601s] INFO:colcon.colcon_core.task.python.build:Building Python package in '/home/bbcontact/magician_ros2/src/magician_ros2/dobot_kinematics'
[72.602s] INFO:colcon.colcon_core.shell:Skip shell extension 'powershell' for command environment: Not usable outside of PowerShell
[72.602s] DEBUG:colcon.colcon_core.shell:Skip shell extension 'dsv' for command environment
[73.145s] INFO:colcon.colcon_core.task.python.build:Building Python package in '/home/bbcontact/magician_ros2/src/magician_ros2/dobot_motion'
[73.146s] INFO:colcon.colcon_core.shell:Skip shell extension 'powershell' for command environment: Not usable outside of PowerShell
[73.146s] DEBUG:colcon.colcon_core.shell:Skip shell extension 'dsv' for command environment
[73.158s] Level 1:colcon.colcon_core.environment:create_environment_scripts_only(orbbec_camera_msgs)
[73.159s] Level 1:colcon.colcon_core.environment:checking '/home/bbcontact/magician_ros2/install/orbbec_camera_msgs' for CMake module files
[73.166s] Level 1:colcon.colcon_core.environment:checking '/home/bbcontact/magician_ros2/install/orbbec_camera_msgs' for CMake config files
[73.173s] DEBUG:colcon.colcon_core.event_handler.log_command:Invoked command in '/home/bbcontact/magician_ros2/build/orbbec_camera_msgs' returned '0': CMAKE_PREFIX_PATH=${CMAKE_PREFIX_PATH}:/opt/ros/jazzy DEBUGINFOD_URLS=https://debuginfod.ubuntu.com /usr/bin/cmake --install /home/bbcontact/magician_ros2/build/orbbec_camera_msgs
[73.174s] Level 1:colcon.colcon_core.shell:create_environment_hook('orbbec_camera_msgs', 'cmake_prefix_path')
[73.174s] INFO:colcon.colcon_core.shell:Creating environment hook '/home/bbcontact/magician_ros2/install/orbbec_camera_msgs/share/orbbec_camera_msgs/hook/cmake_prefix_path.ps1'
[73.175s] INFO:colcon.colcon_core.shell:Creating environment descriptor '/home/bbcontact/magician_ros2/install/orbbec_camera_msgs/share/orbbec_camera_msgs/hook/cmake_prefix_path.dsv'
[73.176s] INFO:colcon.colcon_core.shell:Creating environment hook '/home/bbcontact/magician_ros2/install/orbbec_camera_msgs/share/orbbec_camera_msgs/hook/cmake_prefix_path.sh'
[73.177s] Level 1:colcon.colcon_core.environment:checking '/home/bbcontact/magician_ros2/install/orbbec_camera_msgs/lib'
[73.177s] Level 1:colcon.colcon_core.shell:create_environment_hook('orbbec_camera_msgs', 'ld_library_path_lib')
[73.177s] INFO:colcon.colcon_core.shell:Creating environment hook '/home/bbcontact/magician_ros2/install/orbbec_camera_msgs/share/orbbec_camera_msgs/hook/ld_library_path_lib.ps1'
[73.178s] INFO:colcon.colcon_core.shell:Creating environment descriptor '/home/bbcontact/magician_ros2/install/orbbec_camera_msgs/share/orbbec_camera_msgs/hook/ld_library_path_lib.dsv'
[73.178s] INFO:colcon.colcon_core.shell:Creating environment hook '/home/bbcontact/magician_ros2/install/orbbec_camera_msgs/share/orbbec_camera_msgs/hook/ld_library_path_lib.sh'
[73.179s] Level 1:colcon.colcon_core.environment:checking '/home/bbcontact/magician_ros2/install/orbbec_camera_msgs/bin'
[73.179s] Level 1:colcon.colcon_core.environment:checking '/home/bbcontact/magician_ros2/install/orbbec_camera_msgs/lib/pkgconfig/orbbec_camera_msgs.pc'
[73.179s] Level 1:colcon.colcon_core.environment:checking '/home/bbcontact/magician_ros2/install/orbbec_camera_msgs/lib/python3.12/site-packages'
[73.180s] Level 1:colcon.colcon_core.shell:create_environment_hook('orbbec_camera_msgs', 'pythonpath')
[73.180s] INFO:colcon.colcon_core.shell:Creating environment hook '/home/bbcontact/magician_ros2/install/orbbec_camera_msgs/share/orbbec_camera_msgs/hook/pythonpath.ps1'
[73.181s] INFO:colcon.colcon_core.shell:Creating environment descriptor '/home/bbcontact/magician_ros2/install/orbbec_camera_msgs/share/orbbec_camera_msgs/hook/pythonpath.dsv'
[73.181s] INFO:colcon.colcon_core.shell:Creating environment hook '/home/bbcontact/magician_ros2/install/orbbec_camera_msgs/share/orbbec_camera_msgs/hook/pythonpath.sh'
[73.182s] Level 1:colcon.colcon_core.environment:checking '/home/bbcontact/magician_ros2/install/orbbec_camera_msgs/bin'
[73.183s] INFO:colcon.colcon_core.shell:Creating package script '/home/bbcontact/magician_ros2/install/orbbec_camera_msgs/share/orbbec_camera_msgs/package.ps1'
[73.184s] INFO:colcon.colcon_core.shell:Creating package descriptor '/home/bbcontact/magician_ros2/install/orbbec_camera_msgs/share/orbbec_camera_msgs/package.dsv'
[73.185s] INFO:colcon.colcon_core.shell:Creating package script '/home/bbcontact/magician_ros2/install/orbbec_camera_msgs/share/orbbec_camera_msgs/package.sh'
[73.186s] INFO:colcon.colcon_core.shell:Creating package script '/home/bbcontact/magician_ros2/install/orbbec_camera_msgs/share/orbbec_camera_msgs/package.bash'
[73.187s] INFO:colcon.colcon_core.shell:Creating package script '/home/bbcontact/magician_ros2/install/orbbec_camera_msgs/share/orbbec_camera_msgs/package.zsh'
[73.187s] Level 1:colcon.colcon_core.environment:create_file_with_runtime_dependencies(/home/bbcontact/magician_ros2/install/orbbec_camera_msgs/share/colcon-core/packages/orbbec_camera_msgs)
[73.188s] Level 1:colcon.colcon_core.environment:create_environment_scripts_only(orbbec_camera_msgs)
[73.188s] Level 1:colcon.colcon_core.environment:checking '/home/bbcontact/magician_ros2/install/orbbec_camera_msgs' for CMake module files
[73.189s] Level 1:colcon.colcon_core.environment:checking '/home/bbcontact/magician_ros2/install/orbbec_camera_msgs' for CMake config files
[73.191s] Level 1:colcon.colcon_core.shell:create_environment_hook('orbbec_camera_msgs', 'cmake_prefix_path')
[73.191s] INFO:colcon.colcon_core.shell:Creating environment hook '/home/bbcontact/magician_ros2/install/orbbec_camera_msgs/share/orbbec_camera_msgs/hook/cmake_prefix_path.ps1'
[73.191s] INFO:colcon.colcon_core.shell:Creating environment descriptor '/home/bbcontact/magician_ros2/install/orbbec_camera_msgs/share/orbbec_camera_msgs/hook/cmake_prefix_path.dsv'
[73.192s] INFO:colcon.colcon_core.shell:Creating environment hook '/home/bbcontact/magician_ros2/install/orbbec_camera_msgs/share/orbbec_camera_msgs/hook/cmake_prefix_path.sh'
[73.193s] Level 1:colcon.colcon_core.environment:checking '/home/bbcontact/magician_ros2/install/orbbec_camera_msgs/lib'
[73.193s] Level 1:colcon.colcon_core.shell:create_environment_hook('orbbec_camera_msgs', 'ld_library_path_lib')
[73.193s] INFO:colcon.colcon_core.shell:Creating environment hook '/home/bbcontact/magician_ros2/install/orbbec_camera_msgs/share/orbbec_camera_msgs/hook/ld_library_path_lib.ps1'
[73.194s] INFO:colcon.colcon_core.shell:Creating environment descriptor '/home/bbcontact/magician_ros2/install/orbbec_camera_msgs/share/orbbec_camera_msgs/hook/ld_library_path_lib.dsv'
[73.195s] INFO:colcon.colcon_core.shell:Creating environment hook '/home/bbcontact/magician_ros2/install/orbbec_camera_msgs/share/orbbec_camera_msgs/hook/ld_library_path_lib.sh'
[73.195s] Level 1:colcon.colcon_core.environment:checking '/home/bbcontact/magician_ros2/install/orbbec_camera_msgs/bin'
[73.195s] Level 1:colcon.colcon_core.environment:checking '/home/bbcontact/magician_ros2/install/orbbec_camera_msgs/lib/pkgconfig/orbbec_camera_msgs.pc'
[73.196s] Level 1:colcon.colcon_core.environment:checking '/home/bbcontact/magician_ros2/install/orbbec_camera_msgs/lib/python3.12/site-packages'
[73.196s] Level 1:colcon.colcon_core.shell:create_environment_hook('orbbec_camera_msgs', 'pythonpath')
[73.196s] INFO:colcon.colcon_core.shell:Creating environment hook '/home/bbcontact/magician_ros2/install/orbbec_camera_msgs/share/orbbec_camera_msgs/hook/pythonpath.ps1'
[73.197s] INFO:colcon.colcon_core.shell:Creating environment descriptor '/home/bbcontact/magician_ros2/install/orbbec_camera_msgs/share/orbbec_camera_msgs/hook/pythonpath.dsv'
[73.197s] INFO:colcon.colcon_core.shell:Creating environment hook '/home/bbcontact/magician_ros2/install/orbbec_camera_msgs/share/orbbec_camera_msgs/hook/pythonpath.sh'
[73.199s] Level 1:colcon.colcon_core.environment:checking '/home/bbcontact/magician_ros2/install/orbbec_camera_msgs/bin'
[73.199s] INFO:colcon.colcon_core.shell:Creating package script '/home/bbcontact/magician_ros2/install/orbbec_camera_msgs/share/orbbec_camera_msgs/package.ps1'
[73.200s] INFO:colcon.colcon_core.shell:Creating package descriptor '/home/bbcontact/magician_ros2/install/orbbec_camera_msgs/share/orbbec_camera_msgs/package.dsv'
[73.201s] INFO:colcon.colcon_core.shell:Creating package script '/home/bbcontact/magician_ros2/install/orbbec_camera_msgs/share/orbbec_camera_msgs/package.sh'
[73.202s] INFO:colcon.colcon_core.shell:Creating package script '/home/bbcontact/magician_ros2/install/orbbec_camera_msgs/share/orbbec_camera_msgs/package.bash'
[73.203s] INFO:colcon.colcon_core.shell:Creating package script '/home/bbcontact/magician_ros2/install/orbbec_camera_msgs/share/orbbec_camera_msgs/package.zsh'
[73.204s] Level 1:colcon.colcon_core.environment:create_file_with_runtime_dependencies(/home/bbcontact/magician_ros2/install/orbbec_camera_msgs/share/colcon-core/packages/orbbec_camera_msgs)
[73.731s] INFO:colcon.colcon_core.task.python.build:Building Python package in '/home/bbcontact/magician_ros2/src/magician_ros2/dobot_state_updater'
[73.732s] INFO:colcon.colcon_core.shell:Skip shell extension 'powershell' for command environment: Not usable outside of PowerShell
[73.732s] DEBUG:colcon.colcon_core.shell:Skip shell extension 'dsv' for command environment
[73.738s] INFO:colcon.colcon_ros.task.ament_python.build:Building ROS package in '/home/bbcontact/magician_ros2/src/magician_ros2/dobot_vision_rgbd' with build type 'ament_python'
[73.738s] Level 1:colcon.colcon_core.shell:create_environment_hook('dobot_vision_rgbd', 'ament_prefix_path')
[73.738s] INFO:colcon.colcon_core.shell:Creating environment hook '/home/bbcontact/magician_ros2/install/dobot_vision_rgbd/share/dobot_vision_rgbd/hook/ament_prefix_path.ps1'
[73.739s] INFO:colcon.colcon_core.shell:Creating environment descriptor '/home/bbcontact/magician_ros2/install/dobot_vision_rgbd/share/dobot_vision_rgbd/hook/ament_prefix_path.dsv'
[73.740s] INFO:colcon.colcon_core.shell:Creating environment hook '/home/bbcontact/magician_ros2/install/dobot_vision_rgbd/share/dobot_vision_rgbd/hook/ament_prefix_path.sh'
[73.741s] INFO:colcon.colcon_core.shell:Skip shell extension 'powershell' for command environment: Not usable outside of PowerShell
[73.741s] DEBUG:colcon.colcon_core.shell:Skip shell extension 'dsv' for command environment
[74.989s] INFO:colcon.colcon_core.task.python.build:Building Python package in '/home/bbcontact/magician_ros2/src/magician_ros2/dobot_vision_rgbd'
[74.989s] INFO:colcon.colcon_core.shell:Skip shell extension 'powershell' for command environment: Not usable outside of PowerShell
[74.990s] DEBUG:colcon.colcon_core.shell:Skip shell extension 'dsv' for command environment
[76.836s] DEBUG:colcon.colcon_core.task.python.build:Available setuptools commands: build_clib, bdist_dumb, saveopts, editable_wheel, check, build, bdist_rpm, install_lib, easy_install, install, bdist_wheel, build_ext, init_catalog, sdist, test, update_catalog, dist_info, develop, bdist, setopt, egg_info, symlink_data, build_py, register, clean, install_data, install_scripts, rotate, alias, compile_catalog, build_scripts, install_egg_info, install_headers, extract_messages, bdist_egg, upload, upload_docs
[76.953s] DEBUG:colcon.colcon_core.task.python.build:Available setuptools commands: build_clib, bdist_dumb, saveopts, editable_wheel, check, build, bdist_rpm, install_lib, easy_install, install, bdist_wheel, build_ext, init_catalog, sdist, test, update_catalog, dist_info, develop, bdist, setopt, egg_info, symlink_data, build_py, register, clean, install_data, install_scripts, rotate, alias, compile_catalog, build_scripts, install_egg_info, install_headers, extract_messages, bdist_egg, upload, upload_docs
[76.969s] DEBUG:colcon.colcon_core.task.python.build:Available setuptools commands: build_clib, bdist_dumb, saveopts, editable_wheel, check, build, bdist_rpm, install_lib, easy_install, install, bdist_wheel, build_ext, init_catalog, sdist, test, update_catalog, dist_info, develop, bdist, setopt, egg_info, symlink_data, build_py, register, clean, install_data, install_scripts, rotate, alias, compile_catalog, build_scripts, install_egg_info, install_headers, extract_messages, bdist_egg, upload, upload_docs
[76.979s] DEBUG:colcon.colcon_core.task.python.build:Available setuptools commands: build_clib, bdist_dumb, saveopts, editable_wheel, check, build, bdist_rpm, install_lib, easy_install, install, bdist_wheel, build_ext, init_catalog, sdist, test, update_catalog, dist_info, develop, bdist, setopt, egg_info, symlink_data, build_py, register, clean, install_data, install_scripts, rotate, alias, compile_catalog, build_scripts, install_egg_info, install_headers, extract_messages, bdist_egg, upload, upload_docs
[77.166s] DEBUG:colcon.colcon_core.task.python.build:Available setuptools commands: build_clib, bdist_dumb, saveopts, editable_wheel, check, build, bdist_rpm, install_lib, easy_install, install, bdist_wheel, build_ext, init_catalog, sdist, test, update_catalog, dist_info, develop, bdist, setopt, egg_info, symlink_data, build_py, register, clean, install_data, install_scripts, rotate, alias, compile_catalog, build_scripts, install_egg_info, install_headers, extract_messages, bdist_egg, upload, upload_docs
[77.385s] DEBUG:colcon.colcon_core.task.python.build:Available setuptools commands: build_clib, bdist_dumb, saveopts, editable_wheel, check, build, bdist_rpm, install_lib, easy_install, install, bdist_wheel, build_ext, init_catalog, sdist, test, update_catalog, dist_info, develop, bdist, setopt, egg_info, symlink_data, build_py, register, clean, install_data, install_scripts, rotate, alias, compile_catalog, build_scripts, install_egg_info, install_headers, extract_messages, bdist_egg, upload, upload_docs
[77.429s] DEBUG:colcon.colcon_core.task.python.build:Available setuptools commands: build_clib, bdist_dumb, saveopts, editable_wheel, check, build, bdist_rpm, install_lib, easy_install, install, bdist_wheel, build_ext, init_catalog, sdist, test, update_catalog, dist_info, develop, bdist, setopt, egg_info, symlink_data, build_py, register, clean, install_data, install_scripts, rotate, alias, compile_catalog, build_scripts, install_egg_info, install_headers, extract_messages, bdist_egg, upload, upload_docs
[78.454s] DEBUG:colcon.colcon_core.task.python.build:Available setuptools commands: build_clib, bdist_dumb, saveopts, editable_wheel, check, build, bdist_rpm, install_lib, easy_install, install, bdist_wheel, build_ext, init_catalog, sdist, test, update_catalog, dist_info, develop, bdist, setopt, egg_info, symlink_data, build_py, register, clean, install_data, install_scripts, rotate, alias, compile_catalog, build_scripts, install_egg_info, install_headers, extract_messages, bdist_egg, upload, upload_docs
[78.773s] DEBUG:colcon.colcon_core.task.python.build:Available setuptools 'develop' options: --egg-path, --install-dir, --build-directory, --site-dirs, --verbose, --uninstall, --always-unzip, --install-layout, --exclude-scripts, --quiet, --multi-version, --force-installation-into-system-dir, --optimize, --no-find-links, --index-url, --dry-run, --zip-ok, --upgrade, --help, --no-deps, --allow-hosts, --local-snapshots-ok, --script-dir, --record, --find-links, --user, --version, --always-copy, --no-user-cfg, --editable, --prefix
[78.777s] DEBUG:colcon.colcon_core.event_handler.log_command:Invoking command in '/home/bbcontact/magician_ros2/build/dobot_diagnostics': AMENT_PREFIX_PATH=/home/bbcontact/magician_ros2/install/dobot_msgs:${AMENT_PREFIX_PATH} CMAKE_PREFIX_PATH=/home/bbcontact/magician_ros2/install/dobot_msgs:${CMAKE_PREFIX_PATH} DEBUGINFOD_URLS=https://debuginfod.ubuntu.com LD_LIBRARY_PATH=/home/bbcontact/magician_ros2/install/dobot_msgs/lib:${LD_LIBRARY_PATH} PYTHONPATH=/home/bbcontact/magician_ros2/build/dobot_diagnostics/prefix_override:/usr/lib/python3/dist-packages/colcon_core/task/python/colcon_distutils_commands:/home/bbcontact/magician_ros2/install/dobot_diagnostics/lib/python3.12/site-packages:/home/bbcontact/magician_ros2/install/dobot_msgs/lib/python3.12/site-packages:${PYTHONPATH} /usr/bin/python3 -W ignore:setup.py install is deprecated -W ignore:easy_install command is deprecated setup.py develop --editable --build-directory /home/bbcontact/magician_ros2/build/dobot_diagnostics/build --no-deps symlink_data
[78.941s] DEBUG:colcon.colcon_core.task.python.build:Available setuptools 'develop' options: --egg-path, --install-dir, --build-directory, --site-dirs, --verbose, --uninstall, --always-unzip, --install-layout, --exclude-scripts, --quiet, --multi-version, --force-installation-into-system-dir, --optimize, --no-find-links, --index-url, --dry-run, --zip-ok, --upgrade, --help, --no-deps, --allow-hosts, --local-snapshots-ok, --script-dir, --record, --find-links, --user, --version, --always-copy, --no-user-cfg, --editable, --prefix
[78.950s] DEBUG:colcon.colcon_core.event_handler.log_command:Invoking command in '/home/bbcontact/magician_ros2/build/dobot_calibration': AMENT_PREFIX_PATH=/home/bbcontact/magician_ros2/install/dobot_msgs:${AMENT_PREFIX_PATH} CMAKE_PREFIX_PATH=/home/bbcontact/magician_ros2/install/dobot_msgs:${CMAKE_PREFIX_PATH} DEBUGINFOD_URLS=https://debuginfod.ubuntu.com LD_LIBRARY_PATH=/home/bbcontact/magician_ros2/install/dobot_msgs/lib:${LD_LIBRARY_PATH} PYTHONPATH=/home/bbcontact/magician_ros2/build/dobot_calibration/prefix_override:/usr/lib/python3/dist-packages/colcon_core/task/python/colcon_distutils_commands:/home/bbcontact/magician_ros2/install/dobot_calibration/lib/python3.12/site-packages:/home/bbcontact/magician_ros2/install/dobot_msgs/lib/python3.12/site-packages:${PYTHONPATH} /usr/bin/python3 -W ignore:setup.py install is deprecated -W ignore:easy_install command is deprecated setup.py develop --editable --build-directory /home/bbcontact/magician_ros2/build/dobot_calibration/build --no-deps symlink_data
[79.002s] DEBUG:colcon.colcon_core.task.python.build:Available setuptools 'develop' options: --egg-path, --install-dir, --build-directory, --site-dirs, --verbose, --uninstall, --always-unzip, --install-layout, --exclude-scripts, --quiet, --multi-version, --force-installation-into-system-dir, --optimize, --no-find-links, --index-url, --dry-run, --zip-ok, --upgrade, --help, --no-deps, --allow-hosts, --local-snapshots-ok, --script-dir, --record, --find-links, --user, --version, --always-copy, --no-user-cfg, --editable, --prefix
[79.010s] DEBUG:colcon.colcon_core.event_handler.log_command:Invoking command in '/home/bbcontact/magician_ros2/build/dobot_state_updater': AMENT_PREFIX_PATH=/home/bbcontact/magician_ros2/install/dobot_msgs:/home/bbcontact/magician_ros2/install/dobot_driver:${AMENT_PREFIX_PATH} CMAKE_PREFIX_PATH=/home/bbcontact/magician_ros2/install/dobot_msgs:/home/bbcontact/magician_ros2/install/dobot_driver:${CMAKE_PREFIX_PATH} DEBUGINFOD_URLS=https://debuginfod.ubuntu.com LD_LIBRARY_PATH=/home/bbcontact/magician_ros2/install/dobot_msgs/lib:${LD_LIBRARY_PATH} PYTHONPATH=/home/bbcontact/magician_ros2/build/dobot_state_updater/prefix_override:/usr/lib/python3/dist-packages/colcon_core/task/python/colcon_distutils_commands:/home/bbcontact/magician_ros2/install/dobot_state_updater/lib/python3.12/site-packages:/home/bbcontact/magician_ros2/install/dobot_msgs/lib/python3.12/site-packages:/home/bbcontact/magician_ros2/install/dobot_driver/lib/python3.12/site-packages:${PYTHONPATH} /usr/bin/python3 -W ignore:setup.py install is deprecated -W ignore:easy_install command is deprecated setup.py develop --editable --build-directory /home/bbcontact/magician_ros2/build/dobot_state_updater/build --no-deps symlink_data
[79.124s] DEBUG:colcon.colcon_core.task.python.build:Available setuptools 'develop' options: --egg-path, --install-dir, --build-directory, --site-dirs, --verbose, --uninstall, --always-unzip, --install-layout, --exclude-scripts, --quiet, --multi-version, --force-installation-into-system-dir, --optimize, --no-find-links, --index-url, --dry-run, --zip-ok, --upgrade, --help, --no-deps, --allow-hosts, --local-snapshots-ok, --script-dir, --record, --find-links, --user, --version, --always-copy, --no-user-cfg, --editable, --prefix
[79.133s] DEBUG:colcon.colcon_core.event_handler.log_command:Invoking command in '/home/bbcontact/magician_ros2/build/dobot_motion': AMENT_PREFIX_PATH=/home/bbcontact/magician_ros2/install/dobot_msgs:/home/bbcontact/magician_ros2/install/dobot_driver:${AMENT_PREFIX_PATH} CMAKE_PREFIX_PATH=/home/bbcontact/magician_ros2/install/dobot_msgs:/home/bbcontact/magician_ros2/install/dobot_driver:${CMAKE_PREFIX_PATH} DEBUGINFOD_URLS=https://debuginfod.ubuntu.com LD_LIBRARY_PATH=/home/bbcontact/magician_ros2/install/dobot_msgs/lib:${LD_LIBRARY_PATH} PYTHONPATH=/home/bbcontact/magician_ros2/build/dobot_motion/prefix_override:/usr/lib/python3/dist-packages/colcon_core/task/python/colcon_distutils_commands:/home/bbcontact/magician_ros2/install/dobot_motion/lib/python3.12/site-packages:/home/bbcontact/magician_ros2/install/dobot_msgs/lib/python3.12/site-packages:/home/bbcontact/magician_ros2/install/dobot_driver/lib/python3.12/site-packages:${PYTHONPATH} /usr/bin/python3 -W ignore:setup.py install is deprecated -W ignore:easy_install command is deprecated setup.py develop --editable --build-directory /home/bbcontact/magician_ros2/build/dobot_motion/build --no-deps symlink_data
[79.143s] DEBUG:colcon.colcon_core.task.python.build:Available setuptools 'develop' options: --egg-path, --install-dir, --build-directory, --site-dirs, --verbose, --uninstall, --always-unzip, --install-layout, --exclude-scripts, --quiet, --multi-version, --force-installation-into-system-dir, --optimize, --no-find-links, --index-url, --dry-run, --zip-ok, --upgrade, --help, --no-deps, --allow-hosts, --local-snapshots-ok, --script-dir, --record, --find-links, --user, --version, --always-copy, --no-user-cfg, --editable, --prefix
[79.148s] DEBUG:colcon.colcon_core.event_handler.log_command:Invoking command in '/home/bbcontact/magician_ros2/build/dobot_kinematics': AMENT_PREFIX_PATH=/home/bbcontact/magician_ros2/install/dobot_msgs:/home/bbcontact/magician_ros2/install/dobot_description:${AMENT_PREFIX_PATH} CMAKE_PREFIX_PATH=/home/bbcontact/magician_ros2/install/dobot_msgs:/home/bbcontact/magician_ros2/install/dobot_description:${CMAKE_PREFIX_PATH} DEBUGINFOD_URLS=https://debuginfod.ubuntu.com LD_LIBRARY_PATH=/home/bbcontact/magician_ros2/install/dobot_msgs/lib:${LD_LIBRARY_PATH} PYTHONPATH=/home/bbcontact/magician_ros2/build/dobot_kinematics/prefix_override:/usr/lib/python3/dist-packages/colcon_core/task/python/colcon_distutils_commands:/home/bbcontact/magician_ros2/install/dobot_kinematics/lib/python3.12/site-packages:/home/bbcontact/magician_ros2/install/dobot_msgs/lib/python3.12/site-packages:${PYTHONPATH} /usr/bin/python3 -W ignore:setup.py install is deprecated -W ignore:easy_install command is deprecated setup.py develop --editable --build-directory /home/bbcontact/magician_ros2/build/dobot_kinematics/build --no-deps symlink_data
[79.371s] DEBUG:colcon.colcon_core.task.python.build:Available setuptools 'develop' options: --egg-path, --install-dir, --build-directory, --site-dirs, --verbose, --uninstall, --always-unzip, --install-layout, --exclude-scripts, --quiet, --multi-version, --force-installation-into-system-dir, --optimize, --no-find-links, --index-url, --dry-run, --zip-ok, --upgrade, --help, --no-deps, --allow-hosts, --local-snapshots-ok, --script-dir, --record, --find-links, --user, --version, --always-copy, --no-user-cfg, --editable, --prefix
[79.374s] DEBUG:colcon.colcon_core.event_handler.log_command:Invoking command in '/home/bbcontact/magician_ros2/build/dobot_end_effector': AMENT_PREFIX_PATH=/home/bbcontact/magician_ros2/install/dobot_msgs:/home/bbcontact/magician_ros2/install/dobot_driver:${AMENT_PREFIX_PATH} CMAKE_PREFIX_PATH=/home/bbcontact/magician_ros2/install/dobot_msgs:/home/bbcontact/magician_ros2/install/dobot_driver:${CMAKE_PREFIX_PATH} DEBUGINFOD_URLS=https://debuginfod.ubuntu.com LD_LIBRARY_PATH=/home/bbcontact/magician_ros2/install/dobot_msgs/lib:${LD_LIBRARY_PATH} PYTHONPATH=/home/bbcontact/magician_ros2/build/dobot_end_effector/prefix_override:/usr/lib/python3/dist-packages/colcon_core/task/python/colcon_distutils_commands:/home/bbcontact/magician_ros2/install/dobot_end_effector/lib/python3.12/site-packages:/home/bbcontact/magician_ros2/install/dobot_msgs/lib/python3.12/site-packages:/home/bbcontact/magician_ros2/install/dobot_driver/lib/python3.12/site-packages:${PYTHONPATH} /usr/bin/python3 -W ignore:setup.py install is deprecated -W ignore:easy_install command is deprecated setup.py develop --editable --build-directory /home/bbcontact/magician_ros2/build/dobot_end_effector/build --no-deps symlink_data
[79.581s] DEBUG:colcon.colcon_core.task.python.build:Available setuptools 'develop' options: --egg-path, --install-dir, --build-directory, --site-dirs, --verbose, --uninstall, --always-unzip, --install-layout, --exclude-scripts, --quiet, --multi-version, --force-installation-into-system-dir, --optimize, --no-find-links, --index-url, --dry-run, --zip-ok, --upgrade, --help, --no-deps, --allow-hosts, --local-snapshots-ok, --script-dir, --record, --find-links, --user, --version, --always-copy, --no-user-cfg, --editable, --prefix
[79.584s] DEBUG:colcon.colcon_core.event_handler.log_command:Invoking command in '/home/bbcontact/magician_ros2/build/dobot_homing': AMENT_PREFIX_PATH=/home/bbcontact/magician_ros2/install/dobot_msgs:/home/bbcontact/magician_ros2/install/dobot_driver:${AMENT_PREFIX_PATH} CMAKE_PREFIX_PATH=/home/bbcontact/magician_ros2/install/dobot_msgs:/home/bbcontact/magician_ros2/install/dobot_driver:${CMAKE_PREFIX_PATH} DEBUGINFOD_URLS=https://debuginfod.ubuntu.com LD_LIBRARY_PATH=/home/bbcontact/magician_ros2/install/dobot_msgs/lib:${LD_LIBRARY_PATH} PYTHONPATH=/home/bbcontact/magician_ros2/build/dobot_homing/prefix_override:/usr/lib/python3/dist-packages/colcon_core/task/python/colcon_distutils_commands:/home/bbcontact/magician_ros2/install/dobot_homing/lib/python3.12/site-packages:/home/bbcontact/magician_ros2/install/dobot_msgs/lib/python3.12/site-packages:/home/bbcontact/magician_ros2/install/dobot_driver/lib/python3.12/site-packages:${PYTHONPATH} /usr/bin/python3 -W ignore:setup.py install is deprecated -W ignore:easy_install command is deprecated setup.py develop --editable --build-directory /home/bbcontact/magician_ros2/build/dobot_homing/build --no-deps symlink_data
[80.494s] DEBUG:colcon.colcon_core.task.python.build:Available setuptools 'develop' options: --egg-path, --install-dir, --build-directory, --site-dirs, --verbose, --uninstall, --always-unzip, --install-layout, --exclude-scripts, --quiet, --multi-version, --force-installation-into-system-dir, --optimize, --no-find-links, --index-url, --dry-run, --zip-ok, --upgrade, --help, --no-deps, --allow-hosts, --local-snapshots-ok, --script-dir, --record, --find-links, --user, --version, --always-copy, --no-user-cfg, --editable, --prefix
[80.498s] DEBUG:colcon.colcon_core.event_handler.log_command:Invoking command in '/home/bbcontact/magician_ros2/build/dobot_vision_rgbd': AMENT_PREFIX_PATH=/home/bbcontact/magician_ros2/install/orbbec_camera_msgs:${AMENT_PREFIX_PATH} CMAKE_PREFIX_PATH=/home/bbcontact/magician_ros2/install/orbbec_camera_msgs:${CMAKE_PREFIX_PATH} DEBUGINFOD_URLS=https://debuginfod.ubuntu.com LD_LIBRARY_PATH=/home/bbcontact/magician_ros2/install/orbbec_camera_msgs/lib:${LD_LIBRARY_PATH} PYTHONPATH=/home/bbcontact/magician_ros2/build/dobot_vision_rgbd/prefix_override:/usr/lib/python3/dist-packages/colcon_core/task/python/colcon_distutils_commands:/home/bbcontact/magician_ros2/install/dobot_vision_rgbd/lib/python3.12/site-packages:/home/bbcontact/magician_ros2/install/orbbec_camera_msgs/lib/python3.12/site-packages:${PYTHONPATH} /usr/bin/python3 -W ignore:setup.py install is deprecated -W ignore:easy_install command is deprecated setup.py develop --editable --build-directory /home/bbcontact/magician_ros2/build/dobot_vision_rgbd/build --no-deps symlink_data
[82.742s] Level 1:colcon.colcon_core.shell:create_environment_hook('dobot_calibration', 'pythonpath_develop')
[82.744s] INFO:colcon.colcon_core.shell:Creating environment hook '/home/bbcontact/magician_ros2/build/dobot_calibration/share/dobot_calibration/hook/pythonpath_develop.ps1'
[82.743s] DEBUG:colcon.colcon_core.event_handler.log_command:Invoked command in '/home/bbcontact/magician_ros2/build/dobot_calibration' returned '0': AMENT_PREFIX_PATH=/home/bbcontact/magician_ros2/install/dobot_msgs:${AMENT_PREFIX_PATH} CMAKE_PREFIX_PATH=/home/bbcontact/magician_ros2/install/dobot_msgs:${CMAKE_PREFIX_PATH} DEBUGINFOD_URLS=https://debuginfod.ubuntu.com LD_LIBRARY_PATH=/home/bbcontact/magician_ros2/install/dobot_msgs/lib:${LD_LIBRARY_PATH} PYTHONPATH=/home/bbcontact/magician_ros2/build/dobot_calibration/prefix_override:/usr/lib/python3/dist-packages/colcon_core/task/python/colcon_distutils_commands:/home/bbcontact/magician_ros2/install/dobot_calibration/lib/python3.12/site-packages:/home/bbcontact/magician_ros2/install/dobot_msgs/lib/python3.12/site-packages:${PYTHONPATH} /usr/bin/python3 -W ignore:setup.py install is deprecated -W ignore:easy_install command is deprecated setup.py develop --editable --build-directory /home/bbcontact/magician_ros2/build/dobot_calibration/build --no-deps symlink_data
[82.746s] INFO:colcon.colcon_core.shell:Creating environment descriptor '/home/bbcontact/magician_ros2/build/dobot_calibration/share/dobot_calibration/hook/pythonpath_develop.dsv'
[82.747s] INFO:colcon.colcon_core.shell:Creating environment hook '/home/bbcontact/magician_ros2/build/dobot_calibration/share/dobot_calibration/hook/pythonpath_develop.sh'
[82.748s] Level 1:colcon.colcon_core.environment:checking '/home/bbcontact/magician_ros2/install/dobot_calibration' for CMake module files
[82.764s] Level 1:colcon.colcon_core.environment:checking '/home/bbcontact/magician_ros2/install/dobot_calibration' for CMake config files
[82.765s] Level 1:colcon.colcon_core.environment:checking '/home/bbcontact/magician_ros2/install/dobot_calibration/lib'
[82.766s] Level 1:colcon.colcon_core.environment:checking '/home/bbcontact/magician_ros2/install/dobot_calibration/bin'
[82.766s] Level 1:colcon.colcon_core.environment:checking '/home/bbcontact/magician_ros2/install/dobot_calibration/lib/pkgconfig/dobot_calibration.pc'
[82.770s] Level 1:colcon.colcon_core.environment:checking '/home/bbcontact/magician_ros2/install/dobot_calibration/lib/python3.12/site-packages'
[82.770s] Level 1:colcon.colcon_core.shell:create_environment_hook('dobot_calibration', 'pythonpath')
[82.771s] INFO:colcon.colcon_core.shell:Creating environment hook '/home/bbcontact/magician_ros2/install/dobot_calibration/share/dobot_calibration/hook/pythonpath.ps1'
[82.775s] INFO:colcon.colcon_core.shell:Creating environment descriptor '/home/bbcontact/magician_ros2/install/dobot_calibration/share/dobot_calibration/hook/pythonpath.dsv'
[82.776s] INFO:colcon.colcon_core.shell:Creating environment hook '/home/bbcontact/magician_ros2/install/dobot_calibration/share/dobot_calibration/hook/pythonpath.sh'
[82.782s] Level 1:colcon.colcon_core.environment:checking '/home/bbcontact/magician_ros2/install/dobot_calibration/bin'
[82.782s] Level 1:colcon.colcon_core.environment:create_environment_scripts_only(dobot_calibration)
[82.783s] INFO:colcon.colcon_core.shell:Creating package script '/home/bbcontact/magician_ros2/install/dobot_calibration/share/dobot_calibration/package.ps1'
[82.793s] INFO:colcon.colcon_core.shell:Creating package descriptor '/home/bbcontact/magician_ros2/install/dobot_calibration/share/dobot_calibration/package.dsv'
[82.795s] INFO:colcon.colcon_core.shell:Creating package script '/home/bbcontact/magician_ros2/install/dobot_calibration/share/dobot_calibration/package.sh'
[82.796s] INFO:colcon.colcon_core.shell:Creating package script '/home/bbcontact/magician_ros2/install/dobot_calibration/share/dobot_calibration/package.bash'
[82.797s] INFO:colcon.colcon_core.shell:Creating package script '/home/bbcontact/magician_ros2/install/dobot_calibration/share/dobot_calibration/package.zsh'
[82.798s] Level 1:colcon.colcon_core.environment:create_file_with_runtime_dependencies(/home/bbcontact/magician_ros2/install/dobot_calibration/share/colcon-core/packages/dobot_calibration)
[82.801s] INFO:colcon.colcon_ros.task.ament_cmake.build:Building ROS package in '/home/bbcontact/magician_ros2/src/OrbbecSDK_ROS2/orbbec_camera' with build type 'ament_cmake'
[82.802s] INFO:colcon.colcon_cmake.task.cmake.build:Building CMake package in '/home/bbcontact/magician_ros2/src/OrbbecSDK_ROS2/orbbec_camera'
[82.803s] INFO:colcon.colcon_core.shell:Skip shell extension 'powershell' for command environment: Not usable outside of PowerShell
[82.803s] DEBUG:colcon.colcon_core.shell:Skip shell extension 'dsv' for command environment
[82.932s] Level 1:colcon.colcon_core.shell:create_environment_hook('dobot_diagnostics', 'pythonpath_develop')
[82.937s] INFO:colcon.colcon_core.shell:Creating environment hook '/home/bbcontact/magician_ros2/build/dobot_diagnostics/share/dobot_diagnostics/hook/pythonpath_develop.ps1'
[82.939s] INFO:colcon.colcon_core.shell:Creating environment descriptor '/home/bbcontact/magician_ros2/build/dobot_diagnostics/share/dobot_diagnostics/hook/pythonpath_develop.dsv'
[82.933s] DEBUG:colcon.colcon_core.event_handler.log_command:Invoked command in '/home/bbcontact/magician_ros2/build/dobot_diagnostics' returned '0': AMENT_PREFIX_PATH=/home/bbcontact/magician_ros2/install/dobot_msgs:${AMENT_PREFIX_PATH} CMAKE_PREFIX_PATH=/home/bbcontact/magician_ros2/install/dobot_msgs:${CMAKE_PREFIX_PATH} DEBUGINFOD_URLS=https://debuginfod.ubuntu.com LD_LIBRARY_PATH=/home/bbcontact/magician_ros2/install/dobot_msgs/lib:${LD_LIBRARY_PATH} PYTHONPATH=/home/bbcontact/magician_ros2/build/dobot_diagnostics/prefix_override:/usr/lib/python3/dist-packages/colcon_core/task/python/colcon_distutils_commands:/home/bbcontact/magician_ros2/install/dobot_diagnostics/lib/python3.12/site-packages:/home/bbcontact/magician_ros2/install/dobot_msgs/lib/python3.12/site-packages:${PYTHONPATH} /usr/bin/python3 -W ignore:setup.py install is deprecated -W ignore:easy_install command is deprecated setup.py develop --editable --build-directory /home/bbcontact/magician_ros2/build/dobot_diagnostics/build --no-deps symlink_data
[82.944s] INFO:colcon.colcon_core.shell:Creating environment hook '/home/bbcontact/magician_ros2/build/dobot_diagnostics/share/dobot_diagnostics/hook/pythonpath_develop.sh'
[82.946s] Level 1:colcon.colcon_core.environment:checking '/home/bbcontact/magician_ros2/install/dobot_diagnostics' for CMake module files
[82.951s] Level 1:colcon.colcon_core.environment:checking '/home/bbcontact/magician_ros2/install/dobot_diagnostics' for CMake config files
[82.954s] Level 1:colcon.colcon_core.environment:checking '/home/bbcontact/magician_ros2/install/dobot_diagnostics/lib'
[82.954s] Level 1:colcon.colcon_core.environment:checking '/home/bbcontact/magician_ros2/install/dobot_diagnostics/bin'
[82.954s] Level 1:colcon.colcon_core.environment:checking '/home/bbcontact/magician_ros2/install/dobot_diagnostics/lib/pkgconfig/dobot_diagnostics.pc'
[82.956s] Level 1:colcon.colcon_core.environment:checking '/home/bbcontact/magician_ros2/install/dobot_diagnostics/lib/python3.12/site-packages'
[82.956s] Level 1:colcon.colcon_core.shell:create_environment_hook('dobot_diagnostics', 'pythonpath')
[82.957s] INFO:colcon.colcon_core.shell:Creating environment hook '/home/bbcontact/magician_ros2/install/dobot_diagnostics/share/dobot_diagnostics/hook/pythonpath.ps1'
[82.959s] INFO:colcon.colcon_core.shell:Creating environment descriptor '/home/bbcontact/magician_ros2/install/dobot_diagnostics/share/dobot_diagnostics/hook/pythonpath.dsv'
[82.961s] INFO:colcon.colcon_core.shell:Creating environment hook '/home/bbcontact/magician_ros2/install/dobot_diagnostics/share/dobot_diagnostics/hook/pythonpath.sh'
[82.964s] Level 1:colcon.colcon_core.environment:checking '/home/bbcontact/magician_ros2/install/dobot_diagnostics/bin'
[82.965s] Level 1:colcon.colcon_core.environment:create_environment_scripts_only(dobot_diagnostics)
[82.966s] INFO:colcon.colcon_core.shell:Creating package script '/home/bbcontact/magician_ros2/install/dobot_diagnostics/share/dobot_diagnostics/package.ps1'
[82.971s] INFO:colcon.colcon_core.shell:Creating package descriptor '/home/bbcontact/magician_ros2/install/dobot_diagnostics/share/dobot_diagnostics/package.dsv'
[82.974s] INFO:colcon.colcon_core.shell:Creating package script '/home/bbcontact/magician_ros2/install/dobot_diagnostics/share/dobot_diagnostics/package.sh'
[82.976s] INFO:colcon.colcon_core.shell:Creating package script '/home/bbcontact/magician_ros2/install/dobot_diagnostics/share/dobot_diagnostics/package.bash'
[82.977s] INFO:colcon.colcon_core.shell:Creating package script '/home/bbcontact/magician_ros2/install/dobot_diagnostics/share/dobot_diagnostics/package.zsh'
[82.978s] Level 1:colcon.colcon_core.environment:create_file_with_runtime_dependencies(/home/bbcontact/magician_ros2/install/dobot_diagnostics/share/colcon-core/packages/dobot_diagnostics)
[82.980s] INFO:colcon.colcon_ros.task.ament_python.build:Building ROS package in '/home/bbcontact/magician_ros2/src/magician_ros2/dobot_vision_yolo' with build type 'ament_python'
[82.980s] Level 1:colcon.colcon_core.shell:create_environment_hook('dobot_vision_yolo', 'ament_prefix_path')
[82.981s] INFO:colcon.colcon_core.shell:Creating environment hook '/home/bbcontact/magician_ros2/install/dobot_vision_yolo/share/dobot_vision_yolo/hook/ament_prefix_path.ps1'
[82.984s] INFO:colcon.colcon_core.shell:Creating environment descriptor '/home/bbcontact/magician_ros2/install/dobot_vision_yolo/share/dobot_vision_yolo/hook/ament_prefix_path.dsv'
[82.985s] INFO:colcon.colcon_core.shell:Creating environment hook '/home/bbcontact/magician_ros2/install/dobot_vision_yolo/share/dobot_vision_yolo/hook/ament_prefix_path.sh'
[82.987s] INFO:colcon.colcon_core.shell:Skip shell extension 'powershell' for command environment: Not usable outside of PowerShell
[82.987s] DEBUG:colcon.colcon_core.shell:Skip shell extension 'dsv' for command environment
[83.002s] Level 1:colcon.colcon_core.shell:create_environment_hook('dobot_state_updater', 'pythonpath_develop')
[83.003s] DEBUG:colcon.colcon_core.event_handler.log_command:Invoked command in '/home/bbcontact/magician_ros2/build/dobot_state_updater' returned '0': AMENT_PREFIX_PATH=/home/bbcontact/magician_ros2/install/dobot_msgs:/home/bbcontact/magician_ros2/install/dobot_driver:${AMENT_PREFIX_PATH} CMAKE_PREFIX_PATH=/home/bbcontact/magician_ros2/install/dobot_msgs:/home/bbcontact/magician_ros2/install/dobot_driver:${CMAKE_PREFIX_PATH} DEBUGINFOD_URLS=https://debuginfod.ubuntu.com LD_LIBRARY_PATH=/home/bbcontact/magician_ros2/install/dobot_msgs/lib:${LD_LIBRARY_PATH} PYTHONPATH=/home/bbcontact/magician_ros2/build/dobot_state_updater/prefix_override:/usr/lib/python3/dist-packages/colcon_core/task/python/colcon_distutils_commands:/home/bbcontact/magician_ros2/install/dobot_state_updater/lib/python3.12/site-packages:/home/bbcontact/magician_ros2/install/dobot_msgs/lib/python3.12/site-packages:/home/bbcontact/magician_ros2/install/dobot_driver/lib/python3.12/site-packages:${PYTHONPATH} /usr/bin/python3 -W ignore:setup.py install is deprecated -W ignore:easy_install command is deprecated setup.py develop --editable --build-directory /home/bbcontact/magician_ros2/build/dobot_state_updater/build --no-deps symlink_data
[83.005s] INFO:colcon.colcon_core.shell:Creating environment hook '/home/bbcontact/magician_ros2/build/dobot_state_updater/share/dobot_state_updater/hook/pythonpath_develop.ps1'
[83.006s] INFO:colcon.colcon_core.shell:Creating environment descriptor '/home/bbcontact/magician_ros2/build/dobot_state_updater/share/dobot_state_updater/hook/pythonpath_develop.dsv'
[83.008s] INFO:colcon.colcon_core.shell:Creating environment hook '/home/bbcontact/magician_ros2/build/dobot_state_updater/share/dobot_state_updater/hook/pythonpath_develop.sh'
[83.010s] Level 1:colcon.colcon_core.environment:checking '/home/bbcontact/magician_ros2/install/dobot_state_updater' for CMake module files
[83.012s] Level 1:colcon.colcon_core.environment:checking '/home/bbcontact/magician_ros2/install/dobot_state_updater' for CMake config files
[83.014s] Level 1:colcon.colcon_core.environment:checking '/home/bbcontact/magician_ros2/install/dobot_state_updater/lib'
[83.014s] Level 1:colcon.colcon_core.environment:checking '/home/bbcontact/magician_ros2/install/dobot_state_updater/bin'
[83.014s] Level 1:colcon.colcon_core.environment:checking '/home/bbcontact/magician_ros2/install/dobot_state_updater/lib/pkgconfig/dobot_state_updater.pc'
[83.015s] Level 1:colcon.colcon_core.environment:checking '/home/bbcontact/magician_ros2/install/dobot_state_updater/lib/python3.12/site-packages'
[83.017s] Level 1:colcon.colcon_core.shell:create_environment_hook('dobot_state_updater', 'pythonpath')
[83.018s] INFO:colcon.colcon_core.shell:Creating environment hook '/home/bbcontact/magician_ros2/install/dobot_state_updater/share/dobot_state_updater/hook/pythonpath.ps1'
[83.019s] INFO:colcon.colcon_core.shell:Creating environment descriptor '/home/bbcontact/magician_ros2/install/dobot_state_updater/share/dobot_state_updater/hook/pythonpath.dsv'
[83.020s] INFO:colcon.colcon_core.shell:Creating environment hook '/home/bbcontact/magician_ros2/install/dobot_state_updater/share/dobot_state_updater/hook/pythonpath.sh'
[83.023s] Level 1:colcon.colcon_core.environment:checking '/home/bbcontact/magician_ros2/install/dobot_state_updater/bin'
[83.023s] Level 1:colcon.colcon_core.environment:create_environment_scripts_only(dobot_state_updater)
[83.024s] INFO:colcon.colcon_core.shell:Creating package script '/home/bbcontact/magician_ros2/install/dobot_state_updater/share/dobot_state_updater/package.ps1'
[83.028s] INFO:colcon.colcon_core.shell:Creating package descriptor '/home/bbcontact/magician_ros2/install/dobot_state_updater/share/dobot_state_updater/package.dsv'
[83.030s] INFO:colcon.colcon_core.shell:Creating package script '/home/bbcontact/magician_ros2/install/dobot_state_updater/share/dobot_state_updater/package.sh'
[83.031s] INFO:colcon.colcon_core.shell:Creating package script '/home/bbcontact/magician_ros2/install/dobot_state_updater/share/dobot_state_updater/package.bash'
[83.033s] INFO:colcon.colcon_core.shell:Creating package script '/home/bbcontact/magician_ros2/install/dobot_state_updater/share/dobot_state_updater/package.zsh'
[83.034s] Level 1:colcon.colcon_core.environment:create_file_with_runtime_dependencies(/home/bbcontact/magician_ros2/install/dobot_state_updater/share/colcon-core/packages/dobot_state_updater)
[83.041s] DEBUG:colcon.colcon_core.event_handler.log_command:Invoking command in '/home/bbcontact/magician_ros2/build/orbbec_camera': AMENT_PREFIX_PATH=/home/bbcontact/magician_ros2/install/orbbec_camera_msgs:${AMENT_PREFIX_PATH} CMAKE_PREFIX_PATH=/home/bbcontact/magician_ros2/install/orbbec_camera_msgs:/opt/ros/jazzy/opt/gz_sim_vendor:/opt/ros/jazzy/opt/gz_sensors_vendor:/opt/ros/jazzy/opt/gz_physics_vendor:/opt/ros/jazzy/opt/sdformat_vendor:/opt/ros/jazzy/opt/gz_gui_vendor:/opt/ros/jazzy/opt/gz_transport_vendor:/opt/ros/jazzy/opt/gz_rendering_vendor:/opt/ros/jazzy/opt/gz_plugin_vendor:/opt/ros/jazzy/opt/gz_fuel_tools_vendor:/opt/ros/jazzy/opt/gz_msgs_vendor:/opt/ros/jazzy/opt/gz_common_vendor:/opt/ros/jazzy/opt/gz_math_vendor:/opt/ros/jazzy/opt/gz_utils_vendor:/opt/ros/jazzy/opt/gz_tools_vendor:/opt/ros/jazzy/opt/gz_ogre_next_vendor:/opt/ros/jazzy/opt/gz_dartsim_vendor:/opt/ros/jazzy/opt/gz_cmake_vendor:/opt/ros/jazzy DEBUGINFOD_URLS=https://debuginfod.ubuntu.com LD_LIBRARY_PATH=/home/bbcontact/magician_ros2/install/orbbec_camera_msgs/lib:${LD_LIBRARY_PATH} PYTHONPATH=/home/bbcontact/magician_ros2/install/orbbec_camera_msgs/lib/python3.12/site-packages:${PYTHONPATH} /usr/bin/cmake /home/bbcontact/magician_ros2/src/OrbbecSDK_ROS2/orbbec_camera -DOpenCV_DIR=/usr/lib/x86_64-linux-gnu/cmake/opencv4 -DAMENT_CMAKE_SYMLINK_INSTALL=1 -DCMAKE_INSTALL_PREFIX=/home/bbcontact/magician_ros2/install/orbbec_camera
[83.977s] INFO:colcon.colcon_core.task.python.build:Building Python package in '/home/bbcontact/magician_ros2/src/magician_ros2/dobot_vision_yolo'
[83.978s] INFO:colcon.colcon_core.shell:Skip shell extension 'powershell' for command environment: Not usable outside of PowerShell
[83.978s] DEBUG:colcon.colcon_core.shell:Skip shell extension 'dsv' for command environment
[83.996s] Level 1:colcon.colcon_core.shell:create_environment_hook('dobot_motion', 'pythonpath_develop')
[83.998s] INFO:colcon.colcon_core.shell:Creating environment hook '/home/bbcontact/magician_ros2/build/dobot_motion/share/dobot_motion/hook/pythonpath_develop.ps1'
[84.009s] INFO:colcon.colcon_core.shell:Creating environment descriptor '/home/bbcontact/magician_ros2/build/dobot_motion/share/dobot_motion/hook/pythonpath_develop.dsv'
[84.019s] INFO:colcon.colcon_core.shell:Creating environment hook '/home/bbcontact/magician_ros2/build/dobot_motion/share/dobot_motion/hook/pythonpath_develop.sh'
[84.022s] DEBUG:colcon.colcon_core.event_handler.log_command:Invoked command in '/home/bbcontact/magician_ros2/build/dobot_motion' returned '0': AMENT_PREFIX_PATH=/home/bbcontact/magician_ros2/install/dobot_msgs:/home/bbcontact/magician_ros2/install/dobot_driver:${AMENT_PREFIX_PATH} CMAKE_PREFIX_PATH=/home/bbcontact/magician_ros2/install/dobot_msgs:/home/bbcontact/magician_ros2/install/dobot_driver:${CMAKE_PREFIX_PATH} DEBUGINFOD_URLS=https://debuginfod.ubuntu.com LD_LIBRARY_PATH=/home/bbcontact/magician_ros2/install/dobot_msgs/lib:${LD_LIBRARY_PATH} PYTHONPATH=/home/bbcontact/magician_ros2/build/dobot_motion/prefix_override:/usr/lib/python3/dist-packages/colcon_core/task/python/colcon_distutils_commands:/home/bbcontact/magician_ros2/install/dobot_motion/lib/python3.12/site-packages:/home/bbcontact/magician_ros2/install/dobot_msgs/lib/python3.12/site-packages:/home/bbcontact/magician_ros2/install/dobot_driver/lib/python3.12/site-packages:${PYTHONPATH} /usr/bin/python3 -W ignore:setup.py install is deprecated -W ignore:easy_install command is deprecated setup.py develop --editable --build-directory /home/bbcontact/magician_ros2/build/dobot_motion/build --no-deps symlink_data
[84.025s] Level 1:colcon.colcon_core.environment:checking '/home/bbcontact/magician_ros2/install/dobot_motion' for CMake module files
[84.027s] Level 1:colcon.colcon_core.environment:checking '/home/bbcontact/magician_ros2/install/dobot_motion' for CMake config files
[84.028s] Level 1:colcon.colcon_core.environment:checking '/home/bbcontact/magician_ros2/install/dobot_motion/lib'
[84.029s] Level 1:colcon.colcon_core.environment:checking '/home/bbcontact/magician_ros2/install/dobot_motion/bin'
[84.029s] Level 1:colcon.colcon_core.environment:checking '/home/bbcontact/magician_ros2/install/dobot_motion/lib/pkgconfig/dobot_motion.pc'
[84.030s] Level 1:colcon.colcon_core.environment:checking '/home/bbcontact/magician_ros2/install/dobot_motion/lib/python3.12/site-packages'
[84.030s] Level 1:colcon.colcon_core.shell:create_environment_hook('dobot_motion', 'pythonpath')
[84.031s] INFO:colcon.colcon_core.shell:Creating environment hook '/home/bbcontact/magician_ros2/install/dobot_motion/share/dobot_motion/hook/pythonpath.ps1'
[84.032s] INFO:colcon.colcon_core.shell:Creating environment descriptor '/home/bbcontact/magician_ros2/install/dobot_motion/share/dobot_motion/hook/pythonpath.dsv'
[84.033s] INFO:colcon.colcon_core.shell:Creating environment hook '/home/bbcontact/magician_ros2/install/dobot_motion/share/dobot_motion/hook/pythonpath.sh'
[84.035s] Level 1:colcon.colcon_core.environment:checking '/home/bbcontact/magician_ros2/install/dobot_motion/bin'
[84.035s] Level 1:colcon.colcon_core.environment:create_environment_scripts_only(dobot_motion)
[84.036s] INFO:colcon.colcon_core.shell:Creating package script '/home/bbcontact/magician_ros2/install/dobot_motion/share/dobot_motion/package.ps1'
[84.038s] INFO:colcon.colcon_core.shell:Creating package descriptor '/home/bbcontact/magician_ros2/install/dobot_motion/share/dobot_motion/package.dsv'
[84.040s] INFO:colcon.colcon_core.shell:Creating package script '/home/bbcontact/magician_ros2/install/dobot_motion/share/dobot_motion/package.sh'
[84.041s] INFO:colcon.colcon_core.shell:Creating package script '/home/bbcontact/magician_ros2/install/dobot_motion/share/dobot_motion/package.bash'
[84.042s] INFO:colcon.colcon_core.shell:Creating package script '/home/bbcontact/magician_ros2/install/dobot_motion/share/dobot_motion/package.zsh'
[84.043s] Level 1:colcon.colcon_core.environment:create_file_with_runtime_dependencies(/home/bbcontact/magician_ros2/install/dobot_motion/share/colcon-core/packages/dobot_motion)
[84.043s] Level 1:colcon.colcon_core.shell:create_environment_hook('dobot_homing', 'pythonpath_develop')
[84.044s] INFO:colcon.colcon_core.shell:Creating environment hook '/home/bbcontact/magician_ros2/build/dobot_homing/share/dobot_homing/hook/pythonpath_develop.ps1'
[84.046s] INFO:colcon.colcon_core.shell:Creating environment descriptor '/home/bbcontact/magician_ros2/build/dobot_homing/share/dobot_homing/hook/pythonpath_develop.dsv'
[84.049s] DEBUG:colcon.colcon_core.event_handler.log_command:Invoked command in '/home/bbcontact/magician_ros2/build/dobot_homing' returned '0': AMENT_PREFIX_PATH=/home/bbcontact/magician_ros2/install/dobot_msgs:/home/bbcontact/magician_ros2/install/dobot_driver:${AMENT_PREFIX_PATH} CMAKE_PREFIX_PATH=/home/bbcontact/magician_ros2/install/dobot_msgs:/home/bbcontact/magician_ros2/install/dobot_driver:${CMAKE_PREFIX_PATH} DEBUGINFOD_URLS=https://debuginfod.ubuntu.com LD_LIBRARY_PATH=/home/bbcontact/magician_ros2/install/dobot_msgs/lib:${LD_LIBRARY_PATH} PYTHONPATH=/home/bbcontact/magician_ros2/build/dobot_homing/prefix_override:/usr/lib/python3/dist-packages/colcon_core/task/python/colcon_distutils_commands:/home/bbcontact/magician_ros2/install/dobot_homing/lib/python3.12/site-packages:/home/bbcontact/magician_ros2/install/dobot_msgs/lib/python3.12/site-packages:/home/bbcontact/magician_ros2/install/dobot_driver/lib/python3.12/site-packages:${PYTHONPATH} /usr/bin/python3 -W ignore:setup.py install is deprecated -W ignore:easy_install command is deprecated setup.py develop --editable --build-directory /home/bbcontact/magician_ros2/build/dobot_homing/build --no-deps symlink_data
[84.050s] INFO:colcon.colcon_core.shell:Creating environment hook '/home/bbcontact/magician_ros2/build/dobot_homing/share/dobot_homing/hook/pythonpath_develop.sh'
[84.051s] Level 1:colcon.colcon_core.environment:checking '/home/bbcontact/magician_ros2/install/dobot_homing' for CMake module files
[84.052s] Level 1:colcon.colcon_core.environment:checking '/home/bbcontact/magician_ros2/install/dobot_homing' for CMake config files
[84.054s] Level 1:colcon.colcon_core.environment:checking '/home/bbcontact/magician_ros2/install/dobot_homing/lib'
[84.054s] Level 1:colcon.colcon_core.environment:checking '/home/bbcontact/magician_ros2/install/dobot_homing/bin'
[84.054s] Level 1:colcon.colcon_core.environment:checking '/home/bbcontact/magician_ros2/install/dobot_homing/lib/pkgconfig/dobot_homing.pc'
[84.055s] Level 1:colcon.colcon_core.environment:checking '/home/bbcontact/magician_ros2/install/dobot_homing/lib/python3.12/site-packages'
[84.055s] Level 1:colcon.colcon_core.shell:create_environment_hook('dobot_homing', 'pythonpath')
[84.056s] INFO:colcon.colcon_core.shell:Creating environment hook '/home/bbcontact/magician_ros2/install/dobot_homing/share/dobot_homing/hook/pythonpath.ps1'
[84.057s] INFO:colcon.colcon_core.shell:Creating environment descriptor '/home/bbcontact/magician_ros2/install/dobot_homing/share/dobot_homing/hook/pythonpath.dsv'
[84.058s] INFO:colcon.colcon_core.shell:Creating environment hook '/home/bbcontact/magician_ros2/install/dobot_homing/share/dobot_homing/hook/pythonpath.sh'
[84.060s] Level 1:colcon.colcon_core.environment:checking '/home/bbcontact/magician_ros2/install/dobot_homing/bin'
[84.060s] Level 1:colcon.colcon_core.environment:create_environment_scripts_only(dobot_homing)
[84.061s] INFO:colcon.colcon_core.shell:Creating package script '/home/bbcontact/magician_ros2/install/dobot_homing/share/dobot_homing/package.ps1'
[84.063s] INFO:colcon.colcon_core.shell:Creating package descriptor '/home/bbcontact/magician_ros2/install/dobot_homing/share/dobot_homing/package.dsv'
[84.065s] INFO:colcon.colcon_core.shell:Creating package script '/home/bbcontact/magician_ros2/install/dobot_homing/share/dobot_homing/package.sh'
[84.066s] INFO:colcon.colcon_core.shell:Creating package script '/home/bbcontact/magician_ros2/install/dobot_homing/share/dobot_homing/package.bash'
[84.067s] INFO:colcon.colcon_core.shell:Creating package script '/home/bbcontact/magician_ros2/install/dobot_homing/share/dobot_homing/package.zsh'
[84.068s] Level 1:colcon.colcon_core.environment:create_file_with_runtime_dependencies(/home/bbcontact/magician_ros2/install/dobot_homing/share/colcon-core/packages/dobot_homing)
[84.068s] Level 1:colcon.colcon_core.shell:create_environment_hook('dobot_kinematics', 'pythonpath_develop')
[84.069s] INFO:colcon.colcon_core.shell:Creating environment hook '/home/bbcontact/magician_ros2/build/dobot_kinematics/share/dobot_kinematics/hook/pythonpath_develop.ps1'
[84.072s] DEBUG:colcon.colcon_core.event_handler.log_command:Invoked command in '/home/bbcontact/magician_ros2/build/dobot_kinematics' returned '0': AMENT_PREFIX_PATH=/home/bbcontact/magician_ros2/install/dobot_msgs:/home/bbcontact/magician_ros2/install/dobot_description:${AMENT_PREFIX_PATH} CMAKE_PREFIX_PATH=/home/bbcontact/magician_ros2/install/dobot_msgs:/home/bbcontact/magician_ros2/install/dobot_description:${CMAKE_PREFIX_PATH} DEBUGINFOD_URLS=https://debuginfod.ubuntu.com LD_LIBRARY_PATH=/home/bbcontact/magician_ros2/install/dobot_msgs/lib:${LD_LIBRARY_PATH} PYTHONPATH=/home/bbcontact/magician_ros2/build/dobot_kinematics/prefix_override:/usr/lib/python3/dist-packages/colcon_core/task/python/colcon_distutils_commands:/home/bbcontact/magician_ros2/install/dobot_kinematics/lib/python3.12/site-packages:/home/bbcontact/magician_ros2/install/dobot_msgs/lib/python3.12/site-packages:${PYTHONPATH} /usr/bin/python3 -W ignore:setup.py install is deprecated -W ignore:easy_install command is deprecated setup.py develop --editable --build-directory /home/bbcontact/magician_ros2/build/dobot_kinematics/build --no-deps symlink_data
[84.072s] INFO:colcon.colcon_core.shell:Creating environment descriptor '/home/bbcontact/magician_ros2/build/dobot_kinematics/share/dobot_kinematics/hook/pythonpath_develop.dsv'
[84.073s] INFO:colcon.colcon_core.shell:Creating environment hook '/home/bbcontact/magician_ros2/build/dobot_kinematics/share/dobot_kinematics/hook/pythonpath_develop.sh'
[84.075s] Level 1:colcon.colcon_core.environment:checking '/home/bbcontact/magician_ros2/install/dobot_kinematics' for CMake module files
[84.077s] Level 1:colcon.colcon_core.environment:checking '/home/bbcontact/magician_ros2/install/dobot_kinematics' for CMake config files
[84.078s] Level 1:colcon.colcon_core.environment:checking '/home/bbcontact/magician_ros2/install/dobot_kinematics/lib'
[84.078s] Level 1:colcon.colcon_core.environment:checking '/home/bbcontact/magician_ros2/install/dobot_kinematics/bin'
[84.079s] Level 1:colcon.colcon_core.environment:checking '/home/bbcontact/magician_ros2/install/dobot_kinematics/lib/pkgconfig/dobot_kinematics.pc'
[84.079s] Level 1:colcon.colcon_core.environment:checking '/home/bbcontact/magician_ros2/install/dobot_kinematics/lib/python3.12/site-packages'
[84.080s] Level 1:colcon.colcon_core.shell:create_environment_hook('dobot_kinematics', 'pythonpath')
[84.080s] INFO:colcon.colcon_core.shell:Creating environment hook '/home/bbcontact/magician_ros2/install/dobot_kinematics/share/dobot_kinematics/hook/pythonpath.ps1'
[84.081s] INFO:colcon.colcon_core.shell:Creating environment descriptor '/home/bbcontact/magician_ros2/install/dobot_kinematics/share/dobot_kinematics/hook/pythonpath.dsv'
[84.082s] INFO:colcon.colcon_core.shell:Creating environment hook '/home/bbcontact/magician_ros2/install/dobot_kinematics/share/dobot_kinematics/hook/pythonpath.sh'
[84.084s] Level 1:colcon.colcon_core.environment:checking '/home/bbcontact/magician_ros2/install/dobot_kinematics/bin'
[84.084s] Level 1:colcon.colcon_core.environment:create_environment_scripts_only(dobot_kinematics)
[84.085s] INFO:colcon.colcon_core.shell:Creating package script '/home/bbcontact/magician_ros2/install/dobot_kinematics/share/dobot_kinematics/package.ps1'
[84.086s] INFO:colcon.colcon_core.shell:Creating package descriptor '/home/bbcontact/magician_ros2/install/dobot_kinematics/share/dobot_kinematics/package.dsv'
[84.087s] INFO:colcon.colcon_core.shell:Creating package script '/home/bbcontact/magician_ros2/install/dobot_kinematics/share/dobot_kinematics/package.sh'
[84.088s] INFO:colcon.colcon_core.shell:Creating package script '/home/bbcontact/magician_ros2/install/dobot_kinematics/share/dobot_kinematics/package.bash'
[84.089s] INFO:colcon.colcon_core.shell:Creating package script '/home/bbcontact/magician_ros2/install/dobot_kinematics/share/dobot_kinematics/package.zsh'
[84.090s] Level 1:colcon.colcon_core.environment:create_file_with_runtime_dependencies(/home/bbcontact/magician_ros2/install/dobot_kinematics/share/colcon-core/packages/dobot_kinematics)
[84.091s] Level 1:colcon.colcon_core.shell:create_environment_hook('dobot_end_effector', 'pythonpath_develop')
[84.091s] INFO:colcon.colcon_core.shell:Creating environment hook '/home/bbcontact/magician_ros2/build/dobot_end_effector/share/dobot_end_effector/hook/pythonpath_develop.ps1'
[84.094s] DEBUG:colcon.colcon_core.event_handler.log_command:Invoked command in '/home/bbcontact/magician_ros2/build/dobot_end_effector' returned '0': AMENT_PREFIX_PATH=/home/bbcontact/magician_ros2/install/dobot_msgs:/home/bbcontact/magician_ros2/install/dobot_driver:${AMENT_PREFIX_PATH} CMAKE_PREFIX_PATH=/home/bbcontact/magician_ros2/install/dobot_msgs:/home/bbcontact/magician_ros2/install/dobot_driver:${CMAKE_PREFIX_PATH} DEBUGINFOD_URLS=https://debuginfod.ubuntu.com LD_LIBRARY_PATH=/home/bbcontact/magician_ros2/install/dobot_msgs/lib:${LD_LIBRARY_PATH} PYTHONPATH=/home/bbcontact/magician_ros2/build/dobot_end_effector/prefix_override:/usr/lib/python3/dist-packages/colcon_core/task/python/colcon_distutils_commands:/home/bbcontact/magician_ros2/install/dobot_end_effector/lib/python3.12/site-packages:/home/bbcontact/magician_ros2/install/dobot_msgs/lib/python3.12/site-packages:/home/bbcontact/magician_ros2/install/dobot_driver/lib/python3.12/site-packages:${PYTHONPATH} /usr/bin/python3 -W ignore:setup.py install is deprecated -W ignore:easy_install command is deprecated setup.py develop --editable --build-directory /home/bbcontact/magician_ros2/build/dobot_end_effector/build --no-deps symlink_data
[84.095s] INFO:colcon.colcon_core.shell:Creating environment descriptor '/home/bbcontact/magician_ros2/build/dobot_end_effector/share/dobot_end_effector/hook/pythonpath_develop.dsv'
[84.095s] INFO:colcon.colcon_core.shell:Creating environment hook '/home/bbcontact/magician_ros2/build/dobot_end_effector/share/dobot_end_effector/hook/pythonpath_develop.sh'
[84.097s] Level 1:colcon.colcon_core.environment:checking '/home/bbcontact/magician_ros2/install/dobot_end_effector' for CMake module files
[84.098s] Level 1:colcon.colcon_core.environment:checking '/home/bbcontact/magician_ros2/install/dobot_end_effector' for CMake config files
[84.099s] Level 1:colcon.colcon_core.environment:checking '/home/bbcontact/magician_ros2/install/dobot_end_effector/lib'
[84.099s] Level 1:colcon.colcon_core.environment:checking '/home/bbcontact/magician_ros2/install/dobot_end_effector/bin'
[84.099s] Level 1:colcon.colcon_core.environment:checking '/home/bbcontact/magician_ros2/install/dobot_end_effector/lib/pkgconfig/dobot_end_effector.pc'
[84.100s] Level 1:colcon.colcon_core.environment:checking '/home/bbcontact/magician_ros2/install/dobot_end_effector/lib/python3.12/site-packages'
[84.100s] Level 1:colcon.colcon_core.shell:create_environment_hook('dobot_end_effector', 'pythonpath')
[84.101s] INFO:colcon.colcon_core.shell:Creating environment hook '/home/bbcontact/magician_ros2/install/dobot_end_effector/share/dobot_end_effector/hook/pythonpath.ps1'
[84.102s] INFO:colcon.colcon_core.shell:Creating environment descriptor '/home/bbcontact/magician_ros2/install/dobot_end_effector/share/dobot_end_effector/hook/pythonpath.dsv'
[84.102s] INFO:colcon.colcon_core.shell:Creating environment hook '/home/bbcontact/magician_ros2/install/dobot_end_effector/share/dobot_end_effector/hook/pythonpath.sh'
[84.104s] Level 1:colcon.colcon_core.environment:checking '/home/bbcontact/magician_ros2/install/dobot_end_effector/bin'
[84.104s] Level 1:colcon.colcon_core.environment:create_environment_scripts_only(dobot_end_effector)
[84.105s] INFO:colcon.colcon_core.shell:Creating package script '/home/bbcontact/magician_ros2/install/dobot_end_effector/share/dobot_end_effector/package.ps1'
[84.106s] INFO:colcon.colcon_core.shell:Creating package descriptor '/home/bbcontact/magician_ros2/install/dobot_end_effector/share/dobot_end_effector/package.dsv'
[84.108s] INFO:colcon.colcon_core.shell:Creating package script '/home/bbcontact/magician_ros2/install/dobot_end_effector/share/dobot_end_effector/package.sh'
[84.109s] INFO:colcon.colcon_core.shell:Creating package script '/home/bbcontact/magician_ros2/install/dobot_end_effector/share/dobot_end_effector/package.bash'
[84.110s] INFO:colcon.colcon_core.shell:Creating package script '/home/bbcontact/magician_ros2/install/dobot_end_effector/share/dobot_end_effector/package.zsh'
[84.110s] Level 1:colcon.colcon_core.environment:create_file_with_runtime_dependencies(/home/bbcontact/magician_ros2/install/dobot_end_effector/share/colcon-core/packages/dobot_end_effector)
[84.112s] INFO:colcon.colcon_ros.task.ament_python.build:Building ROS package in '/home/bbcontact/magician_ros2/src/magician_ros2/dobot_bringup' with build type 'ament_python'
[84.113s] Level 1:colcon.colcon_core.shell:create_environment_hook('dobot_bringup', 'ament_prefix_path')
[84.113s] INFO:colcon.colcon_core.shell:Creating environment hook '/home/bbcontact/magician_ros2/install/dobot_bringup/share/dobot_bringup/hook/ament_prefix_path.ps1'
[84.114s] INFO:colcon.colcon_core.shell:Creating environment descriptor '/home/bbcontact/magician_ros2/install/dobot_bringup/share/dobot_bringup/hook/ament_prefix_path.dsv'
[84.115s] INFO:colcon.colcon_core.shell:Creating environment hook '/home/bbcontact/magician_ros2/install/dobot_bringup/share/dobot_bringup/hook/ament_prefix_path.sh'
[84.116s] INFO:colcon.colcon_core.shell:Skip shell extension 'powershell' for command environment: Not usable outside of PowerShell
[84.116s] DEBUG:colcon.colcon_core.shell:Skip shell extension 'dsv' for command environment
[84.126s] Level 1:colcon.colcon_core.shell:create_environment_hook('dobot_vision_rgbd', 'pythonpath_develop')
[84.127s] INFO:colcon.colcon_core.shell:Creating environment hook '/home/bbcontact/magician_ros2/build/dobot_vision_rgbd/share/dobot_vision_rgbd/hook/pythonpath_develop.ps1'
[84.129s] DEBUG:colcon.colcon_core.event_handler.log_command:Invoked command in '/home/bbcontact/magician_ros2/build/dobot_vision_rgbd' returned '0': AMENT_PREFIX_PATH=/home/bbcontact/magician_ros2/install/orbbec_camera_msgs:${AMENT_PREFIX_PATH} CMAKE_PREFIX_PATH=/home/bbcontact/magician_ros2/install/orbbec_camera_msgs:${CMAKE_PREFIX_PATH} DEBUGINFOD_URLS=https://debuginfod.ubuntu.com LD_LIBRARY_PATH=/home/bbcontact/magician_ros2/install/orbbec_camera_msgs/lib:${LD_LIBRARY_PATH} PYTHONPATH=/home/bbcontact/magician_ros2/build/dobot_vision_rgbd/prefix_override:/usr/lib/python3/dist-packages/colcon_core/task/python/colcon_distutils_commands:/home/bbcontact/magician_ros2/install/dobot_vision_rgbd/lib/python3.12/site-packages:/home/bbcontact/magician_ros2/install/orbbec_camera_msgs/lib/python3.12/site-packages:${PYTHONPATH} /usr/bin/python3 -W ignore:setup.py install is deprecated -W ignore:easy_install command is deprecated setup.py develop --editable --build-directory /home/bbcontact/magician_ros2/build/dobot_vision_rgbd/build --no-deps symlink_data
[84.130s] INFO:colcon.colcon_core.shell:Creating environment descriptor '/home/bbcontact/magician_ros2/build/dobot_vision_rgbd/share/dobot_vision_rgbd/hook/pythonpath_develop.dsv'
[84.131s] INFO:colcon.colcon_core.shell:Creating environment hook '/home/bbcontact/magician_ros2/build/dobot_vision_rgbd/share/dobot_vision_rgbd/hook/pythonpath_develop.sh'
[84.133s] Level 1:colcon.colcon_core.environment:checking '/home/bbcontact/magician_ros2/install/dobot_vision_rgbd' for CMake module files
[84.135s] Level 1:colcon.colcon_core.environment:checking '/home/bbcontact/magician_ros2/install/dobot_vision_rgbd' for CMake config files
[84.136s] Level 1:colcon.colcon_core.environment:checking '/home/bbcontact/magician_ros2/install/dobot_vision_rgbd/lib'
[84.137s] Level 1:colcon.colcon_core.environment:checking '/home/bbcontact/magician_ros2/install/dobot_vision_rgbd/bin'
[84.137s] Level 1:colcon.colcon_core.environment:checking '/home/bbcontact/magician_ros2/install/dobot_vision_rgbd/lib/pkgconfig/dobot_vision_rgbd.pc'
[84.138s] Level 1:colcon.colcon_core.environment:checking '/home/bbcontact/magician_ros2/install/dobot_vision_rgbd/lib/python3.12/site-packages'
[84.138s] Level 1:colcon.colcon_core.shell:create_environment_hook('dobot_vision_rgbd', 'pythonpath')
[84.139s] INFO:colcon.colcon_core.shell:Creating environment hook '/home/bbcontact/magician_ros2/install/dobot_vision_rgbd/share/dobot_vision_rgbd/hook/pythonpath.ps1'
[84.140s] INFO:colcon.colcon_core.shell:Creating environment descriptor '/home/bbcontact/magician_ros2/install/dobot_vision_rgbd/share/dobot_vision_rgbd/hook/pythonpath.dsv'
[84.141s] INFO:colcon.colcon_core.shell:Creating environment hook '/home/bbcontact/magician_ros2/install/dobot_vision_rgbd/share/dobot_vision_rgbd/hook/pythonpath.sh'
[84.143s] Level 1:colcon.colcon_core.environment:checking '/home/bbcontact/magician_ros2/install/dobot_vision_rgbd/bin'
[84.144s] Level 1:colcon.colcon_core.environment:create_environment_scripts_only(dobot_vision_rgbd)
[84.144s] INFO:colcon.colcon_core.shell:Creating package script '/home/bbcontact/magician_ros2/install/dobot_vision_rgbd/share/dobot_vision_rgbd/package.ps1'
[84.147s] INFO:colcon.colcon_core.shell:Creating package descriptor '/home/bbcontact/magician_ros2/install/dobot_vision_rgbd/share/dobot_vision_rgbd/package.dsv'
[84.148s] INFO:colcon.colcon_core.shell:Creating package script '/home/bbcontact/magician_ros2/install/dobot_vision_rgbd/share/dobot_vision_rgbd/package.sh'
[84.150s] INFO:colcon.colcon_core.shell:Creating package script '/home/bbcontact/magician_ros2/install/dobot_vision_rgbd/share/dobot_vision_rgbd/package.bash'
[84.151s] INFO:colcon.colcon_core.shell:Creating package script '/home/bbcontact/magician_ros2/install/dobot_vision_rgbd/share/dobot_vision_rgbd/package.zsh'
[84.152s] Level 1:colcon.colcon_core.environment:create_file_with_runtime_dependencies(/home/bbcontact/magician_ros2/install/dobot_vision_rgbd/share/colcon-core/packages/dobot_vision_rgbd)
[84.764s] INFO:colcon.colcon_core.task.python.build:Building Python package in '/home/bbcontact/magician_ros2/src/magician_ros2/dobot_bringup'
[84.765s] INFO:colcon.colcon_core.shell:Skip shell extension 'powershell' for command environment: Not usable outside of PowerShell
[84.765s] DEBUG:colcon.colcon_core.shell:Skip shell extension 'dsv' for command environment
[85.883s] DEBUG:colcon.colcon_core.task.python.build:Available setuptools commands: build_clib, bdist_dumb, saveopts, editable_wheel, check, build, bdist_rpm, install_lib, easy_install, install, bdist_wheel, build_ext, init_catalog, sdist, test, update_catalog, dist_info, develop, bdist, setopt, egg_info, symlink_data, build_py, register, clean, install_data, install_scripts, rotate, alias, compile_catalog, build_scripts, install_egg_info, install_headers, extract_messages, bdist_egg, upload, upload_docs
[86.568s] DEBUG:colcon.colcon_core.task.python.build:Available setuptools commands: build_clib, bdist_dumb, saveopts, editable_wheel, check, build, bdist_rpm, install_lib, easy_install, install, bdist_wheel, build_ext, init_catalog, sdist, test, update_catalog, dist_info, develop, bdist, setopt, egg_info, symlink_data, build_py, register, clean, install_data, install_scripts, rotate, alias, compile_catalog, build_scripts, install_egg_info, install_headers, extract_messages, bdist_egg, upload, upload_docs
[86.873s] DEBUG:colcon.colcon_core.task.python.build:Available setuptools 'develop' options: --egg-path, --install-dir, --build-directory, --site-dirs, --verbose, --uninstall, --always-unzip, --install-layout, --exclude-scripts, --quiet, --multi-version, --force-installation-into-system-dir, --optimize, --no-find-links, --index-url, --dry-run, --zip-ok, --upgrade, --help, --no-deps, --allow-hosts, --local-snapshots-ok, --script-dir, --record, --find-links, --user, --version, --always-copy, --no-user-cfg, --editable, --prefix
[86.877s] DEBUG:colcon.colcon_core.event_handler.log_command:Invoking command in '/home/bbcontact/magician_ros2/build/dobot_vision_yolo': AMENT_PREFIX_PATH=/home/bbcontact/magician_ros2/install/dobot_calibration:/home/bbcontact/magician_ros2/install/dobot_msgs:${AMENT_PREFIX_PATH} CMAKE_PREFIX_PATH=/home/bbcontact/magician_ros2/install/dobot_msgs:${CMAKE_PREFIX_PATH} DEBUGINFOD_URLS=https://debuginfod.ubuntu.com LD_LIBRARY_PATH=/home/bbcontact/magician_ros2/install/dobot_msgs/lib:${LD_LIBRARY_PATH} PYTHONPATH=/home/bbcontact/magician_ros2/build/dobot_vision_yolo/prefix_override:/usr/lib/python3/dist-packages/colcon_core/task/python/colcon_distutils_commands:/home/bbcontact/magician_ros2/install/dobot_vision_yolo/lib/python3.12/site-packages:/home/bbcontact/magician_ros2/build/dobot_calibration:/home/bbcontact/magician_ros2/install/dobot_calibration/lib/python3.12/site-packages:/home/bbcontact/magician_ros2/install/dobot_msgs/lib/python3.12/site-packages:${PYTHONPATH} /usr/bin/python3 -W ignore:setup.py install is deprecated -W ignore:easy_install command is deprecated setup.py develop --editable --build-directory /home/bbcontact/magician_ros2/build/dobot_vision_yolo/build --no-deps symlink_data
[87.369s] DEBUG:colcon.colcon_core.event_handler.log_command:Invoked command in '/home/bbcontact/magician_ros2/build/orbbec_camera' returned '0': AMENT_PREFIX_PATH=/home/bbcontact/magician_ros2/install/orbbec_camera_msgs:${AMENT_PREFIX_PATH} CMAKE_PREFIX_PATH=/home/bbcontact/magician_ros2/install/orbbec_camera_msgs:/opt/ros/jazzy/opt/gz_sim_vendor:/opt/ros/jazzy/opt/gz_sensors_vendor:/opt/ros/jazzy/opt/gz_physics_vendor:/opt/ros/jazzy/opt/sdformat_vendor:/opt/ros/jazzy/opt/gz_gui_vendor:/opt/ros/jazzy/opt/gz_transport_vendor:/opt/ros/jazzy/opt/gz_rendering_vendor:/opt/ros/jazzy/opt/gz_plugin_vendor:/opt/ros/jazzy/opt/gz_fuel_tools_vendor:/opt/ros/jazzy/opt/gz_msgs_vendor:/opt/ros/jazzy/opt/gz_common_vendor:/opt/ros/jazzy/opt/gz_math_vendor:/opt/ros/jazzy/opt/gz_utils_vendor:/opt/ros/jazzy/opt/gz_tools_vendor:/opt/ros/jazzy/opt/gz_ogre_next_vendor:/opt/ros/jazzy/opt/gz_dartsim_vendor:/opt/ros/jazzy/opt/gz_cmake_vendor:/opt/ros/jazzy DEBUGINFOD_URLS=https://debuginfod.ubuntu.com LD_LIBRARY_PATH=/home/bbcontact/magician_ros2/install/orbbec_camera_msgs/lib:${LD_LIBRARY_PATH} PYTHONPATH=/home/bbcontact/magician_ros2/install/orbbec_camera_msgs/lib/python3.12/site-packages:${PYTHONPATH} /usr/bin/cmake /home/bbcontact/magician_ros2/src/OrbbecSDK_ROS2/orbbec_camera -DOpenCV_DIR=/usr/lib/x86_64-linux-gnu/cmake/opencv4 -DAMENT_CMAKE_SYMLINK_INSTALL=1 -DCMAKE_INSTALL_PREFIX=/home/bbcontact/magician_ros2/install/orbbec_camera
[87.372s] DEBUG:colcon.colcon_core.event_handler.log_command:Invoking command in '/home/bbcontact/magician_ros2/build/orbbec_camera': AMENT_PREFIX_PATH=/home/bbcontact/magician_ros2/install/orbbec_camera_msgs:${AMENT_PREFIX_PATH} CMAKE_PREFIX_PATH=/home/bbcontact/magician_ros2/install/orbbec_camera_msgs:/opt/ros/jazzy/opt/gz_sim_vendor:/opt/ros/jazzy/opt/gz_sensors_vendor:/opt/ros/jazzy/opt/gz_physics_vendor:/opt/ros/jazzy/opt/sdformat_vendor:/opt/ros/jazzy/opt/gz_gui_vendor:/opt/ros/jazzy/opt/gz_transport_vendor:/opt/ros/jazzy/opt/gz_rendering_vendor:/opt/ros/jazzy/opt/gz_plugin_vendor:/opt/ros/jazzy/opt/gz_fuel_tools_vendor:/opt/ros/jazzy/opt/gz_msgs_vendor:/opt/ros/jazzy/opt/gz_common_vendor:/opt/ros/jazzy/opt/gz_math_vendor:/opt/ros/jazzy/opt/gz_utils_vendor:/opt/ros/jazzy/opt/gz_tools_vendor:/opt/ros/jazzy/opt/gz_ogre_next_vendor:/opt/ros/jazzy/opt/gz_dartsim_vendor:/opt/ros/jazzy/opt/gz_cmake_vendor:/opt/ros/jazzy DEBUGINFOD_URLS=https://debuginfod.ubuntu.com LD_LIBRARY_PATH=/home/bbcontact/magician_ros2/install/orbbec_camera_msgs/lib:${LD_LIBRARY_PATH} PYTHONPATH=/home/bbcontact/magician_ros2/install/orbbec_camera_msgs/lib/python3.12/site-packages:${PYTHONPATH} /usr/bin/cmake --build /home/bbcontact/magician_ros2/build/orbbec_camera -- -j8 -l8
[87.783s] DEBUG:colcon.colcon_core.task.python.build:Available setuptools 'develop' options: --egg-path, --install-dir, --build-directory, --site-dirs, --verbose, --uninstall, --always-unzip, --install-layout, --exclude-scripts, --quiet, --multi-version, --force-installation-into-system-dir, --optimize, --no-find-links, --index-url, --dry-run, --zip-ok, --upgrade, --help, --no-deps, --allow-hosts, --local-snapshots-ok, --script-dir, --record, --find-links, --user, --version, --always-copy, --no-user-cfg, --editable, --prefix
[87.785s] DEBUG:colcon.colcon_core.event_handler.log_command:Invoking command in '/home/bbcontact/magician_ros2/build/dobot_bringup': AMENT_PREFIX_PATH=/home/bbcontact/magician_ros2/install/dobot_state_updater:/home/bbcontact/magician_ros2/install/dobot_motion:/home/bbcontact/magician_ros2/install/dobot_kinematics:/home/bbcontact/magician_ros2/install/dobot_homing:/home/bbcontact/magician_ros2/install/dobot_end_effector:/home/bbcontact/magician_ros2/install/dobot_diagnostics:/home/bbcontact/magician_ros2/install/dobot_msgs:/home/bbcontact/magician_ros2/install/dobot_driver:/home/bbcontact/magician_ros2/install/dobot_description:${AMENT_PREFIX_PATH} CMAKE_PREFIX_PATH=/home/bbcontact/magician_ros2/install/dobot_msgs:/home/bbcontact/magician_ros2/install/dobot_driver:/home/bbcontact/magician_ros2/install/dobot_description:${CMAKE_PREFIX_PATH} DEBUGINFOD_URLS=https://debuginfod.ubuntu.com LD_LIBRARY_PATH=/home/bbcontact/magician_ros2/install/dobot_msgs/lib:${LD_LIBRARY_PATH} PYTHONPATH=/home/bbcontact/magician_ros2/build/dobot_bringup/prefix_override:/usr/lib/python3/dist-packages/colcon_core/task/python/colcon_distutils_commands:/home/bbcontact/magician_ros2/install/dobot_bringup/lib/python3.12/site-packages:/home/bbcontact/magician_ros2/build/dobot_state_updater:/home/bbcontact/magician_ros2/install/dobot_state_updater/lib/python3.12/site-packages:/home/bbcontact/magician_ros2/build/dobot_motion:/home/bbcontact/magician_ros2/install/dobot_motion/lib/python3.12/site-packages:/home/bbcontact/magician_ros2/build/dobot_kinematics:/home/bbcontact/magician_ros2/install/dobot_kinematics/lib/python3.12/site-packages:/home/bbcontact/magician_ros2/build/dobot_homing:/home/bbcontact/magician_ros2/install/dobot_homing/lib/python3.12/site-packages:/home/bbcontact/magician_ros2/build/dobot_end_effector:/home/bbcontact/magician_ros2/install/dobot_end_effector/lib/python3.12/site-packages:/home/bbcontact/magician_ros2/build/dobot_diagnostics:/home/bbcontact/magician_ros2/install/dobot_diagnostics/lib/python3.12/site-packages:/home/bbcontact/magician_ros2/install/dobot_msgs/lib/python3.12/site-packages:/home/bbcontact/magician_ros2/install/dobot_driver/lib/python3.12/site-packages:${PYTHONPATH} /usr/bin/python3 -W ignore:setup.py install is deprecated -W ignore:easy_install command is deprecated setup.py develop --editable --build-directory /home/bbcontact/magician_ros2/build/dobot_bringup/build --no-deps symlink_data
[92.037s] DEBUG:colcon.colcon_core.event_handler.log_command:Invoked command in '/home/bbcontact/magician_ros2/build/dobot_vision_yolo' returned '1': AMENT_PREFIX_PATH=/home/bbcontact/magician_ros2/install/dobot_calibration:/home/bbcontact/magician_ros2/install/dobot_msgs:${AMENT_PREFIX_PATH} CMAKE_PREFIX_PATH=/home/bbcontact/magician_ros2/install/dobot_msgs:${CMAKE_PREFIX_PATH} DEBUGINFOD_URLS=https://debuginfod.ubuntu.com LD_LIBRARY_PATH=/home/bbcontact/magician_ros2/install/dobot_msgs/lib:${LD_LIBRARY_PATH} PYTHONPATH=/home/bbcontact/magician_ros2/build/dobot_vision_yolo/prefix_override:/usr/lib/python3/dist-packages/colcon_core/task/python/colcon_distutils_commands:/home/bbcontact/magician_ros2/install/dobot_vision_yolo/lib/python3.12/site-packages:/home/bbcontact/magician_ros2/build/dobot_calibration:/home/bbcontact/magician_ros2/install/dobot_calibration/lib/python3.12/site-packages:/home/bbcontact/magician_ros2/install/dobot_msgs/lib/python3.12/site-packages:${PYTHONPATH} /usr/bin/python3 -W ignore:setup.py install is deprecated -W ignore:easy_install command is deprecated setup.py develop --editable --build-directory /home/bbcontact/magician_ros2/build/dobot_vision_yolo/build --no-deps symlink_data
[278.911s] DEBUG:colcon.colcon_parallel_executor.executor.parallel:closing loop
[278.912s] DEBUG:colcon.colcon_parallel_executor.executor.parallel:loop closed
[278.912s] DEBUG:colcon.colcon_parallel_executor.executor.parallel:run_until_complete finished with '1'
[278.912s] DEBUG:colcon.colcon_core.event_reactor:joining thread
[278.917s] DEBUG:colcon.colcon_core.event_reactor:joined thread
[278.918s] INFO:colcon.colcon_core.shell:Creating prefix script '/home/bbcontact/magician_ros2/install/local_setup.ps1'
[278.921s] INFO:colcon.colcon_core.shell:Creating prefix util module '/home/bbcontact/magician_ros2/install/_local_setup_util_ps1.py'
[278.924s] INFO:colcon.colcon_core.shell:Creating prefix chain script '/home/bbcontact/magician_ros2/install/setup.ps1'
[278.926s] INFO:colcon.colcon_core.shell:Creating prefix script '/home/bbcontact/magician_ros2/install/local_setup.sh'
[278.927s] INFO:colcon.colcon_core.shell:Creating prefix util module '/home/bbcontact/magician_ros2/install/_local_setup_util_sh.py'
[278.928s] INFO:colcon.colcon_core.shell:Creating prefix chain script '/home/bbcontact/magician_ros2/install/setup.sh'
[278.929s] INFO:colcon.colcon_core.shell:Creating prefix script '/home/bbcontact/magician_ros2/install/local_setup.bash'
[278.930s] INFO:colcon.colcon_core.shell:Creating prefix chain script '/home/bbcontact/magician_ros2/install/setup.bash'
[278.931s] INFO:colcon.colcon_core.shell:Creating prefix script '/home/bbcontact/magician_ros2/install/local_setup.zsh'
[278.932s] INFO:colcon.colcon_core.shell:Creating prefix chain script '/home/bbcontact/magician_ros2/install/setup.zsh'
