[0.491s] DEBUG:colcon:Command line arguments: ['/usr/bin/colcon', 'build', '--symlink-install']
[0.491s] DEBUG:colcon:Parsed command line arguments: Namespace(log_base=None, log_level=None, verb_name='build', build_base='build', install_base='install', merge_install=False, symlink_install=True, test_result_base=None, continue_on_error=False, executor='parallel', parallel_workers=8, event_handlers=None, ignore_user_meta=False, metas=['./colcon.meta'], base_paths=['.'], packages_ignore=None, packages_ignore_regex=None, paths=None, packages_up_to=None, packages_up_to_regex=None, packages_above=None, packages_above_and_dependencies=None, packages_above_depth=None, packages_select_by_dep=None, packages_skip_by_dep=None, packages_skip_up_to=None, packages_select_build_failed=False, packages_skip_build_finished=False, packages_select_test_failures=False, packages_skip_test_passed=False, packages_select=None, packages_skip=None, packages_select_regex=None, packages_skip_regex=None, packages_start=None, packages_end=None, allow_overriding=[], cmake_args=None, cmake_target=None, cmake_target_skip_unavailable=False, cmake_clean_cache=False, cmake_clean_first=False, cmake_force_configure=False, ament_cmake_args=None, catkin_cmake_args=None, catkin_skip_building_tests=False, mixin_files=None, mixin=None, verb_parser=<colcon_mixin.mixin.mixin_argument.MixinArgumentDecorator object at 0x74d40ef5d9d0>, verb_extension=<colcon_core.verb.build.BuildVerb object at 0x74d40ef5d640>, main=<bound method BuildVerb.main of <colcon_core.verb.build.BuildVerb object at 0x74d40ef5d640>>, mixin_verb=('build',))
[0.579s] Level 1:colcon.colcon_core.package_discovery:discover_packages(colcon_meta) check parameters
[0.580s] INFO:colcon.colcon_metadata.package_discovery.colcon_meta:Using configuration from '/home/bbcontact/magician_ros2/colcon.meta'
[0.580s] Level 1:colcon.colcon_core.package_discovery:discover_packages(recursive) check parameters
[0.580s] Level 1:colcon.colcon_core.package_discovery:discover_packages(ignore) check parameters
[0.580s] Level 1:colcon.colcon_core.package_discovery:discover_packages(path) check parameters
[0.580s] Level 1:colcon.colcon_core.package_discovery:discover_packages(colcon_meta) discover
[0.580s] Level 1:colcon.colcon_core.package_discovery:discover_packages(recursive) discover
[0.580s] INFO:colcon.colcon_core.package_discovery:Crawling recursively for packages in '/home/bbcontact/magician_ros2'
[0.581s] Level 1:colcon.colcon_core.package_identification:_identify(.) by extensions ['ignore', 'ignore_ament_install']
[0.581s] Level 1:colcon.colcon_core.package_identification:_identify(.) by extension 'ignore'
[0.581s] Level 1:colcon.colcon_core.package_identification:_identify(.) by extension 'ignore_ament_install'
[0.581s] Level 1:colcon.colcon_core.package_identification:_identify(.) by extensions ['colcon_pkg']
[0.581s] Level 1:colcon.colcon_core.package_identification:_identify(.) by extension 'colcon_pkg'
[0.581s] Level 1:colcon.colcon_core.package_identification:_identify(.) by extensions ['colcon_meta']
[0.581s] Level 1:colcon.colcon_core.package_identification:_identify(.) by extension 'colcon_meta'
[0.581s] Level 1:colcon.colcon_core.package_identification:_identify(.) by extensions ['ros']
[0.581s] Level 1:colcon.colcon_core.package_identification:_identify(.) by extension 'ros'
[0.646s] Level 1:colcon.colcon_core.package_identification:_identify(.) by extensions ['cmake', 'python']
[0.646s] Level 1:colcon.colcon_core.package_identification:_identify(.) by extension 'cmake'
[0.646s] Level 1:colcon.colcon_core.package_identification:_identify(.) by extension 'python'
[0.646s] Level 1:colcon.colcon_core.package_identification:_identify(.) by extensions ['python_setup_py']
[0.646s] Level 1:colcon.colcon_core.package_identification:_identify(.) by extension 'python_setup_py'
[0.647s] Level 1:colcon.colcon_core.package_identification:_identify(Log) by extensions ['ignore', 'ignore_ament_install']
[0.647s] Level 1:colcon.colcon_core.package_identification:_identify(Log) by extension 'ignore'
[0.647s] Level 1:colcon.colcon_core.package_identification:_identify(Log) by extension 'ignore_ament_install'
[0.647s] Level 1:colcon.colcon_core.package_identification:_identify(Log) by extensions ['colcon_pkg']
[0.647s] Level 1:colcon.colcon_core.package_identification:_identify(Log) by extension 'colcon_pkg'
[0.647s] Level 1:colcon.colcon_core.package_identification:_identify(Log) by extensions ['colcon_meta']
[0.647s] Level 1:colcon.colcon_core.package_identification:_identify(Log) by extension 'colcon_meta'
[0.647s] Level 1:colcon.colcon_core.package_identification:_identify(Log) by extensions ['ros']
[0.647s] Level 1:colcon.colcon_core.package_identification:_identify(Log) by extension 'ros'
[0.648s] Level 1:colcon.colcon_core.package_identification:_identify(Log) by extensions ['cmake', 'python']
[0.648s] Level 1:colcon.colcon_core.package_identification:_identify(Log) by extension 'cmake'
[0.648s] Level 1:colcon.colcon_core.package_identification:_identify(Log) by extension 'python'
[0.648s] Level 1:colcon.colcon_core.package_identification:_identify(Log) by extensions ['python_setup_py']
[0.648s] Level 1:colcon.colcon_core.package_identification:_identify(Log) by extension 'python_setup_py'
[0.648s] Level 1:colcon.colcon_core.package_identification:_identify(build) by extensions ['ignore', 'ignore_ament_install']
[0.648s] Level 1:colcon.colcon_core.package_identification:_identify(build) by extension 'ignore'
[0.648s] Level 1:colcon.colcon_core.package_identification:_identify(build) ignored
[0.648s] Level 1:colcon.colcon_core.package_identification:_identify(config) by extensions ['ignore', 'ignore_ament_install']
[0.649s] Level 1:colcon.colcon_core.package_identification:_identify(config) by extension 'ignore'
[0.649s] Level 1:colcon.colcon_core.package_identification:_identify(config) by extension 'ignore_ament_install'
[0.649s] Level 1:colcon.colcon_core.package_identification:_identify(config) by extensions ['colcon_pkg']
[0.649s] Level 1:colcon.colcon_core.package_identification:_identify(config) by extension 'colcon_pkg'
[0.649s] Level 1:colcon.colcon_core.package_identification:_identify(config) by extensions ['colcon_meta']
[0.649s] Level 1:colcon.colcon_core.package_identification:_identify(config) by extension 'colcon_meta'
[0.649s] Level 1:colcon.colcon_core.package_identification:_identify(config) by extensions ['ros']
[0.649s] Level 1:colcon.colcon_core.package_identification:_identify(config) by extension 'ros'
[0.649s] Level 1:colcon.colcon_core.package_identification:_identify(config) by extensions ['cmake', 'python']
[0.649s] Level 1:colcon.colcon_core.package_identification:_identify(config) by extension 'cmake'
[0.649s] Level 1:colcon.colcon_core.package_identification:_identify(config) by extension 'python'
[0.650s] Level 1:colcon.colcon_core.package_identification:_identify(config) by extensions ['python_setup_py']
[0.650s] Level 1:colcon.colcon_core.package_identification:_identify(config) by extension 'python_setup_py'
[0.650s] Level 1:colcon.colcon_core.package_identification:_identify(docs) by extensions ['ignore', 'ignore_ament_install']
[0.650s] Level 1:colcon.colcon_core.package_identification:_identify(docs) by extension 'ignore'
[0.650s] Level 1:colcon.colcon_core.package_identification:_identify(docs) by extension 'ignore_ament_install'
[0.650s] Level 1:colcon.colcon_core.package_identification:_identify(docs) by extensions ['colcon_pkg']
[0.650s] Level 1:colcon.colcon_core.package_identification:_identify(docs) by extension 'colcon_pkg'
[0.650s] Level 1:colcon.colcon_core.package_identification:_identify(docs) by extensions ['colcon_meta']
[0.650s] Level 1:colcon.colcon_core.package_identification:_identify(docs) by extension 'colcon_meta'
[0.650s] Level 1:colcon.colcon_core.package_identification:_identify(docs) by extensions ['ros']
[0.650s] Level 1:colcon.colcon_core.package_identification:_identify(docs) by extension 'ros'
[0.651s] Level 1:colcon.colcon_core.package_identification:_identify(docs) by extensions ['cmake', 'python']
[0.651s] Level 1:colcon.colcon_core.package_identification:_identify(docs) by extension 'cmake'
[0.651s] Level 1:colcon.colcon_core.package_identification:_identify(docs) by extension 'python'
[0.651s] Level 1:colcon.colcon_core.package_identification:_identify(docs) by extensions ['python_setup_py']
[0.651s] Level 1:colcon.colcon_core.package_identification:_identify(docs) by extension 'python_setup_py'
[0.651s] Level 1:colcon.colcon_core.package_identification:_identify(install) by extensions ['ignore', 'ignore_ament_install']
[0.651s] Level 1:colcon.colcon_core.package_identification:_identify(install) by extension 'ignore'
[0.651s] Level 1:colcon.colcon_core.package_identification:_identify(install) ignored
[0.652s] Level 1:colcon.colcon_core.package_identification:_identify(log) by extensions ['ignore', 'ignore_ament_install']
[0.652s] Level 1:colcon.colcon_core.package_identification:_identify(log) by extension 'ignore'
[0.652s] Level 1:colcon.colcon_core.package_identification:_identify(log) ignored
[0.652s] Level 1:colcon.colcon_core.package_identification:_identify(scripts) by extensions ['ignore', 'ignore_ament_install']
[0.652s] Level 1:colcon.colcon_core.package_identification:_identify(scripts) by extension 'ignore'
[0.652s] Level 1:colcon.colcon_core.package_identification:_identify(scripts) by extension 'ignore_ament_install'
[0.652s] Level 1:colcon.colcon_core.package_identification:_identify(scripts) by extensions ['colcon_pkg']
[0.652s] Level 1:colcon.colcon_core.package_identification:_identify(scripts) by extension 'colcon_pkg'
[0.652s] Level 1:colcon.colcon_core.package_identification:_identify(scripts) by extensions ['colcon_meta']
[0.652s] Level 1:colcon.colcon_core.package_identification:_identify(scripts) by extension 'colcon_meta'
[0.653s] Level 1:colcon.colcon_core.package_identification:_identify(scripts) by extensions ['ros']
[0.653s] Level 1:colcon.colcon_core.package_identification:_identify(scripts) by extension 'ros'
[0.653s] Level 1:colcon.colcon_core.package_identification:_identify(scripts) by extensions ['cmake', 'python']
[0.653s] Level 1:colcon.colcon_core.package_identification:_identify(scripts) by extension 'cmake'
[0.653s] Level 1:colcon.colcon_core.package_identification:_identify(scripts) by extension 'python'
[0.653s] Level 1:colcon.colcon_core.package_identification:_identify(scripts) by extensions ['python_setup_py']
[0.653s] Level 1:colcon.colcon_core.package_identification:_identify(scripts) by extension 'python_setup_py'
[0.653s] Level 1:colcon.colcon_core.package_identification:_identify(src) by extensions ['ignore', 'ignore_ament_install']
[0.653s] Level 1:colcon.colcon_core.package_identification:_identify(src) by extension 'ignore'
[0.653s] Level 1:colcon.colcon_core.package_identification:_identify(src) by extension 'ignore_ament_install'
[0.654s] Level 1:colcon.colcon_core.package_identification:_identify(src) by extensions ['colcon_pkg']
[0.654s] Level 1:colcon.colcon_core.package_identification:_identify(src) by extension 'colcon_pkg'
[0.654s] Level 1:colcon.colcon_core.package_identification:_identify(src) by extensions ['colcon_meta']
[0.654s] Level 1:colcon.colcon_core.package_identification:_identify(src) by extension 'colcon_meta'
[0.654s] Level 1:colcon.colcon_core.package_identification:_identify(src) by extensions ['ros']
[0.654s] Level 1:colcon.colcon_core.package_identification:_identify(src) by extension 'ros'
[0.654s] Level 1:colcon.colcon_core.package_identification:_identify(src) by extensions ['cmake', 'python']
[0.654s] Level 1:colcon.colcon_core.package_identification:_identify(src) by extension 'cmake'
[0.654s] Level 1:colcon.colcon_core.package_identification:_identify(src) by extension 'python'
[0.654s] Level 1:colcon.colcon_core.package_identification:_identify(src) by extensions ['python_setup_py']
[0.654s] Level 1:colcon.colcon_core.package_identification:_identify(src) by extension 'python_setup_py'
[0.655s] Level 1:colcon.colcon_core.package_identification:_identify(src/OrbbecSDK_ROS2) by extensions ['ignore', 'ignore_ament_install']
[0.655s] Level 1:colcon.colcon_core.package_identification:_identify(src/OrbbecSDK_ROS2) by extension 'ignore'
[0.655s] Level 1:colcon.colcon_core.package_identification:_identify(src/OrbbecSDK_ROS2) by extension 'ignore_ament_install'
[0.655s] Level 1:colcon.colcon_core.package_identification:_identify(src/OrbbecSDK_ROS2) by extensions ['colcon_pkg']
[0.655s] Level 1:colcon.colcon_core.package_identification:_identify(src/OrbbecSDK_ROS2) by extension 'colcon_pkg'
[0.655s] Level 1:colcon.colcon_core.package_identification:_identify(src/OrbbecSDK_ROS2) by extensions ['colcon_meta']
[0.655s] Level 1:colcon.colcon_core.package_identification:_identify(src/OrbbecSDK_ROS2) by extension 'colcon_meta'
[0.655s] Level 1:colcon.colcon_core.package_identification:_identify(src/OrbbecSDK_ROS2) by extensions ['ros']
[0.655s] Level 1:colcon.colcon_core.package_identification:_identify(src/OrbbecSDK_ROS2) by extension 'ros'
[0.655s] Level 1:colcon.colcon_core.package_identification:_identify(src/OrbbecSDK_ROS2) by extensions ['cmake', 'python']
[0.656s] Level 1:colcon.colcon_core.package_identification:_identify(src/OrbbecSDK_ROS2) by extension 'cmake'
[0.656s] Level 1:colcon.colcon_core.package_identification:_identify(src/OrbbecSDK_ROS2) by extension 'python'
[0.656s] Level 1:colcon.colcon_core.package_identification:_identify(src/OrbbecSDK_ROS2) by extensions ['python_setup_py']
[0.656s] Level 1:colcon.colcon_core.package_identification:_identify(src/OrbbecSDK_ROS2) by extension 'python_setup_py'
[0.656s] Level 1:colcon.colcon_core.package_identification:_identify(src/OrbbecSDK_ROS2/docs) by extensions ['ignore', 'ignore_ament_install']
[0.656s] Level 1:colcon.colcon_core.package_identification:_identify(src/OrbbecSDK_ROS2/docs) by extension 'ignore'
[0.656s] Level 1:colcon.colcon_core.package_identification:_identify(src/OrbbecSDK_ROS2/docs) by extension 'ignore_ament_install'
[0.656s] Level 1:colcon.colcon_core.package_identification:_identify(src/OrbbecSDK_ROS2/docs) by extensions ['colcon_pkg']
[0.656s] Level 1:colcon.colcon_core.package_identification:_identify(src/OrbbecSDK_ROS2/docs) by extension 'colcon_pkg'
[0.656s] Level 1:colcon.colcon_core.package_identification:_identify(src/OrbbecSDK_ROS2/docs) by extensions ['colcon_meta']
[0.657s] Level 1:colcon.colcon_core.package_identification:_identify(src/OrbbecSDK_ROS2/docs) by extension 'colcon_meta'
[0.657s] Level 1:colcon.colcon_core.package_identification:_identify(src/OrbbecSDK_ROS2/docs) by extensions ['ros']
[0.657s] Level 1:colcon.colcon_core.package_identification:_identify(src/OrbbecSDK_ROS2/docs) by extension 'ros'
[0.657s] Level 1:colcon.colcon_core.package_identification:_identify(src/OrbbecSDK_ROS2/docs) by extensions ['cmake', 'python']
[0.657s] Level 1:colcon.colcon_core.package_identification:_identify(src/OrbbecSDK_ROS2/docs) by extension 'cmake'
[0.657s] Level 1:colcon.colcon_core.package_identification:_identify(src/OrbbecSDK_ROS2/docs) by extension 'python'
[0.657s] Level 1:colcon.colcon_core.package_identification:_identify(src/OrbbecSDK_ROS2/docs) by extensions ['python_setup_py']
[0.657s] Level 1:colcon.colcon_core.package_identification:_identify(src/OrbbecSDK_ROS2/docs) by extension 'python_setup_py'
[0.657s] Level 1:colcon.colcon_core.package_identification:_identify(src/OrbbecSDK_ROS2/docs/images) by extensions ['ignore', 'ignore_ament_install']
[0.658s] Level 1:colcon.colcon_core.package_identification:_identify(src/OrbbecSDK_ROS2/docs/images) by extension 'ignore'
[0.658s] Level 1:colcon.colcon_core.package_identification:_identify(src/OrbbecSDK_ROS2/docs/images) by extension 'ignore_ament_install'
[0.658s] Level 1:colcon.colcon_core.package_identification:_identify(src/OrbbecSDK_ROS2/docs/images) by extensions ['colcon_pkg']
[0.658s] Level 1:colcon.colcon_core.package_identification:_identify(src/OrbbecSDK_ROS2/docs/images) by extension 'colcon_pkg'
[0.658s] Level 1:colcon.colcon_core.package_identification:_identify(src/OrbbecSDK_ROS2/docs/images) by extensions ['colcon_meta']
[0.658s] Level 1:colcon.colcon_core.package_identification:_identify(src/OrbbecSDK_ROS2/docs/images) by extension 'colcon_meta'
[0.658s] Level 1:colcon.colcon_core.package_identification:_identify(src/OrbbecSDK_ROS2/docs/images) by extensions ['ros']
[0.658s] Level 1:colcon.colcon_core.package_identification:_identify(src/OrbbecSDK_ROS2/docs/images) by extension 'ros'
[0.658s] Level 1:colcon.colcon_core.package_identification:_identify(src/OrbbecSDK_ROS2/docs/images) by extensions ['cmake', 'python']
[0.658s] Level 1:colcon.colcon_core.package_identification:_identify(src/OrbbecSDK_ROS2/docs/images) by extension 'cmake'
[0.658s] Level 1:colcon.colcon_core.package_identification:_identify(src/OrbbecSDK_ROS2/docs/images) by extension 'python'
[0.659s] Level 1:colcon.colcon_core.package_identification:_identify(src/OrbbecSDK_ROS2/docs/images) by extensions ['python_setup_py']
[0.659s] Level 1:colcon.colcon_core.package_identification:_identify(src/OrbbecSDK_ROS2/docs/images) by extension 'python_setup_py'
[0.659s] Level 1:colcon.colcon_core.package_identification:_identify(src/OrbbecSDK_ROS2/orbbec_camera) by extensions ['ignore', 'ignore_ament_install']
[0.659s] Level 1:colcon.colcon_core.package_identification:_identify(src/OrbbecSDK_ROS2/orbbec_camera) by extension 'ignore'
[0.659s] Level 1:colcon.colcon_core.package_identification:_identify(src/OrbbecSDK_ROS2/orbbec_camera) by extension 'ignore_ament_install'
[0.659s] Level 1:colcon.colcon_core.package_identification:_identify(src/OrbbecSDK_ROS2/orbbec_camera) by extensions ['colcon_pkg']
[0.659s] Level 1:colcon.colcon_core.package_identification:_identify(src/OrbbecSDK_ROS2/orbbec_camera) by extension 'colcon_pkg'
[0.659s] Level 1:colcon.colcon_core.package_identification:_identify(src/OrbbecSDK_ROS2/orbbec_camera) by extensions ['colcon_meta']
[0.659s] Level 1:colcon.colcon_core.package_identification:_identify(src/OrbbecSDK_ROS2/orbbec_camera) by extension 'colcon_meta'
[0.659s] Level 1:colcon.colcon_core.package_identification:_identify(src/OrbbecSDK_ROS2/orbbec_camera) by extensions ['ros']
[0.660s] Level 1:colcon.colcon_core.package_identification:_identify(src/OrbbecSDK_ROS2/orbbec_camera) by extension 'ros'
[0.669s] DEBUG:colcon.colcon_core.package_identification:Package 'src/OrbbecSDK_ROS2/orbbec_camera' with type 'ros.ament_cmake' and name 'orbbec_camera'
[0.669s] Level 1:colcon.colcon_core.package_identification:_identify(src/OrbbecSDK_ROS2/orbbec_camera_msgs) by extensions ['ignore', 'ignore_ament_install']
[0.669s] Level 1:colcon.colcon_core.package_identification:_identify(src/OrbbecSDK_ROS2/orbbec_camera_msgs) by extension 'ignore'
[0.669s] Level 1:colcon.colcon_core.package_identification:_identify(src/OrbbecSDK_ROS2/orbbec_camera_msgs) by extension 'ignore_ament_install'
[0.670s] Level 1:colcon.colcon_core.package_identification:_identify(src/OrbbecSDK_ROS2/orbbec_camera_msgs) by extensions ['colcon_pkg']
[0.670s] Level 1:colcon.colcon_core.package_identification:_identify(src/OrbbecSDK_ROS2/orbbec_camera_msgs) by extension 'colcon_pkg'
[0.670s] Level 1:colcon.colcon_core.package_identification:_identify(src/OrbbecSDK_ROS2/orbbec_camera_msgs) by extensions ['colcon_meta']
[0.670s] Level 1:colcon.colcon_core.package_identification:_identify(src/OrbbecSDK_ROS2/orbbec_camera_msgs) by extension 'colcon_meta'
[0.670s] Level 1:colcon.colcon_core.package_identification:_identify(src/OrbbecSDK_ROS2/orbbec_camera_msgs) by extensions ['ros']
[0.670s] Level 1:colcon.colcon_core.package_identification:_identify(src/OrbbecSDK_ROS2/orbbec_camera_msgs) by extension 'ros'
[0.671s] DEBUG:colcon.colcon_core.package_identification:Package 'src/OrbbecSDK_ROS2/orbbec_camera_msgs' with type 'ros.ament_cmake' and name 'orbbec_camera_msgs'
[0.671s] Level 1:colcon.colcon_core.package_identification:_identify(src/OrbbecSDK_ROS2/orbbec_description) by extensions ['ignore', 'ignore_ament_install']
[0.672s] Level 1:colcon.colcon_core.package_identification:_identify(src/OrbbecSDK_ROS2/orbbec_description) by extension 'ignore'
[0.672s] Level 1:colcon.colcon_core.package_identification:_identify(src/OrbbecSDK_ROS2/orbbec_description) by extension 'ignore_ament_install'
[0.672s] Level 1:colcon.colcon_core.package_identification:_identify(src/OrbbecSDK_ROS2/orbbec_description) by extensions ['colcon_pkg']
[0.672s] Level 1:colcon.colcon_core.package_identification:_identify(src/OrbbecSDK_ROS2/orbbec_description) by extension 'colcon_pkg'
[0.672s] Level 1:colcon.colcon_core.package_identification:_identify(src/OrbbecSDK_ROS2/orbbec_description) by extensions ['colcon_meta']
[0.672s] Level 1:colcon.colcon_core.package_identification:_identify(src/OrbbecSDK_ROS2/orbbec_description) by extension 'colcon_meta'
[0.672s] Level 1:colcon.colcon_core.package_identification:_identify(src/OrbbecSDK_ROS2/orbbec_description) by extensions ['ros']
[0.672s] Level 1:colcon.colcon_core.package_identification:_identify(src/OrbbecSDK_ROS2/orbbec_description) by extension 'ros'
[0.673s] DEBUG:colcon.colcon_core.package_identification:Package 'src/OrbbecSDK_ROS2/orbbec_description' with type 'ros.ament_cmake' and name 'orbbec_description'
[0.673s] Level 1:colcon.colcon_core.package_identification:_identify(src/magician_ros2) by extensions ['ignore', 'ignore_ament_install']
[0.673s] Level 1:colcon.colcon_core.package_identification:_identify(src/magician_ros2) by extension 'ignore'
[0.674s] Level 1:colcon.colcon_core.package_identification:_identify(src/magician_ros2) by extension 'ignore_ament_install'
[0.674s] Level 1:colcon.colcon_core.package_identification:_identify(src/magician_ros2) by extensions ['colcon_pkg']
[0.674s] Level 1:colcon.colcon_core.package_identification:_identify(src/magician_ros2) by extension 'colcon_pkg'
[0.674s] Level 1:colcon.colcon_core.package_identification:_identify(src/magician_ros2) by extensions ['colcon_meta']
[0.674s] Level 1:colcon.colcon_core.package_identification:_identify(src/magician_ros2) by extension 'colcon_meta'
[0.674s] Level 1:colcon.colcon_core.package_identification:_identify(src/magician_ros2) by extensions ['ros']
[0.674s] Level 1:colcon.colcon_core.package_identification:_identify(src/magician_ros2) by extension 'ros'
[0.674s] Level 1:colcon.colcon_core.package_identification:_identify(src/magician_ros2) by extensions ['cmake', 'python']
[0.674s] Level 1:colcon.colcon_core.package_identification:_identify(src/magician_ros2) by extension 'cmake'
[0.674s] Level 1:colcon.colcon_core.package_identification:_identify(src/magician_ros2) by extension 'python'
[0.674s] Level 1:colcon.colcon_core.package_identification:_identify(src/magician_ros2) by extensions ['python_setup_py']
[0.674s] Level 1:colcon.colcon_core.package_identification:_identify(src/magician_ros2) by extension 'python_setup_py'
[0.675s] Level 1:colcon.colcon_core.package_identification:_identify(src/magician_ros2/dobot_bringup) by extensions ['ignore', 'ignore_ament_install']
[0.675s] Level 1:colcon.colcon_core.package_identification:_identify(src/magician_ros2/dobot_bringup) by extension 'ignore'
[0.675s] Level 1:colcon.colcon_core.package_identification:_identify(src/magician_ros2/dobot_bringup) by extension 'ignore_ament_install'
[0.675s] Level 1:colcon.colcon_core.package_identification:_identify(src/magician_ros2/dobot_bringup) by extensions ['colcon_pkg']
[0.675s] Level 1:colcon.colcon_core.package_identification:_identify(src/magician_ros2/dobot_bringup) by extension 'colcon_pkg'
[0.675s] Level 1:colcon.colcon_core.package_identification:_identify(src/magician_ros2/dobot_bringup) by extensions ['colcon_meta']
[0.675s] Level 1:colcon.colcon_core.package_identification:_identify(src/magician_ros2/dobot_bringup) by extension 'colcon_meta'
[0.675s] Level 1:colcon.colcon_core.package_identification:_identify(src/magician_ros2/dobot_bringup) by extensions ['ros']
[0.675s] Level 1:colcon.colcon_core.package_identification:_identify(src/magician_ros2/dobot_bringup) by extension 'ros'
[0.676s] DEBUG:colcon.colcon_core.package_identification:Package 'src/magician_ros2/dobot_bringup' with type 'ros.ament_python' and name 'dobot_bringup'
[0.677s] Level 1:colcon.colcon_core.package_identification:_identify(src/magician_ros2/dobot_calibration) by extensions ['ignore', 'ignore_ament_install']
[0.677s] Level 1:colcon.colcon_core.package_identification:_identify(src/magician_ros2/dobot_calibration) by extension 'ignore'
[0.677s] Level 1:colcon.colcon_core.package_identification:_identify(src/magician_ros2/dobot_calibration) by extension 'ignore_ament_install'
[0.677s] Level 1:colcon.colcon_core.package_identification:_identify(src/magician_ros2/dobot_calibration) by extensions ['colcon_pkg']
[0.677s] Level 1:colcon.colcon_core.package_identification:_identify(src/magician_ros2/dobot_calibration) by extension 'colcon_pkg'
[0.677s] Level 1:colcon.colcon_core.package_identification:_identify(src/magician_ros2/dobot_calibration) by extensions ['colcon_meta']
[0.677s] Level 1:colcon.colcon_core.package_identification:_identify(src/magician_ros2/dobot_calibration) by extension 'colcon_meta'
[0.677s] Level 1:colcon.colcon_core.package_identification:_identify(src/magician_ros2/dobot_calibration) by extensions ['ros']
[0.677s] Level 1:colcon.colcon_core.package_identification:_identify(src/magician_ros2/dobot_calibration) by extension 'ros'
[0.679s] DEBUG:colcon.colcon_core.package_identification:Package 'src/magician_ros2/dobot_calibration' with type 'ros.ament_python' and name 'dobot_calibration'
[0.679s] Level 1:colcon.colcon_core.package_identification:_identify(src/magician_ros2/dobot_control_panel) by extensions ['ignore', 'ignore_ament_install']
[0.679s] Level 1:colcon.colcon_core.package_identification:_identify(src/magician_ros2/dobot_control_panel) by extension 'ignore'
[0.679s] Level 1:colcon.colcon_core.package_identification:_identify(src/magician_ros2/dobot_control_panel) by extension 'ignore_ament_install'
[0.679s] Level 1:colcon.colcon_core.package_identification:_identify(src/magician_ros2/dobot_control_panel) by extensions ['colcon_pkg']
[0.679s] Level 1:colcon.colcon_core.package_identification:_identify(src/magician_ros2/dobot_control_panel) by extension 'colcon_pkg'
[0.679s] Level 1:colcon.colcon_core.package_identification:_identify(src/magician_ros2/dobot_control_panel) by extensions ['colcon_meta']
[0.679s] Level 1:colcon.colcon_core.package_identification:_identify(src/magician_ros2/dobot_control_panel) by extension 'colcon_meta'
[0.679s] Level 1:colcon.colcon_core.package_identification:_identify(src/magician_ros2/dobot_control_panel) by extensions ['ros']
[0.680s] Level 1:colcon.colcon_core.package_identification:_identify(src/magician_ros2/dobot_control_panel) by extension 'ros'
[0.681s] DEBUG:colcon.colcon_core.package_identification:Package 'src/magician_ros2/dobot_control_panel' with type 'ros.ament_python' and name 'dobot_control_panel'
[0.681s] Level 1:colcon.colcon_core.package_identification:_identify(src/magician_ros2/dobot_demos) by extensions ['ignore', 'ignore_ament_install']
[0.681s] Level 1:colcon.colcon_core.package_identification:_identify(src/magician_ros2/dobot_demos) by extension 'ignore'
[0.681s] Level 1:colcon.colcon_core.package_identification:_identify(src/magician_ros2/dobot_demos) by extension 'ignore_ament_install'
[0.681s] Level 1:colcon.colcon_core.package_identification:_identify(src/magician_ros2/dobot_demos) by extensions ['colcon_pkg']
[0.681s] Level 1:colcon.colcon_core.package_identification:_identify(src/magician_ros2/dobot_demos) by extension 'colcon_pkg'
[0.681s] Level 1:colcon.colcon_core.package_identification:_identify(src/magician_ros2/dobot_demos) by extensions ['colcon_meta']
[0.681s] Level 1:colcon.colcon_core.package_identification:_identify(src/magician_ros2/dobot_demos) by extension 'colcon_meta'
[0.681s] Level 1:colcon.colcon_core.package_identification:_identify(src/magician_ros2/dobot_demos) by extensions ['ros']
[0.682s] Level 1:colcon.colcon_core.package_identification:_identify(src/magician_ros2/dobot_demos) by extension 'ros'
[0.683s] DEBUG:colcon.colcon_core.package_identification:Package 'src/magician_ros2/dobot_demos' with type 'ros.ament_python' and name 'dobot_demos'
[0.683s] Level 1:colcon.colcon_core.package_identification:_identify(src/magician_ros2/dobot_description) by extensions ['ignore', 'ignore_ament_install']
[0.683s] Level 1:colcon.colcon_core.package_identification:_identify(src/magician_ros2/dobot_description) by extension 'ignore'
[0.683s] Level 1:colcon.colcon_core.package_identification:_identify(src/magician_ros2/dobot_description) by extension 'ignore_ament_install'
[0.684s] Level 1:colcon.colcon_core.package_identification:_identify(src/magician_ros2/dobot_description) by extensions ['colcon_pkg']
[0.684s] Level 1:colcon.colcon_core.package_identification:_identify(src/magician_ros2/dobot_description) by extension 'colcon_pkg'
[0.684s] Level 1:colcon.colcon_core.package_identification:_identify(src/magician_ros2/dobot_description) by extensions ['colcon_meta']
[0.684s] Level 1:colcon.colcon_core.package_identification:_identify(src/magician_ros2/dobot_description) by extension 'colcon_meta'
[0.684s] Level 1:colcon.colcon_core.package_identification:_identify(src/magician_ros2/dobot_description) by extensions ['ros']
[0.684s] Level 1:colcon.colcon_core.package_identification:_identify(src/magician_ros2/dobot_description) by extension 'ros'
[0.685s] DEBUG:colcon.colcon_core.package_identification:Package 'src/magician_ros2/dobot_description' with type 'ros.ament_cmake' and name 'dobot_description'
[0.685s] Level 1:colcon.colcon_core.package_identification:_identify(src/magician_ros2/dobot_diagnostics) by extensions ['ignore', 'ignore_ament_install']
[0.685s] Level 1:colcon.colcon_core.package_identification:_identify(src/magician_ros2/dobot_diagnostics) by extension 'ignore'
[0.685s] Level 1:colcon.colcon_core.package_identification:_identify(src/magician_ros2/dobot_diagnostics) by extension 'ignore_ament_install'
[0.685s] Level 1:colcon.colcon_core.package_identification:_identify(src/magician_ros2/dobot_diagnostics) by extensions ['colcon_pkg']
[0.686s] Level 1:colcon.colcon_core.package_identification:_identify(src/magician_ros2/dobot_diagnostics) by extension 'colcon_pkg'
[0.686s] Level 1:colcon.colcon_core.package_identification:_identify(src/magician_ros2/dobot_diagnostics) by extensions ['colcon_meta']
[0.686s] Level 1:colcon.colcon_core.package_identification:_identify(src/magician_ros2/dobot_diagnostics) by extension 'colcon_meta'
[0.686s] Level 1:colcon.colcon_core.package_identification:_identify(src/magician_ros2/dobot_diagnostics) by extensions ['ros']
[0.686s] Level 1:colcon.colcon_core.package_identification:_identify(src/magician_ros2/dobot_diagnostics) by extension 'ros'
[0.687s] DEBUG:colcon.colcon_core.package_identification:Package 'src/magician_ros2/dobot_diagnostics' with type 'ros.ament_python' and name 'dobot_diagnostics'
[0.687s] Level 1:colcon.colcon_core.package_identification:_identify(src/magician_ros2/dobot_driver) by extensions ['ignore', 'ignore_ament_install']
[0.687s] Level 1:colcon.colcon_core.package_identification:_identify(src/magician_ros2/dobot_driver) by extension 'ignore'
[0.687s] Level 1:colcon.colcon_core.package_identification:_identify(src/magician_ros2/dobot_driver) by extension 'ignore_ament_install'
[0.688s] Level 1:colcon.colcon_core.package_identification:_identify(src/magician_ros2/dobot_driver) by extensions ['colcon_pkg']
[0.688s] Level 1:colcon.colcon_core.package_identification:_identify(src/magician_ros2/dobot_driver) by extension 'colcon_pkg'
[0.688s] Level 1:colcon.colcon_core.package_identification:_identify(src/magician_ros2/dobot_driver) by extensions ['colcon_meta']
[0.688s] Level 1:colcon.colcon_core.package_identification:_identify(src/magician_ros2/dobot_driver) by extension 'colcon_meta'
[0.688s] Level 1:colcon.colcon_core.package_identification:_identify(src/magician_ros2/dobot_driver) by extensions ['ros']
[0.688s] Level 1:colcon.colcon_core.package_identification:_identify(src/magician_ros2/dobot_driver) by extension 'ros'
[0.689s] DEBUG:colcon.colcon_core.package_identification:Package 'src/magician_ros2/dobot_driver' with type 'ros.ament_cmake' and name 'dobot_driver'
[0.689s] Level 1:colcon.colcon_core.package_identification:_identify(src/magician_ros2/dobot_end_effector) by extensions ['ignore', 'ignore_ament_install']
[0.689s] Level 1:colcon.colcon_core.package_identification:_identify(src/magician_ros2/dobot_end_effector) by extension 'ignore'
[0.689s] Level 1:colcon.colcon_core.package_identification:_identify(src/magician_ros2/dobot_end_effector) by extension 'ignore_ament_install'
[0.689s] Level 1:colcon.colcon_core.package_identification:_identify(src/magician_ros2/dobot_end_effector) by extensions ['colcon_pkg']
[0.689s] Level 1:colcon.colcon_core.package_identification:_identify(src/magician_ros2/dobot_end_effector) by extension 'colcon_pkg'
[0.690s] Level 1:colcon.colcon_core.package_identification:_identify(src/magician_ros2/dobot_end_effector) by extensions ['colcon_meta']
[0.690s] Level 1:colcon.colcon_core.package_identification:_identify(src/magician_ros2/dobot_end_effector) by extension 'colcon_meta'
[0.690s] Level 1:colcon.colcon_core.package_identification:_identify(src/magician_ros2/dobot_end_effector) by extensions ['ros']
[0.690s] Level 1:colcon.colcon_core.package_identification:_identify(src/magician_ros2/dobot_end_effector) by extension 'ros'
[0.691s] DEBUG:colcon.colcon_core.package_identification:Package 'src/magician_ros2/dobot_end_effector' with type 'ros.ament_python' and name 'dobot_end_effector'
[0.691s] Level 1:colcon.colcon_core.package_identification:_identify(src/magician_ros2/dobot_homing) by extensions ['ignore', 'ignore_ament_install']
[0.691s] Level 1:colcon.colcon_core.package_identification:_identify(src/magician_ros2/dobot_homing) by extension 'ignore'
[0.691s] Level 1:colcon.colcon_core.package_identification:_identify(src/magician_ros2/dobot_homing) by extension 'ignore_ament_install'
[0.691s] Level 1:colcon.colcon_core.package_identification:_identify(src/magician_ros2/dobot_homing) by extensions ['colcon_pkg']
[0.692s] Level 1:colcon.colcon_core.package_identification:_identify(src/magician_ros2/dobot_homing) by extension 'colcon_pkg'
[0.692s] Level 1:colcon.colcon_core.package_identification:_identify(src/magician_ros2/dobot_homing) by extensions ['colcon_meta']
[0.692s] Level 1:colcon.colcon_core.package_identification:_identify(src/magician_ros2/dobot_homing) by extension 'colcon_meta'
[0.692s] Level 1:colcon.colcon_core.package_identification:_identify(src/magician_ros2/dobot_homing) by extensions ['ros']
[0.692s] Level 1:colcon.colcon_core.package_identification:_identify(src/magician_ros2/dobot_homing) by extension 'ros'
[0.693s] DEBUG:colcon.colcon_core.package_identification:Package 'src/magician_ros2/dobot_homing' with type 'ros.ament_python' and name 'dobot_homing'
[0.693s] Level 1:colcon.colcon_core.package_identification:_identify(src/magician_ros2/dobot_kinematics) by extensions ['ignore', 'ignore_ament_install']
[0.693s] Level 1:colcon.colcon_core.package_identification:_identify(src/magician_ros2/dobot_kinematics) by extension 'ignore'
[0.694s] Level 1:colcon.colcon_core.package_identification:_identify(src/magician_ros2/dobot_kinematics) by extension 'ignore_ament_install'
[0.694s] Level 1:colcon.colcon_core.package_identification:_identify(src/magician_ros2/dobot_kinematics) by extensions ['colcon_pkg']
[0.694s] Level 1:colcon.colcon_core.package_identification:_identify(src/magician_ros2/dobot_kinematics) by extension 'colcon_pkg'
[0.694s] Level 1:colcon.colcon_core.package_identification:_identify(src/magician_ros2/dobot_kinematics) by extensions ['colcon_meta']
[0.694s] Level 1:colcon.colcon_core.package_identification:_identify(src/magician_ros2/dobot_kinematics) by extension 'colcon_meta'
[0.694s] Level 1:colcon.colcon_core.package_identification:_identify(src/magician_ros2/dobot_kinematics) by extensions ['ros']
[0.694s] Level 1:colcon.colcon_core.package_identification:_identify(src/magician_ros2/dobot_kinematics) by extension 'ros'
[0.695s] DEBUG:colcon.colcon_core.package_identification:Package 'src/magician_ros2/dobot_kinematics' with type 'ros.ament_python' and name 'dobot_kinematics'
[0.695s] Level 1:colcon.colcon_core.package_identification:_identify(src/magician_ros2/dobot_motion) by extensions ['ignore', 'ignore_ament_install']
[0.696s] Level 1:colcon.colcon_core.package_identification:_identify(src/magician_ros2/dobot_motion) by extension 'ignore'
[0.696s] Level 1:colcon.colcon_core.package_identification:_identify(src/magician_ros2/dobot_motion) by extension 'ignore_ament_install'
[0.696s] Level 1:colcon.colcon_core.package_identification:_identify(src/magician_ros2/dobot_motion) by extensions ['colcon_pkg']
[0.696s] Level 1:colcon.colcon_core.package_identification:_identify(src/magician_ros2/dobot_motion) by extension 'colcon_pkg'
[0.696s] Level 1:colcon.colcon_core.package_identification:_identify(src/magician_ros2/dobot_motion) by extensions ['colcon_meta']
[0.696s] Level 1:colcon.colcon_core.package_identification:_identify(src/magician_ros2/dobot_motion) by extension 'colcon_meta'
[0.696s] Level 1:colcon.colcon_core.package_identification:_identify(src/magician_ros2/dobot_motion) by extensions ['ros']
[0.696s] Level 1:colcon.colcon_core.package_identification:_identify(src/magician_ros2/dobot_motion) by extension 'ros'
[0.697s] DEBUG:colcon.colcon_core.package_identification:Package 'src/magician_ros2/dobot_motion' with type 'ros.ament_python' and name 'dobot_motion'
[0.698s] Level 1:colcon.colcon_core.package_identification:_identify(src/magician_ros2/dobot_msgs) by extensions ['ignore', 'ignore_ament_install']
[0.698s] Level 1:colcon.colcon_core.package_identification:_identify(src/magician_ros2/dobot_msgs) by extension 'ignore'
[0.698s] Level 1:colcon.colcon_core.package_identification:_identify(src/magician_ros2/dobot_msgs) by extension 'ignore_ament_install'
[0.698s] Level 1:colcon.colcon_core.package_identification:_identify(src/magician_ros2/dobot_msgs) by extensions ['colcon_pkg']
[0.698s] Level 1:colcon.colcon_core.package_identification:_identify(src/magician_ros2/dobot_msgs) by extension 'colcon_pkg'
[0.698s] Level 1:colcon.colcon_core.package_identification:_identify(src/magician_ros2/dobot_msgs) by extensions ['colcon_meta']
[0.698s] Level 1:colcon.colcon_core.package_identification:_identify(src/magician_ros2/dobot_msgs) by extension 'colcon_meta'
[0.698s] Level 1:colcon.colcon_core.package_identification:_identify(src/magician_ros2/dobot_msgs) by extensions ['ros']
[0.698s] Level 1:colcon.colcon_core.package_identification:_identify(src/magician_ros2/dobot_msgs) by extension 'ros'
[0.700s] DEBUG:colcon.colcon_core.package_identification:Package 'src/magician_ros2/dobot_msgs' with type 'ros.ament_cmake' and name 'dobot_msgs'
[0.700s] Level 1:colcon.colcon_core.package_identification:_identify(src/magician_ros2/dobot_object_vision) by extensions ['ignore', 'ignore_ament_install']
[0.700s] Level 1:colcon.colcon_core.package_identification:_identify(src/magician_ros2/dobot_object_vision) by extension 'ignore'
[0.700s] Level 1:colcon.colcon_core.package_identification:_identify(src/magician_ros2/dobot_object_vision) by extension 'ignore_ament_install'
[0.700s] Level 1:colcon.colcon_core.package_identification:_identify(src/magician_ros2/dobot_object_vision) by extensions ['colcon_pkg']
[0.700s] Level 1:colcon.colcon_core.package_identification:_identify(src/magician_ros2/dobot_object_vision) by extension 'colcon_pkg'
[0.700s] Level 1:colcon.colcon_core.package_identification:_identify(src/magician_ros2/dobot_object_vision) by extensions ['colcon_meta']
[0.700s] Level 1:colcon.colcon_core.package_identification:_identify(src/magician_ros2/dobot_object_vision) by extension 'colcon_meta'
[0.700s] Level 1:colcon.colcon_core.package_identification:_identify(src/magician_ros2/dobot_object_vision) by extensions ['ros']
[0.701s] Level 1:colcon.colcon_core.package_identification:_identify(src/magician_ros2/dobot_object_vision) by extension 'ros'
[0.701s] DEBUG:colcon.colcon_core.package_identification:Package 'src/magician_ros2/dobot_object_vision' with type 'ros.ament_python' and name 'dobot_object_vision'
[0.702s] Level 1:colcon.colcon_core.package_identification:_identify(src/magician_ros2/dobot_state_updater) by extensions ['ignore', 'ignore_ament_install']
[0.702s] Level 1:colcon.colcon_core.package_identification:_identify(src/magician_ros2/dobot_state_updater) by extension 'ignore'
[0.702s] Level 1:colcon.colcon_core.package_identification:_identify(src/magician_ros2/dobot_state_updater) by extension 'ignore_ament_install'
[0.702s] Level 1:colcon.colcon_core.package_identification:_identify(src/magician_ros2/dobot_state_updater) by extensions ['colcon_pkg']
[0.702s] Level 1:colcon.colcon_core.package_identification:_identify(src/magician_ros2/dobot_state_updater) by extension 'colcon_pkg'
[0.702s] Level 1:colcon.colcon_core.package_identification:_identify(src/magician_ros2/dobot_state_updater) by extensions ['colcon_meta']
[0.702s] Level 1:colcon.colcon_core.package_identification:_identify(src/magician_ros2/dobot_state_updater) by extension 'colcon_meta'
[0.702s] Level 1:colcon.colcon_core.package_identification:_identify(src/magician_ros2/dobot_state_updater) by extensions ['ros']
[0.702s] Level 1:colcon.colcon_core.package_identification:_identify(src/magician_ros2/dobot_state_updater) by extension 'ros'
[0.704s] DEBUG:colcon.colcon_core.package_identification:Package 'src/magician_ros2/dobot_state_updater' with type 'ros.ament_python' and name 'dobot_state_updater'
[0.704s] Level 1:colcon.colcon_core.package_identification:_identify(src/magician_ros2/dobot_vision_rgbd) by extensions ['ignore', 'ignore_ament_install']
[0.704s] Level 1:colcon.colcon_core.package_identification:_identify(src/magician_ros2/dobot_vision_rgbd) by extension 'ignore'
[0.704s] Level 1:colcon.colcon_core.package_identification:_identify(src/magician_ros2/dobot_vision_rgbd) by extension 'ignore_ament_install'
[0.704s] Level 1:colcon.colcon_core.package_identification:_identify(src/magician_ros2/dobot_vision_rgbd) by extensions ['colcon_pkg']
[0.704s] Level 1:colcon.colcon_core.package_identification:_identify(src/magician_ros2/dobot_vision_rgbd) by extension 'colcon_pkg'
[0.704s] Level 1:colcon.colcon_core.package_identification:_identify(src/magician_ros2/dobot_vision_rgbd) by extensions ['colcon_meta']
[0.704s] Level 1:colcon.colcon_core.package_identification:_identify(src/magician_ros2/dobot_vision_rgbd) by extension 'colcon_meta'
[0.705s] Level 1:colcon.colcon_core.package_identification:_identify(src/magician_ros2/dobot_vision_rgbd) by extensions ['ros']
[0.705s] Level 1:colcon.colcon_core.package_identification:_identify(src/magician_ros2/dobot_vision_rgbd) by extension 'ros'
[0.706s] DEBUG:colcon.colcon_core.package_identification:Package 'src/magician_ros2/dobot_vision_rgbd' with type 'ros.ament_python' and name 'dobot_vision_rgbd'
[0.706s] Level 1:colcon.colcon_core.package_identification:_identify(src/magician_ros2/dobot_vision_yolo) by extensions ['ignore', 'ignore_ament_install']
[0.706s] Level 1:colcon.colcon_core.package_identification:_identify(src/magician_ros2/dobot_vision_yolo) by extension 'ignore'
[0.706s] Level 1:colcon.colcon_core.package_identification:_identify(src/magician_ros2/dobot_vision_yolo) by extension 'ignore_ament_install'
[0.707s] Level 1:colcon.colcon_core.package_identification:_identify(src/magician_ros2/dobot_vision_yolo) by extensions ['colcon_pkg']
[0.707s] Level 1:colcon.colcon_core.package_identification:_identify(src/magician_ros2/dobot_vision_yolo) by extension 'colcon_pkg'
[0.707s] Level 1:colcon.colcon_core.package_identification:_identify(src/magician_ros2/dobot_vision_yolo) by extensions ['colcon_meta']
[0.707s] Level 1:colcon.colcon_core.package_identification:_identify(src/magician_ros2/dobot_vision_yolo) by extension 'colcon_meta'
[0.707s] Level 1:colcon.colcon_core.package_identification:_identify(src/magician_ros2/dobot_vision_yolo) by extensions ['ros']
[0.707s] Level 1:colcon.colcon_core.package_identification:_identify(src/magician_ros2/dobot_vision_yolo) by extension 'ros'
[0.708s] DEBUG:colcon.colcon_core.package_identification:Package 'src/magician_ros2/dobot_vision_yolo' with type 'ros.ament_python' and name 'dobot_vision_yolo'
[0.709s] Level 1:colcon.colcon_core.package_identification:_identify(src/magician_ros2/dobot_visualization_tools) by extensions ['ignore', 'ignore_ament_install']
[0.709s] Level 1:colcon.colcon_core.package_identification:_identify(src/magician_ros2/dobot_visualization_tools) by extension 'ignore'
[0.709s] Level 1:colcon.colcon_core.package_identification:_identify(src/magician_ros2/dobot_visualization_tools) by extension 'ignore_ament_install'
[0.709s] Level 1:colcon.colcon_core.package_identification:_identify(src/magician_ros2/dobot_visualization_tools) by extensions ['colcon_pkg']
[0.709s] Level 1:colcon.colcon_core.package_identification:_identify(src/magician_ros2/dobot_visualization_tools) by extension 'colcon_pkg'
[0.709s] Level 1:colcon.colcon_core.package_identification:_identify(src/magician_ros2/dobot_visualization_tools) by extensions ['colcon_meta']
[0.709s] Level 1:colcon.colcon_core.package_identification:_identify(src/magician_ros2/dobot_visualization_tools) by extension 'colcon_meta'
[0.709s] Level 1:colcon.colcon_core.package_identification:_identify(src/magician_ros2/dobot_visualization_tools) by extensions ['ros']
[0.709s] Level 1:colcon.colcon_core.package_identification:_identify(src/magician_ros2/dobot_visualization_tools) by extension 'ros'
[0.710s] DEBUG:colcon.colcon_core.package_identification:Package 'src/magician_ros2/dobot_visualization_tools' with type 'ros.ament_python' and name 'dobot_visualization_tools'
[0.710s] Level 1:colcon.colcon_core.package_identification:_identify(src/magician_ros2/dobot_web_interface) by extensions ['ignore', 'ignore_ament_install']
[0.711s] Level 1:colcon.colcon_core.package_identification:_identify(src/magician_ros2/dobot_web_interface) by extension 'ignore'
[0.711s] Level 1:colcon.colcon_core.package_identification:_identify(src/magician_ros2/dobot_web_interface) by extension 'ignore_ament_install'
[0.711s] Level 1:colcon.colcon_core.package_identification:_identify(src/magician_ros2/dobot_web_interface) by extensions ['colcon_pkg']
[0.711s] Level 1:colcon.colcon_core.package_identification:_identify(src/magician_ros2/dobot_web_interface) by extension 'colcon_pkg'
[0.711s] Level 1:colcon.colcon_core.package_identification:_identify(src/magician_ros2/dobot_web_interface) by extensions ['colcon_meta']
[0.711s] Level 1:colcon.colcon_core.package_identification:_identify(src/magician_ros2/dobot_web_interface) by extension 'colcon_meta'
[0.711s] Level 1:colcon.colcon_core.package_identification:_identify(src/magician_ros2/dobot_web_interface) by extensions ['ros']
[0.711s] Level 1:colcon.colcon_core.package_identification:_identify(src/magician_ros2/dobot_web_interface) by extension 'ros'
[0.713s] DEBUG:colcon.colcon_core.package_identification:Package 'src/magician_ros2/dobot_web_interface' with type 'ros.ament_python' and name 'dobot_web_interface'
[0.713s] Level 1:colcon.colcon_core.package_identification:_identify(systemd) by extensions ['ignore', 'ignore_ament_install']
[0.713s] Level 1:colcon.colcon_core.package_identification:_identify(systemd) by extension 'ignore'
[0.713s] Level 1:colcon.colcon_core.package_identification:_identify(systemd) by extension 'ignore_ament_install'
[0.713s] Level 1:colcon.colcon_core.package_identification:_identify(systemd) by extensions ['colcon_pkg']
[0.713s] Level 1:colcon.colcon_core.package_identification:_identify(systemd) by extension 'colcon_pkg'
[0.713s] Level 1:colcon.colcon_core.package_identification:_identify(systemd) by extensions ['colcon_meta']
[0.714s] Level 1:colcon.colcon_core.package_identification:_identify(systemd) by extension 'colcon_meta'
[0.714s] Level 1:colcon.colcon_core.package_identification:_identify(systemd) by extensions ['ros']
[0.714s] Level 1:colcon.colcon_core.package_identification:_identify(systemd) by extension 'ros'
[0.714s] Level 1:colcon.colcon_core.package_identification:_identify(systemd) by extensions ['cmake', 'python']
[0.714s] Level 1:colcon.colcon_core.package_identification:_identify(systemd) by extension 'cmake'
[0.714s] Level 1:colcon.colcon_core.package_identification:_identify(systemd) by extension 'python'
[0.714s] Level 1:colcon.colcon_core.package_identification:_identify(systemd) by extensions ['python_setup_py']
[0.714s] Level 1:colcon.colcon_core.package_identification:_identify(systemd) by extension 'python_setup_py'
[0.714s] Level 1:colcon.colcon_core.package_discovery:discover_packages(recursive) using defaults
[0.714s] Level 1:colcon.colcon_core.package_discovery:discover_packages(ignore) discover
[0.714s] Level 1:colcon.colcon_core.package_discovery:discover_packages(ignore) using defaults
[0.714s] Level 1:colcon.colcon_core.package_discovery:discover_packages(path) discover
[0.714s] Level 1:colcon.colcon_core.package_discovery:discover_packages(path) using defaults
[0.775s] Level 1:colcon.colcon_core.package_discovery:discover_packages(prefix_path) check parameters
[0.775s] Level 1:colcon.colcon_core.package_discovery:discover_packages(prefix_path) discover
[0.786s] DEBUG:colcon.colcon_installed_package_information.package_discovery:Found 20 installed packages in /home/bbcontact/magician_ros2/install
[0.791s] DEBUG:colcon.colcon_installed_package_information.package_discovery:Found 396 installed packages in /opt/ros/jazzy
[0.793s] Level 1:colcon.colcon_core.package_discovery:discover_packages(prefix_path) using defaults
[0.933s] Level 5:colcon.colcon_core.verb:set package 'dobot_description' build argument 'cmake_args' from command line to 'None'
[0.933s] Level 5:colcon.colcon_core.verb:set package 'dobot_description' build argument 'cmake_target' from command line to 'None'
[0.933s] Level 5:colcon.colcon_core.verb:set package 'dobot_description' build argument 'cmake_target_skip_unavailable' from command line to 'False'
[0.933s] Level 5:colcon.colcon_core.verb:set package 'dobot_description' build argument 'cmake_clean_cache' from command line to 'False'
[0.933s] Level 5:colcon.colcon_core.verb:set package 'dobot_description' build argument 'cmake_clean_first' from command line to 'False'
[0.933s] Level 5:colcon.colcon_core.verb:set package 'dobot_description' build argument 'cmake_force_configure' from command line to 'False'
[0.933s] Level 5:colcon.colcon_core.verb:set package 'dobot_description' build argument 'ament_cmake_args' from command line to 'None'
[0.933s] Level 5:colcon.colcon_core.verb:set package 'dobot_description' build argument 'catkin_cmake_args' from command line to 'None'
[0.933s] Level 5:colcon.colcon_core.verb:set package 'dobot_description' build argument 'catkin_skip_building_tests' from command line to 'False'
[0.933s] DEBUG:colcon.colcon_core.verb:Building package 'dobot_description' with the following arguments: {'ament_cmake_args': None, 'build_base': '/home/bbcontact/magician_ros2/build/dobot_description', 'catkin_cmake_args': None, 'catkin_skip_building_tests': False, 'cmake_args': None, 'cmake_clean_cache': False, 'cmake_clean_first': False, 'cmake_force_configure': False, 'cmake_target': None, 'cmake_target_skip_unavailable': False, 'install_base': '/home/bbcontact/magician_ros2/install/dobot_description', 'merge_install': False, 'path': '/home/bbcontact/magician_ros2/src/magician_ros2/dobot_description', 'symlink_install': True, 'test_result_base': None}
[0.934s] Level 5:colcon.colcon_core.verb:set package 'dobot_driver' build argument 'cmake_args' from command line to 'None'
[0.934s] Level 5:colcon.colcon_core.verb:set package 'dobot_driver' build argument 'cmake_target' from command line to 'None'
[0.934s] Level 5:colcon.colcon_core.verb:set package 'dobot_driver' build argument 'cmake_target_skip_unavailable' from command line to 'False'
[0.934s] Level 5:colcon.colcon_core.verb:set package 'dobot_driver' build argument 'cmake_clean_cache' from command line to 'False'
[0.934s] Level 5:colcon.colcon_core.verb:set package 'dobot_driver' build argument 'cmake_clean_first' from command line to 'False'
[0.934s] Level 5:colcon.colcon_core.verb:set package 'dobot_driver' build argument 'cmake_force_configure' from command line to 'False'
[0.934s] Level 5:colcon.colcon_core.verb:set package 'dobot_driver' build argument 'ament_cmake_args' from command line to 'None'
[0.934s] Level 5:colcon.colcon_core.verb:set package 'dobot_driver' build argument 'catkin_cmake_args' from command line to 'None'
[0.934s] Level 5:colcon.colcon_core.verb:set package 'dobot_driver' build argument 'catkin_skip_building_tests' from command line to 'False'
[0.934s] DEBUG:colcon.colcon_core.verb:Building package 'dobot_driver' with the following arguments: {'ament_cmake_args': None, 'build_base': '/home/bbcontact/magician_ros2/build/dobot_driver', 'catkin_cmake_args': None, 'catkin_skip_building_tests': False, 'cmake_args': None, 'cmake_clean_cache': False, 'cmake_clean_first': False, 'cmake_force_configure': False, 'cmake_target': None, 'cmake_target_skip_unavailable': False, 'install_base': '/home/bbcontact/magician_ros2/install/dobot_driver', 'merge_install': False, 'path': '/home/bbcontact/magician_ros2/src/magician_ros2/dobot_driver', 'symlink_install': True, 'test_result_base': None}
[0.935s] Level 5:colcon.colcon_core.verb:set package 'dobot_msgs' build argument 'cmake_args' from command line to 'None'
[0.935s] Level 5:colcon.colcon_core.verb:set package 'dobot_msgs' build argument 'cmake_target' from command line to 'None'
[0.935s] Level 5:colcon.colcon_core.verb:set package 'dobot_msgs' build argument 'cmake_target_skip_unavailable' from command line to 'False'
[0.935s] Level 5:colcon.colcon_core.verb:set package 'dobot_msgs' build argument 'cmake_clean_cache' from command line to 'False'
[0.935s] Level 5:colcon.colcon_core.verb:set package 'dobot_msgs' build argument 'cmake_clean_first' from command line to 'False'
[0.935s] Level 5:colcon.colcon_core.verb:set package 'dobot_msgs' build argument 'cmake_force_configure' from command line to 'False'
[0.935s] Level 5:colcon.colcon_core.verb:set package 'dobot_msgs' build argument 'ament_cmake_args' from command line to 'None'
[0.935s] Level 5:colcon.colcon_core.verb:set package 'dobot_msgs' build argument 'catkin_cmake_args' from command line to 'None'
[0.935s] Level 5:colcon.colcon_core.verb:set package 'dobot_msgs' build argument 'catkin_skip_building_tests' from command line to 'False'
[0.935s] DEBUG:colcon.colcon_core.verb:Building package 'dobot_msgs' with the following arguments: {'ament_cmake_args': None, 'build_base': '/home/bbcontact/magician_ros2/build/dobot_msgs', 'catkin_cmake_args': None, 'catkin_skip_building_tests': False, 'cmake_args': None, 'cmake_clean_cache': False, 'cmake_clean_first': False, 'cmake_force_configure': False, 'cmake_target': None, 'cmake_target_skip_unavailable': False, 'install_base': '/home/bbcontact/magician_ros2/install/dobot_msgs', 'merge_install': False, 'path': '/home/bbcontact/magician_ros2/src/magician_ros2/dobot_msgs', 'symlink_install': True, 'test_result_base': None}
[0.936s] Level 5:colcon.colcon_core.verb:set package 'dobot_vision_yolo' build argument 'cmake_args' from command line to 'None'
[0.936s] Level 5:colcon.colcon_core.verb:set package 'dobot_vision_yolo' build argument 'cmake_target' from command line to 'None'
[0.936s] Level 5:colcon.colcon_core.verb:set package 'dobot_vision_yolo' build argument 'cmake_target_skip_unavailable' from command line to 'False'
[0.936s] Level 5:colcon.colcon_core.verb:set package 'dobot_vision_yolo' build argument 'cmake_clean_cache' from command line to 'False'
[0.936s] Level 5:colcon.colcon_core.verb:set package 'dobot_vision_yolo' build argument 'cmake_clean_first' from command line to 'False'
[0.936s] Level 5:colcon.colcon_core.verb:set package 'dobot_vision_yolo' build argument 'cmake_force_configure' from command line to 'False'
[0.936s] Level 5:colcon.colcon_core.verb:set package 'dobot_vision_yolo' build argument 'ament_cmake_args' from command line to 'None'
[0.936s] Level 5:colcon.colcon_core.verb:set package 'dobot_vision_yolo' build argument 'catkin_cmake_args' from command line to 'None'
[0.936s] Level 5:colcon.colcon_core.verb:set package 'dobot_vision_yolo' build argument 'catkin_skip_building_tests' from command line to 'False'
[0.936s] DEBUG:colcon.colcon_core.verb:Building package 'dobot_vision_yolo' with the following arguments: {'ament_cmake_args': None, 'build_base': '/home/bbcontact/magician_ros2/build/dobot_vision_yolo', 'catkin_cmake_args': None, 'catkin_skip_building_tests': False, 'cmake_args': None, 'cmake_clean_cache': False, 'cmake_clean_first': False, 'cmake_force_configure': False, 'cmake_target': None, 'cmake_target_skip_unavailable': False, 'install_base': '/home/bbcontact/magician_ros2/install/dobot_vision_yolo', 'merge_install': False, 'path': '/home/bbcontact/magician_ros2/src/magician_ros2/dobot_vision_yolo', 'symlink_install': True, 'test_result_base': None}
[0.937s] Level 5:colcon.colcon_core.verb:set package 'dobot_visualization_tools' build argument 'cmake_args' from command line to 'None'
[0.937s] Level 5:colcon.colcon_core.verb:set package 'dobot_visualization_tools' build argument 'cmake_target' from command line to 'None'
[0.937s] Level 5:colcon.colcon_core.verb:set package 'dobot_visualization_tools' build argument 'cmake_target_skip_unavailable' from command line to 'False'
[0.937s] Level 5:colcon.colcon_core.verb:set package 'dobot_visualization_tools' build argument 'cmake_clean_cache' from command line to 'False'
[0.937s] Level 5:colcon.colcon_core.verb:set package 'dobot_visualization_tools' build argument 'cmake_clean_first' from command line to 'False'
[0.937s] Level 5:colcon.colcon_core.verb:set package 'dobot_visualization_tools' build argument 'cmake_force_configure' from command line to 'False'
[0.937s] Level 5:colcon.colcon_core.verb:set package 'dobot_visualization_tools' build argument 'ament_cmake_args' from command line to 'None'
[0.937s] Level 5:colcon.colcon_core.verb:set package 'dobot_visualization_tools' build argument 'catkin_cmake_args' from command line to 'None'
[0.938s] Level 5:colcon.colcon_core.verb:set package 'dobot_visualization_tools' build argument 'catkin_skip_building_tests' from command line to 'False'
[0.938s] DEBUG:colcon.colcon_core.verb:Building package 'dobot_visualization_tools' with the following arguments: {'ament_cmake_args': None, 'build_base': '/home/bbcontact/magician_ros2/build/dobot_visualization_tools', 'catkin_cmake_args': None, 'catkin_skip_building_tests': False, 'cmake_args': None, 'cmake_clean_cache': False, 'cmake_clean_first': False, 'cmake_force_configure': False, 'cmake_target': None, 'cmake_target_skip_unavailable': False, 'install_base': '/home/bbcontact/magician_ros2/install/dobot_visualization_tools', 'merge_install': False, 'path': '/home/bbcontact/magician_ros2/src/magician_ros2/dobot_visualization_tools', 'symlink_install': True, 'test_result_base': None}
[0.938s] Level 5:colcon.colcon_core.verb:set package 'orbbec_camera_msgs' build argument 'cmake_args' from command line to 'None'
[0.938s] Level 5:colcon.colcon_core.verb:set package 'orbbec_camera_msgs' build argument 'cmake_target' from command line to 'None'
[0.938s] Level 5:colcon.colcon_core.verb:set package 'orbbec_camera_msgs' build argument 'cmake_target_skip_unavailable' from command line to 'False'
[0.938s] Level 5:colcon.colcon_core.verb:set package 'orbbec_camera_msgs' build argument 'cmake_clean_cache' from command line to 'False'
[0.938s] Level 5:colcon.colcon_core.verb:set package 'orbbec_camera_msgs' build argument 'cmake_clean_first' from command line to 'False'
[0.938s] Level 5:colcon.colcon_core.verb:set package 'orbbec_camera_msgs' build argument 'cmake_force_configure' from command line to 'False'
[0.938s] Level 5:colcon.colcon_core.verb:set package 'orbbec_camera_msgs' build argument 'ament_cmake_args' from command line to 'None'
[0.939s] Level 5:colcon.colcon_core.verb:set package 'orbbec_camera_msgs' build argument 'catkin_cmake_args' from command line to 'None'
[0.939s] Level 5:colcon.colcon_core.verb:set package 'orbbec_camera_msgs' build argument 'catkin_skip_building_tests' from command line to 'False'
[0.939s] DEBUG:colcon.colcon_core.verb:Building package 'orbbec_camera_msgs' with the following arguments: {'ament_cmake_args': None, 'build_base': '/home/bbcontact/magician_ros2/build/orbbec_camera_msgs', 'catkin_cmake_args': None, 'catkin_skip_building_tests': False, 'cmake_args': None, 'cmake_clean_cache': False, 'cmake_clean_first': False, 'cmake_force_configure': False, 'cmake_target': None, 'cmake_target_skip_unavailable': False, 'install_base': '/home/bbcontact/magician_ros2/install/orbbec_camera_msgs', 'merge_install': False, 'path': '/home/bbcontact/magician_ros2/src/OrbbecSDK_ROS2/orbbec_camera_msgs', 'symlink_install': True, 'test_result_base': None}
[0.939s] Level 5:colcon.colcon_core.verb:set package 'orbbec_description' build argument 'cmake_args' from command line to 'None'
[0.939s] Level 5:colcon.colcon_core.verb:set package 'orbbec_description' build argument 'cmake_target' from command line to 'None'
[0.939s] Level 5:colcon.colcon_core.verb:set package 'orbbec_description' build argument 'cmake_target_skip_unavailable' from command line to 'False'
[0.939s] Level 5:colcon.colcon_core.verb:set package 'orbbec_description' build argument 'cmake_clean_cache' from command line to 'False'
[0.939s] Level 5:colcon.colcon_core.verb:set package 'orbbec_description' build argument 'cmake_clean_first' from command line to 'False'
[0.939s] Level 5:colcon.colcon_core.verb:set package 'orbbec_description' build argument 'cmake_force_configure' from command line to 'False'
[0.940s] Level 5:colcon.colcon_core.verb:set package 'orbbec_description' build argument 'ament_cmake_args' from command line to 'None'
[0.940s] Level 5:colcon.colcon_core.verb:set package 'orbbec_description' build argument 'catkin_cmake_args' from command line to 'None'
[0.940s] Level 5:colcon.colcon_core.verb:set package 'orbbec_description' build argument 'catkin_skip_building_tests' from command line to 'False'
[0.940s] DEBUG:colcon.colcon_core.verb:Building package 'orbbec_description' with the following arguments: {'ament_cmake_args': None, 'build_base': '/home/bbcontact/magician_ros2/build/orbbec_description', 'catkin_cmake_args': None, 'catkin_skip_building_tests': False, 'cmake_args': None, 'cmake_clean_cache': False, 'cmake_clean_first': False, 'cmake_force_configure': False, 'cmake_target': None, 'cmake_target_skip_unavailable': False, 'install_base': '/home/bbcontact/magician_ros2/install/orbbec_description', 'merge_install': False, 'path': '/home/bbcontact/magician_ros2/src/OrbbecSDK_ROS2/orbbec_description', 'symlink_install': True, 'test_result_base': None}
[0.940s] Level 5:colcon.colcon_core.verb:set package 'dobot_calibration' build argument 'cmake_args' from command line to 'None'
[0.940s] Level 5:colcon.colcon_core.verb:set package 'dobot_calibration' build argument 'cmake_target' from command line to 'None'
[0.940s] Level 5:colcon.colcon_core.verb:set package 'dobot_calibration' build argument 'cmake_target_skip_unavailable' from command line to 'False'
[0.940s] Level 5:colcon.colcon_core.verb:set package 'dobot_calibration' build argument 'cmake_clean_cache' from command line to 'False'
[0.940s] Level 5:colcon.colcon_core.verb:set package 'dobot_calibration' build argument 'cmake_clean_first' from command line to 'False'
[0.940s] Level 5:colcon.colcon_core.verb:set package 'dobot_calibration' build argument 'cmake_force_configure' from command line to 'False'
[0.940s] Level 5:colcon.colcon_core.verb:set package 'dobot_calibration' build argument 'ament_cmake_args' from command line to 'None'
[0.941s] Level 5:colcon.colcon_core.verb:set package 'dobot_calibration' build argument 'catkin_cmake_args' from command line to 'None'
[0.941s] Level 5:colcon.colcon_core.verb:set package 'dobot_calibration' build argument 'catkin_skip_building_tests' from command line to 'False'
[0.941s] DEBUG:colcon.colcon_core.verb:Building package 'dobot_calibration' with the following arguments: {'ament_cmake_args': None, 'build_base': '/home/bbcontact/magician_ros2/build/dobot_calibration', 'catkin_cmake_args': None, 'catkin_skip_building_tests': False, 'cmake_args': None, 'cmake_clean_cache': False, 'cmake_clean_first': False, 'cmake_force_configure': False, 'cmake_target': None, 'cmake_target_skip_unavailable': False, 'install_base': '/home/bbcontact/magician_ros2/install/dobot_calibration', 'merge_install': False, 'path': '/home/bbcontact/magician_ros2/src/magician_ros2/dobot_calibration', 'symlink_install': True, 'test_result_base': None}
[0.941s] Level 5:colcon.colcon_core.verb:set package 'dobot_control_panel' build argument 'cmake_args' from command line to 'None'
[0.941s] Level 5:colcon.colcon_core.verb:set package 'dobot_control_panel' build argument 'cmake_target' from command line to 'None'
[0.941s] Level 5:colcon.colcon_core.verb:set package 'dobot_control_panel' build argument 'cmake_target_skip_unavailable' from command line to 'False'
[0.941s] Level 5:colcon.colcon_core.verb:set package 'dobot_control_panel' build argument 'cmake_clean_cache' from command line to 'False'
[0.941s] Level 5:colcon.colcon_core.verb:set package 'dobot_control_panel' build argument 'cmake_clean_first' from command line to 'False'
[0.942s] Level 5:colcon.colcon_core.verb:set package 'dobot_control_panel' build argument 'cmake_force_configure' from command line to 'False'
[0.942s] Level 5:colcon.colcon_core.verb:set package 'dobot_control_panel' build argument 'ament_cmake_args' from command line to 'None'
[0.942s] Level 5:colcon.colcon_core.verb:set package 'dobot_control_panel' build argument 'catkin_cmake_args' from command line to 'None'
[0.942s] Level 5:colcon.colcon_core.verb:set package 'dobot_control_panel' build argument 'catkin_skip_building_tests' from command line to 'False'
[0.942s] DEBUG:colcon.colcon_core.verb:Building package 'dobot_control_panel' with the following arguments: {'ament_cmake_args': None, 'build_base': '/home/bbcontact/magician_ros2/build/dobot_control_panel', 'catkin_cmake_args': None, 'catkin_skip_building_tests': False, 'cmake_args': None, 'cmake_clean_cache': False, 'cmake_clean_first': False, 'cmake_force_configure': False, 'cmake_target': None, 'cmake_target_skip_unavailable': False, 'install_base': '/home/bbcontact/magician_ros2/install/dobot_control_panel', 'merge_install': False, 'path': '/home/bbcontact/magician_ros2/src/magician_ros2/dobot_control_panel', 'symlink_install': True, 'test_result_base': None}
[0.942s] Level 5:colcon.colcon_core.verb:set package 'dobot_diagnostics' build argument 'cmake_args' from command line to 'None'
[0.942s] Level 5:colcon.colcon_core.verb:set package 'dobot_diagnostics' build argument 'cmake_target' from command line to 'None'
[0.942s] Level 5:colcon.colcon_core.verb:set package 'dobot_diagnostics' build argument 'cmake_target_skip_unavailable' from command line to 'False'
[0.942s] Level 5:colcon.colcon_core.verb:set package 'dobot_diagnostics' build argument 'cmake_clean_cache' from command line to 'False'
[0.942s] Level 5:colcon.colcon_core.verb:set package 'dobot_diagnostics' build argument 'cmake_clean_first' from command line to 'False'
[0.943s] Level 5:colcon.colcon_core.verb:set package 'dobot_diagnostics' build argument 'cmake_force_configure' from command line to 'False'
[0.943s] Level 5:colcon.colcon_core.verb:set package 'dobot_diagnostics' build argument 'ament_cmake_args' from command line to 'None'
[0.943s] Level 5:colcon.colcon_core.verb:set package 'dobot_diagnostics' build argument 'catkin_cmake_args' from command line to 'None'
[0.943s] Level 5:colcon.colcon_core.verb:set package 'dobot_diagnostics' build argument 'catkin_skip_building_tests' from command line to 'False'
[0.943s] DEBUG:colcon.colcon_core.verb:Building package 'dobot_diagnostics' with the following arguments: {'ament_cmake_args': None, 'build_base': '/home/bbcontact/magician_ros2/build/dobot_diagnostics', 'catkin_cmake_args': None, 'catkin_skip_building_tests': False, 'cmake_args': None, 'cmake_clean_cache': False, 'cmake_clean_first': False, 'cmake_force_configure': False, 'cmake_target': None, 'cmake_target_skip_unavailable': False, 'install_base': '/home/bbcontact/magician_ros2/install/dobot_diagnostics', 'merge_install': False, 'path': '/home/bbcontact/magician_ros2/src/magician_ros2/dobot_diagnostics', 'symlink_install': True, 'test_result_base': None}
[0.943s] Level 5:colcon.colcon_core.verb:set package 'dobot_end_effector' build argument 'cmake_args' from command line to 'None'
[0.943s] Level 5:colcon.colcon_core.verb:set package 'dobot_end_effector' build argument 'cmake_target' from command line to 'None'
[0.944s] Level 5:colcon.colcon_core.verb:set package 'dobot_end_effector' build argument 'cmake_target_skip_unavailable' from command line to 'False'
[0.944s] Level 5:colcon.colcon_core.verb:set package 'dobot_end_effector' build argument 'cmake_clean_cache' from command line to 'False'
[0.944s] Level 5:colcon.colcon_core.verb:set package 'dobot_end_effector' build argument 'cmake_clean_first' from command line to 'False'
[0.944s] Level 5:colcon.colcon_core.verb:set package 'dobot_end_effector' build argument 'cmake_force_configure' from command line to 'False'
[0.944s] Level 5:colcon.colcon_core.verb:set package 'dobot_end_effector' build argument 'ament_cmake_args' from command line to 'None'
[0.944s] Level 5:colcon.colcon_core.verb:set package 'dobot_end_effector' build argument 'catkin_cmake_args' from command line to 'None'
[0.944s] Level 5:colcon.colcon_core.verb:set package 'dobot_end_effector' build argument 'catkin_skip_building_tests' from command line to 'False'
[0.944s] DEBUG:colcon.colcon_core.verb:Building package 'dobot_end_effector' with the following arguments: {'ament_cmake_args': None, 'build_base': '/home/bbcontact/magician_ros2/build/dobot_end_effector', 'catkin_cmake_args': None, 'catkin_skip_building_tests': False, 'cmake_args': None, 'cmake_clean_cache': False, 'cmake_clean_first': False, 'cmake_force_configure': False, 'cmake_target': None, 'cmake_target_skip_unavailable': False, 'install_base': '/home/bbcontact/magician_ros2/install/dobot_end_effector', 'merge_install': False, 'path': '/home/bbcontact/magician_ros2/src/magician_ros2/dobot_end_effector', 'symlink_install': True, 'test_result_base': None}
[0.944s] Level 5:colcon.colcon_core.verb:set package 'dobot_homing' build argument 'cmake_args' from command line to 'None'
[0.945s] Level 5:colcon.colcon_core.verb:set package 'dobot_homing' build argument 'cmake_target' from command line to 'None'
[0.945s] Level 5:colcon.colcon_core.verb:set package 'dobot_homing' build argument 'cmake_target_skip_unavailable' from command line to 'False'
[0.945s] Level 5:colcon.colcon_core.verb:set package 'dobot_homing' build argument 'cmake_clean_cache' from command line to 'False'
[0.945s] Level 5:colcon.colcon_core.verb:set package 'dobot_homing' build argument 'cmake_clean_first' from command line to 'False'
[0.945s] Level 5:colcon.colcon_core.verb:set package 'dobot_homing' build argument 'cmake_force_configure' from command line to 'False'
[0.945s] Level 5:colcon.colcon_core.verb:set package 'dobot_homing' build argument 'ament_cmake_args' from command line to 'None'
[0.945s] Level 5:colcon.colcon_core.verb:set package 'dobot_homing' build argument 'catkin_cmake_args' from command line to 'None'
[0.945s] Level 5:colcon.colcon_core.verb:set package 'dobot_homing' build argument 'catkin_skip_building_tests' from command line to 'False'
[0.945s] DEBUG:colcon.colcon_core.verb:Building package 'dobot_homing' with the following arguments: {'ament_cmake_args': None, 'build_base': '/home/bbcontact/magician_ros2/build/dobot_homing', 'catkin_cmake_args': None, 'catkin_skip_building_tests': False, 'cmake_args': None, 'cmake_clean_cache': False, 'cmake_clean_first': False, 'cmake_force_configure': False, 'cmake_target': None, 'cmake_target_skip_unavailable': False, 'install_base': '/home/bbcontact/magician_ros2/install/dobot_homing', 'merge_install': False, 'path': '/home/bbcontact/magician_ros2/src/magician_ros2/dobot_homing', 'symlink_install': True, 'test_result_base': None}
[0.946s] Level 5:colcon.colcon_core.verb:set package 'dobot_kinematics' build argument 'cmake_args' from command line to 'None'
[0.946s] Level 5:colcon.colcon_core.verb:set package 'dobot_kinematics' build argument 'cmake_target' from command line to 'None'
[0.946s] Level 5:colcon.colcon_core.verb:set package 'dobot_kinematics' build argument 'cmake_target_skip_unavailable' from command line to 'False'
[0.946s] Level 5:colcon.colcon_core.verb:set package 'dobot_kinematics' build argument 'cmake_clean_cache' from command line to 'False'
[0.946s] Level 5:colcon.colcon_core.verb:set package 'dobot_kinematics' build argument 'cmake_clean_first' from command line to 'False'
[0.946s] Level 5:colcon.colcon_core.verb:set package 'dobot_kinematics' build argument 'cmake_force_configure' from command line to 'False'
[0.946s] Level 5:colcon.colcon_core.verb:set package 'dobot_kinematics' build argument 'ament_cmake_args' from command line to 'None'
[0.946s] Level 5:colcon.colcon_core.verb:set package 'dobot_kinematics' build argument 'catkin_cmake_args' from command line to 'None'
[0.946s] Level 5:colcon.colcon_core.verb:set package 'dobot_kinematics' build argument 'catkin_skip_building_tests' from command line to 'False'
[0.946s] DEBUG:colcon.colcon_core.verb:Building package 'dobot_kinematics' with the following arguments: {'ament_cmake_args': None, 'build_base': '/home/bbcontact/magician_ros2/build/dobot_kinematics', 'catkin_cmake_args': None, 'catkin_skip_building_tests': False, 'cmake_args': None, 'cmake_clean_cache': False, 'cmake_clean_first': False, 'cmake_force_configure': False, 'cmake_target': None, 'cmake_target_skip_unavailable': False, 'install_base': '/home/bbcontact/magician_ros2/install/dobot_kinematics', 'merge_install': False, 'path': '/home/bbcontact/magician_ros2/src/magician_ros2/dobot_kinematics', 'symlink_install': True, 'test_result_base': None}
[0.947s] Level 5:colcon.colcon_core.verb:set package 'dobot_motion' build argument 'cmake_args' from command line to 'None'
[0.947s] Level 5:colcon.colcon_core.verb:set package 'dobot_motion' build argument 'cmake_target' from command line to 'None'
[0.947s] Level 5:colcon.colcon_core.verb:set package 'dobot_motion' build argument 'cmake_target_skip_unavailable' from command line to 'False'
[0.947s] Level 5:colcon.colcon_core.verb:set package 'dobot_motion' build argument 'cmake_clean_cache' from command line to 'False'
[0.947s] Level 5:colcon.colcon_core.verb:set package 'dobot_motion' build argument 'cmake_clean_first' from command line to 'False'
[0.947s] Level 5:colcon.colcon_core.verb:set package 'dobot_motion' build argument 'cmake_force_configure' from command line to 'False'
[0.947s] Level 5:colcon.colcon_core.verb:set package 'dobot_motion' build argument 'ament_cmake_args' from command line to 'None'
[0.947s] Level 5:colcon.colcon_core.verb:set package 'dobot_motion' build argument 'catkin_cmake_args' from command line to 'None'
[0.947s] Level 5:colcon.colcon_core.verb:set package 'dobot_motion' build argument 'catkin_skip_building_tests' from command line to 'False'
[0.947s] DEBUG:colcon.colcon_core.verb:Building package 'dobot_motion' with the following arguments: {'ament_cmake_args': None, 'build_base': '/home/bbcontact/magician_ros2/build/dobot_motion', 'catkin_cmake_args': None, 'catkin_skip_building_tests': False, 'cmake_args': None, 'cmake_clean_cache': False, 'cmake_clean_first': False, 'cmake_force_configure': False, 'cmake_target': None, 'cmake_target_skip_unavailable': False, 'install_base': '/home/bbcontact/magician_ros2/install/dobot_motion', 'merge_install': False, 'path': '/home/bbcontact/magician_ros2/src/magician_ros2/dobot_motion', 'symlink_install': True, 'test_result_base': None}
[0.948s] Level 5:colcon.colcon_core.verb:set package 'dobot_object_vision' build argument 'cmake_args' from command line to 'None'
[0.948s] Level 5:colcon.colcon_core.verb:set package 'dobot_object_vision' build argument 'cmake_target' from command line to 'None'
[0.948s] Level 5:colcon.colcon_core.verb:set package 'dobot_object_vision' build argument 'cmake_target_skip_unavailable' from command line to 'False'
[0.948s] Level 5:colcon.colcon_core.verb:set package 'dobot_object_vision' build argument 'cmake_clean_cache' from command line to 'False'
[0.948s] Level 5:colcon.colcon_core.verb:set package 'dobot_object_vision' build argument 'cmake_clean_first' from command line to 'False'
[0.948s] Level 5:colcon.colcon_core.verb:set package 'dobot_object_vision' build argument 'cmake_force_configure' from command line to 'False'
[0.948s] Level 5:colcon.colcon_core.verb:set package 'dobot_object_vision' build argument 'ament_cmake_args' from command line to 'None'
[0.948s] Level 5:colcon.colcon_core.verb:set package 'dobot_object_vision' build argument 'catkin_cmake_args' from command line to 'None'
[0.948s] Level 5:colcon.colcon_core.verb:set package 'dobot_object_vision' build argument 'catkin_skip_building_tests' from command line to 'False'
[0.948s] DEBUG:colcon.colcon_core.verb:Building package 'dobot_object_vision' with the following arguments: {'ament_cmake_args': None, 'build_base': '/home/bbcontact/magician_ros2/build/dobot_object_vision', 'catkin_cmake_args': None, 'catkin_skip_building_tests': False, 'cmake_args': None, 'cmake_clean_cache': False, 'cmake_clean_first': False, 'cmake_force_configure': False, 'cmake_target': None, 'cmake_target_skip_unavailable': False, 'install_base': '/home/bbcontact/magician_ros2/install/dobot_object_vision', 'merge_install': False, 'path': '/home/bbcontact/magician_ros2/src/magician_ros2/dobot_object_vision', 'symlink_install': True, 'test_result_base': None}
[0.949s] Level 5:colcon.colcon_core.verb:set package 'dobot_state_updater' build argument 'cmake_args' from command line to 'None'
[0.949s] Level 5:colcon.colcon_core.verb:set package 'dobot_state_updater' build argument 'cmake_target' from command line to 'None'
[0.949s] Level 5:colcon.colcon_core.verb:set package 'dobot_state_updater' build argument 'cmake_target_skip_unavailable' from command line to 'False'
[0.949s] Level 5:colcon.colcon_core.verb:set package 'dobot_state_updater' build argument 'cmake_clean_cache' from command line to 'False'
[0.949s] Level 5:colcon.colcon_core.verb:set package 'dobot_state_updater' build argument 'cmake_clean_first' from command line to 'False'
[0.949s] Level 5:colcon.colcon_core.verb:set package 'dobot_state_updater' build argument 'cmake_force_configure' from command line to 'False'
[0.949s] Level 5:colcon.colcon_core.verb:set package 'dobot_state_updater' build argument 'ament_cmake_args' from command line to 'None'
[0.949s] Level 5:colcon.colcon_core.verb:set package 'dobot_state_updater' build argument 'catkin_cmake_args' from command line to 'None'
[0.949s] Level 5:colcon.colcon_core.verb:set package 'dobot_state_updater' build argument 'catkin_skip_building_tests' from command line to 'False'
[0.949s] DEBUG:colcon.colcon_core.verb:Building package 'dobot_state_updater' with the following arguments: {'ament_cmake_args': None, 'build_base': '/home/bbcontact/magician_ros2/build/dobot_state_updater', 'catkin_cmake_args': None, 'catkin_skip_building_tests': False, 'cmake_args': None, 'cmake_clean_cache': False, 'cmake_clean_first': False, 'cmake_force_configure': False, 'cmake_target': None, 'cmake_target_skip_unavailable': False, 'install_base': '/home/bbcontact/magician_ros2/install/dobot_state_updater', 'merge_install': False, 'path': '/home/bbcontact/magician_ros2/src/magician_ros2/dobot_state_updater', 'symlink_install': True, 'test_result_base': None}
[0.950s] Level 5:colcon.colcon_core.verb:set package 'dobot_vision_rgbd' build argument 'cmake_args' from command line to 'None'
[0.950s] Level 5:colcon.colcon_core.verb:set package 'dobot_vision_rgbd' build argument 'cmake_target' from command line to 'None'
[0.950s] Level 5:colcon.colcon_core.verb:set package 'dobot_vision_rgbd' build argument 'cmake_target_skip_unavailable' from command line to 'False'
[0.950s] Level 5:colcon.colcon_core.verb:set package 'dobot_vision_rgbd' build argument 'cmake_clean_cache' from command line to 'False'
[0.950s] Level 5:colcon.colcon_core.verb:set package 'dobot_vision_rgbd' build argument 'cmake_clean_first' from command line to 'False'
[0.950s] Level 5:colcon.colcon_core.verb:set package 'dobot_vision_rgbd' build argument 'cmake_force_configure' from command line to 'False'
[0.950s] Level 5:colcon.colcon_core.verb:set package 'dobot_vision_rgbd' build argument 'ament_cmake_args' from command line to 'None'
[0.950s] Level 5:colcon.colcon_core.verb:set package 'dobot_vision_rgbd' build argument 'catkin_cmake_args' from command line to 'None'
[0.950s] Level 5:colcon.colcon_core.verb:set package 'dobot_vision_rgbd' build argument 'catkin_skip_building_tests' from command line to 'False'
[0.950s] DEBUG:colcon.colcon_core.verb:Building package 'dobot_vision_rgbd' with the following arguments: {'ament_cmake_args': None, 'build_base': '/home/bbcontact/magician_ros2/build/dobot_vision_rgbd', 'catkin_cmake_args': None, 'catkin_skip_building_tests': False, 'cmake_args': None, 'cmake_clean_cache': False, 'cmake_clean_first': False, 'cmake_force_configure': False, 'cmake_target': None, 'cmake_target_skip_unavailable': False, 'install_base': '/home/bbcontact/magician_ros2/install/dobot_vision_rgbd', 'merge_install': False, 'path': '/home/bbcontact/magician_ros2/src/magician_ros2/dobot_vision_rgbd', 'symlink_install': True, 'test_result_base': None}
[0.951s] Level 5:colcon.colcon_core.verb:set package 'orbbec_camera' build argument 'cmake_args' from command line to 'None'
[0.951s] Level 5:colcon.colcon_core.verb:overwrite package 'orbbec_camera' build argument 'cmake_args' from package metadata with '['-DOpenCV_DIR=/usr/lib/x86_64-linux-gnu/cmake/opencv4']' (before: 'None')
[0.951s] Level 5:colcon.colcon_core.verb:set package 'orbbec_camera' build argument 'cmake_target' from command line to 'None'
[0.951s] Level 5:colcon.colcon_core.verb:set package 'orbbec_camera' build argument 'cmake_target_skip_unavailable' from command line to 'False'
[0.951s] Level 5:colcon.colcon_core.verb:set package 'orbbec_camera' build argument 'cmake_clean_cache' from command line to 'False'
[0.951s] Level 5:colcon.colcon_core.verb:set package 'orbbec_camera' build argument 'cmake_clean_first' from command line to 'False'
[0.951s] Level 5:colcon.colcon_core.verb:set package 'orbbec_camera' build argument 'cmake_force_configure' from command line to 'False'
[0.951s] Level 5:colcon.colcon_core.verb:set package 'orbbec_camera' build argument 'ament_cmake_args' from command line to 'None'
[0.951s] Level 5:colcon.colcon_core.verb:set package 'orbbec_camera' build argument 'catkin_cmake_args' from command line to 'None'
[0.951s] Level 5:colcon.colcon_core.verb:set package 'orbbec_camera' build argument 'catkin_skip_building_tests' from command line to 'False'
[0.951s] DEBUG:colcon.colcon_core.verb:Building package 'orbbec_camera' with the following arguments: {'ament_cmake_args': None, 'build_base': '/home/bbcontact/magician_ros2/build/orbbec_camera', 'catkin_cmake_args': None, 'catkin_skip_building_tests': False, 'cmake_args': ['-DOpenCV_DIR=/usr/lib/x86_64-linux-gnu/cmake/opencv4'], 'cmake_clean_cache': False, 'cmake_clean_first': False, 'cmake_force_configure': False, 'cmake_target': None, 'cmake_target_skip_unavailable': False, 'install_base': '/home/bbcontact/magician_ros2/install/orbbec_camera', 'merge_install': False, 'path': '/home/bbcontact/magician_ros2/src/OrbbecSDK_ROS2/orbbec_camera', 'symlink_install': True, 'test_result_base': None}
[0.952s] Level 5:colcon.colcon_core.verb:set package 'dobot_bringup' build argument 'cmake_args' from command line to 'None'
[0.952s] Level 5:colcon.colcon_core.verb:set package 'dobot_bringup' build argument 'cmake_target' from command line to 'None'
[0.952s] Level 5:colcon.colcon_core.verb:set package 'dobot_bringup' build argument 'cmake_target_skip_unavailable' from command line to 'False'
[0.952s] Level 5:colcon.colcon_core.verb:set package 'dobot_bringup' build argument 'cmake_clean_cache' from command line to 'False'
[0.952s] Level 5:colcon.colcon_core.verb:set package 'dobot_bringup' build argument 'cmake_clean_first' from command line to 'False'
[0.952s] Level 5:colcon.colcon_core.verb:set package 'dobot_bringup' build argument 'cmake_force_configure' from command line to 'False'
[0.952s] Level 5:colcon.colcon_core.verb:set package 'dobot_bringup' build argument 'ament_cmake_args' from command line to 'None'
[0.952s] Level 5:colcon.colcon_core.verb:set package 'dobot_bringup' build argument 'catkin_cmake_args' from command line to 'None'
[0.952s] Level 5:colcon.colcon_core.verb:set package 'dobot_bringup' build argument 'catkin_skip_building_tests' from command line to 'False'
[0.953s] DEBUG:colcon.colcon_core.verb:Building package 'dobot_bringup' with the following arguments: {'ament_cmake_args': None, 'build_base': '/home/bbcontact/magician_ros2/build/dobot_bringup', 'catkin_cmake_args': None, 'catkin_skip_building_tests': False, 'cmake_args': None, 'cmake_clean_cache': False, 'cmake_clean_first': False, 'cmake_force_configure': False, 'cmake_target': None, 'cmake_target_skip_unavailable': False, 'install_base': '/home/bbcontact/magician_ros2/install/dobot_bringup', 'merge_install': False, 'path': '/home/bbcontact/magician_ros2/src/magician_ros2/dobot_bringup', 'symlink_install': True, 'test_result_base': None}
[0.953s] Level 5:colcon.colcon_core.verb:set package 'dobot_demos' build argument 'cmake_args' from command line to 'None'
[0.953s] Level 5:colcon.colcon_core.verb:set package 'dobot_demos' build argument 'cmake_target' from command line to 'None'
[0.953s] Level 5:colcon.colcon_core.verb:set package 'dobot_demos' build argument 'cmake_target_skip_unavailable' from command line to 'False'
[0.953s] Level 5:colcon.colcon_core.verb:set package 'dobot_demos' build argument 'cmake_clean_cache' from command line to 'False'
[0.953s] Level 5:colcon.colcon_core.verb:set package 'dobot_demos' build argument 'cmake_clean_first' from command line to 'False'
[0.953s] Level 5:colcon.colcon_core.verb:set package 'dobot_demos' build argument 'cmake_force_configure' from command line to 'False'
[0.953s] Level 5:colcon.colcon_core.verb:set package 'dobot_demos' build argument 'ament_cmake_args' from command line to 'None'
[0.953s] Level 5:colcon.colcon_core.verb:set package 'dobot_demos' build argument 'catkin_cmake_args' from command line to 'None'
[0.954s] Level 5:colcon.colcon_core.verb:set package 'dobot_demos' build argument 'catkin_skip_building_tests' from command line to 'False'
[0.954s] DEBUG:colcon.colcon_core.verb:Building package 'dobot_demos' with the following arguments: {'ament_cmake_args': None, 'build_base': '/home/bbcontact/magician_ros2/build/dobot_demos', 'catkin_cmake_args': None, 'catkin_skip_building_tests': False, 'cmake_args': None, 'cmake_clean_cache': False, 'cmake_clean_first': False, 'cmake_force_configure': False, 'cmake_target': None, 'cmake_target_skip_unavailable': False, 'install_base': '/home/bbcontact/magician_ros2/install/dobot_demos', 'merge_install': False, 'path': '/home/bbcontact/magician_ros2/src/magician_ros2/dobot_demos', 'symlink_install': True, 'test_result_base': None}
[0.954s] Level 5:colcon.colcon_core.verb:set package 'dobot_web_interface' build argument 'cmake_args' from command line to 'None'
[0.954s] Level 5:colcon.colcon_core.verb:set package 'dobot_web_interface' build argument 'cmake_target' from command line to 'None'
[0.954s] Level 5:colcon.colcon_core.verb:set package 'dobot_web_interface' build argument 'cmake_target_skip_unavailable' from command line to 'False'
[0.954s] Level 5:colcon.colcon_core.verb:set package 'dobot_web_interface' build argument 'cmake_clean_cache' from command line to 'False'
[0.954s] Level 5:colcon.colcon_core.verb:set package 'dobot_web_interface' build argument 'cmake_clean_first' from command line to 'False'
[0.954s] Level 5:colcon.colcon_core.verb:set package 'dobot_web_interface' build argument 'cmake_force_configure' from command line to 'False'
[0.954s] Level 5:colcon.colcon_core.verb:set package 'dobot_web_interface' build argument 'ament_cmake_args' from command line to 'None'
[0.954s] Level 5:colcon.colcon_core.verb:set package 'dobot_web_interface' build argument 'catkin_cmake_args' from command line to 'None'
[0.955s] Level 5:colcon.colcon_core.verb:set package 'dobot_web_interface' build argument 'catkin_skip_building_tests' from command line to 'False'
[0.955s] DEBUG:colcon.colcon_core.verb:Building package 'dobot_web_interface' with the following arguments: {'ament_cmake_args': None, 'build_base': '/home/bbcontact/magician_ros2/build/dobot_web_interface', 'catkin_cmake_args': None, 'catkin_skip_building_tests': False, 'cmake_args': None, 'cmake_clean_cache': False, 'cmake_clean_first': False, 'cmake_force_configure': False, 'cmake_target': None, 'cmake_target_skip_unavailable': False, 'install_base': '/home/bbcontact/magician_ros2/install/dobot_web_interface', 'merge_install': False, 'path': '/home/bbcontact/magician_ros2/src/magician_ros2/dobot_web_interface', 'symlink_install': True, 'test_result_base': None}
[0.955s] INFO:colcon.colcon_core.executor:Executing jobs using 'parallel' executor
[0.956s] DEBUG:colcon.colcon_parallel_executor.executor.parallel:run_until_complete
[0.957s] INFO:colcon.colcon_ros.task.ament_cmake.build:Building ROS package in '/home/bbcontact/magician_ros2/src/magician_ros2/dobot_msgs' with build type 'ament_cmake'
[0.957s] INFO:colcon.colcon_cmake.task.cmake.build:Building CMake package in '/home/bbcontact/magician_ros2/src/magician_ros2/dobot_msgs'
[0.972s] INFO:colcon.colcon_core.plugin_system:Skipping extension 'colcon_core.shell.bat': Not used on non-Windows systems
[0.972s] INFO:colcon.colcon_core.shell:Skip shell extension 'powershell' for command environment: Not usable outside of PowerShell
[0.972s] DEBUG:colcon.colcon_core.shell:Skip shell extension 'dsv' for command environment
[0.983s] INFO:colcon.colcon_ros.task.ament_cmake.build:Building ROS package in '/home/bbcontact/magician_ros2/src/magician_ros2/dobot_driver' with build type 'ament_cmake'
[0.983s] INFO:colcon.colcon_cmake.task.cmake.build:Building CMake package in '/home/bbcontact/magician_ros2/src/magician_ros2/dobot_driver'
[0.983s] INFO:colcon.colcon_core.shell:Skip shell extension 'powershell' for command environment: Not usable outside of PowerShell
[0.983s] DEBUG:colcon.colcon_core.shell:Skip shell extension 'dsv' for command environment
[0.993s] INFO:colcon.colcon_ros.task.ament_cmake.build:Building ROS package in '/home/bbcontact/magician_ros2/src/magician_ros2/dobot_description' with build type 'ament_cmake'
[0.993s] INFO:colcon.colcon_cmake.task.cmake.build:Building CMake package in '/home/bbcontact/magician_ros2/src/magician_ros2/dobot_description'
[0.994s] INFO:colcon.colcon_core.shell:Skip shell extension 'powershell' for command environment: Not usable outside of PowerShell
[0.994s] DEBUG:colcon.colcon_core.shell:Skip shell extension 'dsv' for command environment
[1.003s] INFO:colcon.colcon_ros.task.ament_cmake.build:Building ROS package in '/home/bbcontact/magician_ros2/src/OrbbecSDK_ROS2/orbbec_camera_msgs' with build type 'ament_cmake'
[1.004s] INFO:colcon.colcon_cmake.task.cmake.build:Building CMake package in '/home/bbcontact/magician_ros2/src/OrbbecSDK_ROS2/orbbec_camera_msgs'
[1.004s] INFO:colcon.colcon_core.shell:Skip shell extension 'powershell' for command environment: Not usable outside of PowerShell
[1.004s] DEBUG:colcon.colcon_core.shell:Skip shell extension 'dsv' for command environment
[1.014s] INFO:colcon.colcon_ros.task.ament_python.build:Building ROS package in '/home/bbcontact/magician_ros2/src/magician_ros2/dobot_vision_yolo' with build type 'ament_python'
[1.014s] Level 1:colcon.colcon_core.shell:create_environment_hook('dobot_vision_yolo', 'ament_prefix_path')
[1.014s] INFO:colcon.colcon_core.shell:Creating environment hook '/home/bbcontact/magician_ros2/install/dobot_vision_yolo/share/dobot_vision_yolo/hook/ament_prefix_path.ps1'
[1.016s] INFO:colcon.colcon_core.shell:Creating environment descriptor '/home/bbcontact/magician_ros2/install/dobot_vision_yolo/share/dobot_vision_yolo/hook/ament_prefix_path.dsv'
[1.016s] INFO:colcon.colcon_core.shell:Creating environment hook '/home/bbcontact/magician_ros2/install/dobot_vision_yolo/share/dobot_vision_yolo/hook/ament_prefix_path.sh'
[1.018s] INFO:colcon.colcon_core.shell:Skip shell extension 'powershell' for command environment: Not usable outside of PowerShell
[1.018s] DEBUG:colcon.colcon_core.shell:Skip shell extension 'dsv' for command environment
[1.027s] INFO:colcon.colcon_ros.task.ament_python.build:Building ROS package in '/home/bbcontact/magician_ros2/src/magician_ros2/dobot_visualization_tools' with build type 'ament_python'
[1.028s] Level 1:colcon.colcon_core.shell:create_environment_hook('dobot_visualization_tools', 'ament_prefix_path')
[1.028s] INFO:colcon.colcon_core.shell:Creating environment hook '/home/bbcontact/magician_ros2/install/dobot_visualization_tools/share/dobot_visualization_tools/hook/ament_prefix_path.ps1'
[1.029s] INFO:colcon.colcon_core.shell:Creating environment descriptor '/home/bbcontact/magician_ros2/install/dobot_visualization_tools/share/dobot_visualization_tools/hook/ament_prefix_path.dsv'
[1.030s] INFO:colcon.colcon_core.shell:Creating environment hook '/home/bbcontact/magician_ros2/install/dobot_visualization_tools/share/dobot_visualization_tools/hook/ament_prefix_path.sh'
[1.031s] INFO:colcon.colcon_core.shell:Skip shell extension 'powershell' for command environment: Not usable outside of PowerShell
[1.031s] DEBUG:colcon.colcon_core.shell:Skip shell extension 'dsv' for command environment
[1.062s] INFO:colcon.colcon_ros.task.ament_cmake.build:Building ROS package in '/home/bbcontact/magician_ros2/src/OrbbecSDK_ROS2/orbbec_description' with build type 'ament_cmake'
[1.062s] INFO:colcon.colcon_cmake.task.cmake.build:Building CMake package in '/home/bbcontact/magician_ros2/src/OrbbecSDK_ROS2/orbbec_description'
[1.063s] INFO:colcon.colcon_core.shell:Skip shell extension 'powershell' for command environment: Not usable outside of PowerShell
[1.063s] DEBUG:colcon.colcon_core.shell:Skip shell extension 'dsv' for command environment
[1.084s] DEBUG:colcon.colcon_core.event_handler.log_command:Invoking command in '/home/bbcontact/magician_ros2/build/dobot_msgs': CMAKE_PREFIX_PATH=${CMAKE_PREFIX_PATH}:/home/bbcontact/magician_ros2/install/dobot_vision_rgbd:/home/bbcontact/magician_ros2/install/dobot_visualization_tools:/home/bbcontact/magician_ros2/install/dobot_vision_yolo:/home/bbcontact/magician_ros2/install/dobot_bringup:/home/bbcontact/magician_ros2/install/dobot_state_updater:/home/bbcontact/magician_ros2/install/dobot_object_vision:/home/bbcontact/magician_ros2/install/dobot_motion:/home/bbcontact/magician_ros2/install/dobot_kinematics:/home/bbcontact/magician_ros2/install/dobot_homing:/home/bbcontact/magician_ros2/install/dobot_end_effector:/home/bbcontact/magician_ros2/install/dobot_diagnostics:/home/bbcontact/magician_ros2/install/dobot_demos:/home/bbcontact/magician_ros2/install/dobot_calibration:/home/bbcontact/magician_ros2/install/dobot_control_panel:/opt/ros/jazzy DEBUGINFOD_URLS=https://debuginfod.ubuntu.com /usr/bin/cmake --build /home/bbcontact/magician_ros2/build/dobot_msgs -- -j8 -l8
[1.089s] DEBUG:colcon.colcon_core.event_handler.log_command:Invoking command in '/home/bbcontact/magician_ros2/build/dobot_driver': CMAKE_PREFIX_PATH=${CMAKE_PREFIX_PATH}:/home/bbcontact/magician_ros2/install/dobot_vision_rgbd:/home/bbcontact/magician_ros2/install/dobot_visualization_tools:/home/bbcontact/magician_ros2/install/dobot_vision_yolo:/home/bbcontact/magician_ros2/install/dobot_bringup:/home/bbcontact/magician_ros2/install/dobot_state_updater:/home/bbcontact/magician_ros2/install/dobot_object_vision:/home/bbcontact/magician_ros2/install/dobot_motion:/home/bbcontact/magician_ros2/install/dobot_kinematics:/home/bbcontact/magician_ros2/install/dobot_homing:/home/bbcontact/magician_ros2/install/dobot_end_effector:/home/bbcontact/magician_ros2/install/dobot_diagnostics:/home/bbcontact/magician_ros2/install/dobot_demos:/home/bbcontact/magician_ros2/install/dobot_calibration:/home/bbcontact/magician_ros2/install/dobot_control_panel:/opt/ros/jazzy DEBUGINFOD_URLS=https://debuginfod.ubuntu.com /usr/bin/cmake --build /home/bbcontact/magician_ros2/build/dobot_driver -- -j8 -l8
[1.095s] DEBUG:colcon.colcon_core.event_handler.log_command:Invoking command in '/home/bbcontact/magician_ros2/build/dobot_description': CMAKE_PREFIX_PATH=${CMAKE_PREFIX_PATH}:/home/bbcontact/magician_ros2/install/dobot_vision_rgbd:/home/bbcontact/magician_ros2/install/dobot_visualization_tools:/home/bbcontact/magician_ros2/install/dobot_vision_yolo:/home/bbcontact/magician_ros2/install/dobot_bringup:/home/bbcontact/magician_ros2/install/dobot_state_updater:/home/bbcontact/magician_ros2/install/dobot_object_vision:/home/bbcontact/magician_ros2/install/dobot_motion:/home/bbcontact/magician_ros2/install/dobot_kinematics:/home/bbcontact/magician_ros2/install/dobot_homing:/home/bbcontact/magician_ros2/install/dobot_end_effector:/home/bbcontact/magician_ros2/install/dobot_diagnostics:/home/bbcontact/magician_ros2/install/dobot_demos:/home/bbcontact/magician_ros2/install/dobot_calibration:/home/bbcontact/magician_ros2/install/dobot_control_panel:/opt/ros/jazzy DEBUGINFOD_URLS=https://debuginfod.ubuntu.com /usr/bin/cmake --build /home/bbcontact/magician_ros2/build/dobot_description -- -j8 -l8
[1.101s] DEBUG:colcon.colcon_core.event_handler.log_command:Invoking command in '/home/bbcontact/magician_ros2/build/orbbec_camera_msgs': CMAKE_PREFIX_PATH=${CMAKE_PREFIX_PATH}:/home/bbcontact/magician_ros2/install/dobot_vision_rgbd:/home/bbcontact/magician_ros2/install/dobot_visualization_tools:/home/bbcontact/magician_ros2/install/dobot_vision_yolo:/home/bbcontact/magician_ros2/install/dobot_bringup:/home/bbcontact/magician_ros2/install/dobot_state_updater:/home/bbcontact/magician_ros2/install/dobot_object_vision:/home/bbcontact/magician_ros2/install/dobot_motion:/home/bbcontact/magician_ros2/install/dobot_kinematics:/home/bbcontact/magician_ros2/install/dobot_homing:/home/bbcontact/magician_ros2/install/dobot_end_effector:/home/bbcontact/magician_ros2/install/dobot_diagnostics:/home/bbcontact/magician_ros2/install/dobot_demos:/home/bbcontact/magician_ros2/install/dobot_calibration:/home/bbcontact/magician_ros2/install/dobot_control_panel:/opt/ros/jazzy DEBUGINFOD_URLS=https://debuginfod.ubuntu.com /usr/bin/cmake --build /home/bbcontact/magician_ros2/build/orbbec_camera_msgs -- -j8 -l8
[2.366s] INFO:colcon.colcon_core.task.python.build:Building Python package in '/home/bbcontact/magician_ros2/src/magician_ros2/dobot_vision_yolo'
[2.367s] INFO:colcon.colcon_core.shell:Skip shell extension 'powershell' for command environment: Not usable outside of PowerShell
[2.367s] DEBUG:colcon.colcon_core.shell:Skip shell extension 'dsv' for command environment
[3.096s] INFO:colcon.colcon_core.task.python.build:Building Python package in '/home/bbcontact/magician_ros2/src/magician_ros2/dobot_visualization_tools'
[3.097s] INFO:colcon.colcon_core.shell:Skip shell extension 'powershell' for command environment: Not usable outside of PowerShell
[3.097s] DEBUG:colcon.colcon_core.shell:Skip shell extension 'dsv' for command environment
[3.124s] DEBUG:colcon.colcon_core.event_handler.log_command:Invoking command in '/home/bbcontact/magician_ros2/build/orbbec_description': CMAKE_PREFIX_PATH=${CMAKE_PREFIX_PATH}:/home/bbcontact/magician_ros2/install/dobot_vision_rgbd:/home/bbcontact/magician_ros2/install/dobot_visualization_tools:/home/bbcontact/magician_ros2/install/dobot_vision_yolo:/home/bbcontact/magician_ros2/install/dobot_bringup:/home/bbcontact/magician_ros2/install/dobot_state_updater:/home/bbcontact/magician_ros2/install/dobot_object_vision:/home/bbcontact/magician_ros2/install/dobot_motion:/home/bbcontact/magician_ros2/install/dobot_kinematics:/home/bbcontact/magician_ros2/install/dobot_homing:/home/bbcontact/magician_ros2/install/dobot_end_effector:/home/bbcontact/magician_ros2/install/dobot_diagnostics:/home/bbcontact/magician_ros2/install/dobot_demos:/home/bbcontact/magician_ros2/install/dobot_calibration:/home/bbcontact/magician_ros2/install/dobot_control_panel:/opt/ros/jazzy DEBUGINFOD_URLS=https://debuginfod.ubuntu.com /usr/bin/cmake --build /home/bbcontact/magician_ros2/build/orbbec_description -- -j8 -l8
[3.125s] DEBUG:colcon.colcon_core.event_handler.log_command:Invoked command in '/home/bbcontact/magician_ros2/build/dobot_msgs' returned '0': CMAKE_PREFIX_PATH=${CMAKE_PREFIX_PATH}:/home/bbcontact/magician_ros2/install/dobot_vision_rgbd:/home/bbcontact/magician_ros2/install/dobot_visualization_tools:/home/bbcontact/magician_ros2/install/dobot_vision_yolo:/home/bbcontact/magician_ros2/install/dobot_bringup:/home/bbcontact/magician_ros2/install/dobot_state_updater:/home/bbcontact/magician_ros2/install/dobot_object_vision:/home/bbcontact/magician_ros2/install/dobot_motion:/home/bbcontact/magician_ros2/install/dobot_kinematics:/home/bbcontact/magician_ros2/install/dobot_homing:/home/bbcontact/magician_ros2/install/dobot_end_effector:/home/bbcontact/magician_ros2/install/dobot_diagnostics:/home/bbcontact/magician_ros2/install/dobot_demos:/home/bbcontact/magician_ros2/install/dobot_calibration:/home/bbcontact/magician_ros2/install/dobot_control_panel:/opt/ros/jazzy DEBUGINFOD_URLS=https://debuginfod.ubuntu.com /usr/bin/cmake --build /home/bbcontact/magician_ros2/build/dobot_msgs -- -j8 -l8
[3.143s] DEBUG:colcon.colcon_core.event_handler.log_command:Invoking command in '/home/bbcontact/magician_ros2/build/dobot_msgs': CMAKE_PREFIX_PATH=${CMAKE_PREFIX_PATH}:/home/bbcontact/magician_ros2/install/dobot_vision_rgbd:/home/bbcontact/magician_ros2/install/dobot_visualization_tools:/home/bbcontact/magician_ros2/install/dobot_vision_yolo:/home/bbcontact/magician_ros2/install/dobot_bringup:/home/bbcontact/magician_ros2/install/dobot_state_updater:/home/bbcontact/magician_ros2/install/dobot_object_vision:/home/bbcontact/magician_ros2/install/dobot_motion:/home/bbcontact/magician_ros2/install/dobot_kinematics:/home/bbcontact/magician_ros2/install/dobot_homing:/home/bbcontact/magician_ros2/install/dobot_end_effector:/home/bbcontact/magician_ros2/install/dobot_diagnostics:/home/bbcontact/magician_ros2/install/dobot_demos:/home/bbcontact/magician_ros2/install/dobot_calibration:/home/bbcontact/magician_ros2/install/dobot_control_panel:/opt/ros/jazzy DEBUGINFOD_URLS=https://debuginfod.ubuntu.com /usr/bin/cmake --install /home/bbcontact/magician_ros2/build/dobot_msgs
[3.145s] DEBUG:colcon.colcon_core.event_handler.log_command:Invoked command in '/home/bbcontact/magician_ros2/build/dobot_driver' returned '0': CMAKE_PREFIX_PATH=${CMAKE_PREFIX_PATH}:/home/bbcontact/magician_ros2/install/dobot_vision_rgbd:/home/bbcontact/magician_ros2/install/dobot_visualization_tools:/home/bbcontact/magician_ros2/install/dobot_vision_yolo:/home/bbcontact/magician_ros2/install/dobot_bringup:/home/bbcontact/magician_ros2/install/dobot_state_updater:/home/bbcontact/magician_ros2/install/dobot_object_vision:/home/bbcontact/magician_ros2/install/dobot_motion:/home/bbcontact/magician_ros2/install/dobot_kinematics:/home/bbcontact/magician_ros2/install/dobot_homing:/home/bbcontact/magician_ros2/install/dobot_end_effector:/home/bbcontact/magician_ros2/install/dobot_diagnostics:/home/bbcontact/magician_ros2/install/dobot_demos:/home/bbcontact/magician_ros2/install/dobot_calibration:/home/bbcontact/magician_ros2/install/dobot_control_panel:/opt/ros/jazzy DEBUGINFOD_URLS=https://debuginfod.ubuntu.com /usr/bin/cmake --build /home/bbcontact/magician_ros2/build/dobot_driver -- -j8 -l8
[3.148s] DEBUG:colcon.colcon_core.event_handler.log_command:Invoking command in '/home/bbcontact/magician_ros2/build/dobot_driver': CMAKE_PREFIX_PATH=${CMAKE_PREFIX_PATH}:/home/bbcontact/magician_ros2/install/dobot_vision_rgbd:/home/bbcontact/magician_ros2/install/dobot_visualization_tools:/home/bbcontact/magician_ros2/install/dobot_vision_yolo:/home/bbcontact/magician_ros2/install/dobot_bringup:/home/bbcontact/magician_ros2/install/dobot_state_updater:/home/bbcontact/magician_ros2/install/dobot_object_vision:/home/bbcontact/magician_ros2/install/dobot_motion:/home/bbcontact/magician_ros2/install/dobot_kinematics:/home/bbcontact/magician_ros2/install/dobot_homing:/home/bbcontact/magician_ros2/install/dobot_end_effector:/home/bbcontact/magician_ros2/install/dobot_diagnostics:/home/bbcontact/magician_ros2/install/dobot_demos:/home/bbcontact/magician_ros2/install/dobot_calibration:/home/bbcontact/magician_ros2/install/dobot_control_panel:/opt/ros/jazzy DEBUGINFOD_URLS=https://debuginfod.ubuntu.com /usr/bin/cmake --install /home/bbcontact/magician_ros2/build/dobot_driver
[3.150s] DEBUG:colcon.colcon_core.event_handler.log_command:Invoked command in '/home/bbcontact/magician_ros2/build/dobot_description' returned '0': CMAKE_PREFIX_PATH=${CMAKE_PREFIX_PATH}:/home/bbcontact/magician_ros2/install/dobot_vision_rgbd:/home/bbcontact/magician_ros2/install/dobot_visualization_tools:/home/bbcontact/magician_ros2/install/dobot_vision_yolo:/home/bbcontact/magician_ros2/install/dobot_bringup:/home/bbcontact/magician_ros2/install/dobot_state_updater:/home/bbcontact/magician_ros2/install/dobot_object_vision:/home/bbcontact/magician_ros2/install/dobot_motion:/home/bbcontact/magician_ros2/install/dobot_kinematics:/home/bbcontact/magician_ros2/install/dobot_homing:/home/bbcontact/magician_ros2/install/dobot_end_effector:/home/bbcontact/magician_ros2/install/dobot_diagnostics:/home/bbcontact/magician_ros2/install/dobot_demos:/home/bbcontact/magician_ros2/install/dobot_calibration:/home/bbcontact/magician_ros2/install/dobot_control_panel:/opt/ros/jazzy DEBUGINFOD_URLS=https://debuginfod.ubuntu.com /usr/bin/cmake --build /home/bbcontact/magician_ros2/build/dobot_description -- -j8 -l8
[3.153s] DEBUG:colcon.colcon_core.event_handler.log_command:Invoking command in '/home/bbcontact/magician_ros2/build/dobot_description': CMAKE_PREFIX_PATH=${CMAKE_PREFIX_PATH}:/home/bbcontact/magician_ros2/install/dobot_vision_rgbd:/home/bbcontact/magician_ros2/install/dobot_visualization_tools:/home/bbcontact/magician_ros2/install/dobot_vision_yolo:/home/bbcontact/magician_ros2/install/dobot_bringup:/home/bbcontact/magician_ros2/install/dobot_state_updater:/home/bbcontact/magician_ros2/install/dobot_object_vision:/home/bbcontact/magician_ros2/install/dobot_motion:/home/bbcontact/magician_ros2/install/dobot_kinematics:/home/bbcontact/magician_ros2/install/dobot_homing:/home/bbcontact/magician_ros2/install/dobot_end_effector:/home/bbcontact/magician_ros2/install/dobot_diagnostics:/home/bbcontact/magician_ros2/install/dobot_demos:/home/bbcontact/magician_ros2/install/dobot_calibration:/home/bbcontact/magician_ros2/install/dobot_control_panel:/opt/ros/jazzy DEBUGINFOD_URLS=https://debuginfod.ubuntu.com /usr/bin/cmake --install /home/bbcontact/magician_ros2/build/dobot_description
[3.155s] DEBUG:colcon.colcon_core.event_handler.log_command:Invoked command in '/home/bbcontact/magician_ros2/build/orbbec_camera_msgs' returned '0': CMAKE_PREFIX_PATH=${CMAKE_PREFIX_PATH}:/home/bbcontact/magician_ros2/install/dobot_vision_rgbd:/home/bbcontact/magician_ros2/install/dobot_visualization_tools:/home/bbcontact/magician_ros2/install/dobot_vision_yolo:/home/bbcontact/magician_ros2/install/dobot_bringup:/home/bbcontact/magician_ros2/install/dobot_state_updater:/home/bbcontact/magician_ros2/install/dobot_object_vision:/home/bbcontact/magician_ros2/install/dobot_motion:/home/bbcontact/magician_ros2/install/dobot_kinematics:/home/bbcontact/magician_ros2/install/dobot_homing:/home/bbcontact/magician_ros2/install/dobot_end_effector:/home/bbcontact/magician_ros2/install/dobot_diagnostics:/home/bbcontact/magician_ros2/install/dobot_demos:/home/bbcontact/magician_ros2/install/dobot_calibration:/home/bbcontact/magician_ros2/install/dobot_control_panel:/opt/ros/jazzy DEBUGINFOD_URLS=https://debuginfod.ubuntu.com /usr/bin/cmake --build /home/bbcontact/magician_ros2/build/orbbec_camera_msgs -- -j8 -l8
[3.159s] DEBUG:colcon.colcon_core.event_handler.log_command:Invoking command in '/home/bbcontact/magician_ros2/build/orbbec_camera_msgs': CMAKE_PREFIX_PATH=${CMAKE_PREFIX_PATH}:/home/bbcontact/magician_ros2/install/dobot_vision_rgbd:/home/bbcontact/magician_ros2/install/dobot_visualization_tools:/home/bbcontact/magician_ros2/install/dobot_vision_yolo:/home/bbcontact/magician_ros2/install/dobot_bringup:/home/bbcontact/magician_ros2/install/dobot_state_updater:/home/bbcontact/magician_ros2/install/dobot_object_vision:/home/bbcontact/magician_ros2/install/dobot_motion:/home/bbcontact/magician_ros2/install/dobot_kinematics:/home/bbcontact/magician_ros2/install/dobot_homing:/home/bbcontact/magician_ros2/install/dobot_end_effector:/home/bbcontact/magician_ros2/install/dobot_diagnostics:/home/bbcontact/magician_ros2/install/dobot_demos:/home/bbcontact/magician_ros2/install/dobot_calibration:/home/bbcontact/magician_ros2/install/dobot_control_panel:/opt/ros/jazzy DEBUGINFOD_URLS=https://debuginfod.ubuntu.com /usr/bin/cmake --install /home/bbcontact/magician_ros2/build/orbbec_camera_msgs
[3.280s] DEBUG:colcon.colcon_core.event_handler.log_command:Invoked command in '/home/bbcontact/magician_ros2/build/orbbec_description' returned '0': CMAKE_PREFIX_PATH=${CMAKE_PREFIX_PATH}:/home/bbcontact/magician_ros2/install/dobot_vision_rgbd:/home/bbcontact/magician_ros2/install/dobot_visualization_tools:/home/bbcontact/magician_ros2/install/dobot_vision_yolo:/home/bbcontact/magician_ros2/install/dobot_bringup:/home/bbcontact/magician_ros2/install/dobot_state_updater:/home/bbcontact/magician_ros2/install/dobot_object_vision:/home/bbcontact/magician_ros2/install/dobot_motion:/home/bbcontact/magician_ros2/install/dobot_kinematics:/home/bbcontact/magician_ros2/install/dobot_homing:/home/bbcontact/magician_ros2/install/dobot_end_effector:/home/bbcontact/magician_ros2/install/dobot_diagnostics:/home/bbcontact/magician_ros2/install/dobot_demos:/home/bbcontact/magician_ros2/install/dobot_calibration:/home/bbcontact/magician_ros2/install/dobot_control_panel:/opt/ros/jazzy DEBUGINFOD_URLS=https://debuginfod.ubuntu.com /usr/bin/cmake --build /home/bbcontact/magician_ros2/build/orbbec_description -- -j8 -l8
[3.281s] Level 1:colcon.colcon_core.environment:create_environment_scripts_only(dobot_description)
[3.283s] DEBUG:colcon.colcon_core.event_handler.log_command:Invoking command in '/home/bbcontact/magician_ros2/build/orbbec_description': CMAKE_PREFIX_PATH=${CMAKE_PREFIX_PATH}:/home/bbcontact/magician_ros2/install/dobot_vision_rgbd:/home/bbcontact/magician_ros2/install/dobot_visualization_tools:/home/bbcontact/magician_ros2/install/dobot_vision_yolo:/home/bbcontact/magician_ros2/install/dobot_bringup:/home/bbcontact/magician_ros2/install/dobot_state_updater:/home/bbcontact/magician_ros2/install/dobot_object_vision:/home/bbcontact/magician_ros2/install/dobot_motion:/home/bbcontact/magician_ros2/install/dobot_kinematics:/home/bbcontact/magician_ros2/install/dobot_homing:/home/bbcontact/magician_ros2/install/dobot_end_effector:/home/bbcontact/magician_ros2/install/dobot_diagnostics:/home/bbcontact/magician_ros2/install/dobot_demos:/home/bbcontact/magician_ros2/install/dobot_calibration:/home/bbcontact/magician_ros2/install/dobot_control_panel:/opt/ros/jazzy DEBUGINFOD_URLS=https://debuginfod.ubuntu.com /usr/bin/cmake --install /home/bbcontact/magician_ros2/build/orbbec_description
[3.353s] Level 1:colcon.colcon_core.environment:checking '/home/bbcontact/magician_ros2/install/dobot_description' for CMake module files
[3.361s] Level 1:colcon.colcon_core.environment:checking '/home/bbcontact/magician_ros2/install/dobot_description' for CMake config files
[3.370s] DEBUG:colcon.colcon_core.event_handler.log_command:Invoked command in '/home/bbcontact/magician_ros2/build/dobot_description' returned '0': CMAKE_PREFIX_PATH=${CMAKE_PREFIX_PATH}:/home/bbcontact/magician_ros2/install/dobot_vision_rgbd:/home/bbcontact/magician_ros2/install/dobot_visualization_tools:/home/bbcontact/magician_ros2/install/dobot_vision_yolo:/home/bbcontact/magician_ros2/install/dobot_bringup:/home/bbcontact/magician_ros2/install/dobot_state_updater:/home/bbcontact/magician_ros2/install/dobot_object_vision:/home/bbcontact/magician_ros2/install/dobot_motion:/home/bbcontact/magician_ros2/install/dobot_kinematics:/home/bbcontact/magician_ros2/install/dobot_homing:/home/bbcontact/magician_ros2/install/dobot_end_effector:/home/bbcontact/magician_ros2/install/dobot_diagnostics:/home/bbcontact/magician_ros2/install/dobot_demos:/home/bbcontact/magician_ros2/install/dobot_calibration:/home/bbcontact/magician_ros2/install/dobot_control_panel:/opt/ros/jazzy DEBUGINFOD_URLS=https://debuginfod.ubuntu.com /usr/bin/cmake --install /home/bbcontact/magician_ros2/build/dobot_description
[3.372s] Level 1:colcon.colcon_core.shell:create_environment_hook('dobot_description', 'cmake_prefix_path')
[3.373s] INFO:colcon.colcon_core.shell:Creating environment hook '/home/bbcontact/magician_ros2/install/dobot_description/share/dobot_description/hook/cmake_prefix_path.ps1'
[3.374s] INFO:colcon.colcon_core.shell:Creating environment descriptor '/home/bbcontact/magician_ros2/install/dobot_description/share/dobot_description/hook/cmake_prefix_path.dsv'
[3.375s] INFO:colcon.colcon_core.shell:Creating environment hook '/home/bbcontact/magician_ros2/install/dobot_description/share/dobot_description/hook/cmake_prefix_path.sh'
[3.377s] Level 1:colcon.colcon_core.environment:checking '/home/bbcontact/magician_ros2/install/dobot_description/bin'
[3.378s] Level 1:colcon.colcon_core.environment:checking '/home/bbcontact/magician_ros2/install/dobot_description/lib/pkgconfig/dobot_description.pc'
[3.379s] Level 1:colcon.colcon_core.environment:checking '/home/bbcontact/magician_ros2/install/dobot_description/lib/python3.12/site-packages'
[3.380s] Level 1:colcon.colcon_core.environment:checking '/home/bbcontact/magician_ros2/install/dobot_description/bin'
[3.381s] INFO:colcon.colcon_core.shell:Creating package script '/home/bbcontact/magician_ros2/install/dobot_description/share/dobot_description/package.ps1'
[3.385s] INFO:colcon.colcon_core.shell:Creating package descriptor '/home/bbcontact/magician_ros2/install/dobot_description/share/dobot_description/package.dsv'
[3.386s] INFO:colcon.colcon_core.shell:Creating package script '/home/bbcontact/magician_ros2/install/dobot_description/share/dobot_description/package.sh'
[3.388s] INFO:colcon.colcon_core.shell:Creating package script '/home/bbcontact/magician_ros2/install/dobot_description/share/dobot_description/package.bash'
[3.391s] INFO:colcon.colcon_core.shell:Creating package script '/home/bbcontact/magician_ros2/install/dobot_description/share/dobot_description/package.zsh'
[3.393s] Level 1:colcon.colcon_core.environment:create_file_with_runtime_dependencies(/home/bbcontact/magician_ros2/install/dobot_description/share/colcon-core/packages/dobot_description)
[3.394s] Level 1:colcon.colcon_core.environment:create_environment_scripts_only(dobot_description)
[3.395s] Level 1:colcon.colcon_core.environment:checking '/home/bbcontact/magician_ros2/install/dobot_description' for CMake module files
[3.397s] Level 1:colcon.colcon_core.environment:checking '/home/bbcontact/magician_ros2/install/dobot_description' for CMake config files
[3.399s] Level 1:colcon.colcon_core.shell:create_environment_hook('dobot_description', 'cmake_prefix_path')
[3.400s] INFO:colcon.colcon_core.shell:Creating environment hook '/home/bbcontact/magician_ros2/install/dobot_description/share/dobot_description/hook/cmake_prefix_path.ps1'
[3.401s] INFO:colcon.colcon_core.shell:Creating environment descriptor '/home/bbcontact/magician_ros2/install/dobot_description/share/dobot_description/hook/cmake_prefix_path.dsv'
[3.403s] INFO:colcon.colcon_core.shell:Creating environment hook '/home/bbcontact/magician_ros2/install/dobot_description/share/dobot_description/hook/cmake_prefix_path.sh'
[3.405s] Level 1:colcon.colcon_core.environment:checking '/home/bbcontact/magician_ros2/install/dobot_description/bin'
[3.405s] Level 1:colcon.colcon_core.environment:checking '/home/bbcontact/magician_ros2/install/dobot_description/lib/pkgconfig/dobot_description.pc'
[3.406s] Level 1:colcon.colcon_core.environment:checking '/home/bbcontact/magician_ros2/install/dobot_description/lib/python3.12/site-packages'
[3.407s] Level 1:colcon.colcon_core.environment:checking '/home/bbcontact/magician_ros2/install/dobot_description/bin'
[3.408s] INFO:colcon.colcon_core.shell:Creating package script '/home/bbcontact/magician_ros2/install/dobot_description/share/dobot_description/package.ps1'
[3.411s] INFO:colcon.colcon_core.shell:Creating package descriptor '/home/bbcontact/magician_ros2/install/dobot_description/share/dobot_description/package.dsv'
[3.412s] INFO:colcon.colcon_core.shell:Creating package script '/home/bbcontact/magician_ros2/install/dobot_description/share/dobot_description/package.sh'
[3.414s] INFO:colcon.colcon_core.shell:Creating package script '/home/bbcontact/magician_ros2/install/dobot_description/share/dobot_description/package.bash'
[3.415s] INFO:colcon.colcon_core.shell:Creating package script '/home/bbcontact/magician_ros2/install/dobot_description/share/dobot_description/package.zsh'
[3.417s] Level 1:colcon.colcon_core.environment:create_file_with_runtime_dependencies(/home/bbcontact/magician_ros2/install/dobot_description/share/colcon-core/packages/dobot_description)
[3.423s] Level 1:colcon.colcon_core.environment:create_environment_scripts_only(orbbec_description)
[3.424s] Level 1:colcon.colcon_core.environment:checking '/home/bbcontact/magician_ros2/install/orbbec_description' for CMake module files
[3.434s] Level 1:colcon.colcon_core.environment:checking '/home/bbcontact/magician_ros2/install/orbbec_description' for CMake config files
[3.480s] Level 1:colcon.colcon_core.shell:create_environment_hook('orbbec_description', 'cmake_prefix_path')
[3.480s] INFO:colcon.colcon_core.shell:Creating environment hook '/home/bbcontact/magician_ros2/install/orbbec_description/share/orbbec_description/hook/cmake_prefix_path.ps1'
[3.483s] INFO:colcon.colcon_core.shell:Creating environment descriptor '/home/bbcontact/magician_ros2/install/orbbec_description/share/orbbec_description/hook/cmake_prefix_path.dsv'
[3.485s] INFO:colcon.colcon_core.shell:Creating environment hook '/home/bbcontact/magician_ros2/install/orbbec_description/share/orbbec_description/hook/cmake_prefix_path.sh'
[3.489s] Level 1:colcon.colcon_core.environment:checking '/home/bbcontact/magician_ros2/install/orbbec_description/bin'
[3.489s] Level 1:colcon.colcon_core.environment:checking '/home/bbcontact/magician_ros2/install/orbbec_description/lib/pkgconfig/orbbec_description.pc'
[3.489s] Level 1:colcon.colcon_core.environment:checking '/home/bbcontact/magician_ros2/install/orbbec_description/lib/python3.12/site-packages'
[3.490s] Level 1:colcon.colcon_core.environment:checking '/home/bbcontact/magician_ros2/install/orbbec_description/bin'
[3.491s] INFO:colcon.colcon_core.shell:Creating package script '/home/bbcontact/magician_ros2/install/orbbec_description/share/orbbec_description/package.ps1'
[3.494s] INFO:colcon.colcon_core.shell:Creating package descriptor '/home/bbcontact/magician_ros2/install/orbbec_description/share/orbbec_description/package.dsv'
[3.503s] INFO:colcon.colcon_core.shell:Creating package script '/home/bbcontact/magician_ros2/install/orbbec_description/share/orbbec_description/package.sh'
[3.505s] INFO:colcon.colcon_core.shell:Creating package script '/home/bbcontact/magician_ros2/install/orbbec_description/share/orbbec_description/package.bash'
[3.506s] INFO:colcon.colcon_core.shell:Creating package script '/home/bbcontact/magician_ros2/install/orbbec_description/share/orbbec_description/package.zsh'
[3.509s] Level 1:colcon.colcon_core.environment:create_file_with_runtime_dependencies(/home/bbcontact/magician_ros2/install/orbbec_description/share/colcon-core/packages/orbbec_description)
[3.519s] Level 1:colcon.colcon_core.environment:create_environment_scripts_only(orbbec_description)
[3.520s] Level 1:colcon.colcon_core.environment:checking '/home/bbcontact/magician_ros2/install/orbbec_description' for CMake module files
[3.524s] Level 1:colcon.colcon_core.environment:checking '/home/bbcontact/magician_ros2/install/orbbec_description' for CMake config files
[3.526s] Level 1:colcon.colcon_core.shell:create_environment_hook('orbbec_description', 'cmake_prefix_path')
[3.533s] INFO:colcon.colcon_core.shell:Creating environment hook '/home/bbcontact/magician_ros2/install/orbbec_description/share/orbbec_description/hook/cmake_prefix_path.ps1'
[3.535s] INFO:colcon.colcon_core.shell:Creating environment descriptor '/home/bbcontact/magician_ros2/install/orbbec_description/share/orbbec_description/hook/cmake_prefix_path.dsv'
[3.541s] INFO:colcon.colcon_core.shell:Creating environment hook '/home/bbcontact/magician_ros2/install/orbbec_description/share/orbbec_description/hook/cmake_prefix_path.sh'
[3.545s] Level 1:colcon.colcon_core.environment:checking '/home/bbcontact/magician_ros2/install/orbbec_description/bin'
[3.546s] Level 1:colcon.colcon_core.environment:checking '/home/bbcontact/magician_ros2/install/orbbec_description/lib/pkgconfig/orbbec_description.pc'
[3.547s] Level 1:colcon.colcon_core.environment:checking '/home/bbcontact/magician_ros2/install/orbbec_description/lib/python3.12/site-packages'
[3.548s] Level 1:colcon.colcon_core.environment:checking '/home/bbcontact/magician_ros2/install/orbbec_description/bin'
[3.548s] INFO:colcon.colcon_core.shell:Creating package script '/home/bbcontact/magician_ros2/install/orbbec_description/share/orbbec_description/package.ps1'
[3.558s] INFO:colcon.colcon_core.shell:Creating package descriptor '/home/bbcontact/magician_ros2/install/orbbec_description/share/orbbec_description/package.dsv'
[3.571s] INFO:colcon.colcon_core.shell:Creating package script '/home/bbcontact/magician_ros2/install/orbbec_description/share/orbbec_description/package.sh'
[3.578s] INFO:colcon.colcon_core.shell:Creating package script '/home/bbcontact/magician_ros2/install/orbbec_description/share/orbbec_description/package.bash'
[3.580s] INFO:colcon.colcon_core.shell:Creating package script '/home/bbcontact/magician_ros2/install/orbbec_description/share/orbbec_description/package.zsh'
[3.581s] Level 1:colcon.colcon_core.environment:create_file_with_runtime_dependencies(/home/bbcontact/magician_ros2/install/orbbec_description/share/colcon-core/packages/orbbec_description)
[3.582s] DEBUG:colcon.colcon_core.event_handler.log_command:Invoked command in '/home/bbcontact/magician_ros2/build/orbbec_description' returned '0': CMAKE_PREFIX_PATH=${CMAKE_PREFIX_PATH}:/home/bbcontact/magician_ros2/install/dobot_vision_rgbd:/home/bbcontact/magician_ros2/install/dobot_visualization_tools:/home/bbcontact/magician_ros2/install/dobot_vision_yolo:/home/bbcontact/magician_ros2/install/dobot_bringup:/home/bbcontact/magician_ros2/install/dobot_state_updater:/home/bbcontact/magician_ros2/install/dobot_object_vision:/home/bbcontact/magician_ros2/install/dobot_motion:/home/bbcontact/magician_ros2/install/dobot_kinematics:/home/bbcontact/magician_ros2/install/dobot_homing:/home/bbcontact/magician_ros2/install/dobot_end_effector:/home/bbcontact/magician_ros2/install/dobot_diagnostics:/home/bbcontact/magician_ros2/install/dobot_demos:/home/bbcontact/magician_ros2/install/dobot_calibration:/home/bbcontact/magician_ros2/install/dobot_control_panel:/opt/ros/jazzy DEBUGINFOD_URLS=https://debuginfod.ubuntu.com /usr/bin/cmake --install /home/bbcontact/magician_ros2/build/orbbec_description
[3.583s] Level 1:colcon.colcon_core.environment:create_environment_scripts_only(dobot_driver)
[3.584s] Level 1:colcon.colcon_core.environment:checking '/home/bbcontact/magician_ros2/install/dobot_driver' for CMake module files
[3.587s] Level 1:colcon.colcon_core.environment:checking '/home/bbcontact/magician_ros2/install/dobot_driver' for CMake config files
[3.587s] Level 1:colcon.colcon_core.shell:create_environment_hook('dobot_driver', 'cmake_prefix_path')
[3.588s] INFO:colcon.colcon_core.shell:Creating environment hook '/home/bbcontact/magician_ros2/install/dobot_driver/share/dobot_driver/hook/cmake_prefix_path.ps1'
[3.590s] DEBUG:colcon.colcon_core.event_handler.log_command:Invoked command in '/home/bbcontact/magician_ros2/build/dobot_driver' returned '0': CMAKE_PREFIX_PATH=${CMAKE_PREFIX_PATH}:/home/bbcontact/magician_ros2/install/dobot_vision_rgbd:/home/bbcontact/magician_ros2/install/dobot_visualization_tools:/home/bbcontact/magician_ros2/install/dobot_vision_yolo:/home/bbcontact/magician_ros2/install/dobot_bringup:/home/bbcontact/magician_ros2/install/dobot_state_updater:/home/bbcontact/magician_ros2/install/dobot_object_vision:/home/bbcontact/magician_ros2/install/dobot_motion:/home/bbcontact/magician_ros2/install/dobot_kinematics:/home/bbcontact/magician_ros2/install/dobot_homing:/home/bbcontact/magician_ros2/install/dobot_end_effector:/home/bbcontact/magician_ros2/install/dobot_diagnostics:/home/bbcontact/magician_ros2/install/dobot_demos:/home/bbcontact/magician_ros2/install/dobot_calibration:/home/bbcontact/magician_ros2/install/dobot_control_panel:/opt/ros/jazzy DEBUGINFOD_URLS=https://debuginfod.ubuntu.com /usr/bin/cmake --install /home/bbcontact/magician_ros2/build/dobot_driver
[3.590s] INFO:colcon.colcon_core.shell:Creating environment descriptor '/home/bbcontact/magician_ros2/install/dobot_driver/share/dobot_driver/hook/cmake_prefix_path.dsv'
[3.592s] INFO:colcon.colcon_core.shell:Creating environment hook '/home/bbcontact/magician_ros2/install/dobot_driver/share/dobot_driver/hook/cmake_prefix_path.sh'
[3.593s] Level 1:colcon.colcon_core.environment:checking '/home/bbcontact/magician_ros2/install/dobot_driver/lib'
[3.594s] Level 1:colcon.colcon_core.environment:checking '/home/bbcontact/magician_ros2/install/dobot_driver/bin'
[3.594s] Level 1:colcon.colcon_core.environment:checking '/home/bbcontact/magician_ros2/install/dobot_driver/lib/pkgconfig/dobot_driver.pc'
[3.595s] Level 1:colcon.colcon_core.environment:checking '/home/bbcontact/magician_ros2/install/dobot_driver/lib/python3.12/site-packages'
[3.595s] Level 1:colcon.colcon_core.shell:create_environment_hook('dobot_driver', 'pythonpath')
[3.596s] INFO:colcon.colcon_core.shell:Creating environment hook '/home/bbcontact/magician_ros2/install/dobot_driver/share/dobot_driver/hook/pythonpath.ps1'
[3.597s] INFO:colcon.colcon_core.shell:Creating environment descriptor '/home/bbcontact/magician_ros2/install/dobot_driver/share/dobot_driver/hook/pythonpath.dsv'
[3.598s] INFO:colcon.colcon_core.shell:Creating environment hook '/home/bbcontact/magician_ros2/install/dobot_driver/share/dobot_driver/hook/pythonpath.sh'
[3.601s] Level 1:colcon.colcon_core.environment:checking '/home/bbcontact/magician_ros2/install/dobot_driver/bin'
[3.602s] INFO:colcon.colcon_core.shell:Creating package script '/home/bbcontact/magician_ros2/install/dobot_driver/share/dobot_driver/package.ps1'
[3.604s] INFO:colcon.colcon_core.shell:Creating package descriptor '/home/bbcontact/magician_ros2/install/dobot_driver/share/dobot_driver/package.dsv'
[3.606s] INFO:colcon.colcon_core.shell:Creating package script '/home/bbcontact/magician_ros2/install/dobot_driver/share/dobot_driver/package.sh'
[3.607s] INFO:colcon.colcon_core.shell:Creating package script '/home/bbcontact/magician_ros2/install/dobot_driver/share/dobot_driver/package.bash'
[3.609s] INFO:colcon.colcon_core.shell:Creating package script '/home/bbcontact/magician_ros2/install/dobot_driver/share/dobot_driver/package.zsh'
[3.610s] Level 1:colcon.colcon_core.environment:create_file_with_runtime_dependencies(/home/bbcontact/magician_ros2/install/dobot_driver/share/colcon-core/packages/dobot_driver)
[3.611s] Level 1:colcon.colcon_core.environment:create_environment_scripts_only(dobot_driver)
[3.612s] Level 1:colcon.colcon_core.environment:checking '/home/bbcontact/magician_ros2/install/dobot_driver' for CMake module files
[3.614s] Level 1:colcon.colcon_core.environment:checking '/home/bbcontact/magician_ros2/install/dobot_driver' for CMake config files
[3.615s] Level 1:colcon.colcon_core.shell:create_environment_hook('dobot_driver', 'cmake_prefix_path')
[3.615s] INFO:colcon.colcon_core.shell:Creating environment hook '/home/bbcontact/magician_ros2/install/dobot_driver/share/dobot_driver/hook/cmake_prefix_path.ps1'
[3.616s] INFO:colcon.colcon_core.shell:Creating environment descriptor '/home/bbcontact/magician_ros2/install/dobot_driver/share/dobot_driver/hook/cmake_prefix_path.dsv'
[3.618s] INFO:colcon.colcon_core.shell:Creating environment hook '/home/bbcontact/magician_ros2/install/dobot_driver/share/dobot_driver/hook/cmake_prefix_path.sh'
[3.619s] Level 1:colcon.colcon_core.environment:checking '/home/bbcontact/magician_ros2/install/dobot_driver/lib'
[3.620s] Level 1:colcon.colcon_core.environment:checking '/home/bbcontact/magician_ros2/install/dobot_driver/bin'
[3.620s] Level 1:colcon.colcon_core.environment:checking '/home/bbcontact/magician_ros2/install/dobot_driver/lib/pkgconfig/dobot_driver.pc'
[3.621s] Level 1:colcon.colcon_core.environment:checking '/home/bbcontact/magician_ros2/install/dobot_driver/lib/python3.12/site-packages'
[3.621s] Level 1:colcon.colcon_core.shell:create_environment_hook('dobot_driver', 'pythonpath')
[3.622s] INFO:colcon.colcon_core.shell:Creating environment hook '/home/bbcontact/magician_ros2/install/dobot_driver/share/dobot_driver/hook/pythonpath.ps1'
[3.623s] INFO:colcon.colcon_core.shell:Creating environment descriptor '/home/bbcontact/magician_ros2/install/dobot_driver/share/dobot_driver/hook/pythonpath.dsv'
[3.624s] INFO:colcon.colcon_core.shell:Creating environment hook '/home/bbcontact/magician_ros2/install/dobot_driver/share/dobot_driver/hook/pythonpath.sh'
[3.627s] Level 1:colcon.colcon_core.environment:checking '/home/bbcontact/magician_ros2/install/dobot_driver/bin'
[3.628s] INFO:colcon.colcon_core.shell:Creating package script '/home/bbcontact/magician_ros2/install/dobot_driver/share/dobot_driver/package.ps1'
[3.630s] INFO:colcon.colcon_core.shell:Creating package descriptor '/home/bbcontact/magician_ros2/install/dobot_driver/share/dobot_driver/package.dsv'
[3.632s] INFO:colcon.colcon_core.shell:Creating package script '/home/bbcontact/magician_ros2/install/dobot_driver/share/dobot_driver/package.sh'
[3.633s] INFO:colcon.colcon_core.shell:Creating package script '/home/bbcontact/magician_ros2/install/dobot_driver/share/dobot_driver/package.bash'
[3.635s] INFO:colcon.colcon_core.shell:Creating package script '/home/bbcontact/magician_ros2/install/dobot_driver/share/dobot_driver/package.zsh'
[3.636s] Level 1:colcon.colcon_core.environment:create_file_with_runtime_dependencies(/home/bbcontact/magician_ros2/install/dobot_driver/share/colcon-core/packages/dobot_driver)
[3.639s] INFO:colcon.colcon_ros.task.ament_python.build:Building ROS package in '/home/bbcontact/magician_ros2/src/magician_ros2/dobot_control_panel' with build type 'ament_python'
[3.639s] Level 1:colcon.colcon_core.shell:create_environment_hook('dobot_control_panel', 'ament_prefix_path')
[3.640s] INFO:colcon.colcon_core.shell:Creating environment hook '/home/bbcontact/magician_ros2/install/dobot_control_panel/share/dobot_control_panel/hook/ament_prefix_path.ps1'
[3.641s] INFO:colcon.colcon_core.shell:Creating environment descriptor '/home/bbcontact/magician_ros2/install/dobot_control_panel/share/dobot_control_panel/hook/ament_prefix_path.dsv'
[3.642s] INFO:colcon.colcon_core.shell:Creating environment hook '/home/bbcontact/magician_ros2/install/dobot_control_panel/share/dobot_control_panel/hook/ament_prefix_path.sh'
[3.647s] INFO:colcon.colcon_core.shell:Skip shell extension 'powershell' for command environment: Not usable outside of PowerShell
[3.647s] DEBUG:colcon.colcon_core.shell:Skip shell extension 'dsv' for command environment
[3.669s] Level 1:colcon.colcon_core.environment:create_environment_scripts_only(dobot_msgs)
[3.671s] Level 1:colcon.colcon_core.environment:checking '/home/bbcontact/magician_ros2/install/dobot_msgs' for CMake module files
[3.677s] DEBUG:colcon.colcon_core.event_handler.log_command:Invoked command in '/home/bbcontact/magician_ros2/build/dobot_msgs' returned '0': CMAKE_PREFIX_PATH=${CMAKE_PREFIX_PATH}:/home/bbcontact/magician_ros2/install/dobot_vision_rgbd:/home/bbcontact/magician_ros2/install/dobot_visualization_tools:/home/bbcontact/magician_ros2/install/dobot_vision_yolo:/home/bbcontact/magician_ros2/install/dobot_bringup:/home/bbcontact/magician_ros2/install/dobot_state_updater:/home/bbcontact/magician_ros2/install/dobot_object_vision:/home/bbcontact/magician_ros2/install/dobot_motion:/home/bbcontact/magician_ros2/install/dobot_kinematics:/home/bbcontact/magician_ros2/install/dobot_homing:/home/bbcontact/magician_ros2/install/dobot_end_effector:/home/bbcontact/magician_ros2/install/dobot_diagnostics:/home/bbcontact/magician_ros2/install/dobot_demos:/home/bbcontact/magician_ros2/install/dobot_calibration:/home/bbcontact/magician_ros2/install/dobot_control_panel:/opt/ros/jazzy DEBUGINFOD_URLS=https://debuginfod.ubuntu.com /usr/bin/cmake --install /home/bbcontact/magician_ros2/build/dobot_msgs
[3.679s] Level 1:colcon.colcon_core.environment:checking '/home/bbcontact/magician_ros2/install/dobot_msgs' for CMake config files
[3.682s] Level 1:colcon.colcon_core.shell:create_environment_hook('dobot_msgs', 'cmake_prefix_path')
[3.682s] INFO:colcon.colcon_core.shell:Creating environment hook '/home/bbcontact/magician_ros2/install/dobot_msgs/share/dobot_msgs/hook/cmake_prefix_path.ps1'
[3.684s] INFO:colcon.colcon_core.shell:Creating environment descriptor '/home/bbcontact/magician_ros2/install/dobot_msgs/share/dobot_msgs/hook/cmake_prefix_path.dsv'
[3.685s] INFO:colcon.colcon_core.shell:Creating environment hook '/home/bbcontact/magician_ros2/install/dobot_msgs/share/dobot_msgs/hook/cmake_prefix_path.sh'
[3.686s] Level 1:colcon.colcon_core.environment:checking '/home/bbcontact/magician_ros2/install/dobot_msgs/lib'
[3.686s] Level 1:colcon.colcon_core.shell:create_environment_hook('dobot_msgs', 'ld_library_path_lib')
[3.687s] INFO:colcon.colcon_core.shell:Creating environment hook '/home/bbcontact/magician_ros2/install/dobot_msgs/share/dobot_msgs/hook/ld_library_path_lib.ps1'
[3.688s] INFO:colcon.colcon_core.shell:Creating environment descriptor '/home/bbcontact/magician_ros2/install/dobot_msgs/share/dobot_msgs/hook/ld_library_path_lib.dsv'
[3.689s] INFO:colcon.colcon_core.shell:Creating environment hook '/home/bbcontact/magician_ros2/install/dobot_msgs/share/dobot_msgs/hook/ld_library_path_lib.sh'
[3.690s] Level 1:colcon.colcon_core.environment:checking '/home/bbcontact/magician_ros2/install/dobot_msgs/bin'
[3.690s] Level 1:colcon.colcon_core.environment:checking '/home/bbcontact/magician_ros2/install/dobot_msgs/lib/pkgconfig/dobot_msgs.pc'
[3.691s] Level 1:colcon.colcon_core.environment:checking '/home/bbcontact/magician_ros2/install/dobot_msgs/lib/python3.12/site-packages'
[3.692s] Level 1:colcon.colcon_core.shell:create_environment_hook('dobot_msgs', 'pythonpath')
[3.692s] INFO:colcon.colcon_core.shell:Creating environment hook '/home/bbcontact/magician_ros2/install/dobot_msgs/share/dobot_msgs/hook/pythonpath.ps1'
[3.693s] INFO:colcon.colcon_core.shell:Creating environment descriptor '/home/bbcontact/magician_ros2/install/dobot_msgs/share/dobot_msgs/hook/pythonpath.dsv'
[3.694s] INFO:colcon.colcon_core.shell:Creating environment hook '/home/bbcontact/magician_ros2/install/dobot_msgs/share/dobot_msgs/hook/pythonpath.sh'
[3.696s] Level 1:colcon.colcon_core.environment:checking '/home/bbcontact/magician_ros2/install/dobot_msgs/bin'
[3.697s] INFO:colcon.colcon_core.shell:Creating package script '/home/bbcontact/magician_ros2/install/dobot_msgs/share/dobot_msgs/package.ps1'
[3.699s] INFO:colcon.colcon_core.shell:Creating package descriptor '/home/bbcontact/magician_ros2/install/dobot_msgs/share/dobot_msgs/package.dsv'
[3.701s] INFO:colcon.colcon_core.shell:Creating package script '/home/bbcontact/magician_ros2/install/dobot_msgs/share/dobot_msgs/package.sh'
[3.702s] INFO:colcon.colcon_core.shell:Creating package script '/home/bbcontact/magician_ros2/install/dobot_msgs/share/dobot_msgs/package.bash'
[3.703s] INFO:colcon.colcon_core.shell:Creating package script '/home/bbcontact/magician_ros2/install/dobot_msgs/share/dobot_msgs/package.zsh'
[3.704s] Level 1:colcon.colcon_core.environment:create_file_with_runtime_dependencies(/home/bbcontact/magician_ros2/install/dobot_msgs/share/colcon-core/packages/dobot_msgs)
[3.705s] Level 1:colcon.colcon_core.environment:create_environment_scripts_only(dobot_msgs)
[3.706s] Level 1:colcon.colcon_core.environment:checking '/home/bbcontact/magician_ros2/install/dobot_msgs' for CMake module files
[3.709s] Level 1:colcon.colcon_core.environment:checking '/home/bbcontact/magician_ros2/install/dobot_msgs' for CMake config files
[3.711s] Level 1:colcon.colcon_core.shell:create_environment_hook('dobot_msgs', 'cmake_prefix_path')
[3.711s] INFO:colcon.colcon_core.shell:Creating environment hook '/home/bbcontact/magician_ros2/install/dobot_msgs/share/dobot_msgs/hook/cmake_prefix_path.ps1'
[3.712s] INFO:colcon.colcon_core.shell:Creating environment descriptor '/home/bbcontact/magician_ros2/install/dobot_msgs/share/dobot_msgs/hook/cmake_prefix_path.dsv'
[3.713s] INFO:colcon.colcon_core.shell:Creating environment hook '/home/bbcontact/magician_ros2/install/dobot_msgs/share/dobot_msgs/hook/cmake_prefix_path.sh'
[3.714s] Level 1:colcon.colcon_core.environment:checking '/home/bbcontact/magician_ros2/install/dobot_msgs/lib'
[3.714s] Level 1:colcon.colcon_core.shell:create_environment_hook('dobot_msgs', 'ld_library_path_lib')
[3.714s] INFO:colcon.colcon_core.shell:Creating environment hook '/home/bbcontact/magician_ros2/install/dobot_msgs/share/dobot_msgs/hook/ld_library_path_lib.ps1'
[3.715s] INFO:colcon.colcon_core.shell:Creating environment descriptor '/home/bbcontact/magician_ros2/install/dobot_msgs/share/dobot_msgs/hook/ld_library_path_lib.dsv'
[3.715s] INFO:colcon.colcon_core.shell:Creating environment hook '/home/bbcontact/magician_ros2/install/dobot_msgs/share/dobot_msgs/hook/ld_library_path_lib.sh'
[3.716s] Level 1:colcon.colcon_core.environment:checking '/home/bbcontact/magician_ros2/install/dobot_msgs/bin'
[3.716s] Level 1:colcon.colcon_core.environment:checking '/home/bbcontact/magician_ros2/install/dobot_msgs/lib/pkgconfig/dobot_msgs.pc'
[3.717s] Level 1:colcon.colcon_core.environment:checking '/home/bbcontact/magician_ros2/install/dobot_msgs/lib/python3.12/site-packages'
[3.717s] Level 1:colcon.colcon_core.shell:create_environment_hook('dobot_msgs', 'pythonpath')
[3.717s] INFO:colcon.colcon_core.shell:Creating environment hook '/home/bbcontact/magician_ros2/install/dobot_msgs/share/dobot_msgs/hook/pythonpath.ps1'
[3.718s] INFO:colcon.colcon_core.shell:Creating environment descriptor '/home/bbcontact/magician_ros2/install/dobot_msgs/share/dobot_msgs/hook/pythonpath.dsv'
[3.718s] INFO:colcon.colcon_core.shell:Creating environment hook '/home/bbcontact/magician_ros2/install/dobot_msgs/share/dobot_msgs/hook/pythonpath.sh'
[3.720s] Level 1:colcon.colcon_core.environment:checking '/home/bbcontact/magician_ros2/install/dobot_msgs/bin'
[3.720s] INFO:colcon.colcon_core.shell:Creating package script '/home/bbcontact/magician_ros2/install/dobot_msgs/share/dobot_msgs/package.ps1'
[3.722s] INFO:colcon.colcon_core.shell:Creating package descriptor '/home/bbcontact/magician_ros2/install/dobot_msgs/share/dobot_msgs/package.dsv'
[3.723s] INFO:colcon.colcon_core.shell:Creating package script '/home/bbcontact/magician_ros2/install/dobot_msgs/share/dobot_msgs/package.sh'
[3.724s] INFO:colcon.colcon_core.shell:Creating package script '/home/bbcontact/magician_ros2/install/dobot_msgs/share/dobot_msgs/package.bash'
[3.724s] INFO:colcon.colcon_core.shell:Creating package script '/home/bbcontact/magician_ros2/install/dobot_msgs/share/dobot_msgs/package.zsh'
[3.725s] Level 1:colcon.colcon_core.environment:create_file_with_runtime_dependencies(/home/bbcontact/magician_ros2/install/dobot_msgs/share/colcon-core/packages/dobot_msgs)
[3.726s] INFO:colcon.colcon_ros.task.ament_python.build:Building ROS package in '/home/bbcontact/magician_ros2/src/magician_ros2/dobot_diagnostics' with build type 'ament_python'
[3.727s] Level 1:colcon.colcon_core.shell:create_environment_hook('dobot_diagnostics', 'ament_prefix_path')
[3.727s] INFO:colcon.colcon_core.shell:Creating environment hook '/home/bbcontact/magician_ros2/install/dobot_diagnostics/share/dobot_diagnostics/hook/ament_prefix_path.ps1'
[3.729s] INFO:colcon.colcon_core.shell:Creating environment descriptor '/home/bbcontact/magician_ros2/install/dobot_diagnostics/share/dobot_diagnostics/hook/ament_prefix_path.dsv'
[3.729s] INFO:colcon.colcon_core.shell:Creating environment hook '/home/bbcontact/magician_ros2/install/dobot_diagnostics/share/dobot_diagnostics/hook/ament_prefix_path.sh'
[3.731s] INFO:colcon.colcon_core.shell:Skip shell extension 'powershell' for command environment: Not usable outside of PowerShell
[3.731s] DEBUG:colcon.colcon_core.shell:Skip shell extension 'dsv' for command environment
[3.746s] INFO:colcon.colcon_ros.task.ament_python.build:Building ROS package in '/home/bbcontact/magician_ros2/src/magician_ros2/dobot_end_effector' with build type 'ament_python'
[3.747s] Level 1:colcon.colcon_core.shell:create_environment_hook('dobot_end_effector', 'ament_prefix_path')
[3.747s] INFO:colcon.colcon_core.shell:Creating environment hook '/home/bbcontact/magician_ros2/install/dobot_end_effector/share/dobot_end_effector/hook/ament_prefix_path.ps1'
[3.749s] INFO:colcon.colcon_core.shell:Creating environment descriptor '/home/bbcontact/magician_ros2/install/dobot_end_effector/share/dobot_end_effector/hook/ament_prefix_path.dsv'
[3.750s] INFO:colcon.colcon_core.shell:Creating environment hook '/home/bbcontact/magician_ros2/install/dobot_end_effector/share/dobot_end_effector/hook/ament_prefix_path.sh'
[3.751s] INFO:colcon.colcon_core.shell:Skip shell extension 'powershell' for command environment: Not usable outside of PowerShell
[3.751s] DEBUG:colcon.colcon_core.shell:Skip shell extension 'dsv' for command environment
[3.761s] INFO:colcon.colcon_ros.task.ament_python.build:Building ROS package in '/home/bbcontact/magician_ros2/src/magician_ros2/dobot_homing' with build type 'ament_python'
[3.761s] Level 1:colcon.colcon_core.shell:create_environment_hook('dobot_homing', 'ament_prefix_path')
[3.762s] INFO:colcon.colcon_core.shell:Creating environment hook '/home/bbcontact/magician_ros2/install/dobot_homing/share/dobot_homing/hook/ament_prefix_path.ps1'
[3.763s] INFO:colcon.colcon_core.shell:Creating environment descriptor '/home/bbcontact/magician_ros2/install/dobot_homing/share/dobot_homing/hook/ament_prefix_path.dsv'
[3.764s] INFO:colcon.colcon_core.shell:Creating environment hook '/home/bbcontact/magician_ros2/install/dobot_homing/share/dobot_homing/hook/ament_prefix_path.sh'
[3.765s] INFO:colcon.colcon_core.shell:Skip shell extension 'powershell' for command environment: Not usable outside of PowerShell
[3.765s] DEBUG:colcon.colcon_core.shell:Skip shell extension 'dsv' for command environment
[3.778s] INFO:colcon.colcon_ros.task.ament_python.build:Building ROS package in '/home/bbcontact/magician_ros2/src/magician_ros2/dobot_kinematics' with build type 'ament_python'
[3.778s] Level 1:colcon.colcon_core.shell:create_environment_hook('dobot_kinematics', 'ament_prefix_path')
[3.779s] INFO:colcon.colcon_core.shell:Creating environment hook '/home/bbcontact/magician_ros2/install/dobot_kinematics/share/dobot_kinematics/hook/ament_prefix_path.ps1'
[3.780s] INFO:colcon.colcon_core.shell:Creating environment descriptor '/home/bbcontact/magician_ros2/install/dobot_kinematics/share/dobot_kinematics/hook/ament_prefix_path.dsv'
[3.781s] INFO:colcon.colcon_core.shell:Creating environment hook '/home/bbcontact/magician_ros2/install/dobot_kinematics/share/dobot_kinematics/hook/ament_prefix_path.sh'
[3.782s] INFO:colcon.colcon_core.shell:Skip shell extension 'powershell' for command environment: Not usable outside of PowerShell
[3.782s] DEBUG:colcon.colcon_core.shell:Skip shell extension 'dsv' for command environment
[3.792s] Level 1:colcon.colcon_core.environment:create_environment_scripts_only(orbbec_camera_msgs)
[3.793s] Level 1:colcon.colcon_core.environment:checking '/home/bbcontact/magician_ros2/install/orbbec_camera_msgs' for CMake module files
[3.794s] DEBUG:colcon.colcon_core.event_handler.log_command:Invoked command in '/home/bbcontact/magician_ros2/build/orbbec_camera_msgs' returned '0': CMAKE_PREFIX_PATH=${CMAKE_PREFIX_PATH}:/home/bbcontact/magician_ros2/install/dobot_vision_rgbd:/home/bbcontact/magician_ros2/install/dobot_visualization_tools:/home/bbcontact/magician_ros2/install/dobot_vision_yolo:/home/bbcontact/magician_ros2/install/dobot_bringup:/home/bbcontact/magician_ros2/install/dobot_state_updater:/home/bbcontact/magician_ros2/install/dobot_object_vision:/home/bbcontact/magician_ros2/install/dobot_motion:/home/bbcontact/magician_ros2/install/dobot_kinematics:/home/bbcontact/magician_ros2/install/dobot_homing:/home/bbcontact/magician_ros2/install/dobot_end_effector:/home/bbcontact/magician_ros2/install/dobot_diagnostics:/home/bbcontact/magician_ros2/install/dobot_demos:/home/bbcontact/magician_ros2/install/dobot_calibration:/home/bbcontact/magician_ros2/install/dobot_control_panel:/opt/ros/jazzy DEBUGINFOD_URLS=https://debuginfod.ubuntu.com /usr/bin/cmake --install /home/bbcontact/magician_ros2/build/orbbec_camera_msgs
[3.796s] Level 1:colcon.colcon_core.environment:checking '/home/bbcontact/magician_ros2/install/orbbec_camera_msgs' for CMake config files
[3.797s] Level 1:colcon.colcon_core.shell:create_environment_hook('orbbec_camera_msgs', 'cmake_prefix_path')
[3.797s] INFO:colcon.colcon_core.shell:Creating environment hook '/home/bbcontact/magician_ros2/install/orbbec_camera_msgs/share/orbbec_camera_msgs/hook/cmake_prefix_path.ps1'
[3.798s] INFO:colcon.colcon_core.shell:Creating environment descriptor '/home/bbcontact/magician_ros2/install/orbbec_camera_msgs/share/orbbec_camera_msgs/hook/cmake_prefix_path.dsv'
[3.799s] INFO:colcon.colcon_core.shell:Creating environment hook '/home/bbcontact/magician_ros2/install/orbbec_camera_msgs/share/orbbec_camera_msgs/hook/cmake_prefix_path.sh'
[3.800s] Level 1:colcon.colcon_core.environment:checking '/home/bbcontact/magician_ros2/install/orbbec_camera_msgs/lib'
[3.800s] Level 1:colcon.colcon_core.shell:create_environment_hook('orbbec_camera_msgs', 'ld_library_path_lib')
[3.801s] INFO:colcon.colcon_core.shell:Creating environment hook '/home/bbcontact/magician_ros2/install/orbbec_camera_msgs/share/orbbec_camera_msgs/hook/ld_library_path_lib.ps1'
[3.801s] INFO:colcon.colcon_core.shell:Creating environment descriptor '/home/bbcontact/magician_ros2/install/orbbec_camera_msgs/share/orbbec_camera_msgs/hook/ld_library_path_lib.dsv'
[3.802s] INFO:colcon.colcon_core.shell:Creating environment hook '/home/bbcontact/magician_ros2/install/orbbec_camera_msgs/share/orbbec_camera_msgs/hook/ld_library_path_lib.sh'
[3.803s] Level 1:colcon.colcon_core.environment:checking '/home/bbcontact/magician_ros2/install/orbbec_camera_msgs/bin'
[3.803s] Level 1:colcon.colcon_core.environment:checking '/home/bbcontact/magician_ros2/install/orbbec_camera_msgs/lib/pkgconfig/orbbec_camera_msgs.pc'
[3.804s] Level 1:colcon.colcon_core.environment:checking '/home/bbcontact/magician_ros2/install/orbbec_camera_msgs/lib/python3.12/site-packages'
[3.804s] Level 1:colcon.colcon_core.shell:create_environment_hook('orbbec_camera_msgs', 'pythonpath')
[3.804s] INFO:colcon.colcon_core.shell:Creating environment hook '/home/bbcontact/magician_ros2/install/orbbec_camera_msgs/share/orbbec_camera_msgs/hook/pythonpath.ps1'
[3.805s] INFO:colcon.colcon_core.shell:Creating environment descriptor '/home/bbcontact/magician_ros2/install/orbbec_camera_msgs/share/orbbec_camera_msgs/hook/pythonpath.dsv'
[3.806s] INFO:colcon.colcon_core.shell:Creating environment hook '/home/bbcontact/magician_ros2/install/orbbec_camera_msgs/share/orbbec_camera_msgs/hook/pythonpath.sh'
[3.807s] Level 1:colcon.colcon_core.environment:checking '/home/bbcontact/magician_ros2/install/orbbec_camera_msgs/bin'
[3.808s] INFO:colcon.colcon_core.shell:Creating package script '/home/bbcontact/magician_ros2/install/orbbec_camera_msgs/share/orbbec_camera_msgs/package.ps1'
[3.809s] INFO:colcon.colcon_core.shell:Creating package descriptor '/home/bbcontact/magician_ros2/install/orbbec_camera_msgs/share/orbbec_camera_msgs/package.dsv'
[3.810s] INFO:colcon.colcon_core.shell:Creating package script '/home/bbcontact/magician_ros2/install/orbbec_camera_msgs/share/orbbec_camera_msgs/package.sh'
[3.811s] INFO:colcon.colcon_core.shell:Creating package script '/home/bbcontact/magician_ros2/install/orbbec_camera_msgs/share/orbbec_camera_msgs/package.bash'
[3.812s] INFO:colcon.colcon_core.shell:Creating package script '/home/bbcontact/magician_ros2/install/orbbec_camera_msgs/share/orbbec_camera_msgs/package.zsh'
[3.813s] Level 1:colcon.colcon_core.environment:create_file_with_runtime_dependencies(/home/bbcontact/magician_ros2/install/orbbec_camera_msgs/share/colcon-core/packages/orbbec_camera_msgs)
[3.814s] Level 1:colcon.colcon_core.environment:create_environment_scripts_only(orbbec_camera_msgs)
[3.814s] Level 1:colcon.colcon_core.environment:checking '/home/bbcontact/magician_ros2/install/orbbec_camera_msgs' for CMake module files
[3.816s] Level 1:colcon.colcon_core.environment:checking '/home/bbcontact/magician_ros2/install/orbbec_camera_msgs' for CMake config files
[3.817s] Level 1:colcon.colcon_core.shell:create_environment_hook('orbbec_camera_msgs', 'cmake_prefix_path')
[3.817s] INFO:colcon.colcon_core.shell:Creating environment hook '/home/bbcontact/magician_ros2/install/orbbec_camera_msgs/share/orbbec_camera_msgs/hook/cmake_prefix_path.ps1'
[3.818s] INFO:colcon.colcon_core.shell:Creating environment descriptor '/home/bbcontact/magician_ros2/install/orbbec_camera_msgs/share/orbbec_camera_msgs/hook/cmake_prefix_path.dsv'
[3.819s] INFO:colcon.colcon_core.shell:Creating environment hook '/home/bbcontact/magician_ros2/install/orbbec_camera_msgs/share/orbbec_camera_msgs/hook/cmake_prefix_path.sh'
[3.820s] Level 1:colcon.colcon_core.environment:checking '/home/bbcontact/magician_ros2/install/orbbec_camera_msgs/lib'
[3.821s] Level 1:colcon.colcon_core.shell:create_environment_hook('orbbec_camera_msgs', 'ld_library_path_lib')
[3.821s] INFO:colcon.colcon_core.shell:Creating environment hook '/home/bbcontact/magician_ros2/install/orbbec_camera_msgs/share/orbbec_camera_msgs/hook/ld_library_path_lib.ps1'
[3.822s] INFO:colcon.colcon_core.shell:Creating environment descriptor '/home/bbcontact/magician_ros2/install/orbbec_camera_msgs/share/orbbec_camera_msgs/hook/ld_library_path_lib.dsv'
[3.823s] INFO:colcon.colcon_core.shell:Creating environment hook '/home/bbcontact/magician_ros2/install/orbbec_camera_msgs/share/orbbec_camera_msgs/hook/ld_library_path_lib.sh'
[3.823s] Level 1:colcon.colcon_core.environment:checking '/home/bbcontact/magician_ros2/install/orbbec_camera_msgs/bin'
[3.823s] Level 1:colcon.colcon_core.environment:checking '/home/bbcontact/magician_ros2/install/orbbec_camera_msgs/lib/pkgconfig/orbbec_camera_msgs.pc'
[3.824s] Level 1:colcon.colcon_core.environment:checking '/home/bbcontact/magician_ros2/install/orbbec_camera_msgs/lib/python3.12/site-packages'
[3.824s] Level 1:colcon.colcon_core.shell:create_environment_hook('orbbec_camera_msgs', 'pythonpath')
[3.824s] INFO:colcon.colcon_core.shell:Creating environment hook '/home/bbcontact/magician_ros2/install/orbbec_camera_msgs/share/orbbec_camera_msgs/hook/pythonpath.ps1'
[3.825s] INFO:colcon.colcon_core.shell:Creating environment descriptor '/home/bbcontact/magician_ros2/install/orbbec_camera_msgs/share/orbbec_camera_msgs/hook/pythonpath.dsv'
[3.826s] INFO:colcon.colcon_core.shell:Creating environment hook '/home/bbcontact/magician_ros2/install/orbbec_camera_msgs/share/orbbec_camera_msgs/hook/pythonpath.sh'
[3.827s] Level 1:colcon.colcon_core.environment:checking '/home/bbcontact/magician_ros2/install/orbbec_camera_msgs/bin'
[3.828s] INFO:colcon.colcon_core.shell:Creating package script '/home/bbcontact/magician_ros2/install/orbbec_camera_msgs/share/orbbec_camera_msgs/package.ps1'
[3.829s] INFO:colcon.colcon_core.shell:Creating package descriptor '/home/bbcontact/magician_ros2/install/orbbec_camera_msgs/share/orbbec_camera_msgs/package.dsv'
[3.830s] INFO:colcon.colcon_core.shell:Creating package script '/home/bbcontact/magician_ros2/install/orbbec_camera_msgs/share/orbbec_camera_msgs/package.sh'
[3.831s] INFO:colcon.colcon_core.shell:Creating package script '/home/bbcontact/magician_ros2/install/orbbec_camera_msgs/share/orbbec_camera_msgs/package.bash'
[3.832s] INFO:colcon.colcon_core.shell:Creating package script '/home/bbcontact/magician_ros2/install/orbbec_camera_msgs/share/orbbec_camera_msgs/package.zsh'
[3.833s] Level 1:colcon.colcon_core.environment:create_file_with_runtime_dependencies(/home/bbcontact/magician_ros2/install/orbbec_camera_msgs/share/colcon-core/packages/orbbec_camera_msgs)
[3.835s] INFO:colcon.colcon_ros.task.ament_python.build:Building ROS package in '/home/bbcontact/magician_ros2/src/magician_ros2/dobot_motion' with build type 'ament_python'
[3.835s] Level 1:colcon.colcon_core.shell:create_environment_hook('dobot_motion', 'ament_prefix_path')
[3.836s] INFO:colcon.colcon_core.shell:Creating environment hook '/home/bbcontact/magician_ros2/install/dobot_motion/share/dobot_motion/hook/ament_prefix_path.ps1'
[3.837s] INFO:colcon.colcon_core.shell:Creating environment descriptor '/home/bbcontact/magician_ros2/install/dobot_motion/share/dobot_motion/hook/ament_prefix_path.dsv'
[3.837s] INFO:colcon.colcon_core.shell:Creating environment hook '/home/bbcontact/magician_ros2/install/dobot_motion/share/dobot_motion/hook/ament_prefix_path.sh'
[3.838s] INFO:colcon.colcon_core.shell:Skip shell extension 'powershell' for command environment: Not usable outside of PowerShell
[3.839s] DEBUG:colcon.colcon_core.shell:Skip shell extension 'dsv' for command environment
[4.532s] INFO:colcon.colcon_core.task.python.build:Building Python package in '/home/bbcontact/magician_ros2/src/magician_ros2/dobot_control_panel'
[4.532s] INFO:colcon.colcon_core.shell:Skip shell extension 'powershell' for command environment: Not usable outside of PowerShell
[4.532s] DEBUG:colcon.colcon_core.shell:Skip shell extension 'dsv' for command environment
[5.172s] INFO:colcon.colcon_core.task.python.build:Building Python package in '/home/bbcontact/magician_ros2/src/magician_ros2/dobot_diagnostics'
[5.172s] INFO:colcon.colcon_core.shell:Skip shell extension 'powershell' for command environment: Not usable outside of PowerShell
[5.172s] DEBUG:colcon.colcon_core.shell:Skip shell extension 'dsv' for command environment
[5.870s] INFO:colcon.colcon_core.task.python.build:Building Python package in '/home/bbcontact/magician_ros2/src/magician_ros2/dobot_end_effector'
[5.871s] INFO:colcon.colcon_core.shell:Skip shell extension 'powershell' for command environment: Not usable outside of PowerShell
[5.871s] DEBUG:colcon.colcon_core.shell:Skip shell extension 'dsv' for command environment
[6.468s] INFO:colcon.colcon_core.task.python.build:Building Python package in '/home/bbcontact/magician_ros2/src/magician_ros2/dobot_homing'
[6.468s] INFO:colcon.colcon_core.shell:Skip shell extension 'powershell' for command environment: Not usable outside of PowerShell
[6.468s] DEBUG:colcon.colcon_core.shell:Skip shell extension 'dsv' for command environment
[7.059s] INFO:colcon.colcon_core.task.python.build:Building Python package in '/home/bbcontact/magician_ros2/src/magician_ros2/dobot_kinematics'
[7.060s] INFO:colcon.colcon_core.shell:Skip shell extension 'powershell' for command environment: Not usable outside of PowerShell
[7.060s] DEBUG:colcon.colcon_core.shell:Skip shell extension 'dsv' for command environment
[7.654s] INFO:colcon.colcon_core.task.python.build:Building Python package in '/home/bbcontact/magician_ros2/src/magician_ros2/dobot_motion'
[7.654s] INFO:colcon.colcon_core.shell:Skip shell extension 'powershell' for command environment: Not usable outside of PowerShell
[7.654s] DEBUG:colcon.colcon_core.shell:Skip shell extension 'dsv' for command environment
[7.667s] DEBUG:colcon.colcon_core.task.python.build:Available setuptools commands: dist_info, build_ext, test, bdist_rpm, install_lib, develop, register, bdist, update_catalog, install_egg_info, compile_catalog, upload, symlink_data, egg_info, extract_messages, build_py, build_clib, editable_wheel, install_headers, bdist_wheel, alias, bdist_dumb, install, check, bdist_egg, install_data, easy_install, saveopts, install_scripts, setopt, sdist, init_catalog, build_scripts, rotate, clean, build, upload_docs
[7.668s] DEBUG:colcon.colcon_core.task.python.build:Available setuptools commands: dist_info, build_ext, test, bdist_rpm, install_lib, develop, register, bdist, update_catalog, install_egg_info, compile_catalog, upload, symlink_data, egg_info, extract_messages, build_py, build_clib, editable_wheel, install_headers, bdist_wheel, alias, bdist_dumb, install, check, bdist_egg, install_data, easy_install, saveopts, install_scripts, setopt, sdist, init_catalog, build_scripts, rotate, clean, build, upload_docs
[9.556s] DEBUG:colcon.colcon_core.task.python.build:Available setuptools 'develop' options: --version, --optimize, --install-dir, --no-find-links, --install-layout, --exclude-scripts, --egg-path, --find-links, --no-user-cfg, --help, --force-installation-into-system-dir, --index-url, --always-unzip, --prefix, --allow-hosts, --user, --editable, --site-dirs, --dry-run, --multi-version, --script-dir, --quiet, --build-directory, --zip-ok, --upgrade, --no-deps, --local-snapshots-ok, --record, --uninstall, --always-copy, --verbose
[9.562s] DEBUG:colcon.colcon_core.event_handler.log_command:Invoking command in '/home/bbcontact/magician_ros2/build/dobot_vision_yolo': DEBUGINFOD_URLS=https://debuginfod.ubuntu.com PYTHONPATH=/home/bbcontact/magician_ros2/build/dobot_vision_yolo/prefix_override:/usr/lib/python3/dist-packages/colcon_core/task/python/colcon_distutils_commands:/home/bbcontact/magician_ros2/install/dobot_vision_yolo/lib/python3.12/site-packages:${PYTHONPATH} /usr/bin/python3 -W ignore:setup.py install is deprecated -W ignore:easy_install command is deprecated setup.py develop --editable --build-directory /home/bbcontact/magician_ros2/build/dobot_vision_yolo/build --no-deps symlink_data
[9.762s] DEBUG:colcon.colcon_core.task.python.build:Available setuptools 'develop' options: --version, --optimize, --install-dir, --no-find-links, --install-layout, --exclude-scripts, --egg-path, --find-links, --no-user-cfg, --help, --force-installation-into-system-dir, --index-url, --always-unzip, --prefix, --allow-hosts, --user, --editable, --site-dirs, --dry-run, --multi-version, --script-dir, --quiet, --build-directory, --zip-ok, --upgrade, --no-deps, --local-snapshots-ok, --record, --uninstall, --always-copy, --verbose
[9.767s] DEBUG:colcon.colcon_core.event_handler.log_command:Invoking command in '/home/bbcontact/magician_ros2/build/dobot_visualization_tools': DEBUGINFOD_URLS=https://debuginfod.ubuntu.com PYTHONPATH=/home/bbcontact/magician_ros2/build/dobot_visualization_tools/prefix_override:/usr/lib/python3/dist-packages/colcon_core/task/python/colcon_distutils_commands:/home/bbcontact/magician_ros2/install/dobot_visualization_tools/lib/python3.12/site-packages:${PYTHONPATH} /usr/bin/python3 -W ignore:setup.py install is deprecated -W ignore:easy_install command is deprecated setup.py develop --editable --build-directory /home/bbcontact/magician_ros2/build/dobot_visualization_tools/build --no-deps symlink_data
[11.207s] DEBUG:colcon.colcon_core.task.python.build:Available setuptools commands: dist_info, build_ext, test, bdist_rpm, install_lib, develop, register, bdist, update_catalog, install_egg_info, compile_catalog, upload, symlink_data, egg_info, extract_messages, build_py, build_clib, editable_wheel, install_headers, bdist_wheel, alias, bdist_dumb, install, check, bdist_egg, install_data, easy_install, saveopts, install_scripts, setopt, sdist, init_catalog, build_scripts, rotate, clean, build, upload_docs
[11.296s] DEBUG:colcon.colcon_core.task.python.build:Available setuptools commands: dist_info, build_ext, test, bdist_rpm, install_lib, develop, register, bdist, update_catalog, install_egg_info, compile_catalog, upload, symlink_data, egg_info, extract_messages, build_py, build_clib, editable_wheel, install_headers, bdist_wheel, alias, bdist_dumb, install, check, bdist_egg, install_data, easy_install, saveopts, install_scripts, setopt, sdist, init_catalog, build_scripts, rotate, clean, build, upload_docs
[11.331s] DEBUG:colcon.colcon_core.task.python.build:Available setuptools commands: dist_info, build_ext, test, bdist_rpm, install_lib, develop, register, bdist, update_catalog, install_egg_info, compile_catalog, upload, symlink_data, egg_info, extract_messages, build_py, build_clib, editable_wheel, install_headers, bdist_wheel, alias, bdist_dumb, install, check, bdist_egg, install_data, easy_install, saveopts, install_scripts, setopt, sdist, init_catalog, build_scripts, rotate, clean, build, upload_docs
[11.350s] DEBUG:colcon.colcon_core.task.python.build:Available setuptools commands: dist_info, build_ext, test, bdist_rpm, install_lib, develop, register, bdist, update_catalog, install_egg_info, compile_catalog, upload, symlink_data, egg_info, extract_messages, build_py, build_clib, editable_wheel, install_headers, bdist_wheel, alias, bdist_dumb, install, check, bdist_egg, install_data, easy_install, saveopts, install_scripts, setopt, sdist, init_catalog, build_scripts, rotate, clean, build, upload_docs
[11.511s] DEBUG:colcon.colcon_core.task.python.build:Available setuptools commands: dist_info, build_ext, test, bdist_rpm, install_lib, develop, register, bdist, update_catalog, install_egg_info, compile_catalog, upload, symlink_data, egg_info, extract_messages, build_py, build_clib, editable_wheel, install_headers, bdist_wheel, alias, bdist_dumb, install, check, bdist_egg, install_data, easy_install, saveopts, install_scripts, setopt, sdist, init_catalog, build_scripts, rotate, clean, build, upload_docs
[11.602s] DEBUG:colcon.colcon_core.task.python.build:Available setuptools commands: dist_info, build_ext, test, bdist_rpm, install_lib, develop, register, bdist, update_catalog, install_egg_info, compile_catalog, upload, symlink_data, egg_info, extract_messages, build_py, build_clib, editable_wheel, install_headers, bdist_wheel, alias, bdist_dumb, install, check, bdist_egg, install_data, easy_install, saveopts, install_scripts, setopt, sdist, init_catalog, build_scripts, rotate, clean, build, upload_docs
[13.060s] DEBUG:colcon.colcon_core.task.python.build:Available setuptools 'develop' options: --version, --optimize, --install-dir, --no-find-links, --install-layout, --exclude-scripts, --egg-path, --find-links, --no-user-cfg, --help, --force-installation-into-system-dir, --index-url, --always-unzip, --prefix, --allow-hosts, --user, --editable, --site-dirs, --dry-run, --multi-version, --script-dir, --quiet, --build-directory, --zip-ok, --upgrade, --no-deps, --local-snapshots-ok, --record, --uninstall, --always-copy, --verbose
[13.065s] DEBUG:colcon.colcon_core.event_handler.log_command:Invoking command in '/home/bbcontact/magician_ros2/build/dobot_end_effector': CMAKE_PREFIX_PATH=/home/bbcontact/magician_ros2/install/dobot_msgs:/home/bbcontact/magician_ros2/install/dobot_driver:/home/bbcontact/magician_ros2/install/orbbec_description:/home/bbcontact/magician_ros2/install/orbbec_camera:/home/bbcontact/magician_ros2/install/orbbec_camera_msgs:/home/bbcontact/magician_ros2/install/dobot_description:/opt/ros/jazzy/opt/gz_sim_vendor:/opt/ros/jazzy/opt/gz_sensors_vendor:/opt/ros/jazzy/opt/gz_physics_vendor:/opt/ros/jazzy/opt/sdformat_vendor:/opt/ros/jazzy/opt/gz_gui_vendor:/opt/ros/jazzy/opt/gz_transport_vendor:/opt/ros/jazzy/opt/gz_rendering_vendor:/opt/ros/jazzy/opt/gz_plugin_vendor:/opt/ros/jazzy/opt/gz_fuel_tools_vendor:/opt/ros/jazzy/opt/gz_msgs_vendor:/opt/ros/jazzy/opt/gz_common_vendor:/opt/ros/jazzy/opt/gz_math_vendor:/opt/ros/jazzy/opt/gz_utils_vendor:/opt/ros/jazzy/opt/gz_tools_vendor:/opt/ros/jazzy/opt/gz_ogre_next_vendor:/opt/ros/jazzy/opt/gz_dartsim_vendor:/opt/ros/jazzy/opt/gz_cmake_vendor DEBUGINFOD_URLS=https://debuginfod.ubuntu.com LD_LIBRARY_PATH=/home/bbcontact/magician_ros2/install/dobot_msgs/lib:/home/bbcontact/magician_ros2/install/orbbec_camera/lib:/home/bbcontact/magician_ros2/install/orbbec_camera_msgs/lib:/opt/ros/jazzy/opt/gz_sim_vendor/lib:/opt/ros/jazzy/opt/gz_sensors_vendor/lib:/opt/ros/jazzy/opt/gz_physics_vendor/lib:/opt/ros/jazzy/opt/sdformat_vendor/lib:/opt/ros/jazzy/opt/rviz_ogre_vendor/lib:/opt/ros/jazzy/lib/x86_64-linux-gnu:/opt/ros/jazzy/opt/gz_gui_vendor/lib:/opt/ros/jazzy/opt/gz_transport_vendor/lib:/opt/ros/jazzy/opt/gz_rendering_vendor/lib:/opt/ros/jazzy/opt/gz_plugin_vendor/lib:/opt/ros/jazzy/opt/gz_fuel_tools_vendor/lib:/opt/ros/jazzy/opt/gz_msgs_vendor/lib:/opt/ros/jazzy/opt/gz_common_vendor/lib:/opt/ros/jazzy/opt/gz_math_vendor/lib:/opt/ros/jazzy/opt/gz_utils_vendor/lib:/opt/ros/jazzy/opt/gz_tools_vendor/lib:/opt/ros/jazzy/opt/gz_ogre_next_vendor/lib:/opt/ros/jazzy/opt/gz_dartsim_vendor/lib:/opt/ros/jazzy/opt/gz_cmake_vendor/lib:/opt/ros/jazzy/lib PYTHONPATH=/home/bbcontact/magician_ros2/build/dobot_end_effector/prefix_override:/usr/lib/python3/dist-packages/colcon_core/task/python/colcon_distutils_commands:/home/bbcontact/magician_ros2/install/dobot_end_effector/lib/python3.12/site-packages:/home/bbcontact/magician_ros2/install/dobot_msgs/lib/python3.12/site-packages:/home/bbcontact/magician_ros2/install/dobot_driver/lib/python3.12/site-packages:/home/bbcontact/magician_ros2/build/dobot_vision_rgbd:/home/bbcontact/magician_ros2/install/dobot_vision_rgbd/lib/python3.12/site-packages:/home/bbcontact/magician_ros2/install/orbbec_camera_msgs/lib/python3.12/site-packages:/home/bbcontact/magician_ros2/build/dobot_visualization_tools:/home/bbcontact/magician_ros2/install/dobot_visualization_tools/lib/python3.12/site-packages:/home/bbcontact/magician_ros2/build/dobot_vision_yolo:/home/bbcontact/magician_ros2/install/dobot_vision_yolo/lib/python3.12/site-packages:/home/bbcontact/magician_ros2/build/dobot_bringup:/home/bbcontact/magician_ros2/install/dobot_bringup/lib/python3.12/site-packages:/home/bbcontact/magician_ros2/build/dobot_state_updater:/home/bbcontact/magician_ros2/install/dobot_state_updater/lib/python3.12/site-packages:/home/bbcontact/magician_ros2/build/dobot_object_vision:/home/bbcontact/magician_ros2/install/dobot_object_vision/lib/python3.12/site-packages:/home/bbcontact/magician_ros2/build/dobot_motion:/home/bbcontact/magician_ros2/install/dobot_motion/lib/python3.12/site-packages:/home/bbcontact/magician_ros2/build/dobot_kinematics:/home/bbcontact/magician_ros2/install/dobot_kinematics/lib/python3.12/site-packages:/home/bbcontact/magician_ros2/build/dobot_homing:/home/bbcontact/magician_ros2/install/dobot_homing/lib/python3.12/site-packages:/home/bbcontact/magician_ros2/build/dobot_end_effector:/home/bbcontact/magician_ros2/install/dobot_end_effector/lib/python3.12/site-packages:/home/bbcontact/magician_ros2/build/dobot_diagnostics:/home/bbcontact/magician_ros2/install/dobot_diagnostics/lib/python3.12/site-packages:/home/bbcontact/magician_ros2/build/dobot_demos:/home/bbcontact/magician_ros2/install/dobot_demos/lib/python3.12/site-packages:/home/bbcontact/magician_ros2/build/dobot_calibration:/home/bbcontact/magician_ros2/install/dobot_calibration/lib/python3.12/site-packages:/home/bbcontact/magician_ros2/build/dobot_control_panel:/home/bbcontact/magician_ros2/install/dobot_control_panel/lib/python3.12/site-packages:/opt/ros/jazzy/lib/python3.12/site-packages /usr/bin/python3 -W ignore:setup.py install is deprecated -W ignore:easy_install command is deprecated setup.py develop --editable --build-directory /home/bbcontact/magician_ros2/build/dobot_end_effector/build --no-deps symlink_data
[13.184s] DEBUG:colcon.colcon_core.task.python.build:Available setuptools 'develop' options: --version, --optimize, --install-dir, --no-find-links, --install-layout, --exclude-scripts, --egg-path, --find-links, --no-user-cfg, --help, --force-installation-into-system-dir, --index-url, --always-unzip, --prefix, --allow-hosts, --user, --editable, --site-dirs, --dry-run, --multi-version, --script-dir, --quiet, --build-directory, --zip-ok, --upgrade, --no-deps, --local-snapshots-ok, --record, --uninstall, --always-copy, --verbose
[13.189s] DEBUG:colcon.colcon_core.event_handler.log_command:Invoking command in '/home/bbcontact/magician_ros2/build/dobot_diagnostics': CMAKE_PREFIX_PATH=/home/bbcontact/magician_ros2/install/dobot_msgs:/home/bbcontact/magician_ros2/install/orbbec_description:/home/bbcontact/magician_ros2/install/orbbec_camera:/home/bbcontact/magician_ros2/install/orbbec_camera_msgs:/home/bbcontact/magician_ros2/install/dobot_driver:/home/bbcontact/magician_ros2/install/dobot_description:/opt/ros/jazzy/opt/gz_sim_vendor:/opt/ros/jazzy/opt/gz_sensors_vendor:/opt/ros/jazzy/opt/gz_physics_vendor:/opt/ros/jazzy/opt/sdformat_vendor:/opt/ros/jazzy/opt/gz_gui_vendor:/opt/ros/jazzy/opt/gz_transport_vendor:/opt/ros/jazzy/opt/gz_rendering_vendor:/opt/ros/jazzy/opt/gz_plugin_vendor:/opt/ros/jazzy/opt/gz_fuel_tools_vendor:/opt/ros/jazzy/opt/gz_msgs_vendor:/opt/ros/jazzy/opt/gz_common_vendor:/opt/ros/jazzy/opt/gz_math_vendor:/opt/ros/jazzy/opt/gz_utils_vendor:/opt/ros/jazzy/opt/gz_tools_vendor:/opt/ros/jazzy/opt/gz_ogre_next_vendor:/opt/ros/jazzy/opt/gz_dartsim_vendor:/opt/ros/jazzy/opt/gz_cmake_vendor DEBUGINFOD_URLS=https://debuginfod.ubuntu.com LD_LIBRARY_PATH=/home/bbcontact/magician_ros2/install/dobot_msgs/lib:/home/bbcontact/magician_ros2/install/orbbec_camera/lib:/home/bbcontact/magician_ros2/install/orbbec_camera_msgs/lib:/opt/ros/jazzy/opt/gz_sim_vendor/lib:/opt/ros/jazzy/opt/gz_sensors_vendor/lib:/opt/ros/jazzy/opt/gz_physics_vendor/lib:/opt/ros/jazzy/opt/sdformat_vendor/lib:/opt/ros/jazzy/opt/rviz_ogre_vendor/lib:/opt/ros/jazzy/lib/x86_64-linux-gnu:/opt/ros/jazzy/opt/gz_gui_vendor/lib:/opt/ros/jazzy/opt/gz_transport_vendor/lib:/opt/ros/jazzy/opt/gz_rendering_vendor/lib:/opt/ros/jazzy/opt/gz_plugin_vendor/lib:/opt/ros/jazzy/opt/gz_fuel_tools_vendor/lib:/opt/ros/jazzy/opt/gz_msgs_vendor/lib:/opt/ros/jazzy/opt/gz_common_vendor/lib:/opt/ros/jazzy/opt/gz_math_vendor/lib:/opt/ros/jazzy/opt/gz_utils_vendor/lib:/opt/ros/jazzy/opt/gz_tools_vendor/lib:/opt/ros/jazzy/opt/gz_ogre_next_vendor/lib:/opt/ros/jazzy/opt/gz_dartsim_vendor/lib:/opt/ros/jazzy/opt/gz_cmake_vendor/lib:/opt/ros/jazzy/lib PYTHONPATH=/home/bbcontact/magician_ros2/build/dobot_diagnostics/prefix_override:/usr/lib/python3/dist-packages/colcon_core/task/python/colcon_distutils_commands:/home/bbcontact/magician_ros2/install/dobot_diagnostics/lib/python3.12/site-packages:/home/bbcontact/magician_ros2/install/dobot_msgs/lib/python3.12/site-packages:/home/bbcontact/magician_ros2/build/dobot_vision_rgbd:/home/bbcontact/magician_ros2/install/dobot_vision_rgbd/lib/python3.12/site-packages:/home/bbcontact/magician_ros2/install/orbbec_camera_msgs/lib/python3.12/site-packages:/home/bbcontact/magician_ros2/build/dobot_visualization_tools:/home/bbcontact/magician_ros2/install/dobot_visualization_tools/lib/python3.12/site-packages:/home/bbcontact/magician_ros2/build/dobot_vision_yolo:/home/bbcontact/magician_ros2/install/dobot_vision_yolo/lib/python3.12/site-packages:/home/bbcontact/magician_ros2/build/dobot_bringup:/home/bbcontact/magician_ros2/install/dobot_bringup/lib/python3.12/site-packages:/home/bbcontact/magician_ros2/build/dobot_state_updater:/home/bbcontact/magician_ros2/install/dobot_state_updater/lib/python3.12/site-packages:/home/bbcontact/magician_ros2/build/dobot_object_vision:/home/bbcontact/magician_ros2/install/dobot_object_vision/lib/python3.12/site-packages:/home/bbcontact/magician_ros2/build/dobot_motion:/home/bbcontact/magician_ros2/install/dobot_motion/lib/python3.12/site-packages:/home/bbcontact/magician_ros2/build/dobot_kinematics:/home/bbcontact/magician_ros2/install/dobot_kinematics/lib/python3.12/site-packages:/home/bbcontact/magician_ros2/build/dobot_homing:/home/bbcontact/magician_ros2/install/dobot_homing/lib/python3.12/site-packages:/home/bbcontact/magician_ros2/build/dobot_end_effector:/home/bbcontact/magician_ros2/install/dobot_end_effector/lib/python3.12/site-packages:/home/bbcontact/magician_ros2/build/dobot_diagnostics:/home/bbcontact/magician_ros2/install/dobot_diagnostics/lib/python3.12/site-packages:/home/bbcontact/magician_ros2/build/dobot_demos:/home/bbcontact/magician_ros2/install/dobot_demos/lib/python3.12/site-packages:/home/bbcontact/magician_ros2/build/dobot_calibration:/home/bbcontact/magician_ros2/install/dobot_calibration/lib/python3.12/site-packages:/home/bbcontact/magician_ros2/build/dobot_control_panel:/home/bbcontact/magician_ros2/install/dobot_control_panel/lib/python3.12/site-packages:/home/bbcontact/magician_ros2/install/dobot_driver/lib/python3.12/site-packages:/opt/ros/jazzy/lib/python3.12/site-packages /usr/bin/python3 -W ignore:setup.py install is deprecated -W ignore:easy_install command is deprecated setup.py develop --editable --build-directory /home/bbcontact/magician_ros2/build/dobot_diagnostics/build --no-deps symlink_data
[13.334s] DEBUG:colcon.colcon_core.task.python.build:Available setuptools 'develop' options: --version, --optimize, --install-dir, --no-find-links, --install-layout, --exclude-scripts, --egg-path, --find-links, --no-user-cfg, --help, --force-installation-into-system-dir, --index-url, --always-unzip, --prefix, --allow-hosts, --user, --editable, --site-dirs, --dry-run, --multi-version, --script-dir, --quiet, --build-directory, --zip-ok, --upgrade, --no-deps, --local-snapshots-ok, --record, --uninstall, --always-copy, --verbose
[13.340s] DEBUG:colcon.colcon_core.event_handler.log_command:Invoking command in '/home/bbcontact/magician_ros2/build/dobot_homing': CMAKE_PREFIX_PATH=/home/bbcontact/magician_ros2/install/dobot_msgs:/home/bbcontact/magician_ros2/install/dobot_driver:/home/bbcontact/magician_ros2/install/orbbec_description:/home/bbcontact/magician_ros2/install/orbbec_camera:/home/bbcontact/magician_ros2/install/orbbec_camera_msgs:/home/bbcontact/magician_ros2/install/dobot_description:/opt/ros/jazzy/opt/gz_sim_vendor:/opt/ros/jazzy/opt/gz_sensors_vendor:/opt/ros/jazzy/opt/gz_physics_vendor:/opt/ros/jazzy/opt/sdformat_vendor:/opt/ros/jazzy/opt/gz_gui_vendor:/opt/ros/jazzy/opt/gz_transport_vendor:/opt/ros/jazzy/opt/gz_rendering_vendor:/opt/ros/jazzy/opt/gz_plugin_vendor:/opt/ros/jazzy/opt/gz_fuel_tools_vendor:/opt/ros/jazzy/opt/gz_msgs_vendor:/opt/ros/jazzy/opt/gz_common_vendor:/opt/ros/jazzy/opt/gz_math_vendor:/opt/ros/jazzy/opt/gz_utils_vendor:/opt/ros/jazzy/opt/gz_tools_vendor:/opt/ros/jazzy/opt/gz_ogre_next_vendor:/opt/ros/jazzy/opt/gz_dartsim_vendor:/opt/ros/jazzy/opt/gz_cmake_vendor DEBUGINFOD_URLS=https://debuginfod.ubuntu.com LD_LIBRARY_PATH=/home/bbcontact/magician_ros2/install/dobot_msgs/lib:/home/bbcontact/magician_ros2/install/orbbec_camera/lib:/home/bbcontact/magician_ros2/install/orbbec_camera_msgs/lib:/opt/ros/jazzy/opt/gz_sim_vendor/lib:/opt/ros/jazzy/opt/gz_sensors_vendor/lib:/opt/ros/jazzy/opt/gz_physics_vendor/lib:/opt/ros/jazzy/opt/sdformat_vendor/lib:/opt/ros/jazzy/opt/rviz_ogre_vendor/lib:/opt/ros/jazzy/lib/x86_64-linux-gnu:/opt/ros/jazzy/opt/gz_gui_vendor/lib:/opt/ros/jazzy/opt/gz_transport_vendor/lib:/opt/ros/jazzy/opt/gz_rendering_vendor/lib:/opt/ros/jazzy/opt/gz_plugin_vendor/lib:/opt/ros/jazzy/opt/gz_fuel_tools_vendor/lib:/opt/ros/jazzy/opt/gz_msgs_vendor/lib:/opt/ros/jazzy/opt/gz_common_vendor/lib:/opt/ros/jazzy/opt/gz_math_vendor/lib:/opt/ros/jazzy/opt/gz_utils_vendor/lib:/opt/ros/jazzy/opt/gz_tools_vendor/lib:/opt/ros/jazzy/opt/gz_ogre_next_vendor/lib:/opt/ros/jazzy/opt/gz_dartsim_vendor/lib:/opt/ros/jazzy/opt/gz_cmake_vendor/lib:/opt/ros/jazzy/lib PYTHONPATH=/home/bbcontact/magician_ros2/build/dobot_homing/prefix_override:/usr/lib/python3/dist-packages/colcon_core/task/python/colcon_distutils_commands:/home/bbcontact/magician_ros2/install/dobot_homing/lib/python3.12/site-packages:/home/bbcontact/magician_ros2/install/dobot_msgs/lib/python3.12/site-packages:/home/bbcontact/magician_ros2/install/dobot_driver/lib/python3.12/site-packages:/home/bbcontact/magician_ros2/build/dobot_vision_rgbd:/home/bbcontact/magician_ros2/install/dobot_vision_rgbd/lib/python3.12/site-packages:/home/bbcontact/magician_ros2/install/orbbec_camera_msgs/lib/python3.12/site-packages:/home/bbcontact/magician_ros2/build/dobot_visualization_tools:/home/bbcontact/magician_ros2/install/dobot_visualization_tools/lib/python3.12/site-packages:/home/bbcontact/magician_ros2/build/dobot_vision_yolo:/home/bbcontact/magician_ros2/install/dobot_vision_yolo/lib/python3.12/site-packages:/home/bbcontact/magician_ros2/build/dobot_bringup:/home/bbcontact/magician_ros2/install/dobot_bringup/lib/python3.12/site-packages:/home/bbcontact/magician_ros2/build/dobot_state_updater:/home/bbcontact/magician_ros2/install/dobot_state_updater/lib/python3.12/site-packages:/home/bbcontact/magician_ros2/build/dobot_object_vision:/home/bbcontact/magician_ros2/install/dobot_object_vision/lib/python3.12/site-packages:/home/bbcontact/magician_ros2/build/dobot_motion:/home/bbcontact/magician_ros2/install/dobot_motion/lib/python3.12/site-packages:/home/bbcontact/magician_ros2/build/dobot_kinematics:/home/bbcontact/magician_ros2/install/dobot_kinematics/lib/python3.12/site-packages:/home/bbcontact/magician_ros2/build/dobot_homing:/home/bbcontact/magician_ros2/install/dobot_homing/lib/python3.12/site-packages:/home/bbcontact/magician_ros2/build/dobot_end_effector:/home/bbcontact/magician_ros2/install/dobot_end_effector/lib/python3.12/site-packages:/home/bbcontact/magician_ros2/build/dobot_diagnostics:/home/bbcontact/magician_ros2/install/dobot_diagnostics/lib/python3.12/site-packages:/home/bbcontact/magician_ros2/build/dobot_demos:/home/bbcontact/magician_ros2/install/dobot_demos/lib/python3.12/site-packages:/home/bbcontact/magician_ros2/build/dobot_calibration:/home/bbcontact/magician_ros2/install/dobot_calibration/lib/python3.12/site-packages:/home/bbcontact/magician_ros2/build/dobot_control_panel:/home/bbcontact/magician_ros2/install/dobot_control_panel/lib/python3.12/site-packages:/opt/ros/jazzy/lib/python3.12/site-packages /usr/bin/python3 -W ignore:setup.py install is deprecated -W ignore:easy_install command is deprecated setup.py develop --editable --build-directory /home/bbcontact/magician_ros2/build/dobot_homing/build --no-deps symlink_data
[13.444s] DEBUG:colcon.colcon_core.task.python.build:Available setuptools 'develop' options: --version, --optimize, --install-dir, --no-find-links, --install-layout, --exclude-scripts, --egg-path, --find-links, --no-user-cfg, --help, --force-installation-into-system-dir, --index-url, --always-unzip, --prefix, --allow-hosts, --user, --editable, --site-dirs, --dry-run, --multi-version, --script-dir, --quiet, --build-directory, --zip-ok, --upgrade, --no-deps, --local-snapshots-ok, --record, --uninstall, --always-copy, --verbose
[13.454s] DEBUG:colcon.colcon_core.event_handler.log_command:Invoking command in '/home/bbcontact/magician_ros2/build/dobot_control_panel': CMAKE_PREFIX_PATH=/home/bbcontact/magician_ros2/install/dobot_driver:/home/bbcontact/magician_ros2/install/orbbec_description:/home/bbcontact/magician_ros2/install/orbbec_camera:/home/bbcontact/magician_ros2/install/orbbec_camera_msgs:/home/bbcontact/magician_ros2/install/dobot_msgs:/home/bbcontact/magician_ros2/install/dobot_description:/opt/ros/jazzy/opt/gz_sim_vendor:/opt/ros/jazzy/opt/gz_sensors_vendor:/opt/ros/jazzy/opt/gz_physics_vendor:/opt/ros/jazzy/opt/sdformat_vendor:/opt/ros/jazzy/opt/gz_gui_vendor:/opt/ros/jazzy/opt/gz_transport_vendor:/opt/ros/jazzy/opt/gz_rendering_vendor:/opt/ros/jazzy/opt/gz_plugin_vendor:/opt/ros/jazzy/opt/gz_fuel_tools_vendor:/opt/ros/jazzy/opt/gz_msgs_vendor:/opt/ros/jazzy/opt/gz_common_vendor:/opt/ros/jazzy/opt/gz_math_vendor:/opt/ros/jazzy/opt/gz_utils_vendor:/opt/ros/jazzy/opt/gz_tools_vendor:/opt/ros/jazzy/opt/gz_ogre_next_vendor:/opt/ros/jazzy/opt/gz_dartsim_vendor:/opt/ros/jazzy/opt/gz_cmake_vendor DEBUGINFOD_URLS=https://debuginfod.ubuntu.com PYTHONPATH=/home/bbcontact/magician_ros2/build/dobot_control_panel/prefix_override:/usr/lib/python3/dist-packages/colcon_core/task/python/colcon_distutils_commands:/home/bbcontact/magician_ros2/install/dobot_control_panel/lib/python3.12/site-packages:/home/bbcontact/magician_ros2/install/dobot_driver/lib/python3.12/site-packages:/home/bbcontact/magician_ros2/build/dobot_vision_rgbd:/home/bbcontact/magician_ros2/install/dobot_vision_rgbd/lib/python3.12/site-packages:/home/bbcontact/magician_ros2/install/orbbec_camera_msgs/lib/python3.12/site-packages:/home/bbcontact/magician_ros2/build/dobot_visualization_tools:/home/bbcontact/magician_ros2/install/dobot_visualization_tools/lib/python3.12/site-packages:/home/bbcontact/magician_ros2/build/dobot_vision_yolo:/home/bbcontact/magician_ros2/install/dobot_vision_yolo/lib/python3.12/site-packages:/home/bbcontact/magician_ros2/build/dobot_bringup:/home/bbcontact/magician_ros2/install/dobot_bringup/lib/python3.12/site-packages:/home/bbcontact/magician_ros2/build/dobot_state_updater:/home/bbcontact/magician_ros2/install/dobot_state_updater/lib/python3.12/site-packages:/home/bbcontact/magician_ros2/build/dobot_object_vision:/home/bbcontact/magician_ros2/install/dobot_object_vision/lib/python3.12/site-packages:/home/bbcontact/magician_ros2/build/dobot_motion:/home/bbcontact/magician_ros2/install/dobot_motion/lib/python3.12/site-packages:/home/bbcontact/magician_ros2/build/dobot_kinematics:/home/bbcontact/magician_ros2/install/dobot_kinematics/lib/python3.12/site-packages:/home/bbcontact/magician_ros2/build/dobot_homing:/home/bbcontact/magician_ros2/install/dobot_homing/lib/python3.12/site-packages:/home/bbcontact/magician_ros2/build/dobot_end_effector:/home/bbcontact/magician_ros2/install/dobot_end_effector/lib/python3.12/site-packages:/home/bbcontact/magician_ros2/build/dobot_diagnostics:/home/bbcontact/magician_ros2/install/dobot_diagnostics/lib/python3.12/site-packages:/home/bbcontact/magician_ros2/build/dobot_demos:/home/bbcontact/magician_ros2/install/dobot_demos/lib/python3.12/site-packages:/home/bbcontact/magician_ros2/build/dobot_calibration:/home/bbcontact/magician_ros2/install/dobot_calibration/lib/python3.12/site-packages:/home/bbcontact/magician_ros2/install/dobot_msgs/lib/python3.12/site-packages:/home/bbcontact/magician_ros2/build/dobot_control_panel:/home/bbcontact/magician_ros2/install/dobot_control_panel/lib/python3.12/site-packages:/opt/ros/jazzy/lib/python3.12/site-packages /usr/bin/python3 -W ignore:setup.py install is deprecated -W ignore:easy_install command is deprecated setup.py develop --editable --build-directory /home/bbcontact/magician_ros2/build/dobot_control_panel/build --no-deps symlink_data
[13.629s] DEBUG:colcon.colcon_core.task.python.build:Available setuptools 'develop' options: --version, --optimize, --install-dir, --no-find-links, --install-layout, --exclude-scripts, --egg-path, --find-links, --no-user-cfg, --help, --force-installation-into-system-dir, --index-url, --always-unzip, --prefix, --allow-hosts, --user, --editable, --site-dirs, --dry-run, --multi-version, --script-dir, --quiet, --build-directory, --zip-ok, --upgrade, --no-deps, --local-snapshots-ok, --record, --uninstall, --always-copy, --verbose
[13.639s] DEBUG:colcon.colcon_core.event_handler.log_command:Invoking command in '/home/bbcontact/magician_ros2/build/dobot_kinematics': CMAKE_PREFIX_PATH=/home/bbcontact/magician_ros2/install/dobot_msgs:/home/bbcontact/magician_ros2/install/dobot_description:/home/bbcontact/magician_ros2/install/orbbec_description:/home/bbcontact/magician_ros2/install/orbbec_camera:/home/bbcontact/magician_ros2/install/orbbec_camera_msgs:/home/bbcontact/magician_ros2/install/dobot_driver:/opt/ros/jazzy/opt/gz_sim_vendor:/opt/ros/jazzy/opt/gz_sensors_vendor:/opt/ros/jazzy/opt/gz_physics_vendor:/opt/ros/jazzy/opt/sdformat_vendor:/opt/ros/jazzy/opt/gz_gui_vendor:/opt/ros/jazzy/opt/gz_transport_vendor:/opt/ros/jazzy/opt/gz_rendering_vendor:/opt/ros/jazzy/opt/gz_plugin_vendor:/opt/ros/jazzy/opt/gz_fuel_tools_vendor:/opt/ros/jazzy/opt/gz_msgs_vendor:/opt/ros/jazzy/opt/gz_common_vendor:/opt/ros/jazzy/opt/gz_math_vendor:/opt/ros/jazzy/opt/gz_utils_vendor:/opt/ros/jazzy/opt/gz_tools_vendor:/opt/ros/jazzy/opt/gz_ogre_next_vendor:/opt/ros/jazzy/opt/gz_dartsim_vendor:/opt/ros/jazzy/opt/gz_cmake_vendor DEBUGINFOD_URLS=https://debuginfod.ubuntu.com LD_LIBRARY_PATH=/home/bbcontact/magician_ros2/install/dobot_msgs/lib:/home/bbcontact/magician_ros2/install/orbbec_camera/lib:/home/bbcontact/magician_ros2/install/orbbec_camera_msgs/lib:/opt/ros/jazzy/opt/gz_sim_vendor/lib:/opt/ros/jazzy/opt/gz_sensors_vendor/lib:/opt/ros/jazzy/opt/gz_physics_vendor/lib:/opt/ros/jazzy/opt/sdformat_vendor/lib:/opt/ros/jazzy/opt/rviz_ogre_vendor/lib:/opt/ros/jazzy/lib/x86_64-linux-gnu:/opt/ros/jazzy/opt/gz_gui_vendor/lib:/opt/ros/jazzy/opt/gz_transport_vendor/lib:/opt/ros/jazzy/opt/gz_rendering_vendor/lib:/opt/ros/jazzy/opt/gz_plugin_vendor/lib:/opt/ros/jazzy/opt/gz_fuel_tools_vendor/lib:/opt/ros/jazzy/opt/gz_msgs_vendor/lib:/opt/ros/jazzy/opt/gz_common_vendor/lib:/opt/ros/jazzy/opt/gz_math_vendor/lib:/opt/ros/jazzy/opt/gz_utils_vendor/lib:/opt/ros/jazzy/opt/gz_tools_vendor/lib:/opt/ros/jazzy/opt/gz_ogre_next_vendor/lib:/opt/ros/jazzy/opt/gz_dartsim_vendor/lib:/opt/ros/jazzy/opt/gz_cmake_vendor/lib:/opt/ros/jazzy/lib PYTHONPATH=/home/bbcontact/magician_ros2/build/dobot_kinematics/prefix_override:/usr/lib/python3/dist-packages/colcon_core/task/python/colcon_distutils_commands:/home/bbcontact/magician_ros2/install/dobot_kinematics/lib/python3.12/site-packages:/home/bbcontact/magician_ros2/install/dobot_msgs/lib/python3.12/site-packages:/home/bbcontact/magician_ros2/build/dobot_vision_rgbd:/home/bbcontact/magician_ros2/install/dobot_vision_rgbd/lib/python3.12/site-packages:/home/bbcontact/magician_ros2/install/orbbec_camera_msgs/lib/python3.12/site-packages:/home/bbcontact/magician_ros2/build/dobot_visualization_tools:/home/bbcontact/magician_ros2/install/dobot_visualization_tools/lib/python3.12/site-packages:/home/bbcontact/magician_ros2/build/dobot_vision_yolo:/home/bbcontact/magician_ros2/install/dobot_vision_yolo/lib/python3.12/site-packages:/home/bbcontact/magician_ros2/build/dobot_bringup:/home/bbcontact/magician_ros2/install/dobot_bringup/lib/python3.12/site-packages:/home/bbcontact/magician_ros2/build/dobot_state_updater:/home/bbcontact/magician_ros2/install/dobot_state_updater/lib/python3.12/site-packages:/home/bbcontact/magician_ros2/build/dobot_object_vision:/home/bbcontact/magician_ros2/install/dobot_object_vision/lib/python3.12/site-packages:/home/bbcontact/magician_ros2/build/dobot_motion:/home/bbcontact/magician_ros2/install/dobot_motion/lib/python3.12/site-packages:/home/bbcontact/magician_ros2/build/dobot_kinematics:/home/bbcontact/magician_ros2/install/dobot_kinematics/lib/python3.12/site-packages:/home/bbcontact/magician_ros2/build/dobot_homing:/home/bbcontact/magician_ros2/install/dobot_homing/lib/python3.12/site-packages:/home/bbcontact/magician_ros2/build/dobot_end_effector:/home/bbcontact/magician_ros2/install/dobot_end_effector/lib/python3.12/site-packages:/home/bbcontact/magician_ros2/build/dobot_diagnostics:/home/bbcontact/magician_ros2/install/dobot_diagnostics/lib/python3.12/site-packages:/home/bbcontact/magician_ros2/build/dobot_demos:/home/bbcontact/magician_ros2/install/dobot_demos/lib/python3.12/site-packages:/home/bbcontact/magician_ros2/build/dobot_calibration:/home/bbcontact/magician_ros2/install/dobot_calibration/lib/python3.12/site-packages:/home/bbcontact/magician_ros2/build/dobot_control_panel:/home/bbcontact/magician_ros2/install/dobot_control_panel/lib/python3.12/site-packages:/home/bbcontact/magician_ros2/install/dobot_driver/lib/python3.12/site-packages:/opt/ros/jazzy/lib/python3.12/site-packages /usr/bin/python3 -W ignore:setup.py install is deprecated -W ignore:easy_install command is deprecated setup.py develop --editable --build-directory /home/bbcontact/magician_ros2/build/dobot_kinematics/build --no-deps symlink_data
[13.667s] DEBUG:colcon.colcon_core.task.python.build:Available setuptools 'develop' options: --version, --optimize, --install-dir, --no-find-links, --install-layout, --exclude-scripts, --egg-path, --find-links, --no-user-cfg, --help, --force-installation-into-system-dir, --index-url, --always-unzip, --prefix, --allow-hosts, --user, --editable, --site-dirs, --dry-run, --multi-version, --script-dir, --quiet, --build-directory, --zip-ok, --upgrade, --no-deps, --local-snapshots-ok, --record, --uninstall, --always-copy, --verbose
[13.678s] DEBUG:colcon.colcon_core.event_handler.log_command:Invoking command in '/home/bbcontact/magician_ros2/build/dobot_motion': CMAKE_PREFIX_PATH=/home/bbcontact/magician_ros2/install/dobot_msgs:/home/bbcontact/magician_ros2/install/dobot_driver:/home/bbcontact/magician_ros2/install/orbbec_description:/home/bbcontact/magician_ros2/install/orbbec_camera:/home/bbcontact/magician_ros2/install/orbbec_camera_msgs:/home/bbcontact/magician_ros2/install/dobot_description:/opt/ros/jazzy/opt/gz_sim_vendor:/opt/ros/jazzy/opt/gz_sensors_vendor:/opt/ros/jazzy/opt/gz_physics_vendor:/opt/ros/jazzy/opt/sdformat_vendor:/opt/ros/jazzy/opt/gz_gui_vendor:/opt/ros/jazzy/opt/gz_transport_vendor:/opt/ros/jazzy/opt/gz_rendering_vendor:/opt/ros/jazzy/opt/gz_plugin_vendor:/opt/ros/jazzy/opt/gz_fuel_tools_vendor:/opt/ros/jazzy/opt/gz_msgs_vendor:/opt/ros/jazzy/opt/gz_common_vendor:/opt/ros/jazzy/opt/gz_math_vendor:/opt/ros/jazzy/opt/gz_utils_vendor:/opt/ros/jazzy/opt/gz_tools_vendor:/opt/ros/jazzy/opt/gz_ogre_next_vendor:/opt/ros/jazzy/opt/gz_dartsim_vendor:/opt/ros/jazzy/opt/gz_cmake_vendor DEBUGINFOD_URLS=https://debuginfod.ubuntu.com LD_LIBRARY_PATH=/home/bbcontact/magician_ros2/install/dobot_msgs/lib:/home/bbcontact/magician_ros2/install/orbbec_camera/lib:/home/bbcontact/magician_ros2/install/orbbec_camera_msgs/lib:/opt/ros/jazzy/opt/gz_sim_vendor/lib:/opt/ros/jazzy/opt/gz_sensors_vendor/lib:/opt/ros/jazzy/opt/gz_physics_vendor/lib:/opt/ros/jazzy/opt/sdformat_vendor/lib:/opt/ros/jazzy/opt/rviz_ogre_vendor/lib:/opt/ros/jazzy/lib/x86_64-linux-gnu:/opt/ros/jazzy/opt/gz_gui_vendor/lib:/opt/ros/jazzy/opt/gz_transport_vendor/lib:/opt/ros/jazzy/opt/gz_rendering_vendor/lib:/opt/ros/jazzy/opt/gz_plugin_vendor/lib:/opt/ros/jazzy/opt/gz_fuel_tools_vendor/lib:/opt/ros/jazzy/opt/gz_msgs_vendor/lib:/opt/ros/jazzy/opt/gz_common_vendor/lib:/opt/ros/jazzy/opt/gz_math_vendor/lib:/opt/ros/jazzy/opt/gz_utils_vendor/lib:/opt/ros/jazzy/opt/gz_tools_vendor/lib:/opt/ros/jazzy/opt/gz_ogre_next_vendor/lib:/opt/ros/jazzy/opt/gz_dartsim_vendor/lib:/opt/ros/jazzy/opt/gz_cmake_vendor/lib:/opt/ros/jazzy/lib PYTHONPATH=/home/bbcontact/magician_ros2/build/dobot_motion/prefix_override:/usr/lib/python3/dist-packages/colcon_core/task/python/colcon_distutils_commands:/home/bbcontact/magician_ros2/install/dobot_motion/lib/python3.12/site-packages:/home/bbcontact/magician_ros2/install/dobot_msgs/lib/python3.12/site-packages:/home/bbcontact/magician_ros2/install/dobot_driver/lib/python3.12/site-packages:/home/bbcontact/magician_ros2/build/dobot_vision_rgbd:/home/bbcontact/magician_ros2/install/dobot_vision_rgbd/lib/python3.12/site-packages:/home/bbcontact/magician_ros2/install/orbbec_camera_msgs/lib/python3.12/site-packages:/home/bbcontact/magician_ros2/build/dobot_visualization_tools:/home/bbcontact/magician_ros2/install/dobot_visualization_tools/lib/python3.12/site-packages:/home/bbcontact/magician_ros2/build/dobot_vision_yolo:/home/bbcontact/magician_ros2/install/dobot_vision_yolo/lib/python3.12/site-packages:/home/bbcontact/magician_ros2/build/dobot_bringup:/home/bbcontact/magician_ros2/install/dobot_bringup/lib/python3.12/site-packages:/home/bbcontact/magician_ros2/build/dobot_state_updater:/home/bbcontact/magician_ros2/install/dobot_state_updater/lib/python3.12/site-packages:/home/bbcontact/magician_ros2/build/dobot_object_vision:/home/bbcontact/magician_ros2/install/dobot_object_vision/lib/python3.12/site-packages:/home/bbcontact/magician_ros2/build/dobot_motion:/home/bbcontact/magician_ros2/install/dobot_motion/lib/python3.12/site-packages:/home/bbcontact/magician_ros2/build/dobot_kinematics:/home/bbcontact/magician_ros2/install/dobot_kinematics/lib/python3.12/site-packages:/home/bbcontact/magician_ros2/build/dobot_homing:/home/bbcontact/magician_ros2/install/dobot_homing/lib/python3.12/site-packages:/home/bbcontact/magician_ros2/build/dobot_end_effector:/home/bbcontact/magician_ros2/install/dobot_end_effector/lib/python3.12/site-packages:/home/bbcontact/magician_ros2/build/dobot_diagnostics:/home/bbcontact/magician_ros2/install/dobot_diagnostics/lib/python3.12/site-packages:/home/bbcontact/magician_ros2/build/dobot_demos:/home/bbcontact/magician_ros2/install/dobot_demos/lib/python3.12/site-packages:/home/bbcontact/magician_ros2/build/dobot_calibration:/home/bbcontact/magician_ros2/install/dobot_calibration/lib/python3.12/site-packages:/home/bbcontact/magician_ros2/build/dobot_control_panel:/home/bbcontact/magician_ros2/install/dobot_control_panel/lib/python3.12/site-packages:/opt/ros/jazzy/lib/python3.12/site-packages /usr/bin/python3 -W ignore:setup.py install is deprecated -W ignore:easy_install command is deprecated setup.py develop --editable --build-directory /home/bbcontact/magician_ros2/build/dobot_motion/build --no-deps symlink_data
[13.902s] Level 1:colcon.colcon_core.shell:create_environment_hook('dobot_vision_yolo', 'pythonpath_develop')
[13.903s] INFO:colcon.colcon_core.shell:Creating environment hook '/home/bbcontact/magician_ros2/build/dobot_vision_yolo/share/dobot_vision_yolo/hook/pythonpath_develop.ps1'
[13.905s] INFO:colcon.colcon_core.shell:Creating environment descriptor '/home/bbcontact/magician_ros2/build/dobot_vision_yolo/share/dobot_vision_yolo/hook/pythonpath_develop.dsv'
[13.906s] DEBUG:colcon.colcon_core.event_handler.log_command:Invoked command in '/home/bbcontact/magician_ros2/build/dobot_vision_yolo' returned '0': DEBUGINFOD_URLS=https://debuginfod.ubuntu.com PYTHONPATH=/home/bbcontact/magician_ros2/build/dobot_vision_yolo/prefix_override:/usr/lib/python3/dist-packages/colcon_core/task/python/colcon_distutils_commands:/home/bbcontact/magician_ros2/install/dobot_vision_yolo/lib/python3.12/site-packages:${PYTHONPATH} /usr/bin/python3 -W ignore:setup.py install is deprecated -W ignore:easy_install command is deprecated setup.py develop --editable --build-directory /home/bbcontact/magician_ros2/build/dobot_vision_yolo/build --no-deps symlink_data
[13.907s] INFO:colcon.colcon_core.shell:Creating environment hook '/home/bbcontact/magician_ros2/build/dobot_vision_yolo/share/dobot_vision_yolo/hook/pythonpath_develop.sh'
[13.909s] Level 1:colcon.colcon_core.environment:checking '/home/bbcontact/magician_ros2/install/dobot_vision_yolo' for CMake module files
[13.911s] Level 1:colcon.colcon_core.environment:checking '/home/bbcontact/magician_ros2/install/dobot_vision_yolo' for CMake config files
[13.913s] Level 1:colcon.colcon_core.environment:checking '/home/bbcontact/magician_ros2/install/dobot_vision_yolo/lib'
[13.914s] Level 1:colcon.colcon_core.environment:checking '/home/bbcontact/magician_ros2/install/dobot_vision_yolo/bin'
[13.914s] Level 1:colcon.colcon_core.environment:checking '/home/bbcontact/magician_ros2/install/dobot_vision_yolo/lib/pkgconfig/dobot_vision_yolo.pc'
[13.915s] Level 1:colcon.colcon_core.environment:checking '/home/bbcontact/magician_ros2/install/dobot_vision_yolo/lib/python3.12/site-packages'
[13.915s] Level 1:colcon.colcon_core.shell:create_environment_hook('dobot_vision_yolo', 'pythonpath')
[13.916s] INFO:colcon.colcon_core.shell:Creating environment hook '/home/bbcontact/magician_ros2/install/dobot_vision_yolo/share/dobot_vision_yolo/hook/pythonpath.ps1'
[13.918s] INFO:colcon.colcon_core.shell:Creating environment descriptor '/home/bbcontact/magician_ros2/install/dobot_vision_yolo/share/dobot_vision_yolo/hook/pythonpath.dsv'
[13.919s] INFO:colcon.colcon_core.shell:Creating environment hook '/home/bbcontact/magician_ros2/install/dobot_vision_yolo/share/dobot_vision_yolo/hook/pythonpath.sh'
[13.923s] Level 1:colcon.colcon_core.environment:checking '/home/bbcontact/magician_ros2/install/dobot_vision_yolo/bin'
[13.923s] Level 1:colcon.colcon_core.environment:create_environment_scripts_only(dobot_vision_yolo)
[13.927s] INFO:colcon.colcon_core.shell:Creating package script '/home/bbcontact/magician_ros2/install/dobot_vision_yolo/share/dobot_vision_yolo/package.ps1'
[13.930s] INFO:colcon.colcon_core.shell:Creating package descriptor '/home/bbcontact/magician_ros2/install/dobot_vision_yolo/share/dobot_vision_yolo/package.dsv'
[13.932s] INFO:colcon.colcon_core.shell:Creating package script '/home/bbcontact/magician_ros2/install/dobot_vision_yolo/share/dobot_vision_yolo/package.sh'
[13.934s] INFO:colcon.colcon_core.shell:Creating package script '/home/bbcontact/magician_ros2/install/dobot_vision_yolo/share/dobot_vision_yolo/package.bash'
[13.935s] INFO:colcon.colcon_core.shell:Creating package script '/home/bbcontact/magician_ros2/install/dobot_vision_yolo/share/dobot_vision_yolo/package.zsh'
[13.936s] Level 1:colcon.colcon_core.environment:create_file_with_runtime_dependencies(/home/bbcontact/magician_ros2/install/dobot_vision_yolo/share/colcon-core/packages/dobot_vision_yolo)
[13.938s] INFO:colcon.colcon_ros.task.ament_python.build:Building ROS package in '/home/bbcontact/magician_ros2/src/magician_ros2/dobot_state_updater' with build type 'ament_python'
[13.938s] Level 1:colcon.colcon_core.shell:create_environment_hook('dobot_state_updater', 'ament_prefix_path')
[13.939s] INFO:colcon.colcon_core.shell:Creating environment hook '/home/bbcontact/magician_ros2/install/dobot_state_updater/share/dobot_state_updater/hook/ament_prefix_path.ps1'
[13.941s] INFO:colcon.colcon_core.shell:Creating environment descriptor '/home/bbcontact/magician_ros2/install/dobot_state_updater/share/dobot_state_updater/hook/ament_prefix_path.dsv'
[13.943s] INFO:colcon.colcon_core.shell:Creating environment hook '/home/bbcontact/magician_ros2/install/dobot_state_updater/share/dobot_state_updater/hook/ament_prefix_path.sh'
[13.945s] INFO:colcon.colcon_core.shell:Skip shell extension 'powershell' for command environment: Not usable outside of PowerShell
[13.945s] DEBUG:colcon.colcon_core.shell:Skip shell extension 'dsv' for command environment
[14.905s] INFO:colcon.colcon_core.task.python.build:Building Python package in '/home/bbcontact/magician_ros2/src/magician_ros2/dobot_state_updater'
[14.906s] INFO:colcon.colcon_core.shell:Skip shell extension 'powershell' for command environment: Not usable outside of PowerShell
[14.906s] DEBUG:colcon.colcon_core.shell:Skip shell extension 'dsv' for command environment
[14.920s] Level 1:colcon.colcon_core.shell:create_environment_hook('dobot_visualization_tools', 'pythonpath_develop')
[14.922s] INFO:colcon.colcon_core.shell:Creating environment hook '/home/bbcontact/magician_ros2/build/dobot_visualization_tools/share/dobot_visualization_tools/hook/pythonpath_develop.ps1'
[14.926s] INFO:colcon.colcon_core.shell:Creating environment descriptor '/home/bbcontact/magician_ros2/build/dobot_visualization_tools/share/dobot_visualization_tools/hook/pythonpath_develop.dsv'
[14.928s] INFO:colcon.colcon_core.shell:Creating environment hook '/home/bbcontact/magician_ros2/build/dobot_visualization_tools/share/dobot_visualization_tools/hook/pythonpath_develop.sh'
[14.929s] Level 1:colcon.colcon_core.environment:checking '/home/bbcontact/magician_ros2/install/dobot_visualization_tools' for CMake module files
[14.931s] Level 1:colcon.colcon_core.environment:checking '/home/bbcontact/magician_ros2/install/dobot_visualization_tools' for CMake config files
[14.933s] Level 1:colcon.colcon_core.environment:checking '/home/bbcontact/magician_ros2/install/dobot_visualization_tools/lib'
[14.934s] Level 1:colcon.colcon_core.environment:checking '/home/bbcontact/magician_ros2/install/dobot_visualization_tools/bin'
[14.934s] DEBUG:colcon.colcon_core.event_handler.log_command:Invoked command in '/home/bbcontact/magician_ros2/build/dobot_visualization_tools' returned '0': DEBUGINFOD_URLS=https://debuginfod.ubuntu.com PYTHONPATH=/home/bbcontact/magician_ros2/build/dobot_visualization_tools/prefix_override:/usr/lib/python3/dist-packages/colcon_core/task/python/colcon_distutils_commands:/home/bbcontact/magician_ros2/install/dobot_visualization_tools/lib/python3.12/site-packages:${PYTHONPATH} /usr/bin/python3 -W ignore:setup.py install is deprecated -W ignore:easy_install command is deprecated setup.py develop --editable --build-directory /home/bbcontact/magician_ros2/build/dobot_visualization_tools/build --no-deps symlink_data
[14.934s] Level 1:colcon.colcon_core.environment:checking '/home/bbcontact/magician_ros2/install/dobot_visualization_tools/lib/pkgconfig/dobot_visualization_tools.pc'
[14.935s] Level 1:colcon.colcon_core.environment:checking '/home/bbcontact/magician_ros2/install/dobot_visualization_tools/lib/python3.12/site-packages'
[14.935s] Level 1:colcon.colcon_core.shell:create_environment_hook('dobot_visualization_tools', 'pythonpath')
[14.935s] INFO:colcon.colcon_core.shell:Creating environment hook '/home/bbcontact/magician_ros2/install/dobot_visualization_tools/share/dobot_visualization_tools/hook/pythonpath.ps1'
[14.936s] INFO:colcon.colcon_core.shell:Creating environment descriptor '/home/bbcontact/magician_ros2/install/dobot_visualization_tools/share/dobot_visualization_tools/hook/pythonpath.dsv'
[14.937s] INFO:colcon.colcon_core.shell:Creating environment hook '/home/bbcontact/magician_ros2/install/dobot_visualization_tools/share/dobot_visualization_tools/hook/pythonpath.sh'
[14.939s] Level 1:colcon.colcon_core.environment:checking '/home/bbcontact/magician_ros2/install/dobot_visualization_tools/bin'
[14.939s] Level 1:colcon.colcon_core.environment:create_environment_scripts_only(dobot_visualization_tools)
[14.939s] INFO:colcon.colcon_core.shell:Creating package script '/home/bbcontact/magician_ros2/install/dobot_visualization_tools/share/dobot_visualization_tools/package.ps1'
[14.941s] INFO:colcon.colcon_core.shell:Creating package descriptor '/home/bbcontact/magician_ros2/install/dobot_visualization_tools/share/dobot_visualization_tools/package.dsv'
[14.942s] INFO:colcon.colcon_core.shell:Creating package script '/home/bbcontact/magician_ros2/install/dobot_visualization_tools/share/dobot_visualization_tools/package.sh'
[14.943s] INFO:colcon.colcon_core.shell:Creating package script '/home/bbcontact/magician_ros2/install/dobot_visualization_tools/share/dobot_visualization_tools/package.bash'
[14.944s] INFO:colcon.colcon_core.shell:Creating package script '/home/bbcontact/magician_ros2/install/dobot_visualization_tools/share/dobot_visualization_tools/package.zsh'
[14.944s] Level 1:colcon.colcon_core.environment:create_file_with_runtime_dependencies(/home/bbcontact/magician_ros2/install/dobot_visualization_tools/share/colcon-core/packages/dobot_visualization_tools)
[14.946s] INFO:colcon.colcon_ros.task.ament_python.build:Building ROS package in '/home/bbcontact/magician_ros2/src/magician_ros2/dobot_calibration' with build type 'ament_python'
[14.946s] Level 1:colcon.colcon_core.shell:create_environment_hook('dobot_calibration', 'ament_prefix_path')
[14.947s] INFO:colcon.colcon_core.shell:Creating environment hook '/home/bbcontact/magician_ros2/install/dobot_calibration/share/dobot_calibration/hook/ament_prefix_path.ps1'
[14.949s] INFO:colcon.colcon_core.shell:Creating environment descriptor '/home/bbcontact/magician_ros2/install/dobot_calibration/share/dobot_calibration/hook/ament_prefix_path.dsv'
[14.950s] INFO:colcon.colcon_core.shell:Creating environment hook '/home/bbcontact/magician_ros2/install/dobot_calibration/share/dobot_calibration/hook/ament_prefix_path.sh'
[14.951s] INFO:colcon.colcon_core.shell:Skip shell extension 'powershell' for command environment: Not usable outside of PowerShell
[14.951s] DEBUG:colcon.colcon_core.shell:Skip shell extension 'dsv' for command environment
[16.099s] INFO:colcon.colcon_core.task.python.build:Building Python package in '/home/bbcontact/magician_ros2/src/magician_ros2/dobot_calibration'
[16.099s] INFO:colcon.colcon_core.shell:Skip shell extension 'powershell' for command environment: Not usable outside of PowerShell
[16.099s] DEBUG:colcon.colcon_core.shell:Skip shell extension 'dsv' for command environment
[17.139s] Level 1:colcon.colcon_core.shell:create_environment_hook('dobot_end_effector', 'pythonpath_develop')
[17.139s] INFO:colcon.colcon_core.shell:Creating environment hook '/home/bbcontact/magician_ros2/build/dobot_end_effector/share/dobot_end_effector/hook/pythonpath_develop.ps1'
[17.144s] INFO:colcon.colcon_core.shell:Creating environment descriptor '/home/bbcontact/magician_ros2/build/dobot_end_effector/share/dobot_end_effector/hook/pythonpath_develop.dsv'
[17.145s] DEBUG:colcon.colcon_core.event_handler.log_command:Invoked command in '/home/bbcontact/magician_ros2/build/dobot_end_effector' returned '0': CMAKE_PREFIX_PATH=/home/bbcontact/magician_ros2/install/dobot_msgs:/home/bbcontact/magician_ros2/install/dobot_driver:/home/bbcontact/magician_ros2/install/orbbec_description:/home/bbcontact/magician_ros2/install/orbbec_camera:/home/bbcontact/magician_ros2/install/orbbec_camera_msgs:/home/bbcontact/magician_ros2/install/dobot_description:/opt/ros/jazzy/opt/gz_sim_vendor:/opt/ros/jazzy/opt/gz_sensors_vendor:/opt/ros/jazzy/opt/gz_physics_vendor:/opt/ros/jazzy/opt/sdformat_vendor:/opt/ros/jazzy/opt/gz_gui_vendor:/opt/ros/jazzy/opt/gz_transport_vendor:/opt/ros/jazzy/opt/gz_rendering_vendor:/opt/ros/jazzy/opt/gz_plugin_vendor:/opt/ros/jazzy/opt/gz_fuel_tools_vendor:/opt/ros/jazzy/opt/gz_msgs_vendor:/opt/ros/jazzy/opt/gz_common_vendor:/opt/ros/jazzy/opt/gz_math_vendor:/opt/ros/jazzy/opt/gz_utils_vendor:/opt/ros/jazzy/opt/gz_tools_vendor:/opt/ros/jazzy/opt/gz_ogre_next_vendor:/opt/ros/jazzy/opt/gz_dartsim_vendor:/opt/ros/jazzy/opt/gz_cmake_vendor DEBUGINFOD_URLS=https://debuginfod.ubuntu.com LD_LIBRARY_PATH=/home/bbcontact/magician_ros2/install/dobot_msgs/lib:/home/bbcontact/magician_ros2/install/orbbec_camera/lib:/home/bbcontact/magician_ros2/install/orbbec_camera_msgs/lib:/opt/ros/jazzy/opt/gz_sim_vendor/lib:/opt/ros/jazzy/opt/gz_sensors_vendor/lib:/opt/ros/jazzy/opt/gz_physics_vendor/lib:/opt/ros/jazzy/opt/sdformat_vendor/lib:/opt/ros/jazzy/opt/rviz_ogre_vendor/lib:/opt/ros/jazzy/lib/x86_64-linux-gnu:/opt/ros/jazzy/opt/gz_gui_vendor/lib:/opt/ros/jazzy/opt/gz_transport_vendor/lib:/opt/ros/jazzy/opt/gz_rendering_vendor/lib:/opt/ros/jazzy/opt/gz_plugin_vendor/lib:/opt/ros/jazzy/opt/gz_fuel_tools_vendor/lib:/opt/ros/jazzy/opt/gz_msgs_vendor/lib:/opt/ros/jazzy/opt/gz_common_vendor/lib:/opt/ros/jazzy/opt/gz_math_vendor/lib:/opt/ros/jazzy/opt/gz_utils_vendor/lib:/opt/ros/jazzy/opt/gz_tools_vendor/lib:/opt/ros/jazzy/opt/gz_ogre_next_vendor/lib:/opt/ros/jazzy/opt/gz_dartsim_vendor/lib:/opt/ros/jazzy/opt/gz_cmake_vendor/lib:/opt/ros/jazzy/lib PYTHONPATH=/home/bbcontact/magician_ros2/build/dobot_end_effector/prefix_override:/usr/lib/python3/dist-packages/colcon_core/task/python/colcon_distutils_commands:/home/bbcontact/magician_ros2/install/dobot_end_effector/lib/python3.12/site-packages:/home/bbcontact/magician_ros2/install/dobot_msgs/lib/python3.12/site-packages:/home/bbcontact/magician_ros2/install/dobot_driver/lib/python3.12/site-packages:/home/bbcontact/magician_ros2/build/dobot_vision_rgbd:/home/bbcontact/magician_ros2/install/dobot_vision_rgbd/lib/python3.12/site-packages:/home/bbcontact/magician_ros2/install/orbbec_camera_msgs/lib/python3.12/site-packages:/home/bbcontact/magician_ros2/build/dobot_visualization_tools:/home/bbcontact/magician_ros2/install/dobot_visualization_tools/lib/python3.12/site-packages:/home/bbcontact/magician_ros2/build/dobot_vision_yolo:/home/bbcontact/magician_ros2/install/dobot_vision_yolo/lib/python3.12/site-packages:/home/bbcontact/magician_ros2/build/dobot_bringup:/home/bbcontact/magician_ros2/install/dobot_bringup/lib/python3.12/site-packages:/home/bbcontact/magician_ros2/build/dobot_state_updater:/home/bbcontact/magician_ros2/install/dobot_state_updater/lib/python3.12/site-packages:/home/bbcontact/magician_ros2/build/dobot_object_vision:/home/bbcontact/magician_ros2/install/dobot_object_vision/lib/python3.12/site-packages:/home/bbcontact/magician_ros2/build/dobot_motion:/home/bbcontact/magician_ros2/install/dobot_motion/lib/python3.12/site-packages:/home/bbcontact/magician_ros2/build/dobot_kinematics:/home/bbcontact/magician_ros2/install/dobot_kinematics/lib/python3.12/site-packages:/home/bbcontact/magician_ros2/build/dobot_homing:/home/bbcontact/magician_ros2/install/dobot_homing/lib/python3.12/site-packages:/home/bbcontact/magician_ros2/build/dobot_end_effector:/home/bbcontact/magician_ros2/install/dobot_end_effector/lib/python3.12/site-packages:/home/bbcontact/magician_ros2/build/dobot_diagnostics:/home/bbcontact/magician_ros2/install/dobot_diagnostics/lib/python3.12/site-packages:/home/bbcontact/magician_ros2/build/dobot_demos:/home/bbcontact/magician_ros2/install/dobot_demos/lib/python3.12/site-packages:/home/bbcontact/magician_ros2/build/dobot_calibration:/home/bbcontact/magician_ros2/install/dobot_calibration/lib/python3.12/site-packages:/home/bbcontact/magician_ros2/build/dobot_control_panel:/home/bbcontact/magician_ros2/install/dobot_control_panel/lib/python3.12/site-packages:/opt/ros/jazzy/lib/python3.12/site-packages /usr/bin/python3 -W ignore:setup.py install is deprecated -W ignore:easy_install command is deprecated setup.py develop --editable --build-directory /home/bbcontact/magician_ros2/build/dobot_end_effector/build --no-deps symlink_data
[17.150s] INFO:colcon.colcon_core.shell:Creating environment hook '/home/bbcontact/magician_ros2/build/dobot_end_effector/share/dobot_end_effector/hook/pythonpath_develop.sh'
[17.152s] Level 1:colcon.colcon_core.environment:checking '/home/bbcontact/magician_ros2/install/dobot_end_effector' for CMake module files
[17.156s] Level 1:colcon.colcon_core.environment:checking '/home/bbcontact/magician_ros2/install/dobot_end_effector' for CMake config files
[17.158s] Level 1:colcon.colcon_core.environment:checking '/home/bbcontact/magician_ros2/install/dobot_end_effector/lib'
[17.158s] Level 1:colcon.colcon_core.environment:checking '/home/bbcontact/magician_ros2/install/dobot_end_effector/bin'
[17.159s] Level 1:colcon.colcon_core.environment:checking '/home/bbcontact/magician_ros2/install/dobot_end_effector/lib/pkgconfig/dobot_end_effector.pc'
[17.160s] Level 1:colcon.colcon_core.environment:checking '/home/bbcontact/magician_ros2/install/dobot_end_effector/lib/python3.12/site-packages'
[17.160s] Level 1:colcon.colcon_core.shell:create_environment_hook('dobot_end_effector', 'pythonpath')
[17.161s] INFO:colcon.colcon_core.shell:Creating environment hook '/home/bbcontact/magician_ros2/install/dobot_end_effector/share/dobot_end_effector/hook/pythonpath.ps1'
[17.162s] INFO:colcon.colcon_core.shell:Creating environment descriptor '/home/bbcontact/magician_ros2/install/dobot_end_effector/share/dobot_end_effector/hook/pythonpath.dsv'
[17.164s] INFO:colcon.colcon_core.shell:Creating environment hook '/home/bbcontact/magician_ros2/install/dobot_end_effector/share/dobot_end_effector/hook/pythonpath.sh'
[17.167s] Level 1:colcon.colcon_core.environment:checking '/home/bbcontact/magician_ros2/install/dobot_end_effector/bin'
[17.168s] Level 1:colcon.colcon_core.environment:create_environment_scripts_only(dobot_end_effector)
[17.169s] INFO:colcon.colcon_core.shell:Creating package script '/home/bbcontact/magician_ros2/install/dobot_end_effector/share/dobot_end_effector/package.ps1'
[17.173s] INFO:colcon.colcon_core.shell:Creating package descriptor '/home/bbcontact/magician_ros2/install/dobot_end_effector/share/dobot_end_effector/package.dsv'
[17.175s] INFO:colcon.colcon_core.shell:Creating package script '/home/bbcontact/magician_ros2/install/dobot_end_effector/share/dobot_end_effector/package.sh'
[17.178s] INFO:colcon.colcon_core.shell:Creating package script '/home/bbcontact/magician_ros2/install/dobot_end_effector/share/dobot_end_effector/package.bash'
[17.182s] INFO:colcon.colcon_core.shell:Creating package script '/home/bbcontact/magician_ros2/install/dobot_end_effector/share/dobot_end_effector/package.zsh'
[17.183s] Level 1:colcon.colcon_core.environment:create_file_with_runtime_dependencies(/home/bbcontact/magician_ros2/install/dobot_end_effector/share/colcon-core/packages/dobot_end_effector)
[17.187s] INFO:colcon.colcon_ros.task.ament_python.build:Building ROS package in '/home/bbcontact/magician_ros2/src/magician_ros2/dobot_vision_rgbd' with build type 'ament_python'
[17.188s] Level 1:colcon.colcon_core.shell:create_environment_hook('dobot_vision_rgbd', 'ament_prefix_path')
[17.190s] INFO:colcon.colcon_core.shell:Creating environment hook '/home/bbcontact/magician_ros2/install/dobot_vision_rgbd/share/dobot_vision_rgbd/hook/ament_prefix_path.ps1'
[17.193s] INFO:colcon.colcon_core.shell:Creating environment descriptor '/home/bbcontact/magician_ros2/install/dobot_vision_rgbd/share/dobot_vision_rgbd/hook/ament_prefix_path.dsv'
[17.195s] INFO:colcon.colcon_core.shell:Creating environment hook '/home/bbcontact/magician_ros2/install/dobot_vision_rgbd/share/dobot_vision_rgbd/hook/ament_prefix_path.sh'
[17.197s] INFO:colcon.colcon_core.shell:Skip shell extension 'powershell' for command environment: Not usable outside of PowerShell
[17.197s] DEBUG:colcon.colcon_core.shell:Skip shell extension 'dsv' for command environment
[18.152s] INFO:colcon.colcon_core.task.python.build:Building Python package in '/home/bbcontact/magician_ros2/src/magician_ros2/dobot_vision_rgbd'
[18.153s] INFO:colcon.colcon_core.shell:Skip shell extension 'powershell' for command environment: Not usable outside of PowerShell
[18.153s] DEBUG:colcon.colcon_core.shell:Skip shell extension 'dsv' for command environment
[18.165s] Level 1:colcon.colcon_core.shell:create_environment_hook('dobot_diagnostics', 'pythonpath_develop')
[18.165s] INFO:colcon.colcon_core.shell:Creating environment hook '/home/bbcontact/magician_ros2/build/dobot_diagnostics/share/dobot_diagnostics/hook/pythonpath_develop.ps1'
[18.169s] INFO:colcon.colcon_core.shell:Creating environment descriptor '/home/bbcontact/magician_ros2/build/dobot_diagnostics/share/dobot_diagnostics/hook/pythonpath_develop.dsv'
[18.174s] INFO:colcon.colcon_core.shell:Creating environment hook '/home/bbcontact/magician_ros2/build/dobot_diagnostics/share/dobot_diagnostics/hook/pythonpath_develop.sh'
[18.177s] Level 1:colcon.colcon_core.environment:checking '/home/bbcontact/magician_ros2/install/dobot_diagnostics' for CMake module files
[18.180s] Level 1:colcon.colcon_core.environment:checking '/home/bbcontact/magician_ros2/install/dobot_diagnostics' for CMake config files
[18.183s] DEBUG:colcon.colcon_core.event_handler.log_command:Invoked command in '/home/bbcontact/magician_ros2/build/dobot_diagnostics' returned '0': CMAKE_PREFIX_PATH=/home/bbcontact/magician_ros2/install/dobot_msgs:/home/bbcontact/magician_ros2/install/orbbec_description:/home/bbcontact/magician_ros2/install/orbbec_camera:/home/bbcontact/magician_ros2/install/orbbec_camera_msgs:/home/bbcontact/magician_ros2/install/dobot_driver:/home/bbcontact/magician_ros2/install/dobot_description:/opt/ros/jazzy/opt/gz_sim_vendor:/opt/ros/jazzy/opt/gz_sensors_vendor:/opt/ros/jazzy/opt/gz_physics_vendor:/opt/ros/jazzy/opt/sdformat_vendor:/opt/ros/jazzy/opt/gz_gui_vendor:/opt/ros/jazzy/opt/gz_transport_vendor:/opt/ros/jazzy/opt/gz_rendering_vendor:/opt/ros/jazzy/opt/gz_plugin_vendor:/opt/ros/jazzy/opt/gz_fuel_tools_vendor:/opt/ros/jazzy/opt/gz_msgs_vendor:/opt/ros/jazzy/opt/gz_common_vendor:/opt/ros/jazzy/opt/gz_math_vendor:/opt/ros/jazzy/opt/gz_utils_vendor:/opt/ros/jazzy/opt/gz_tools_vendor:/opt/ros/jazzy/opt/gz_ogre_next_vendor:/opt/ros/jazzy/opt/gz_dartsim_vendor:/opt/ros/jazzy/opt/gz_cmake_vendor DEBUGINFOD_URLS=https://debuginfod.ubuntu.com LD_LIBRARY_PATH=/home/bbcontact/magician_ros2/install/dobot_msgs/lib:/home/bbcontact/magician_ros2/install/orbbec_camera/lib:/home/bbcontact/magician_ros2/install/orbbec_camera_msgs/lib:/opt/ros/jazzy/opt/gz_sim_vendor/lib:/opt/ros/jazzy/opt/gz_sensors_vendor/lib:/opt/ros/jazzy/opt/gz_physics_vendor/lib:/opt/ros/jazzy/opt/sdformat_vendor/lib:/opt/ros/jazzy/opt/rviz_ogre_vendor/lib:/opt/ros/jazzy/lib/x86_64-linux-gnu:/opt/ros/jazzy/opt/gz_gui_vendor/lib:/opt/ros/jazzy/opt/gz_transport_vendor/lib:/opt/ros/jazzy/opt/gz_rendering_vendor/lib:/opt/ros/jazzy/opt/gz_plugin_vendor/lib:/opt/ros/jazzy/opt/gz_fuel_tools_vendor/lib:/opt/ros/jazzy/opt/gz_msgs_vendor/lib:/opt/ros/jazzy/opt/gz_common_vendor/lib:/opt/ros/jazzy/opt/gz_math_vendor/lib:/opt/ros/jazzy/opt/gz_utils_vendor/lib:/opt/ros/jazzy/opt/gz_tools_vendor/lib:/opt/ros/jazzy/opt/gz_ogre_next_vendor/lib:/opt/ros/jazzy/opt/gz_dartsim_vendor/lib:/opt/ros/jazzy/opt/gz_cmake_vendor/lib:/opt/ros/jazzy/lib PYTHONPATH=/home/bbcontact/magician_ros2/build/dobot_diagnostics/prefix_override:/usr/lib/python3/dist-packages/colcon_core/task/python/colcon_distutils_commands:/home/bbcontact/magician_ros2/install/dobot_diagnostics/lib/python3.12/site-packages:/home/bbcontact/magician_ros2/install/dobot_msgs/lib/python3.12/site-packages:/home/bbcontact/magician_ros2/build/dobot_vision_rgbd:/home/bbcontact/magician_ros2/install/dobot_vision_rgbd/lib/python3.12/site-packages:/home/bbcontact/magician_ros2/install/orbbec_camera_msgs/lib/python3.12/site-packages:/home/bbcontact/magician_ros2/build/dobot_visualization_tools:/home/bbcontact/magician_ros2/install/dobot_visualization_tools/lib/python3.12/site-packages:/home/bbcontact/magician_ros2/build/dobot_vision_yolo:/home/bbcontact/magician_ros2/install/dobot_vision_yolo/lib/python3.12/site-packages:/home/bbcontact/magician_ros2/build/dobot_bringup:/home/bbcontact/magician_ros2/install/dobot_bringup/lib/python3.12/site-packages:/home/bbcontact/magician_ros2/build/dobot_state_updater:/home/bbcontact/magician_ros2/install/dobot_state_updater/lib/python3.12/site-packages:/home/bbcontact/magician_ros2/build/dobot_object_vision:/home/bbcontact/magician_ros2/install/dobot_object_vision/lib/python3.12/site-packages:/home/bbcontact/magician_ros2/build/dobot_motion:/home/bbcontact/magician_ros2/install/dobot_motion/lib/python3.12/site-packages:/home/bbcontact/magician_ros2/build/dobot_kinematics:/home/bbcontact/magician_ros2/install/dobot_kinematics/lib/python3.12/site-packages:/home/bbcontact/magician_ros2/build/dobot_homing:/home/bbcontact/magician_ros2/install/dobot_homing/lib/python3.12/site-packages:/home/bbcontact/magician_ros2/build/dobot_end_effector:/home/bbcontact/magician_ros2/install/dobot_end_effector/lib/python3.12/site-packages:/home/bbcontact/magician_ros2/build/dobot_diagnostics:/home/bbcontact/magician_ros2/install/dobot_diagnostics/lib/python3.12/site-packages:/home/bbcontact/magician_ros2/build/dobot_demos:/home/bbcontact/magician_ros2/install/dobot_demos/lib/python3.12/site-packages:/home/bbcontact/magician_ros2/build/dobot_calibration:/home/bbcontact/magician_ros2/install/dobot_calibration/lib/python3.12/site-packages:/home/bbcontact/magician_ros2/build/dobot_control_panel:/home/bbcontact/magician_ros2/install/dobot_control_panel/lib/python3.12/site-packages:/home/bbcontact/magician_ros2/install/dobot_driver/lib/python3.12/site-packages:/opt/ros/jazzy/lib/python3.12/site-packages /usr/bin/python3 -W ignore:setup.py install is deprecated -W ignore:easy_install command is deprecated setup.py develop --editable --build-directory /home/bbcontact/magician_ros2/build/dobot_diagnostics/build --no-deps symlink_data
[18.184s] Level 1:colcon.colcon_core.environment:checking '/home/bbcontact/magician_ros2/install/dobot_diagnostics/lib'
[18.184s] Level 1:colcon.colcon_core.environment:checking '/home/bbcontact/magician_ros2/install/dobot_diagnostics/bin'
[18.185s] Level 1:colcon.colcon_core.environment:checking '/home/bbcontact/magician_ros2/install/dobot_diagnostics/lib/pkgconfig/dobot_diagnostics.pc'
[18.185s] Level 1:colcon.colcon_core.environment:checking '/home/bbcontact/magician_ros2/install/dobot_diagnostics/lib/python3.12/site-packages'
[18.185s] Level 1:colcon.colcon_core.shell:create_environment_hook('dobot_diagnostics', 'pythonpath')
[18.186s] INFO:colcon.colcon_core.shell:Creating environment hook '/home/bbcontact/magician_ros2/install/dobot_diagnostics/share/dobot_diagnostics/hook/pythonpath.ps1'
[18.187s] INFO:colcon.colcon_core.shell:Creating environment descriptor '/home/bbcontact/magician_ros2/install/dobot_diagnostics/share/dobot_diagnostics/hook/pythonpath.dsv'
[18.187s] INFO:colcon.colcon_core.shell:Creating environment hook '/home/bbcontact/magician_ros2/install/dobot_diagnostics/share/dobot_diagnostics/hook/pythonpath.sh'
[18.189s] Level 1:colcon.colcon_core.environment:checking '/home/bbcontact/magician_ros2/install/dobot_diagnostics/bin'
[18.189s] Level 1:colcon.colcon_core.environment:create_environment_scripts_only(dobot_diagnostics)
[18.190s] INFO:colcon.colcon_core.shell:Creating package script '/home/bbcontact/magician_ros2/install/dobot_diagnostics/share/dobot_diagnostics/package.ps1'
[18.191s] INFO:colcon.colcon_core.shell:Creating package descriptor '/home/bbcontact/magician_ros2/install/dobot_diagnostics/share/dobot_diagnostics/package.dsv'
[18.192s] INFO:colcon.colcon_core.shell:Creating package script '/home/bbcontact/magician_ros2/install/dobot_diagnostics/share/dobot_diagnostics/package.sh'
[18.193s] INFO:colcon.colcon_core.shell:Creating package script '/home/bbcontact/magician_ros2/install/dobot_diagnostics/share/dobot_diagnostics/package.bash'
[18.194s] INFO:colcon.colcon_core.shell:Creating package script '/home/bbcontact/magician_ros2/install/dobot_diagnostics/share/dobot_diagnostics/package.zsh'
[18.195s] Level 1:colcon.colcon_core.environment:create_file_with_runtime_dependencies(/home/bbcontact/magician_ros2/install/dobot_diagnostics/share/colcon-core/packages/dobot_diagnostics)
[18.195s] Level 1:colcon.colcon_core.shell:create_environment_hook('dobot_control_panel', 'pythonpath_develop')
[18.196s] INFO:colcon.colcon_core.shell:Creating environment hook '/home/bbcontact/magician_ros2/build/dobot_control_panel/share/dobot_control_panel/hook/pythonpath_develop.ps1'
[18.198s] INFO:colcon.colcon_core.shell:Creating environment descriptor '/home/bbcontact/magician_ros2/build/dobot_control_panel/share/dobot_control_panel/hook/pythonpath_develop.dsv'
[18.199s] DEBUG:colcon.colcon_core.event_handler.log_command:Invoked command in '/home/bbcontact/magician_ros2/build/dobot_control_panel' returned '0': CMAKE_PREFIX_PATH=/home/bbcontact/magician_ros2/install/dobot_driver:/home/bbcontact/magician_ros2/install/orbbec_description:/home/bbcontact/magician_ros2/install/orbbec_camera:/home/bbcontact/magician_ros2/install/orbbec_camera_msgs:/home/bbcontact/magician_ros2/install/dobot_msgs:/home/bbcontact/magician_ros2/install/dobot_description:/opt/ros/jazzy/opt/gz_sim_vendor:/opt/ros/jazzy/opt/gz_sensors_vendor:/opt/ros/jazzy/opt/gz_physics_vendor:/opt/ros/jazzy/opt/sdformat_vendor:/opt/ros/jazzy/opt/gz_gui_vendor:/opt/ros/jazzy/opt/gz_transport_vendor:/opt/ros/jazzy/opt/gz_rendering_vendor:/opt/ros/jazzy/opt/gz_plugin_vendor:/opt/ros/jazzy/opt/gz_fuel_tools_vendor:/opt/ros/jazzy/opt/gz_msgs_vendor:/opt/ros/jazzy/opt/gz_common_vendor:/opt/ros/jazzy/opt/gz_math_vendor:/opt/ros/jazzy/opt/gz_utils_vendor:/opt/ros/jazzy/opt/gz_tools_vendor:/opt/ros/jazzy/opt/gz_ogre_next_vendor:/opt/ros/jazzy/opt/gz_dartsim_vendor:/opt/ros/jazzy/opt/gz_cmake_vendor DEBUGINFOD_URLS=https://debuginfod.ubuntu.com PYTHONPATH=/home/bbcontact/magician_ros2/build/dobot_control_panel/prefix_override:/usr/lib/python3/dist-packages/colcon_core/task/python/colcon_distutils_commands:/home/bbcontact/magician_ros2/install/dobot_control_panel/lib/python3.12/site-packages:/home/bbcontact/magician_ros2/install/dobot_driver/lib/python3.12/site-packages:/home/bbcontact/magician_ros2/build/dobot_vision_rgbd:/home/bbcontact/magician_ros2/install/dobot_vision_rgbd/lib/python3.12/site-packages:/home/bbcontact/magician_ros2/install/orbbec_camera_msgs/lib/python3.12/site-packages:/home/bbcontact/magician_ros2/build/dobot_visualization_tools:/home/bbcontact/magician_ros2/install/dobot_visualization_tools/lib/python3.12/site-packages:/home/bbcontact/magician_ros2/build/dobot_vision_yolo:/home/bbcontact/magician_ros2/install/dobot_vision_yolo/lib/python3.12/site-packages:/home/bbcontact/magician_ros2/build/dobot_bringup:/home/bbcontact/magician_ros2/install/dobot_bringup/lib/python3.12/site-packages:/home/bbcontact/magician_ros2/build/dobot_state_updater:/home/bbcontact/magician_ros2/install/dobot_state_updater/lib/python3.12/site-packages:/home/bbcontact/magician_ros2/build/dobot_object_vision:/home/bbcontact/magician_ros2/install/dobot_object_vision/lib/python3.12/site-packages:/home/bbcontact/magician_ros2/build/dobot_motion:/home/bbcontact/magician_ros2/install/dobot_motion/lib/python3.12/site-packages:/home/bbcontact/magician_ros2/build/dobot_kinematics:/home/bbcontact/magician_ros2/install/dobot_kinematics/lib/python3.12/site-packages:/home/bbcontact/magician_ros2/build/dobot_homing:/home/bbcontact/magician_ros2/install/dobot_homing/lib/python3.12/site-packages:/home/bbcontact/magician_ros2/build/dobot_end_effector:/home/bbcontact/magician_ros2/install/dobot_end_effector/lib/python3.12/site-packages:/home/bbcontact/magician_ros2/build/dobot_diagnostics:/home/bbcontact/magician_ros2/install/dobot_diagnostics/lib/python3.12/site-packages:/home/bbcontact/magician_ros2/build/dobot_demos:/home/bbcontact/magician_ros2/install/dobot_demos/lib/python3.12/site-packages:/home/bbcontact/magician_ros2/build/dobot_calibration:/home/bbcontact/magician_ros2/install/dobot_calibration/lib/python3.12/site-packages:/home/bbcontact/magician_ros2/install/dobot_msgs/lib/python3.12/site-packages:/home/bbcontact/magician_ros2/build/dobot_control_panel:/home/bbcontact/magician_ros2/install/dobot_control_panel/lib/python3.12/site-packages:/opt/ros/jazzy/lib/python3.12/site-packages /usr/bin/python3 -W ignore:setup.py install is deprecated -W ignore:easy_install command is deprecated setup.py develop --editable --build-directory /home/bbcontact/magician_ros2/build/dobot_control_panel/build --no-deps symlink_data
[18.199s] INFO:colcon.colcon_core.shell:Creating environment hook '/home/bbcontact/magician_ros2/build/dobot_control_panel/share/dobot_control_panel/hook/pythonpath_develop.sh'
[18.201s] Level 1:colcon.colcon_core.environment:checking '/home/bbcontact/magician_ros2/install/dobot_control_panel' for CMake module files
[18.202s] Level 1:colcon.colcon_core.environment:checking '/home/bbcontact/magician_ros2/install/dobot_control_panel' for CMake config files
[18.203s] Level 1:colcon.colcon_core.environment:checking '/home/bbcontact/magician_ros2/install/dobot_control_panel/lib'
[18.203s] Level 1:colcon.colcon_core.environment:checking '/home/bbcontact/magician_ros2/install/dobot_control_panel/bin'
[18.204s] Level 1:colcon.colcon_core.environment:checking '/home/bbcontact/magician_ros2/install/dobot_control_panel/lib/pkgconfig/dobot_control_panel.pc'
[18.204s] Level 1:colcon.colcon_core.environment:checking '/home/bbcontact/magician_ros2/install/dobot_control_panel/lib/python3.12/site-packages'
[18.204s] Level 1:colcon.colcon_core.shell:create_environment_hook('dobot_control_panel', 'pythonpath')
[18.205s] INFO:colcon.colcon_core.shell:Creating environment hook '/home/bbcontact/magician_ros2/install/dobot_control_panel/share/dobot_control_panel/hook/pythonpath.ps1'
[18.206s] INFO:colcon.colcon_core.shell:Creating environment descriptor '/home/bbcontact/magician_ros2/install/dobot_control_panel/share/dobot_control_panel/hook/pythonpath.dsv'
[18.206s] INFO:colcon.colcon_core.shell:Creating environment hook '/home/bbcontact/magician_ros2/install/dobot_control_panel/share/dobot_control_panel/hook/pythonpath.sh'
[18.208s] Level 1:colcon.colcon_core.environment:checking '/home/bbcontact/magician_ros2/install/dobot_control_panel/bin'
[18.208s] Level 1:colcon.colcon_core.environment:create_environment_scripts_only(dobot_control_panel)
[18.208s] INFO:colcon.colcon_core.shell:Creating package script '/home/bbcontact/magician_ros2/install/dobot_control_panel/share/dobot_control_panel/package.ps1'
[18.210s] INFO:colcon.colcon_core.shell:Creating package descriptor '/home/bbcontact/magician_ros2/install/dobot_control_panel/share/dobot_control_panel/package.dsv'
[18.211s] INFO:colcon.colcon_core.shell:Creating package script '/home/bbcontact/magician_ros2/install/dobot_control_panel/share/dobot_control_panel/package.sh'
[18.212s] INFO:colcon.colcon_core.shell:Creating package script '/home/bbcontact/magician_ros2/install/dobot_control_panel/share/dobot_control_panel/package.bash'
[18.212s] INFO:colcon.colcon_core.shell:Creating package script '/home/bbcontact/magician_ros2/install/dobot_control_panel/share/dobot_control_panel/package.zsh'
[18.213s] Level 1:colcon.colcon_core.environment:create_file_with_runtime_dependencies(/home/bbcontact/magician_ros2/install/dobot_control_panel/share/colcon-core/packages/dobot_control_panel)
[18.213s] Level 1:colcon.colcon_core.shell:create_environment_hook('dobot_kinematics', 'pythonpath_develop')
[18.214s] INFO:colcon.colcon_core.shell:Creating environment hook '/home/bbcontact/magician_ros2/build/dobot_kinematics/share/dobot_kinematics/hook/pythonpath_develop.ps1'
[18.215s] INFO:colcon.colcon_core.shell:Creating environment descriptor '/home/bbcontact/magician_ros2/build/dobot_kinematics/share/dobot_kinematics/hook/pythonpath_develop.dsv'
[18.217s] DEBUG:colcon.colcon_core.event_handler.log_command:Invoked command in '/home/bbcontact/magician_ros2/build/dobot_kinematics' returned '0': CMAKE_PREFIX_PATH=/home/bbcontact/magician_ros2/install/dobot_msgs:/home/bbcontact/magician_ros2/install/dobot_description:/home/bbcontact/magician_ros2/install/orbbec_description:/home/bbcontact/magician_ros2/install/orbbec_camera:/home/bbcontact/magician_ros2/install/orbbec_camera_msgs:/home/bbcontact/magician_ros2/install/dobot_driver:/opt/ros/jazzy/opt/gz_sim_vendor:/opt/ros/jazzy/opt/gz_sensors_vendor:/opt/ros/jazzy/opt/gz_physics_vendor:/opt/ros/jazzy/opt/sdformat_vendor:/opt/ros/jazzy/opt/gz_gui_vendor:/opt/ros/jazzy/opt/gz_transport_vendor:/opt/ros/jazzy/opt/gz_rendering_vendor:/opt/ros/jazzy/opt/gz_plugin_vendor:/opt/ros/jazzy/opt/gz_fuel_tools_vendor:/opt/ros/jazzy/opt/gz_msgs_vendor:/opt/ros/jazzy/opt/gz_common_vendor:/opt/ros/jazzy/opt/gz_math_vendor:/opt/ros/jazzy/opt/gz_utils_vendor:/opt/ros/jazzy/opt/gz_tools_vendor:/opt/ros/jazzy/opt/gz_ogre_next_vendor:/opt/ros/jazzy/opt/gz_dartsim_vendor:/opt/ros/jazzy/opt/gz_cmake_vendor DEBUGINFOD_URLS=https://debuginfod.ubuntu.com LD_LIBRARY_PATH=/home/bbcontact/magician_ros2/install/dobot_msgs/lib:/home/bbcontact/magician_ros2/install/orbbec_camera/lib:/home/bbcontact/magician_ros2/install/orbbec_camera_msgs/lib:/opt/ros/jazzy/opt/gz_sim_vendor/lib:/opt/ros/jazzy/opt/gz_sensors_vendor/lib:/opt/ros/jazzy/opt/gz_physics_vendor/lib:/opt/ros/jazzy/opt/sdformat_vendor/lib:/opt/ros/jazzy/opt/rviz_ogre_vendor/lib:/opt/ros/jazzy/lib/x86_64-linux-gnu:/opt/ros/jazzy/opt/gz_gui_vendor/lib:/opt/ros/jazzy/opt/gz_transport_vendor/lib:/opt/ros/jazzy/opt/gz_rendering_vendor/lib:/opt/ros/jazzy/opt/gz_plugin_vendor/lib:/opt/ros/jazzy/opt/gz_fuel_tools_vendor/lib:/opt/ros/jazzy/opt/gz_msgs_vendor/lib:/opt/ros/jazzy/opt/gz_common_vendor/lib:/opt/ros/jazzy/opt/gz_math_vendor/lib:/opt/ros/jazzy/opt/gz_utils_vendor/lib:/opt/ros/jazzy/opt/gz_tools_vendor/lib:/opt/ros/jazzy/opt/gz_ogre_next_vendor/lib:/opt/ros/jazzy/opt/gz_dartsim_vendor/lib:/opt/ros/jazzy/opt/gz_cmake_vendor/lib:/opt/ros/jazzy/lib PYTHONPATH=/home/bbcontact/magician_ros2/build/dobot_kinematics/prefix_override:/usr/lib/python3/dist-packages/colcon_core/task/python/colcon_distutils_commands:/home/bbcontact/magician_ros2/install/dobot_kinematics/lib/python3.12/site-packages:/home/bbcontact/magician_ros2/install/dobot_msgs/lib/python3.12/site-packages:/home/bbcontact/magician_ros2/build/dobot_vision_rgbd:/home/bbcontact/magician_ros2/install/dobot_vision_rgbd/lib/python3.12/site-packages:/home/bbcontact/magician_ros2/install/orbbec_camera_msgs/lib/python3.12/site-packages:/home/bbcontact/magician_ros2/build/dobot_visualization_tools:/home/bbcontact/magician_ros2/install/dobot_visualization_tools/lib/python3.12/site-packages:/home/bbcontact/magician_ros2/build/dobot_vision_yolo:/home/bbcontact/magician_ros2/install/dobot_vision_yolo/lib/python3.12/site-packages:/home/bbcontact/magician_ros2/build/dobot_bringup:/home/bbcontact/magician_ros2/install/dobot_bringup/lib/python3.12/site-packages:/home/bbcontact/magician_ros2/build/dobot_state_updater:/home/bbcontact/magician_ros2/install/dobot_state_updater/lib/python3.12/site-packages:/home/bbcontact/magician_ros2/build/dobot_object_vision:/home/bbcontact/magician_ros2/install/dobot_object_vision/lib/python3.12/site-packages:/home/bbcontact/magician_ros2/build/dobot_motion:/home/bbcontact/magician_ros2/install/dobot_motion/lib/python3.12/site-packages:/home/bbcontact/magician_ros2/build/dobot_kinematics:/home/bbcontact/magician_ros2/install/dobot_kinematics/lib/python3.12/site-packages:/home/bbcontact/magician_ros2/build/dobot_homing:/home/bbcontact/magician_ros2/install/dobot_homing/lib/python3.12/site-packages:/home/bbcontact/magician_ros2/build/dobot_end_effector:/home/bbcontact/magician_ros2/install/dobot_end_effector/lib/python3.12/site-packages:/home/bbcontact/magician_ros2/build/dobot_diagnostics:/home/bbcontact/magician_ros2/install/dobot_diagnostics/lib/python3.12/site-packages:/home/bbcontact/magician_ros2/build/dobot_demos:/home/bbcontact/magician_ros2/install/dobot_demos/lib/python3.12/site-packages:/home/bbcontact/magician_ros2/build/dobot_calibration:/home/bbcontact/magician_ros2/install/dobot_calibration/lib/python3.12/site-packages:/home/bbcontact/magician_ros2/build/dobot_control_panel:/home/bbcontact/magician_ros2/install/dobot_control_panel/lib/python3.12/site-packages:/home/bbcontact/magician_ros2/install/dobot_driver/lib/python3.12/site-packages:/opt/ros/jazzy/lib/python3.12/site-packages /usr/bin/python3 -W ignore:setup.py install is deprecated -W ignore:easy_install command is deprecated setup.py develop --editable --build-directory /home/bbcontact/magician_ros2/build/dobot_kinematics/build --no-deps symlink_data
[18.217s] INFO:colcon.colcon_core.shell:Creating environment hook '/home/bbcontact/magician_ros2/build/dobot_kinematics/share/dobot_kinematics/hook/pythonpath_develop.sh'
[18.218s] Level 1:colcon.colcon_core.environment:checking '/home/bbcontact/magician_ros2/install/dobot_kinematics' for CMake module files
[18.220s] Level 1:colcon.colcon_core.environment:checking '/home/bbcontact/magician_ros2/install/dobot_kinematics' for CMake config files
[18.222s] Level 1:colcon.colcon_core.environment:checking '/home/bbcontact/magician_ros2/install/dobot_kinematics/lib'
[18.222s] Level 1:colcon.colcon_core.environment:checking '/home/bbcontact/magician_ros2/install/dobot_kinematics/bin'
[18.222s] Level 1:colcon.colcon_core.environment:checking '/home/bbcontact/magician_ros2/install/dobot_kinematics/lib/pkgconfig/dobot_kinematics.pc'
[18.223s] Level 1:colcon.colcon_core.environment:checking '/home/bbcontact/magician_ros2/install/dobot_kinematics/lib/python3.12/site-packages'
[18.223s] Level 1:colcon.colcon_core.shell:create_environment_hook('dobot_kinematics', 'pythonpath')
[18.223s] INFO:colcon.colcon_core.shell:Creating environment hook '/home/bbcontact/magician_ros2/install/dobot_kinematics/share/dobot_kinematics/hook/pythonpath.ps1'
[18.224s] INFO:colcon.colcon_core.shell:Creating environment descriptor '/home/bbcontact/magician_ros2/install/dobot_kinematics/share/dobot_kinematics/hook/pythonpath.dsv'
[18.225s] INFO:colcon.colcon_core.shell:Creating environment hook '/home/bbcontact/magician_ros2/install/dobot_kinematics/share/dobot_kinematics/hook/pythonpath.sh'
[18.226s] Level 1:colcon.colcon_core.environment:checking '/home/bbcontact/magician_ros2/install/dobot_kinematics/bin'
[18.226s] Level 1:colcon.colcon_core.environment:create_environment_scripts_only(dobot_kinematics)
[18.227s] INFO:colcon.colcon_core.shell:Creating package script '/home/bbcontact/magician_ros2/install/dobot_kinematics/share/dobot_kinematics/package.ps1'
[18.228s] INFO:colcon.colcon_core.shell:Creating package descriptor '/home/bbcontact/magician_ros2/install/dobot_kinematics/share/dobot_kinematics/package.dsv'
[18.229s] INFO:colcon.colcon_core.shell:Creating package script '/home/bbcontact/magician_ros2/install/dobot_kinematics/share/dobot_kinematics/package.sh'
[18.230s] INFO:colcon.colcon_core.shell:Creating package script '/home/bbcontact/magician_ros2/install/dobot_kinematics/share/dobot_kinematics/package.bash'
[18.231s] INFO:colcon.colcon_core.shell:Creating package script '/home/bbcontact/magician_ros2/install/dobot_kinematics/share/dobot_kinematics/package.zsh'
[18.232s] Level 1:colcon.colcon_core.environment:create_file_with_runtime_dependencies(/home/bbcontact/magician_ros2/install/dobot_kinematics/share/colcon-core/packages/dobot_kinematics)
[18.232s] Level 1:colcon.colcon_core.shell:create_environment_hook('dobot_motion', 'pythonpath_develop')
[18.233s] INFO:colcon.colcon_core.shell:Creating environment hook '/home/bbcontact/magician_ros2/build/dobot_motion/share/dobot_motion/hook/pythonpath_develop.ps1'
[18.234s] INFO:colcon.colcon_core.shell:Creating environment descriptor '/home/bbcontact/magician_ros2/build/dobot_motion/share/dobot_motion/hook/pythonpath_develop.dsv'
[18.236s] DEBUG:colcon.colcon_core.event_handler.log_command:Invoked command in '/home/bbcontact/magician_ros2/build/dobot_motion' returned '0': CMAKE_PREFIX_PATH=/home/bbcontact/magician_ros2/install/dobot_msgs:/home/bbcontact/magician_ros2/install/dobot_driver:/home/bbcontact/magician_ros2/install/orbbec_description:/home/bbcontact/magician_ros2/install/orbbec_camera:/home/bbcontact/magician_ros2/install/orbbec_camera_msgs:/home/bbcontact/magician_ros2/install/dobot_description:/opt/ros/jazzy/opt/gz_sim_vendor:/opt/ros/jazzy/opt/gz_sensors_vendor:/opt/ros/jazzy/opt/gz_physics_vendor:/opt/ros/jazzy/opt/sdformat_vendor:/opt/ros/jazzy/opt/gz_gui_vendor:/opt/ros/jazzy/opt/gz_transport_vendor:/opt/ros/jazzy/opt/gz_rendering_vendor:/opt/ros/jazzy/opt/gz_plugin_vendor:/opt/ros/jazzy/opt/gz_fuel_tools_vendor:/opt/ros/jazzy/opt/gz_msgs_vendor:/opt/ros/jazzy/opt/gz_common_vendor:/opt/ros/jazzy/opt/gz_math_vendor:/opt/ros/jazzy/opt/gz_utils_vendor:/opt/ros/jazzy/opt/gz_tools_vendor:/opt/ros/jazzy/opt/gz_ogre_next_vendor:/opt/ros/jazzy/opt/gz_dartsim_vendor:/opt/ros/jazzy/opt/gz_cmake_vendor DEBUGINFOD_URLS=https://debuginfod.ubuntu.com LD_LIBRARY_PATH=/home/bbcontact/magician_ros2/install/dobot_msgs/lib:/home/bbcontact/magician_ros2/install/orbbec_camera/lib:/home/bbcontact/magician_ros2/install/orbbec_camera_msgs/lib:/opt/ros/jazzy/opt/gz_sim_vendor/lib:/opt/ros/jazzy/opt/gz_sensors_vendor/lib:/opt/ros/jazzy/opt/gz_physics_vendor/lib:/opt/ros/jazzy/opt/sdformat_vendor/lib:/opt/ros/jazzy/opt/rviz_ogre_vendor/lib:/opt/ros/jazzy/lib/x86_64-linux-gnu:/opt/ros/jazzy/opt/gz_gui_vendor/lib:/opt/ros/jazzy/opt/gz_transport_vendor/lib:/opt/ros/jazzy/opt/gz_rendering_vendor/lib:/opt/ros/jazzy/opt/gz_plugin_vendor/lib:/opt/ros/jazzy/opt/gz_fuel_tools_vendor/lib:/opt/ros/jazzy/opt/gz_msgs_vendor/lib:/opt/ros/jazzy/opt/gz_common_vendor/lib:/opt/ros/jazzy/opt/gz_math_vendor/lib:/opt/ros/jazzy/opt/gz_utils_vendor/lib:/opt/ros/jazzy/opt/gz_tools_vendor/lib:/opt/ros/jazzy/opt/gz_ogre_next_vendor/lib:/opt/ros/jazzy/opt/gz_dartsim_vendor/lib:/opt/ros/jazzy/opt/gz_cmake_vendor/lib:/opt/ros/jazzy/lib PYTHONPATH=/home/bbcontact/magician_ros2/build/dobot_motion/prefix_override:/usr/lib/python3/dist-packages/colcon_core/task/python/colcon_distutils_commands:/home/bbcontact/magician_ros2/install/dobot_motion/lib/python3.12/site-packages:/home/bbcontact/magician_ros2/install/dobot_msgs/lib/python3.12/site-packages:/home/bbcontact/magician_ros2/install/dobot_driver/lib/python3.12/site-packages:/home/bbcontact/magician_ros2/build/dobot_vision_rgbd:/home/bbcontact/magician_ros2/install/dobot_vision_rgbd/lib/python3.12/site-packages:/home/bbcontact/magician_ros2/install/orbbec_camera_msgs/lib/python3.12/site-packages:/home/bbcontact/magician_ros2/build/dobot_visualization_tools:/home/bbcontact/magician_ros2/install/dobot_visualization_tools/lib/python3.12/site-packages:/home/bbcontact/magician_ros2/build/dobot_vision_yolo:/home/bbcontact/magician_ros2/install/dobot_vision_yolo/lib/python3.12/site-packages:/home/bbcontact/magician_ros2/build/dobot_bringup:/home/bbcontact/magician_ros2/install/dobot_bringup/lib/python3.12/site-packages:/home/bbcontact/magician_ros2/build/dobot_state_updater:/home/bbcontact/magician_ros2/install/dobot_state_updater/lib/python3.12/site-packages:/home/bbcontact/magician_ros2/build/dobot_object_vision:/home/bbcontact/magician_ros2/install/dobot_object_vision/lib/python3.12/site-packages:/home/bbcontact/magician_ros2/build/dobot_motion:/home/bbcontact/magician_ros2/install/dobot_motion/lib/python3.12/site-packages:/home/bbcontact/magician_ros2/build/dobot_kinematics:/home/bbcontact/magician_ros2/install/dobot_kinematics/lib/python3.12/site-packages:/home/bbcontact/magician_ros2/build/dobot_homing:/home/bbcontact/magician_ros2/install/dobot_homing/lib/python3.12/site-packages:/home/bbcontact/magician_ros2/build/dobot_end_effector:/home/bbcontact/magician_ros2/install/dobot_end_effector/lib/python3.12/site-packages:/home/bbcontact/magician_ros2/build/dobot_diagnostics:/home/bbcontact/magician_ros2/install/dobot_diagnostics/lib/python3.12/site-packages:/home/bbcontact/magician_ros2/build/dobot_demos:/home/bbcontact/magician_ros2/install/dobot_demos/lib/python3.12/site-packages:/home/bbcontact/magician_ros2/build/dobot_calibration:/home/bbcontact/magician_ros2/install/dobot_calibration/lib/python3.12/site-packages:/home/bbcontact/magician_ros2/build/dobot_control_panel:/home/bbcontact/magician_ros2/install/dobot_control_panel/lib/python3.12/site-packages:/opt/ros/jazzy/lib/python3.12/site-packages /usr/bin/python3 -W ignore:setup.py install is deprecated -W ignore:easy_install command is deprecated setup.py develop --editable --build-directory /home/bbcontact/magician_ros2/build/dobot_motion/build --no-deps symlink_data
[18.236s] INFO:colcon.colcon_core.shell:Creating environment hook '/home/bbcontact/magician_ros2/build/dobot_motion/share/dobot_motion/hook/pythonpath_develop.sh'
[18.237s] Level 1:colcon.colcon_core.environment:checking '/home/bbcontact/magician_ros2/install/dobot_motion' for CMake module files
[18.239s] Level 1:colcon.colcon_core.environment:checking '/home/bbcontact/magician_ros2/install/dobot_motion' for CMake config files
[18.240s] Level 1:colcon.colcon_core.environment:checking '/home/bbcontact/magician_ros2/install/dobot_motion/lib'
[18.240s] Level 1:colcon.colcon_core.environment:checking '/home/bbcontact/magician_ros2/install/dobot_motion/bin'
[18.240s] Level 1:colcon.colcon_core.environment:checking '/home/bbcontact/magician_ros2/install/dobot_motion/lib/pkgconfig/dobot_motion.pc'
[18.241s] Level 1:colcon.colcon_core.environment:checking '/home/bbcontact/magician_ros2/install/dobot_motion/lib/python3.12/site-packages'
[18.241s] Level 1:colcon.colcon_core.shell:create_environment_hook('dobot_motion', 'pythonpath')
[18.241s] INFO:colcon.colcon_core.shell:Creating environment hook '/home/bbcontact/magician_ros2/install/dobot_motion/share/dobot_motion/hook/pythonpath.ps1'
[18.242s] INFO:colcon.colcon_core.shell:Creating environment descriptor '/home/bbcontact/magician_ros2/install/dobot_motion/share/dobot_motion/hook/pythonpath.dsv'
[18.243s] INFO:colcon.colcon_core.shell:Creating environment hook '/home/bbcontact/magician_ros2/install/dobot_motion/share/dobot_motion/hook/pythonpath.sh'
[18.245s] Level 1:colcon.colcon_core.environment:checking '/home/bbcontact/magician_ros2/install/dobot_motion/bin'
[18.245s] Level 1:colcon.colcon_core.environment:create_environment_scripts_only(dobot_motion)
[18.246s] INFO:colcon.colcon_core.shell:Creating package script '/home/bbcontact/magician_ros2/install/dobot_motion/share/dobot_motion/package.ps1'
[18.247s] INFO:colcon.colcon_core.shell:Creating package descriptor '/home/bbcontact/magician_ros2/install/dobot_motion/share/dobot_motion/package.dsv'
[18.249s] INFO:colcon.colcon_core.shell:Creating package script '/home/bbcontact/magician_ros2/install/dobot_motion/share/dobot_motion/package.sh'
[18.250s] INFO:colcon.colcon_core.shell:Creating package script '/home/bbcontact/magician_ros2/install/dobot_motion/share/dobot_motion/package.bash'
[18.250s] INFO:colcon.colcon_core.shell:Creating package script '/home/bbcontact/magician_ros2/install/dobot_motion/share/dobot_motion/package.zsh'
[18.251s] Level 1:colcon.colcon_core.environment:create_file_with_runtime_dependencies(/home/bbcontact/magician_ros2/install/dobot_motion/share/colcon-core/packages/dobot_motion)
[18.251s] Level 1:colcon.colcon_core.shell:create_environment_hook('dobot_homing', 'pythonpath_develop')
[18.252s] INFO:colcon.colcon_core.shell:Creating environment hook '/home/bbcontact/magician_ros2/build/dobot_homing/share/dobot_homing/hook/pythonpath_develop.ps1'
[18.253s] INFO:colcon.colcon_core.shell:Creating environment descriptor '/home/bbcontact/magician_ros2/build/dobot_homing/share/dobot_homing/hook/pythonpath_develop.dsv'
[18.254s] DEBUG:colcon.colcon_core.event_handler.log_command:Invoked command in '/home/bbcontact/magician_ros2/build/dobot_homing' returned '0': CMAKE_PREFIX_PATH=/home/bbcontact/magician_ros2/install/dobot_msgs:/home/bbcontact/magician_ros2/install/dobot_driver:/home/bbcontact/magician_ros2/install/orbbec_description:/home/bbcontact/magician_ros2/install/orbbec_camera:/home/bbcontact/magician_ros2/install/orbbec_camera_msgs:/home/bbcontact/magician_ros2/install/dobot_description:/opt/ros/jazzy/opt/gz_sim_vendor:/opt/ros/jazzy/opt/gz_sensors_vendor:/opt/ros/jazzy/opt/gz_physics_vendor:/opt/ros/jazzy/opt/sdformat_vendor:/opt/ros/jazzy/opt/gz_gui_vendor:/opt/ros/jazzy/opt/gz_transport_vendor:/opt/ros/jazzy/opt/gz_rendering_vendor:/opt/ros/jazzy/opt/gz_plugin_vendor:/opt/ros/jazzy/opt/gz_fuel_tools_vendor:/opt/ros/jazzy/opt/gz_msgs_vendor:/opt/ros/jazzy/opt/gz_common_vendor:/opt/ros/jazzy/opt/gz_math_vendor:/opt/ros/jazzy/opt/gz_utils_vendor:/opt/ros/jazzy/opt/gz_tools_vendor:/opt/ros/jazzy/opt/gz_ogre_next_vendor:/opt/ros/jazzy/opt/gz_dartsim_vendor:/opt/ros/jazzy/opt/gz_cmake_vendor DEBUGINFOD_URLS=https://debuginfod.ubuntu.com LD_LIBRARY_PATH=/home/bbcontact/magician_ros2/install/dobot_msgs/lib:/home/bbcontact/magician_ros2/install/orbbec_camera/lib:/home/bbcontact/magician_ros2/install/orbbec_camera_msgs/lib:/opt/ros/jazzy/opt/gz_sim_vendor/lib:/opt/ros/jazzy/opt/gz_sensors_vendor/lib:/opt/ros/jazzy/opt/gz_physics_vendor/lib:/opt/ros/jazzy/opt/sdformat_vendor/lib:/opt/ros/jazzy/opt/rviz_ogre_vendor/lib:/opt/ros/jazzy/lib/x86_64-linux-gnu:/opt/ros/jazzy/opt/gz_gui_vendor/lib:/opt/ros/jazzy/opt/gz_transport_vendor/lib:/opt/ros/jazzy/opt/gz_rendering_vendor/lib:/opt/ros/jazzy/opt/gz_plugin_vendor/lib:/opt/ros/jazzy/opt/gz_fuel_tools_vendor/lib:/opt/ros/jazzy/opt/gz_msgs_vendor/lib:/opt/ros/jazzy/opt/gz_common_vendor/lib:/opt/ros/jazzy/opt/gz_math_vendor/lib:/opt/ros/jazzy/opt/gz_utils_vendor/lib:/opt/ros/jazzy/opt/gz_tools_vendor/lib:/opt/ros/jazzy/opt/gz_ogre_next_vendor/lib:/opt/ros/jazzy/opt/gz_dartsim_vendor/lib:/opt/ros/jazzy/opt/gz_cmake_vendor/lib:/opt/ros/jazzy/lib PYTHONPATH=/home/bbcontact/magician_ros2/build/dobot_homing/prefix_override:/usr/lib/python3/dist-packages/colcon_core/task/python/colcon_distutils_commands:/home/bbcontact/magician_ros2/install/dobot_homing/lib/python3.12/site-packages:/home/bbcontact/magician_ros2/install/dobot_msgs/lib/python3.12/site-packages:/home/bbcontact/magician_ros2/install/dobot_driver/lib/python3.12/site-packages:/home/bbcontact/magician_ros2/build/dobot_vision_rgbd:/home/bbcontact/magician_ros2/install/dobot_vision_rgbd/lib/python3.12/site-packages:/home/bbcontact/magician_ros2/install/orbbec_camera_msgs/lib/python3.12/site-packages:/home/bbcontact/magician_ros2/build/dobot_visualization_tools:/home/bbcontact/magician_ros2/install/dobot_visualization_tools/lib/python3.12/site-packages:/home/bbcontact/magician_ros2/build/dobot_vision_yolo:/home/bbcontact/magician_ros2/install/dobot_vision_yolo/lib/python3.12/site-packages:/home/bbcontact/magician_ros2/build/dobot_bringup:/home/bbcontact/magician_ros2/install/dobot_bringup/lib/python3.12/site-packages:/home/bbcontact/magician_ros2/build/dobot_state_updater:/home/bbcontact/magician_ros2/install/dobot_state_updater/lib/python3.12/site-packages:/home/bbcontact/magician_ros2/build/dobot_object_vision:/home/bbcontact/magician_ros2/install/dobot_object_vision/lib/python3.12/site-packages:/home/bbcontact/magician_ros2/build/dobot_motion:/home/bbcontact/magician_ros2/install/dobot_motion/lib/python3.12/site-packages:/home/bbcontact/magician_ros2/build/dobot_kinematics:/home/bbcontact/magician_ros2/install/dobot_kinematics/lib/python3.12/site-packages:/home/bbcontact/magician_ros2/build/dobot_homing:/home/bbcontact/magician_ros2/install/dobot_homing/lib/python3.12/site-packages:/home/bbcontact/magician_ros2/build/dobot_end_effector:/home/bbcontact/magician_ros2/install/dobot_end_effector/lib/python3.12/site-packages:/home/bbcontact/magician_ros2/build/dobot_diagnostics:/home/bbcontact/magician_ros2/install/dobot_diagnostics/lib/python3.12/site-packages:/home/bbcontact/magician_ros2/build/dobot_demos:/home/bbcontact/magician_ros2/install/dobot_demos/lib/python3.12/site-packages:/home/bbcontact/magician_ros2/build/dobot_calibration:/home/bbcontact/magician_ros2/install/dobot_calibration/lib/python3.12/site-packages:/home/bbcontact/magician_ros2/build/dobot_control_panel:/home/bbcontact/magician_ros2/install/dobot_control_panel/lib/python3.12/site-packages:/opt/ros/jazzy/lib/python3.12/site-packages /usr/bin/python3 -W ignore:setup.py install is deprecated -W ignore:easy_install command is deprecated setup.py develop --editable --build-directory /home/bbcontact/magician_ros2/build/dobot_homing/build --no-deps symlink_data
[18.255s] INFO:colcon.colcon_core.shell:Creating environment hook '/home/bbcontact/magician_ros2/build/dobot_homing/share/dobot_homing/hook/pythonpath_develop.sh'
[18.256s] Level 1:colcon.colcon_core.environment:checking '/home/bbcontact/magician_ros2/install/dobot_homing' for CMake module files
[18.257s] Level 1:colcon.colcon_core.environment:checking '/home/bbcontact/magician_ros2/install/dobot_homing' for CMake config files
[18.258s] Level 1:colcon.colcon_core.environment:checking '/home/bbcontact/magician_ros2/install/dobot_homing/lib'
[18.259s] Level 1:colcon.colcon_core.environment:checking '/home/bbcontact/magician_ros2/install/dobot_homing/bin'
[18.259s] Level 1:colcon.colcon_core.environment:checking '/home/bbcontact/magician_ros2/install/dobot_homing/lib/pkgconfig/dobot_homing.pc'
[18.259s] Level 1:colcon.colcon_core.environment:checking '/home/bbcontact/magician_ros2/install/dobot_homing/lib/python3.12/site-packages'
[18.259s] Level 1:colcon.colcon_core.shell:create_environment_hook('dobot_homing', 'pythonpath')
[18.260s] INFO:colcon.colcon_core.shell:Creating environment hook '/home/bbcontact/magician_ros2/install/dobot_homing/share/dobot_homing/hook/pythonpath.ps1'
[18.261s] INFO:colcon.colcon_core.shell:Creating environment descriptor '/home/bbcontact/magician_ros2/install/dobot_homing/share/dobot_homing/hook/pythonpath.dsv'
[18.261s] INFO:colcon.colcon_core.shell:Creating environment hook '/home/bbcontact/magician_ros2/install/dobot_homing/share/dobot_homing/hook/pythonpath.sh'
[18.263s] Level 1:colcon.colcon_core.environment:checking '/home/bbcontact/magician_ros2/install/dobot_homing/bin'
[18.263s] Level 1:colcon.colcon_core.environment:create_environment_scripts_only(dobot_homing)
[18.264s] INFO:colcon.colcon_core.shell:Creating package script '/home/bbcontact/magician_ros2/install/dobot_homing/share/dobot_homing/package.ps1'
[18.265s] INFO:colcon.colcon_core.shell:Creating package descriptor '/home/bbcontact/magician_ros2/install/dobot_homing/share/dobot_homing/package.dsv'
[18.266s] INFO:colcon.colcon_core.shell:Creating package script '/home/bbcontact/magician_ros2/install/dobot_homing/share/dobot_homing/package.sh'
[18.267s] INFO:colcon.colcon_core.shell:Creating package script '/home/bbcontact/magician_ros2/install/dobot_homing/share/dobot_homing/package.bash'
[18.268s] INFO:colcon.colcon_core.shell:Creating package script '/home/bbcontact/magician_ros2/install/dobot_homing/share/dobot_homing/package.zsh'
[18.270s] Level 1:colcon.colcon_core.environment:create_file_with_runtime_dependencies(/home/bbcontact/magician_ros2/install/dobot_homing/share/colcon-core/packages/dobot_homing)
[18.271s] INFO:colcon.colcon_ros.task.ament_cmake.build:Building ROS package in '/home/bbcontact/magician_ros2/src/OrbbecSDK_ROS2/orbbec_camera' with build type 'ament_cmake'
[18.272s] INFO:colcon.colcon_cmake.task.cmake.build:Building CMake package in '/home/bbcontact/magician_ros2/src/OrbbecSDK_ROS2/orbbec_camera'
[18.272s] INFO:colcon.colcon_core.shell:Skip shell extension 'powershell' for command environment: Not usable outside of PowerShell
[18.272s] DEBUG:colcon.colcon_core.shell:Skip shell extension 'dsv' for command environment
[18.283s] INFO:colcon.colcon_ros.task.ament_python.build:Building ROS package in '/home/bbcontact/magician_ros2/src/magician_ros2/dobot_object_vision' with build type 'ament_python'
[18.283s] Level 1:colcon.colcon_core.shell:create_environment_hook('dobot_object_vision', 'ament_prefix_path')
[18.283s] INFO:colcon.colcon_core.shell:Creating environment hook '/home/bbcontact/magician_ros2/install/dobot_object_vision/share/dobot_object_vision/hook/ament_prefix_path.ps1'
[18.285s] INFO:colcon.colcon_core.shell:Creating environment descriptor '/home/bbcontact/magician_ros2/install/dobot_object_vision/share/dobot_object_vision/hook/ament_prefix_path.dsv'
[18.286s] INFO:colcon.colcon_core.shell:Creating environment hook '/home/bbcontact/magician_ros2/install/dobot_object_vision/share/dobot_object_vision/hook/ament_prefix_path.sh'
[18.287s] INFO:colcon.colcon_core.shell:Skip shell extension 'powershell' for command environment: Not usable outside of PowerShell
[18.287s] DEBUG:colcon.colcon_core.shell:Skip shell extension 'dsv' for command environment
[18.298s] DEBUG:colcon.colcon_core.task.python.build:Available setuptools commands: dist_info, build_ext, test, bdist_rpm, install_lib, develop, register, bdist, update_catalog, install_egg_info, compile_catalog, upload, symlink_data, egg_info, extract_messages, build_py, build_clib, editable_wheel, install_headers, bdist_wheel, alias, bdist_dumb, install, check, bdist_egg, install_data, easy_install, saveopts, install_scripts, setopt, sdist, init_catalog, build_scripts, rotate, clean, build, upload_docs
[18.312s] DEBUG:colcon.colcon_core.event_handler.log_command:Invoking command in '/home/bbcontact/magician_ros2/build/orbbec_camera': CMAKE_PREFIX_PATH=/home/bbcontact/magician_ros2/install/orbbec_camera_msgs:/home/bbcontact/magician_ros2/install/orbbec_description:/home/bbcontact/magician_ros2/install/orbbec_camera:/home/bbcontact/magician_ros2/install/dobot_msgs:/home/bbcontact/magician_ros2/install/dobot_driver:/home/bbcontact/magician_ros2/install/dobot_description:/opt/ros/jazzy/opt/gz_sim_vendor:/opt/ros/jazzy/opt/gz_sensors_vendor:/opt/ros/jazzy/opt/gz_physics_vendor:/opt/ros/jazzy/opt/sdformat_vendor:/opt/ros/jazzy/opt/gz_gui_vendor:/opt/ros/jazzy/opt/gz_transport_vendor:/opt/ros/jazzy/opt/gz_rendering_vendor:/opt/ros/jazzy/opt/gz_plugin_vendor:/opt/ros/jazzy/opt/gz_fuel_tools_vendor:/opt/ros/jazzy/opt/gz_msgs_vendor:/opt/ros/jazzy/opt/gz_common_vendor:/opt/ros/jazzy/opt/gz_math_vendor:/opt/ros/jazzy/opt/gz_utils_vendor:/opt/ros/jazzy/opt/gz_tools_vendor:/opt/ros/jazzy/opt/gz_ogre_next_vendor:/opt/ros/jazzy/opt/gz_dartsim_vendor:/opt/ros/jazzy/opt/gz_cmake_vendor:/home/bbcontact/magician_ros2/install/dobot_vision_rgbd:/home/bbcontact/magician_ros2/install/dobot_visualization_tools:/home/bbcontact/magician_ros2/install/dobot_vision_yolo:/home/bbcontact/magician_ros2/install/dobot_bringup:/home/bbcontact/magician_ros2/install/dobot_state_updater:/home/bbcontact/magician_ros2/install/dobot_object_vision:/home/bbcontact/magician_ros2/install/dobot_motion:/home/bbcontact/magician_ros2/install/dobot_kinematics:/home/bbcontact/magician_ros2/install/dobot_homing:/home/bbcontact/magician_ros2/install/dobot_end_effector:/home/bbcontact/magician_ros2/install/dobot_diagnostics:/home/bbcontact/magician_ros2/install/dobot_demos:/home/bbcontact/magician_ros2/install/dobot_calibration:/home/bbcontact/magician_ros2/install/dobot_control_panel:/opt/ros/jazzy DEBUGINFOD_URLS=https://debuginfod.ubuntu.com LD_LIBRARY_PATH=/home/bbcontact/magician_ros2/install/orbbec_camera_msgs/lib:/home/bbcontact/magician_ros2/install/orbbec_camera/lib:/home/bbcontact/magician_ros2/install/dobot_msgs/lib:/opt/ros/jazzy/opt/gz_sim_vendor/lib:/opt/ros/jazzy/opt/gz_sensors_vendor/lib:/opt/ros/jazzy/opt/gz_physics_vendor/lib:/opt/ros/jazzy/opt/sdformat_vendor/lib:/opt/ros/jazzy/opt/rviz_ogre_vendor/lib:/opt/ros/jazzy/lib/x86_64-linux-gnu:/opt/ros/jazzy/opt/gz_gui_vendor/lib:/opt/ros/jazzy/opt/gz_transport_vendor/lib:/opt/ros/jazzy/opt/gz_rendering_vendor/lib:/opt/ros/jazzy/opt/gz_plugin_vendor/lib:/opt/ros/jazzy/opt/gz_fuel_tools_vendor/lib:/opt/ros/jazzy/opt/gz_msgs_vendor/lib:/opt/ros/jazzy/opt/gz_common_vendor/lib:/opt/ros/jazzy/opt/gz_math_vendor/lib:/opt/ros/jazzy/opt/gz_utils_vendor/lib:/opt/ros/jazzy/opt/gz_tools_vendor/lib:/opt/ros/jazzy/opt/gz_ogre_next_vendor/lib:/opt/ros/jazzy/opt/gz_dartsim_vendor/lib:/opt/ros/jazzy/opt/gz_cmake_vendor/lib:/opt/ros/jazzy/lib PYTHONPATH=/home/bbcontact/magician_ros2/install/orbbec_camera_msgs/lib/python3.12/site-packages:/home/bbcontact/magician_ros2/build/dobot_vision_rgbd:/home/bbcontact/magician_ros2/install/dobot_vision_rgbd/lib/python3.12/site-packages:/home/bbcontact/magician_ros2/build/dobot_visualization_tools:/home/bbcontact/magician_ros2/install/dobot_visualization_tools/lib/python3.12/site-packages:/home/bbcontact/magician_ros2/build/dobot_vision_yolo:/home/bbcontact/magician_ros2/install/dobot_vision_yolo/lib/python3.12/site-packages:/home/bbcontact/magician_ros2/build/dobot_bringup:/home/bbcontact/magician_ros2/install/dobot_bringup/lib/python3.12/site-packages:/home/bbcontact/magician_ros2/build/dobot_state_updater:/home/bbcontact/magician_ros2/install/dobot_state_updater/lib/python3.12/site-packages:/home/bbcontact/magician_ros2/build/dobot_object_vision:/home/bbcontact/magician_ros2/install/dobot_object_vision/lib/python3.12/site-packages:/home/bbcontact/magician_ros2/build/dobot_motion:/home/bbcontact/magician_ros2/install/dobot_motion/lib/python3.12/site-packages:/home/bbcontact/magician_ros2/build/dobot_kinematics:/home/bbcontact/magician_ros2/install/dobot_kinematics/lib/python3.12/site-packages:/home/bbcontact/magician_ros2/build/dobot_homing:/home/bbcontact/magician_ros2/install/dobot_homing/lib/python3.12/site-packages:/home/bbcontact/magician_ros2/build/dobot_end_effector:/home/bbcontact/magician_ros2/install/dobot_end_effector/lib/python3.12/site-packages:/home/bbcontact/magician_ros2/build/dobot_diagnostics:/home/bbcontact/magician_ros2/install/dobot_diagnostics/lib/python3.12/site-packages:/home/bbcontact/magician_ros2/build/dobot_demos:/home/bbcontact/magician_ros2/install/dobot_demos/lib/python3.12/site-packages:/home/bbcontact/magician_ros2/build/dobot_calibration:/home/bbcontact/magician_ros2/install/dobot_calibration/lib/python3.12/site-packages:/home/bbcontact/magician_ros2/install/dobot_msgs/lib/python3.12/site-packages:/home/bbcontact/magician_ros2/build/dobot_control_panel:/home/bbcontact/magician_ros2/install/dobot_control_panel/lib/python3.12/site-packages:/home/bbcontact/magician_ros2/install/dobot_driver/lib/python3.12/site-packages:/opt/ros/jazzy/lib/python3.12/site-packages /usr/bin/cmake --build /home/bbcontact/magician_ros2/build/orbbec_camera -- -j8 -l8
[19.217s] INFO:colcon.colcon_core.task.python.build:Building Python package in '/home/bbcontact/magician_ros2/src/magician_ros2/dobot_object_vision'
[19.218s] INFO:colcon.colcon_core.shell:Skip shell extension 'powershell' for command environment: Not usable outside of PowerShell
[19.218s] DEBUG:colcon.colcon_core.shell:Skip shell extension 'dsv' for command environment
[19.240s] DEBUG:colcon.colcon_core.event_handler.log_command:Invoked command in '/home/bbcontact/magician_ros2/build/orbbec_camera' returned '0': CMAKE_PREFIX_PATH=/home/bbcontact/magician_ros2/install/orbbec_camera_msgs:/home/bbcontact/magician_ros2/install/orbbec_description:/home/bbcontact/magician_ros2/install/orbbec_camera:/home/bbcontact/magician_ros2/install/dobot_msgs:/home/bbcontact/magician_ros2/install/dobot_driver:/home/bbcontact/magician_ros2/install/dobot_description:/opt/ros/jazzy/opt/gz_sim_vendor:/opt/ros/jazzy/opt/gz_sensors_vendor:/opt/ros/jazzy/opt/gz_physics_vendor:/opt/ros/jazzy/opt/sdformat_vendor:/opt/ros/jazzy/opt/gz_gui_vendor:/opt/ros/jazzy/opt/gz_transport_vendor:/opt/ros/jazzy/opt/gz_rendering_vendor:/opt/ros/jazzy/opt/gz_plugin_vendor:/opt/ros/jazzy/opt/gz_fuel_tools_vendor:/opt/ros/jazzy/opt/gz_msgs_vendor:/opt/ros/jazzy/opt/gz_common_vendor:/opt/ros/jazzy/opt/gz_math_vendor:/opt/ros/jazzy/opt/gz_utils_vendor:/opt/ros/jazzy/opt/gz_tools_vendor:/opt/ros/jazzy/opt/gz_ogre_next_vendor:/opt/ros/jazzy/opt/gz_dartsim_vendor:/opt/ros/jazzy/opt/gz_cmake_vendor:/home/bbcontact/magician_ros2/install/dobot_vision_rgbd:/home/bbcontact/magician_ros2/install/dobot_visualization_tools:/home/bbcontact/magician_ros2/install/dobot_vision_yolo:/home/bbcontact/magician_ros2/install/dobot_bringup:/home/bbcontact/magician_ros2/install/dobot_state_updater:/home/bbcontact/magician_ros2/install/dobot_object_vision:/home/bbcontact/magician_ros2/install/dobot_motion:/home/bbcontact/magician_ros2/install/dobot_kinematics:/home/bbcontact/magician_ros2/install/dobot_homing:/home/bbcontact/magician_ros2/install/dobot_end_effector:/home/bbcontact/magician_ros2/install/dobot_diagnostics:/home/bbcontact/magician_ros2/install/dobot_demos:/home/bbcontact/magician_ros2/install/dobot_calibration:/home/bbcontact/magician_ros2/install/dobot_control_panel:/opt/ros/jazzy DEBUGINFOD_URLS=https://debuginfod.ubuntu.com LD_LIBRARY_PATH=/home/bbcontact/magician_ros2/install/orbbec_camera_msgs/lib:/home/bbcontact/magician_ros2/install/orbbec_camera/lib:/home/bbcontact/magician_ros2/install/dobot_msgs/lib:/opt/ros/jazzy/opt/gz_sim_vendor/lib:/opt/ros/jazzy/opt/gz_sensors_vendor/lib:/opt/ros/jazzy/opt/gz_physics_vendor/lib:/opt/ros/jazzy/opt/sdformat_vendor/lib:/opt/ros/jazzy/opt/rviz_ogre_vendor/lib:/opt/ros/jazzy/lib/x86_64-linux-gnu:/opt/ros/jazzy/opt/gz_gui_vendor/lib:/opt/ros/jazzy/opt/gz_transport_vendor/lib:/opt/ros/jazzy/opt/gz_rendering_vendor/lib:/opt/ros/jazzy/opt/gz_plugin_vendor/lib:/opt/ros/jazzy/opt/gz_fuel_tools_vendor/lib:/opt/ros/jazzy/opt/gz_msgs_vendor/lib:/opt/ros/jazzy/opt/gz_common_vendor/lib:/opt/ros/jazzy/opt/gz_math_vendor/lib:/opt/ros/jazzy/opt/gz_utils_vendor/lib:/opt/ros/jazzy/opt/gz_tools_vendor/lib:/opt/ros/jazzy/opt/gz_ogre_next_vendor/lib:/opt/ros/jazzy/opt/gz_dartsim_vendor/lib:/opt/ros/jazzy/opt/gz_cmake_vendor/lib:/opt/ros/jazzy/lib PYTHONPATH=/home/bbcontact/magician_ros2/install/orbbec_camera_msgs/lib/python3.12/site-packages:/home/bbcontact/magician_ros2/build/dobot_vision_rgbd:/home/bbcontact/magician_ros2/install/dobot_vision_rgbd/lib/python3.12/site-packages:/home/bbcontact/magician_ros2/build/dobot_visualization_tools:/home/bbcontact/magician_ros2/install/dobot_visualization_tools/lib/python3.12/site-packages:/home/bbcontact/magician_ros2/build/dobot_vision_yolo:/home/bbcontact/magician_ros2/install/dobot_vision_yolo/lib/python3.12/site-packages:/home/bbcontact/magician_ros2/build/dobot_bringup:/home/bbcontact/magician_ros2/install/dobot_bringup/lib/python3.12/site-packages:/home/bbcontact/magician_ros2/build/dobot_state_updater:/home/bbcontact/magician_ros2/install/dobot_state_updater/lib/python3.12/site-packages:/home/bbcontact/magician_ros2/build/dobot_object_vision:/home/bbcontact/magician_ros2/install/dobot_object_vision/lib/python3.12/site-packages:/home/bbcontact/magician_ros2/build/dobot_motion:/home/bbcontact/magician_ros2/install/dobot_motion/lib/python3.12/site-packages:/home/bbcontact/magician_ros2/build/dobot_kinematics:/home/bbcontact/magician_ros2/install/dobot_kinematics/lib/python3.12/site-packages:/home/bbcontact/magician_ros2/build/dobot_homing:/home/bbcontact/magician_ros2/install/dobot_homing/lib/python3.12/site-packages:/home/bbcontact/magician_ros2/build/dobot_end_effector:/home/bbcontact/magician_ros2/install/dobot_end_effector/lib/python3.12/site-packages:/home/bbcontact/magician_ros2/build/dobot_diagnostics:/home/bbcontact/magician_ros2/install/dobot_diagnostics/lib/python3.12/site-packages:/home/bbcontact/magician_ros2/build/dobot_demos:/home/bbcontact/magician_ros2/install/dobot_demos/lib/python3.12/site-packages:/home/bbcontact/magician_ros2/build/dobot_calibration:/home/bbcontact/magician_ros2/install/dobot_calibration/lib/python3.12/site-packages:/home/bbcontact/magician_ros2/install/dobot_msgs/lib/python3.12/site-packages:/home/bbcontact/magician_ros2/build/dobot_control_panel:/home/bbcontact/magician_ros2/install/dobot_control_panel/lib/python3.12/site-packages:/home/bbcontact/magician_ros2/install/dobot_driver/lib/python3.12/site-packages:/opt/ros/jazzy/lib/python3.12/site-packages /usr/bin/cmake --build /home/bbcontact/magician_ros2/build/orbbec_camera -- -j8 -l8
[19.243s] DEBUG:colcon.colcon_core.event_handler.log_command:Invoking command in '/home/bbcontact/magician_ros2/build/orbbec_camera': CMAKE_PREFIX_PATH=/home/bbcontact/magician_ros2/install/orbbec_camera_msgs:/home/bbcontact/magician_ros2/install/orbbec_description:/home/bbcontact/magician_ros2/install/orbbec_camera:/home/bbcontact/magician_ros2/install/dobot_msgs:/home/bbcontact/magician_ros2/install/dobot_driver:/home/bbcontact/magician_ros2/install/dobot_description:/opt/ros/jazzy/opt/gz_sim_vendor:/opt/ros/jazzy/opt/gz_sensors_vendor:/opt/ros/jazzy/opt/gz_physics_vendor:/opt/ros/jazzy/opt/sdformat_vendor:/opt/ros/jazzy/opt/gz_gui_vendor:/opt/ros/jazzy/opt/gz_transport_vendor:/opt/ros/jazzy/opt/gz_rendering_vendor:/opt/ros/jazzy/opt/gz_plugin_vendor:/opt/ros/jazzy/opt/gz_fuel_tools_vendor:/opt/ros/jazzy/opt/gz_msgs_vendor:/opt/ros/jazzy/opt/gz_common_vendor:/opt/ros/jazzy/opt/gz_math_vendor:/opt/ros/jazzy/opt/gz_utils_vendor:/opt/ros/jazzy/opt/gz_tools_vendor:/opt/ros/jazzy/opt/gz_ogre_next_vendor:/opt/ros/jazzy/opt/gz_dartsim_vendor:/opt/ros/jazzy/opt/gz_cmake_vendor:/home/bbcontact/magician_ros2/install/dobot_vision_rgbd:/home/bbcontact/magician_ros2/install/dobot_visualization_tools:/home/bbcontact/magician_ros2/install/dobot_vision_yolo:/home/bbcontact/magician_ros2/install/dobot_bringup:/home/bbcontact/magician_ros2/install/dobot_state_updater:/home/bbcontact/magician_ros2/install/dobot_object_vision:/home/bbcontact/magician_ros2/install/dobot_motion:/home/bbcontact/magician_ros2/install/dobot_kinematics:/home/bbcontact/magician_ros2/install/dobot_homing:/home/bbcontact/magician_ros2/install/dobot_end_effector:/home/bbcontact/magician_ros2/install/dobot_diagnostics:/home/bbcontact/magician_ros2/install/dobot_demos:/home/bbcontact/magician_ros2/install/dobot_calibration:/home/bbcontact/magician_ros2/install/dobot_control_panel:/opt/ros/jazzy DEBUGINFOD_URLS=https://debuginfod.ubuntu.com LD_LIBRARY_PATH=/home/bbcontact/magician_ros2/install/orbbec_camera_msgs/lib:/home/bbcontact/magician_ros2/install/orbbec_camera/lib:/home/bbcontact/magician_ros2/install/dobot_msgs/lib:/opt/ros/jazzy/opt/gz_sim_vendor/lib:/opt/ros/jazzy/opt/gz_sensors_vendor/lib:/opt/ros/jazzy/opt/gz_physics_vendor/lib:/opt/ros/jazzy/opt/sdformat_vendor/lib:/opt/ros/jazzy/opt/rviz_ogre_vendor/lib:/opt/ros/jazzy/lib/x86_64-linux-gnu:/opt/ros/jazzy/opt/gz_gui_vendor/lib:/opt/ros/jazzy/opt/gz_transport_vendor/lib:/opt/ros/jazzy/opt/gz_rendering_vendor/lib:/opt/ros/jazzy/opt/gz_plugin_vendor/lib:/opt/ros/jazzy/opt/gz_fuel_tools_vendor/lib:/opt/ros/jazzy/opt/gz_msgs_vendor/lib:/opt/ros/jazzy/opt/gz_common_vendor/lib:/opt/ros/jazzy/opt/gz_math_vendor/lib:/opt/ros/jazzy/opt/gz_utils_vendor/lib:/opt/ros/jazzy/opt/gz_tools_vendor/lib:/opt/ros/jazzy/opt/gz_ogre_next_vendor/lib:/opt/ros/jazzy/opt/gz_dartsim_vendor/lib:/opt/ros/jazzy/opt/gz_cmake_vendor/lib:/opt/ros/jazzy/lib PYTHONPATH=/home/bbcontact/magician_ros2/install/orbbec_camera_msgs/lib/python3.12/site-packages:/home/bbcontact/magician_ros2/build/dobot_vision_rgbd:/home/bbcontact/magician_ros2/install/dobot_vision_rgbd/lib/python3.12/site-packages:/home/bbcontact/magician_ros2/build/dobot_visualization_tools:/home/bbcontact/magician_ros2/install/dobot_visualization_tools/lib/python3.12/site-packages:/home/bbcontact/magician_ros2/build/dobot_vision_yolo:/home/bbcontact/magician_ros2/install/dobot_vision_yolo/lib/python3.12/site-packages:/home/bbcontact/magician_ros2/build/dobot_bringup:/home/bbcontact/magician_ros2/install/dobot_bringup/lib/python3.12/site-packages:/home/bbcontact/magician_ros2/build/dobot_state_updater:/home/bbcontact/magician_ros2/install/dobot_state_updater/lib/python3.12/site-packages:/home/bbcontact/magician_ros2/build/dobot_object_vision:/home/bbcontact/magician_ros2/install/dobot_object_vision/lib/python3.12/site-packages:/home/bbcontact/magician_ros2/build/dobot_motion:/home/bbcontact/magician_ros2/install/dobot_motion/lib/python3.12/site-packages:/home/bbcontact/magician_ros2/build/dobot_kinematics:/home/bbcontact/magician_ros2/install/dobot_kinematics/lib/python3.12/site-packages:/home/bbcontact/magician_ros2/build/dobot_homing:/home/bbcontact/magician_ros2/install/dobot_homing/lib/python3.12/site-packages:/home/bbcontact/magician_ros2/build/dobot_end_effector:/home/bbcontact/magician_ros2/install/dobot_end_effector/lib/python3.12/site-packages:/home/bbcontact/magician_ros2/build/dobot_diagnostics:/home/bbcontact/magician_ros2/install/dobot_diagnostics/lib/python3.12/site-packages:/home/bbcontact/magician_ros2/build/dobot_demos:/home/bbcontact/magician_ros2/install/dobot_demos/lib/python3.12/site-packages:/home/bbcontact/magician_ros2/build/dobot_calibration:/home/bbcontact/magician_ros2/install/dobot_calibration/lib/python3.12/site-packages:/home/bbcontact/magician_ros2/install/dobot_msgs/lib/python3.12/site-packages:/home/bbcontact/magician_ros2/build/dobot_control_panel:/home/bbcontact/magician_ros2/install/dobot_control_panel/lib/python3.12/site-packages:/home/bbcontact/magician_ros2/install/dobot_driver/lib/python3.12/site-packages:/opt/ros/jazzy/lib/python3.12/site-packages /usr/bin/cmake --install /home/bbcontact/magician_ros2/build/orbbec_camera
[19.244s] DEBUG:colcon.colcon_core.task.python.build:Available setuptools commands: dist_info, build_ext, test, bdist_rpm, install_lib, develop, register, bdist, update_catalog, install_egg_info, compile_catalog, upload, symlink_data, egg_info, extract_messages, build_py, build_clib, editable_wheel, install_headers, bdist_wheel, alias, bdist_dumb, install, check, bdist_egg, install_data, easy_install, saveopts, install_scripts, setopt, sdist, init_catalog, build_scripts, rotate, clean, build, upload_docs
[19.333s] Level 1:colcon.colcon_core.environment:create_environment_scripts_only(orbbec_camera)
[19.334s] Level 1:colcon.colcon_core.environment:checking '/home/bbcontact/magician_ros2/install/orbbec_camera' for CMake module files
[19.336s] DEBUG:colcon.colcon_core.event_handler.log_command:Invoked command in '/home/bbcontact/magician_ros2/build/orbbec_camera' returned '0': CMAKE_PREFIX_PATH=/home/bbcontact/magician_ros2/install/orbbec_camera_msgs:/home/bbcontact/magician_ros2/install/orbbec_description:/home/bbcontact/magician_ros2/install/orbbec_camera:/home/bbcontact/magician_ros2/install/dobot_msgs:/home/bbcontact/magician_ros2/install/dobot_driver:/home/bbcontact/magician_ros2/install/dobot_description:/opt/ros/jazzy/opt/gz_sim_vendor:/opt/ros/jazzy/opt/gz_sensors_vendor:/opt/ros/jazzy/opt/gz_physics_vendor:/opt/ros/jazzy/opt/sdformat_vendor:/opt/ros/jazzy/opt/gz_gui_vendor:/opt/ros/jazzy/opt/gz_transport_vendor:/opt/ros/jazzy/opt/gz_rendering_vendor:/opt/ros/jazzy/opt/gz_plugin_vendor:/opt/ros/jazzy/opt/gz_fuel_tools_vendor:/opt/ros/jazzy/opt/gz_msgs_vendor:/opt/ros/jazzy/opt/gz_common_vendor:/opt/ros/jazzy/opt/gz_math_vendor:/opt/ros/jazzy/opt/gz_utils_vendor:/opt/ros/jazzy/opt/gz_tools_vendor:/opt/ros/jazzy/opt/gz_ogre_next_vendor:/opt/ros/jazzy/opt/gz_dartsim_vendor:/opt/ros/jazzy/opt/gz_cmake_vendor:/home/bbcontact/magician_ros2/install/dobot_vision_rgbd:/home/bbcontact/magician_ros2/install/dobot_visualization_tools:/home/bbcontact/magician_ros2/install/dobot_vision_yolo:/home/bbcontact/magician_ros2/install/dobot_bringup:/home/bbcontact/magician_ros2/install/dobot_state_updater:/home/bbcontact/magician_ros2/install/dobot_object_vision:/home/bbcontact/magician_ros2/install/dobot_motion:/home/bbcontact/magician_ros2/install/dobot_kinematics:/home/bbcontact/magician_ros2/install/dobot_homing:/home/bbcontact/magician_ros2/install/dobot_end_effector:/home/bbcontact/magician_ros2/install/dobot_diagnostics:/home/bbcontact/magician_ros2/install/dobot_demos:/home/bbcontact/magician_ros2/install/dobot_calibration:/home/bbcontact/magician_ros2/install/dobot_control_panel:/opt/ros/jazzy DEBUGINFOD_URLS=https://debuginfod.ubuntu.com LD_LIBRARY_PATH=/home/bbcontact/magician_ros2/install/orbbec_camera_msgs/lib:/home/bbcontact/magician_ros2/install/orbbec_camera/lib:/home/bbcontact/magician_ros2/install/dobot_msgs/lib:/opt/ros/jazzy/opt/gz_sim_vendor/lib:/opt/ros/jazzy/opt/gz_sensors_vendor/lib:/opt/ros/jazzy/opt/gz_physics_vendor/lib:/opt/ros/jazzy/opt/sdformat_vendor/lib:/opt/ros/jazzy/opt/rviz_ogre_vendor/lib:/opt/ros/jazzy/lib/x86_64-linux-gnu:/opt/ros/jazzy/opt/gz_gui_vendor/lib:/opt/ros/jazzy/opt/gz_transport_vendor/lib:/opt/ros/jazzy/opt/gz_rendering_vendor/lib:/opt/ros/jazzy/opt/gz_plugin_vendor/lib:/opt/ros/jazzy/opt/gz_fuel_tools_vendor/lib:/opt/ros/jazzy/opt/gz_msgs_vendor/lib:/opt/ros/jazzy/opt/gz_common_vendor/lib:/opt/ros/jazzy/opt/gz_math_vendor/lib:/opt/ros/jazzy/opt/gz_utils_vendor/lib:/opt/ros/jazzy/opt/gz_tools_vendor/lib:/opt/ros/jazzy/opt/gz_ogre_next_vendor/lib:/opt/ros/jazzy/opt/gz_dartsim_vendor/lib:/opt/ros/jazzy/opt/gz_cmake_vendor/lib:/opt/ros/jazzy/lib PYTHONPATH=/home/bbcontact/magician_ros2/install/orbbec_camera_msgs/lib/python3.12/site-packages:/home/bbcontact/magician_ros2/build/dobot_vision_rgbd:/home/bbcontact/magician_ros2/install/dobot_vision_rgbd/lib/python3.12/site-packages:/home/bbcontact/magician_ros2/build/dobot_visualization_tools:/home/bbcontact/magician_ros2/install/dobot_visualization_tools/lib/python3.12/site-packages:/home/bbcontact/magician_ros2/build/dobot_vision_yolo:/home/bbcontact/magician_ros2/install/dobot_vision_yolo/lib/python3.12/site-packages:/home/bbcontact/magician_ros2/build/dobot_bringup:/home/bbcontact/magician_ros2/install/dobot_bringup/lib/python3.12/site-packages:/home/bbcontact/magician_ros2/build/dobot_state_updater:/home/bbcontact/magician_ros2/install/dobot_state_updater/lib/python3.12/site-packages:/home/bbcontact/magician_ros2/build/dobot_object_vision:/home/bbcontact/magician_ros2/install/dobot_object_vision/lib/python3.12/site-packages:/home/bbcontact/magician_ros2/build/dobot_motion:/home/bbcontact/magician_ros2/install/dobot_motion/lib/python3.12/site-packages:/home/bbcontact/magician_ros2/build/dobot_kinematics:/home/bbcontact/magician_ros2/install/dobot_kinematics/lib/python3.12/site-packages:/home/bbcontact/magician_ros2/build/dobot_homing:/home/bbcontact/magician_ros2/install/dobot_homing/lib/python3.12/site-packages:/home/bbcontact/magician_ros2/build/dobot_end_effector:/home/bbcontact/magician_ros2/install/dobot_end_effector/lib/python3.12/site-packages:/home/bbcontact/magician_ros2/build/dobot_diagnostics:/home/bbcontact/magician_ros2/install/dobot_diagnostics/lib/python3.12/site-packages:/home/bbcontact/magician_ros2/build/dobot_demos:/home/bbcontact/magician_ros2/install/dobot_demos/lib/python3.12/site-packages:/home/bbcontact/magician_ros2/build/dobot_calibration:/home/bbcontact/magician_ros2/install/dobot_calibration/lib/python3.12/site-packages:/home/bbcontact/magician_ros2/install/dobot_msgs/lib/python3.12/site-packages:/home/bbcontact/magician_ros2/build/dobot_control_panel:/home/bbcontact/magician_ros2/install/dobot_control_panel/lib/python3.12/site-packages:/home/bbcontact/magician_ros2/install/dobot_driver/lib/python3.12/site-packages:/opt/ros/jazzy/lib/python3.12/site-packages /usr/bin/cmake --install /home/bbcontact/magician_ros2/build/orbbec_camera
[19.337s] Level 1:colcon.colcon_core.environment:checking '/home/bbcontact/magician_ros2/install/orbbec_camera' for CMake config files
[19.339s] Level 1:colcon.colcon_core.shell:create_environment_hook('orbbec_camera', 'cmake_prefix_path')
[19.339s] INFO:colcon.colcon_core.shell:Creating environment hook '/home/bbcontact/magician_ros2/install/orbbec_camera/share/orbbec_camera/hook/cmake_prefix_path.ps1'
[19.341s] INFO:colcon.colcon_core.shell:Creating environment descriptor '/home/bbcontact/magician_ros2/install/orbbec_camera/share/orbbec_camera/hook/cmake_prefix_path.dsv'
[19.342s] INFO:colcon.colcon_core.shell:Creating environment hook '/home/bbcontact/magician_ros2/install/orbbec_camera/share/orbbec_camera/hook/cmake_prefix_path.sh'
[19.343s] Level 1:colcon.colcon_core.environment:checking '/home/bbcontact/magician_ros2/install/orbbec_camera/lib'
[19.344s] Level 1:colcon.colcon_core.shell:create_environment_hook('orbbec_camera', 'ld_library_path_lib')
[19.344s] INFO:colcon.colcon_core.shell:Creating environment hook '/home/bbcontact/magician_ros2/install/orbbec_camera/share/orbbec_camera/hook/ld_library_path_lib.ps1'
[19.345s] INFO:colcon.colcon_core.shell:Creating environment descriptor '/home/bbcontact/magician_ros2/install/orbbec_camera/share/orbbec_camera/hook/ld_library_path_lib.dsv'
[19.346s] INFO:colcon.colcon_core.shell:Creating environment hook '/home/bbcontact/magician_ros2/install/orbbec_camera/share/orbbec_camera/hook/ld_library_path_lib.sh'
[19.347s] Level 1:colcon.colcon_core.environment:checking '/home/bbcontact/magician_ros2/install/orbbec_camera/bin'
[19.348s] Level 1:colcon.colcon_core.environment:checking '/home/bbcontact/magician_ros2/install/orbbec_camera/lib/pkgconfig/orbbec_camera.pc'
[19.349s] Level 1:colcon.colcon_core.environment:checking '/home/bbcontact/magician_ros2/install/orbbec_camera/lib/python3.12/site-packages'
[19.350s] Level 1:colcon.colcon_core.environment:checking '/home/bbcontact/magician_ros2/install/orbbec_camera/bin'
[19.351s] INFO:colcon.colcon_core.shell:Creating package script '/home/bbcontact/magician_ros2/install/orbbec_camera/share/orbbec_camera/package.ps1'
[19.353s] INFO:colcon.colcon_core.shell:Creating package descriptor '/home/bbcontact/magician_ros2/install/orbbec_camera/share/orbbec_camera/package.dsv'
[19.354s] INFO:colcon.colcon_core.shell:Creating package script '/home/bbcontact/magician_ros2/install/orbbec_camera/share/orbbec_camera/package.sh'
[19.355s] INFO:colcon.colcon_core.shell:Creating package script '/home/bbcontact/magician_ros2/install/orbbec_camera/share/orbbec_camera/package.bash'
[19.356s] INFO:colcon.colcon_core.shell:Creating package script '/home/bbcontact/magician_ros2/install/orbbec_camera/share/orbbec_camera/package.zsh'
[19.357s] Level 1:colcon.colcon_core.environment:create_file_with_runtime_dependencies(/home/bbcontact/magician_ros2/install/orbbec_camera/share/colcon-core/packages/orbbec_camera)
[19.358s] Level 1:colcon.colcon_core.environment:create_environment_scripts_only(orbbec_camera)
[19.359s] Level 1:colcon.colcon_core.environment:checking '/home/bbcontact/magician_ros2/install/orbbec_camera' for CMake module files
[19.361s] Level 1:colcon.colcon_core.environment:checking '/home/bbcontact/magician_ros2/install/orbbec_camera' for CMake config files
[19.362s] Level 1:colcon.colcon_core.shell:create_environment_hook('orbbec_camera', 'cmake_prefix_path')
[19.363s] INFO:colcon.colcon_core.shell:Creating environment hook '/home/bbcontact/magician_ros2/install/orbbec_camera/share/orbbec_camera/hook/cmake_prefix_path.ps1'
[19.364s] INFO:colcon.colcon_core.shell:Creating environment descriptor '/home/bbcontact/magician_ros2/install/orbbec_camera/share/orbbec_camera/hook/cmake_prefix_path.dsv'
[19.365s] INFO:colcon.colcon_core.shell:Creating environment hook '/home/bbcontact/magician_ros2/install/orbbec_camera/share/orbbec_camera/hook/cmake_prefix_path.sh'
[19.367s] Level 1:colcon.colcon_core.environment:checking '/home/bbcontact/magician_ros2/install/orbbec_camera/lib'
[19.367s] Level 1:colcon.colcon_core.shell:create_environment_hook('orbbec_camera', 'ld_library_path_lib')
[19.367s] INFO:colcon.colcon_core.shell:Creating environment hook '/home/bbcontact/magician_ros2/install/orbbec_camera/share/orbbec_camera/hook/ld_library_path_lib.ps1'
[19.368s] INFO:colcon.colcon_core.shell:Creating environment descriptor '/home/bbcontact/magician_ros2/install/orbbec_camera/share/orbbec_camera/hook/ld_library_path_lib.dsv'
[19.369s] INFO:colcon.colcon_core.shell:Creating environment hook '/home/bbcontact/magician_ros2/install/orbbec_camera/share/orbbec_camera/hook/ld_library_path_lib.sh'
[19.371s] Level 1:colcon.colcon_core.environment:checking '/home/bbcontact/magician_ros2/install/orbbec_camera/bin'
[19.371s] Level 1:colcon.colcon_core.environment:checking '/home/bbcontact/magician_ros2/install/orbbec_camera/lib/pkgconfig/orbbec_camera.pc'
[19.372s] Level 1:colcon.colcon_core.environment:checking '/home/bbcontact/magician_ros2/install/orbbec_camera/lib/python3.12/site-packages'
[19.373s] Level 1:colcon.colcon_core.environment:checking '/home/bbcontact/magician_ros2/install/orbbec_camera/bin'
[19.374s] INFO:colcon.colcon_core.shell:Creating package script '/home/bbcontact/magician_ros2/install/orbbec_camera/share/orbbec_camera/package.ps1'
[19.376s] INFO:colcon.colcon_core.shell:Creating package descriptor '/home/bbcontact/magician_ros2/install/orbbec_camera/share/orbbec_camera/package.dsv'
[19.378s] INFO:colcon.colcon_core.shell:Creating package script '/home/bbcontact/magician_ros2/install/orbbec_camera/share/orbbec_camera/package.sh'
[19.380s] INFO:colcon.colcon_core.shell:Creating package script '/home/bbcontact/magician_ros2/install/orbbec_camera/share/orbbec_camera/package.bash'
[19.381s] INFO:colcon.colcon_core.shell:Creating package script '/home/bbcontact/magician_ros2/install/orbbec_camera/share/orbbec_camera/package.zsh'
[19.382s] Level 1:colcon.colcon_core.environment:create_file_with_runtime_dependencies(/home/bbcontact/magician_ros2/install/orbbec_camera/share/colcon-core/packages/orbbec_camera)
[19.631s] DEBUG:colcon.colcon_core.task.python.build:Available setuptools 'develop' options: --version, --optimize, --install-dir, --no-find-links, --install-layout, --exclude-scripts, --egg-path, --find-links, --no-user-cfg, --help, --force-installation-into-system-dir, --index-url, --always-unzip, --prefix, --allow-hosts, --user, --editable, --site-dirs, --dry-run, --multi-version, --script-dir, --quiet, --build-directory, --zip-ok, --upgrade, --no-deps, --local-snapshots-ok, --record, --uninstall, --always-copy, --verbose
[19.638s] DEBUG:colcon.colcon_core.event_handler.log_command:Invoking command in '/home/bbcontact/magician_ros2/build/dobot_state_updater': CMAKE_PREFIX_PATH=/home/bbcontact/magician_ros2/install/dobot_msgs:/home/bbcontact/magician_ros2/install/dobot_driver:/home/bbcontact/magician_ros2/install/orbbec_description:/home/bbcontact/magician_ros2/install/orbbec_camera:/home/bbcontact/magician_ros2/install/orbbec_camera_msgs:/home/bbcontact/magician_ros2/install/dobot_description:/opt/ros/jazzy/opt/gz_sim_vendor:/opt/ros/jazzy/opt/gz_sensors_vendor:/opt/ros/jazzy/opt/gz_physics_vendor:/opt/ros/jazzy/opt/sdformat_vendor:/opt/ros/jazzy/opt/gz_gui_vendor:/opt/ros/jazzy/opt/gz_transport_vendor:/opt/ros/jazzy/opt/gz_rendering_vendor:/opt/ros/jazzy/opt/gz_plugin_vendor:/opt/ros/jazzy/opt/gz_fuel_tools_vendor:/opt/ros/jazzy/opt/gz_msgs_vendor:/opt/ros/jazzy/opt/gz_common_vendor:/opt/ros/jazzy/opt/gz_math_vendor:/opt/ros/jazzy/opt/gz_utils_vendor:/opt/ros/jazzy/opt/gz_tools_vendor:/opt/ros/jazzy/opt/gz_ogre_next_vendor:/opt/ros/jazzy/opt/gz_dartsim_vendor:/opt/ros/jazzy/opt/gz_cmake_vendor DEBUGINFOD_URLS=https://debuginfod.ubuntu.com LD_LIBRARY_PATH=/home/bbcontact/magician_ros2/install/dobot_msgs/lib:/home/bbcontact/magician_ros2/install/orbbec_camera/lib:/home/bbcontact/magician_ros2/install/orbbec_camera_msgs/lib:/opt/ros/jazzy/opt/gz_sim_vendor/lib:/opt/ros/jazzy/opt/gz_sensors_vendor/lib:/opt/ros/jazzy/opt/gz_physics_vendor/lib:/opt/ros/jazzy/opt/sdformat_vendor/lib:/opt/ros/jazzy/opt/rviz_ogre_vendor/lib:/opt/ros/jazzy/lib/x86_64-linux-gnu:/opt/ros/jazzy/opt/gz_gui_vendor/lib:/opt/ros/jazzy/opt/gz_transport_vendor/lib:/opt/ros/jazzy/opt/gz_rendering_vendor/lib:/opt/ros/jazzy/opt/gz_plugin_vendor/lib:/opt/ros/jazzy/opt/gz_fuel_tools_vendor/lib:/opt/ros/jazzy/opt/gz_msgs_vendor/lib:/opt/ros/jazzy/opt/gz_common_vendor/lib:/opt/ros/jazzy/opt/gz_math_vendor/lib:/opt/ros/jazzy/opt/gz_utils_vendor/lib:/opt/ros/jazzy/opt/gz_tools_vendor/lib:/opt/ros/jazzy/opt/gz_ogre_next_vendor/lib:/opt/ros/jazzy/opt/gz_dartsim_vendor/lib:/opt/ros/jazzy/opt/gz_cmake_vendor/lib:/opt/ros/jazzy/lib PYTHONPATH=/home/bbcontact/magician_ros2/build/dobot_state_updater/prefix_override:/usr/lib/python3/dist-packages/colcon_core/task/python/colcon_distutils_commands:/home/bbcontact/magician_ros2/install/dobot_state_updater/lib/python3.12/site-packages:/home/bbcontact/magician_ros2/install/dobot_msgs/lib/python3.12/site-packages:/home/bbcontact/magician_ros2/install/dobot_driver/lib/python3.12/site-packages:/home/bbcontact/magician_ros2/build/dobot_vision_rgbd:/home/bbcontact/magician_ros2/install/dobot_vision_rgbd/lib/python3.12/site-packages:/home/bbcontact/magician_ros2/install/orbbec_camera_msgs/lib/python3.12/site-packages:/home/bbcontact/magician_ros2/build/dobot_visualization_tools:/home/bbcontact/magician_ros2/install/dobot_visualization_tools/lib/python3.12/site-packages:/home/bbcontact/magician_ros2/build/dobot_vision_yolo:/home/bbcontact/magician_ros2/install/dobot_vision_yolo/lib/python3.12/site-packages:/home/bbcontact/magician_ros2/build/dobot_bringup:/home/bbcontact/magician_ros2/install/dobot_bringup/lib/python3.12/site-packages:/home/bbcontact/magician_ros2/build/dobot_state_updater:/home/bbcontact/magician_ros2/install/dobot_state_updater/lib/python3.12/site-packages:/home/bbcontact/magician_ros2/build/dobot_object_vision:/home/bbcontact/magician_ros2/install/dobot_object_vision/lib/python3.12/site-packages:/home/bbcontact/magician_ros2/build/dobot_motion:/home/bbcontact/magician_ros2/install/dobot_motion/lib/python3.12/site-packages:/home/bbcontact/magician_ros2/build/dobot_kinematics:/home/bbcontact/magician_ros2/install/dobot_kinematics/lib/python3.12/site-packages:/home/bbcontact/magician_ros2/build/dobot_homing:/home/bbcontact/magician_ros2/install/dobot_homing/lib/python3.12/site-packages:/home/bbcontact/magician_ros2/build/dobot_end_effector:/home/bbcontact/magician_ros2/install/dobot_end_effector/lib/python3.12/site-packages:/home/bbcontact/magician_ros2/build/dobot_diagnostics:/home/bbcontact/magician_ros2/install/dobot_diagnostics/lib/python3.12/site-packages:/home/bbcontact/magician_ros2/build/dobot_demos:/home/bbcontact/magician_ros2/install/dobot_demos/lib/python3.12/site-packages:/home/bbcontact/magician_ros2/build/dobot_calibration:/home/bbcontact/magician_ros2/install/dobot_calibration/lib/python3.12/site-packages:/home/bbcontact/magician_ros2/build/dobot_control_panel:/home/bbcontact/magician_ros2/install/dobot_control_panel/lib/python3.12/site-packages:/opt/ros/jazzy/lib/python3.12/site-packages /usr/bin/python3 -W ignore:setup.py install is deprecated -W ignore:easy_install command is deprecated setup.py develop --editable --build-directory /home/bbcontact/magician_ros2/build/dobot_state_updater/build --no-deps symlink_data
[20.405s] DEBUG:colcon.colcon_core.task.python.build:Available setuptools 'develop' options: --version, --optimize, --install-dir, --no-find-links, --install-layout, --exclude-scripts, --egg-path, --find-links, --no-user-cfg, --help, --force-installation-into-system-dir, --index-url, --always-unzip, --prefix, --allow-hosts, --user, --editable, --site-dirs, --dry-run, --multi-version, --script-dir, --quiet, --build-directory, --zip-ok, --upgrade, --no-deps, --local-snapshots-ok, --record, --uninstall, --always-copy, --verbose
[20.413s] DEBUG:colcon.colcon_core.event_handler.log_command:Invoking command in '/home/bbcontact/magician_ros2/build/dobot_calibration': CMAKE_PREFIX_PATH=/home/bbcontact/magician_ros2/install/dobot_msgs:/home/bbcontact/magician_ros2/install/orbbec_description:/home/bbcontact/magician_ros2/install/orbbec_camera:/home/bbcontact/magician_ros2/install/orbbec_camera_msgs:/home/bbcontact/magician_ros2/install/dobot_driver:/home/bbcontact/magician_ros2/install/dobot_description:/opt/ros/jazzy/opt/gz_sim_vendor:/opt/ros/jazzy/opt/gz_sensors_vendor:/opt/ros/jazzy/opt/gz_physics_vendor:/opt/ros/jazzy/opt/sdformat_vendor:/opt/ros/jazzy/opt/gz_gui_vendor:/opt/ros/jazzy/opt/gz_transport_vendor:/opt/ros/jazzy/opt/gz_rendering_vendor:/opt/ros/jazzy/opt/gz_plugin_vendor:/opt/ros/jazzy/opt/gz_fuel_tools_vendor:/opt/ros/jazzy/opt/gz_msgs_vendor:/opt/ros/jazzy/opt/gz_common_vendor:/opt/ros/jazzy/opt/gz_math_vendor:/opt/ros/jazzy/opt/gz_utils_vendor:/opt/ros/jazzy/opt/gz_tools_vendor:/opt/ros/jazzy/opt/gz_ogre_next_vendor:/opt/ros/jazzy/opt/gz_dartsim_vendor:/opt/ros/jazzy/opt/gz_cmake_vendor DEBUGINFOD_URLS=https://debuginfod.ubuntu.com LD_LIBRARY_PATH=/home/bbcontact/magician_ros2/install/dobot_msgs/lib:/home/bbcontact/magician_ros2/install/orbbec_camera/lib:/home/bbcontact/magician_ros2/install/orbbec_camera_msgs/lib:/opt/ros/jazzy/opt/gz_sim_vendor/lib:/opt/ros/jazzy/opt/gz_sensors_vendor/lib:/opt/ros/jazzy/opt/gz_physics_vendor/lib:/opt/ros/jazzy/opt/sdformat_vendor/lib:/opt/ros/jazzy/opt/rviz_ogre_vendor/lib:/opt/ros/jazzy/lib/x86_64-linux-gnu:/opt/ros/jazzy/opt/gz_gui_vendor/lib:/opt/ros/jazzy/opt/gz_transport_vendor/lib:/opt/ros/jazzy/opt/gz_rendering_vendor/lib:/opt/ros/jazzy/opt/gz_plugin_vendor/lib:/opt/ros/jazzy/opt/gz_fuel_tools_vendor/lib:/opt/ros/jazzy/opt/gz_msgs_vendor/lib:/opt/ros/jazzy/opt/gz_common_vendor/lib:/opt/ros/jazzy/opt/gz_math_vendor/lib:/opt/ros/jazzy/opt/gz_utils_vendor/lib:/opt/ros/jazzy/opt/gz_tools_vendor/lib:/opt/ros/jazzy/opt/gz_ogre_next_vendor/lib:/opt/ros/jazzy/opt/gz_dartsim_vendor/lib:/opt/ros/jazzy/opt/gz_cmake_vendor/lib:/opt/ros/jazzy/lib PYTHONPATH=/home/bbcontact/magician_ros2/build/dobot_calibration/prefix_override:/usr/lib/python3/dist-packages/colcon_core/task/python/colcon_distutils_commands:/home/bbcontact/magician_ros2/install/dobot_calibration/lib/python3.12/site-packages:/home/bbcontact/magician_ros2/install/dobot_msgs/lib/python3.12/site-packages:/home/bbcontact/magician_ros2/build/dobot_vision_rgbd:/home/bbcontact/magician_ros2/install/dobot_vision_rgbd/lib/python3.12/site-packages:/home/bbcontact/magician_ros2/install/orbbec_camera_msgs/lib/python3.12/site-packages:/home/bbcontact/magician_ros2/build/dobot_visualization_tools:/home/bbcontact/magician_ros2/install/dobot_visualization_tools/lib/python3.12/site-packages:/home/bbcontact/magician_ros2/build/dobot_vision_yolo:/home/bbcontact/magician_ros2/install/dobot_vision_yolo/lib/python3.12/site-packages:/home/bbcontact/magician_ros2/build/dobot_bringup:/home/bbcontact/magician_ros2/install/dobot_bringup/lib/python3.12/site-packages:/home/bbcontact/magician_ros2/build/dobot_state_updater:/home/bbcontact/magician_ros2/install/dobot_state_updater/lib/python3.12/site-packages:/home/bbcontact/magician_ros2/build/dobot_object_vision:/home/bbcontact/magician_ros2/install/dobot_object_vision/lib/python3.12/site-packages:/home/bbcontact/magician_ros2/build/dobot_motion:/home/bbcontact/magician_ros2/install/dobot_motion/lib/python3.12/site-packages:/home/bbcontact/magician_ros2/build/dobot_kinematics:/home/bbcontact/magician_ros2/install/dobot_kinematics/lib/python3.12/site-packages:/home/bbcontact/magician_ros2/build/dobot_homing:/home/bbcontact/magician_ros2/install/dobot_homing/lib/python3.12/site-packages:/home/bbcontact/magician_ros2/build/dobot_end_effector:/home/bbcontact/magician_ros2/install/dobot_end_effector/lib/python3.12/site-packages:/home/bbcontact/magician_ros2/build/dobot_diagnostics:/home/bbcontact/magician_ros2/install/dobot_diagnostics/lib/python3.12/site-packages:/home/bbcontact/magician_ros2/build/dobot_demos:/home/bbcontact/magician_ros2/install/dobot_demos/lib/python3.12/site-packages:/home/bbcontact/magician_ros2/build/dobot_calibration:/home/bbcontact/magician_ros2/install/dobot_calibration/lib/python3.12/site-packages:/home/bbcontact/magician_ros2/build/dobot_control_panel:/home/bbcontact/magician_ros2/install/dobot_control_panel/lib/python3.12/site-packages:/home/bbcontact/magician_ros2/install/dobot_driver/lib/python3.12/site-packages:/opt/ros/jazzy/lib/python3.12/site-packages /usr/bin/python3 -W ignore:setup.py install is deprecated -W ignore:easy_install command is deprecated setup.py develop --editable --build-directory /home/bbcontact/magician_ros2/build/dobot_calibration/build --no-deps symlink_data
[20.586s] DEBUG:colcon.colcon_core.task.python.build:Available setuptools commands: dist_info, build_ext, test, bdist_rpm, install_lib, develop, register, bdist, update_catalog, install_egg_info, compile_catalog, upload, symlink_data, egg_info, extract_messages, build_py, build_clib, editable_wheel, install_headers, bdist_wheel, alias, bdist_dumb, install, check, bdist_egg, install_data, easy_install, saveopts, install_scripts, setopt, sdist, init_catalog, build_scripts, rotate, clean, build, upload_docs
[21.377s] DEBUG:colcon.colcon_core.task.python.build:Available setuptools commands: dist_info, build_ext, test, bdist_rpm, install_lib, develop, register, bdist, update_catalog, install_egg_info, compile_catalog, upload, symlink_data, egg_info, extract_messages, build_py, build_clib, editable_wheel, install_headers, bdist_wheel, alias, bdist_dumb, install, check, bdist_egg, install_data, easy_install, saveopts, install_scripts, setopt, sdist, init_catalog, build_scripts, rotate, clean, build, upload_docs
[21.688s] DEBUG:colcon.colcon_core.task.python.build:Available setuptools 'develop' options: --version, --optimize, --install-dir, --no-find-links, --install-layout, --exclude-scripts, --egg-path, --find-links, --no-user-cfg, --help, --force-installation-into-system-dir, --index-url, --always-unzip, --prefix, --allow-hosts, --user, --editable, --site-dirs, --dry-run, --multi-version, --script-dir, --quiet, --build-directory, --zip-ok, --upgrade, --no-deps, --local-snapshots-ok, --record, --uninstall, --always-copy, --verbose
[21.694s] DEBUG:colcon.colcon_core.event_handler.log_command:Invoking command in '/home/bbcontact/magician_ros2/build/dobot_vision_rgbd': CMAKE_PREFIX_PATH=/home/bbcontact/magician_ros2/install/orbbec_camera_msgs:/home/bbcontact/magician_ros2/install/orbbec_description:/home/bbcontact/magician_ros2/install/orbbec_camera:/home/bbcontact/magician_ros2/install/dobot_msgs:/home/bbcontact/magician_ros2/install/dobot_driver:/home/bbcontact/magician_ros2/install/dobot_description:/opt/ros/jazzy/opt/gz_sim_vendor:/opt/ros/jazzy/opt/gz_sensors_vendor:/opt/ros/jazzy/opt/gz_physics_vendor:/opt/ros/jazzy/opt/sdformat_vendor:/opt/ros/jazzy/opt/gz_gui_vendor:/opt/ros/jazzy/opt/gz_transport_vendor:/opt/ros/jazzy/opt/gz_rendering_vendor:/opt/ros/jazzy/opt/gz_plugin_vendor:/opt/ros/jazzy/opt/gz_fuel_tools_vendor:/opt/ros/jazzy/opt/gz_msgs_vendor:/opt/ros/jazzy/opt/gz_common_vendor:/opt/ros/jazzy/opt/gz_math_vendor:/opt/ros/jazzy/opt/gz_utils_vendor:/opt/ros/jazzy/opt/gz_tools_vendor:/opt/ros/jazzy/opt/gz_ogre_next_vendor:/opt/ros/jazzy/opt/gz_dartsim_vendor:/opt/ros/jazzy/opt/gz_cmake_vendor DEBUGINFOD_URLS=https://debuginfod.ubuntu.com LD_LIBRARY_PATH=/home/bbcontact/magician_ros2/install/orbbec_camera_msgs/lib:/home/bbcontact/magician_ros2/install/orbbec_camera/lib:/home/bbcontact/magician_ros2/install/dobot_msgs/lib:/opt/ros/jazzy/opt/gz_sim_vendor/lib:/opt/ros/jazzy/opt/gz_sensors_vendor/lib:/opt/ros/jazzy/opt/gz_physics_vendor/lib:/opt/ros/jazzy/opt/sdformat_vendor/lib:/opt/ros/jazzy/opt/rviz_ogre_vendor/lib:/opt/ros/jazzy/lib/x86_64-linux-gnu:/opt/ros/jazzy/opt/gz_gui_vendor/lib:/opt/ros/jazzy/opt/gz_transport_vendor/lib:/opt/ros/jazzy/opt/gz_rendering_vendor/lib:/opt/ros/jazzy/opt/gz_plugin_vendor/lib:/opt/ros/jazzy/opt/gz_fuel_tools_vendor/lib:/opt/ros/jazzy/opt/gz_msgs_vendor/lib:/opt/ros/jazzy/opt/gz_common_vendor/lib:/opt/ros/jazzy/opt/gz_math_vendor/lib:/opt/ros/jazzy/opt/gz_utils_vendor/lib:/opt/ros/jazzy/opt/gz_tools_vendor/lib:/opt/ros/jazzy/opt/gz_ogre_next_vendor/lib:/opt/ros/jazzy/opt/gz_dartsim_vendor/lib:/opt/ros/jazzy/opt/gz_cmake_vendor/lib:/opt/ros/jazzy/lib PYTHONPATH=/home/bbcontact/magician_ros2/build/dobot_vision_rgbd/prefix_override:/usr/lib/python3/dist-packages/colcon_core/task/python/colcon_distutils_commands:/home/bbcontact/magician_ros2/install/dobot_vision_rgbd/lib/python3.12/site-packages:/home/bbcontact/magician_ros2/install/orbbec_camera_msgs/lib/python3.12/site-packages:/home/bbcontact/magician_ros2/build/dobot_vision_rgbd:/home/bbcontact/magician_ros2/install/dobot_vision_rgbd/lib/python3.12/site-packages:/home/bbcontact/magician_ros2/build/dobot_visualization_tools:/home/bbcontact/magician_ros2/install/dobot_visualization_tools/lib/python3.12/site-packages:/home/bbcontact/magician_ros2/build/dobot_vision_yolo:/home/bbcontact/magician_ros2/install/dobot_vision_yolo/lib/python3.12/site-packages:/home/bbcontact/magician_ros2/build/dobot_bringup:/home/bbcontact/magician_ros2/install/dobot_bringup/lib/python3.12/site-packages:/home/bbcontact/magician_ros2/build/dobot_state_updater:/home/bbcontact/magician_ros2/install/dobot_state_updater/lib/python3.12/site-packages:/home/bbcontact/magician_ros2/build/dobot_object_vision:/home/bbcontact/magician_ros2/install/dobot_object_vision/lib/python3.12/site-packages:/home/bbcontact/magician_ros2/build/dobot_motion:/home/bbcontact/magician_ros2/install/dobot_motion/lib/python3.12/site-packages:/home/bbcontact/magician_ros2/build/dobot_kinematics:/home/bbcontact/magician_ros2/install/dobot_kinematics/lib/python3.12/site-packages:/home/bbcontact/magician_ros2/build/dobot_homing:/home/bbcontact/magician_ros2/install/dobot_homing/lib/python3.12/site-packages:/home/bbcontact/magician_ros2/build/dobot_end_effector:/home/bbcontact/magician_ros2/install/dobot_end_effector/lib/python3.12/site-packages:/home/bbcontact/magician_ros2/build/dobot_diagnostics:/home/bbcontact/magician_ros2/install/dobot_diagnostics/lib/python3.12/site-packages:/home/bbcontact/magician_ros2/build/dobot_demos:/home/bbcontact/magician_ros2/install/dobot_demos/lib/python3.12/site-packages:/home/bbcontact/magician_ros2/build/dobot_calibration:/home/bbcontact/magician_ros2/install/dobot_calibration/lib/python3.12/site-packages:/home/bbcontact/magician_ros2/install/dobot_msgs/lib/python3.12/site-packages:/home/bbcontact/magician_ros2/build/dobot_control_panel:/home/bbcontact/magician_ros2/install/dobot_control_panel/lib/python3.12/site-packages:/home/bbcontact/magician_ros2/install/dobot_driver/lib/python3.12/site-packages:/opt/ros/jazzy/lib/python3.12/site-packages /usr/bin/python3 -W ignore:setup.py install is deprecated -W ignore:easy_install command is deprecated setup.py develop --editable --build-directory /home/bbcontact/magician_ros2/build/dobot_vision_rgbd/build --no-deps symlink_data
[21.965s] Level 1:colcon.colcon_core.shell:create_environment_hook('dobot_state_updater', 'pythonpath_develop')
[21.965s] INFO:colcon.colcon_core.shell:Creating environment hook '/home/bbcontact/magician_ros2/build/dobot_state_updater/share/dobot_state_updater/hook/pythonpath_develop.ps1'
[21.967s] DEBUG:colcon.colcon_core.event_handler.log_command:Invoked command in '/home/bbcontact/magician_ros2/build/dobot_state_updater' returned '0': CMAKE_PREFIX_PATH=/home/bbcontact/magician_ros2/install/dobot_msgs:/home/bbcontact/magician_ros2/install/dobot_driver:/home/bbcontact/magician_ros2/install/orbbec_description:/home/bbcontact/magician_ros2/install/orbbec_camera:/home/bbcontact/magician_ros2/install/orbbec_camera_msgs:/home/bbcontact/magician_ros2/install/dobot_description:/opt/ros/jazzy/opt/gz_sim_vendor:/opt/ros/jazzy/opt/gz_sensors_vendor:/opt/ros/jazzy/opt/gz_physics_vendor:/opt/ros/jazzy/opt/sdformat_vendor:/opt/ros/jazzy/opt/gz_gui_vendor:/opt/ros/jazzy/opt/gz_transport_vendor:/opt/ros/jazzy/opt/gz_rendering_vendor:/opt/ros/jazzy/opt/gz_plugin_vendor:/opt/ros/jazzy/opt/gz_fuel_tools_vendor:/opt/ros/jazzy/opt/gz_msgs_vendor:/opt/ros/jazzy/opt/gz_common_vendor:/opt/ros/jazzy/opt/gz_math_vendor:/opt/ros/jazzy/opt/gz_utils_vendor:/opt/ros/jazzy/opt/gz_tools_vendor:/opt/ros/jazzy/opt/gz_ogre_next_vendor:/opt/ros/jazzy/opt/gz_dartsim_vendor:/opt/ros/jazzy/opt/gz_cmake_vendor DEBUGINFOD_URLS=https://debuginfod.ubuntu.com LD_LIBRARY_PATH=/home/bbcontact/magician_ros2/install/dobot_msgs/lib:/home/bbcontact/magician_ros2/install/orbbec_camera/lib:/home/bbcontact/magician_ros2/install/orbbec_camera_msgs/lib:/opt/ros/jazzy/opt/gz_sim_vendor/lib:/opt/ros/jazzy/opt/gz_sensors_vendor/lib:/opt/ros/jazzy/opt/gz_physics_vendor/lib:/opt/ros/jazzy/opt/sdformat_vendor/lib:/opt/ros/jazzy/opt/rviz_ogre_vendor/lib:/opt/ros/jazzy/lib/x86_64-linux-gnu:/opt/ros/jazzy/opt/gz_gui_vendor/lib:/opt/ros/jazzy/opt/gz_transport_vendor/lib:/opt/ros/jazzy/opt/gz_rendering_vendor/lib:/opt/ros/jazzy/opt/gz_plugin_vendor/lib:/opt/ros/jazzy/opt/gz_fuel_tools_vendor/lib:/opt/ros/jazzy/opt/gz_msgs_vendor/lib:/opt/ros/jazzy/opt/gz_common_vendor/lib:/opt/ros/jazzy/opt/gz_math_vendor/lib:/opt/ros/jazzy/opt/gz_utils_vendor/lib:/opt/ros/jazzy/opt/gz_tools_vendor/lib:/opt/ros/jazzy/opt/gz_ogre_next_vendor/lib:/opt/ros/jazzy/opt/gz_dartsim_vendor/lib:/opt/ros/jazzy/opt/gz_cmake_vendor/lib:/opt/ros/jazzy/lib PYTHONPATH=/home/bbcontact/magician_ros2/build/dobot_state_updater/prefix_override:/usr/lib/python3/dist-packages/colcon_core/task/python/colcon_distutils_commands:/home/bbcontact/magician_ros2/install/dobot_state_updater/lib/python3.12/site-packages:/home/bbcontact/magician_ros2/install/dobot_msgs/lib/python3.12/site-packages:/home/bbcontact/magician_ros2/install/dobot_driver/lib/python3.12/site-packages:/home/bbcontact/magician_ros2/build/dobot_vision_rgbd:/home/bbcontact/magician_ros2/install/dobot_vision_rgbd/lib/python3.12/site-packages:/home/bbcontact/magician_ros2/install/orbbec_camera_msgs/lib/python3.12/site-packages:/home/bbcontact/magician_ros2/build/dobot_visualization_tools:/home/bbcontact/magician_ros2/install/dobot_visualization_tools/lib/python3.12/site-packages:/home/bbcontact/magician_ros2/build/dobot_vision_yolo:/home/bbcontact/magician_ros2/install/dobot_vision_yolo/lib/python3.12/site-packages:/home/bbcontact/magician_ros2/build/dobot_bringup:/home/bbcontact/magician_ros2/install/dobot_bringup/lib/python3.12/site-packages:/home/bbcontact/magician_ros2/build/dobot_state_updater:/home/bbcontact/magician_ros2/install/dobot_state_updater/lib/python3.12/site-packages:/home/bbcontact/magician_ros2/build/dobot_object_vision:/home/bbcontact/magician_ros2/install/dobot_object_vision/lib/python3.12/site-packages:/home/bbcontact/magician_ros2/build/dobot_motion:/home/bbcontact/magician_ros2/install/dobot_motion/lib/python3.12/site-packages:/home/bbcontact/magician_ros2/build/dobot_kinematics:/home/bbcontact/magician_ros2/install/dobot_kinematics/lib/python3.12/site-packages:/home/bbcontact/magician_ros2/build/dobot_homing:/home/bbcontact/magician_ros2/install/dobot_homing/lib/python3.12/site-packages:/home/bbcontact/magician_ros2/build/dobot_end_effector:/home/bbcontact/magician_ros2/install/dobot_end_effector/lib/python3.12/site-packages:/home/bbcontact/magician_ros2/build/dobot_diagnostics:/home/bbcontact/magician_ros2/install/dobot_diagnostics/lib/python3.12/site-packages:/home/bbcontact/magician_ros2/build/dobot_demos:/home/bbcontact/magician_ros2/install/dobot_demos/lib/python3.12/site-packages:/home/bbcontact/magician_ros2/build/dobot_calibration:/home/bbcontact/magician_ros2/install/dobot_calibration/lib/python3.12/site-packages:/home/bbcontact/magician_ros2/build/dobot_control_panel:/home/bbcontact/magician_ros2/install/dobot_control_panel/lib/python3.12/site-packages:/opt/ros/jazzy/lib/python3.12/site-packages /usr/bin/python3 -W ignore:setup.py install is deprecated -W ignore:easy_install command is deprecated setup.py develop --editable --build-directory /home/bbcontact/magician_ros2/build/dobot_state_updater/build --no-deps symlink_data
[21.968s] INFO:colcon.colcon_core.shell:Creating environment descriptor '/home/bbcontact/magician_ros2/build/dobot_state_updater/share/dobot_state_updater/hook/pythonpath_develop.dsv'
[21.969s] INFO:colcon.colcon_core.shell:Creating environment hook '/home/bbcontact/magician_ros2/build/dobot_state_updater/share/dobot_state_updater/hook/pythonpath_develop.sh'
[21.970s] Level 1:colcon.colcon_core.environment:checking '/home/bbcontact/magician_ros2/install/dobot_state_updater' for CMake module files
[21.971s] Level 1:colcon.colcon_core.environment:checking '/home/bbcontact/magician_ros2/install/dobot_state_updater' for CMake config files
[21.972s] Level 1:colcon.colcon_core.environment:checking '/home/bbcontact/magician_ros2/install/dobot_state_updater/lib'
[21.973s] Level 1:colcon.colcon_core.environment:checking '/home/bbcontact/magician_ros2/install/dobot_state_updater/bin'
[21.973s] Level 1:colcon.colcon_core.environment:checking '/home/bbcontact/magician_ros2/install/dobot_state_updater/lib/pkgconfig/dobot_state_updater.pc'
[21.973s] Level 1:colcon.colcon_core.environment:checking '/home/bbcontact/magician_ros2/install/dobot_state_updater/lib/python3.12/site-packages'
[21.974s] Level 1:colcon.colcon_core.shell:create_environment_hook('dobot_state_updater', 'pythonpath')
[21.974s] INFO:colcon.colcon_core.shell:Creating environment hook '/home/bbcontact/magician_ros2/install/dobot_state_updater/share/dobot_state_updater/hook/pythonpath.ps1'
[21.975s] INFO:colcon.colcon_core.shell:Creating environment descriptor '/home/bbcontact/magician_ros2/install/dobot_state_updater/share/dobot_state_updater/hook/pythonpath.dsv'
[21.976s] INFO:colcon.colcon_core.shell:Creating environment hook '/home/bbcontact/magician_ros2/install/dobot_state_updater/share/dobot_state_updater/hook/pythonpath.sh'
[21.978s] Level 1:colcon.colcon_core.environment:checking '/home/bbcontact/magician_ros2/install/dobot_state_updater/bin'
[21.978s] Level 1:colcon.colcon_core.environment:create_environment_scripts_only(dobot_state_updater)
[21.978s] INFO:colcon.colcon_core.shell:Creating package script '/home/bbcontact/magician_ros2/install/dobot_state_updater/share/dobot_state_updater/package.ps1'
[21.980s] INFO:colcon.colcon_core.shell:Creating package descriptor '/home/bbcontact/magician_ros2/install/dobot_state_updater/share/dobot_state_updater/package.dsv'
[21.981s] INFO:colcon.colcon_core.shell:Creating package script '/home/bbcontact/magician_ros2/install/dobot_state_updater/share/dobot_state_updater/package.sh'
[21.982s] INFO:colcon.colcon_core.shell:Creating package script '/home/bbcontact/magician_ros2/install/dobot_state_updater/share/dobot_state_updater/package.bash'
[21.983s] INFO:colcon.colcon_core.shell:Creating package script '/home/bbcontact/magician_ros2/install/dobot_state_updater/share/dobot_state_updater/package.zsh'
[21.984s] Level 1:colcon.colcon_core.environment:create_file_with_runtime_dependencies(/home/bbcontact/magician_ros2/install/dobot_state_updater/share/colcon-core/packages/dobot_state_updater)
[21.985s] INFO:colcon.colcon_ros.task.ament_python.build:Building ROS package in '/home/bbcontact/magician_ros2/src/magician_ros2/dobot_bringup' with build type 'ament_python'
[21.985s] Level 1:colcon.colcon_core.shell:create_environment_hook('dobot_bringup', 'ament_prefix_path')
[21.985s] INFO:colcon.colcon_core.shell:Creating environment hook '/home/bbcontact/magician_ros2/install/dobot_bringup/share/dobot_bringup/hook/ament_prefix_path.ps1'
[21.987s] INFO:colcon.colcon_core.shell:Creating environment descriptor '/home/bbcontact/magician_ros2/install/dobot_bringup/share/dobot_bringup/hook/ament_prefix_path.dsv'
[21.988s] INFO:colcon.colcon_core.shell:Creating environment hook '/home/bbcontact/magician_ros2/install/dobot_bringup/share/dobot_bringup/hook/ament_prefix_path.sh'
[21.990s] INFO:colcon.colcon_core.shell:Skip shell extension 'powershell' for command environment: Not usable outside of PowerShell
[21.990s] DEBUG:colcon.colcon_core.shell:Skip shell extension 'dsv' for command environment
[22.718s] INFO:colcon.colcon_core.task.python.build:Building Python package in '/home/bbcontact/magician_ros2/src/magician_ros2/dobot_bringup'
[22.719s] INFO:colcon.colcon_core.shell:Skip shell extension 'powershell' for command environment: Not usable outside of PowerShell
[22.719s] DEBUG:colcon.colcon_core.shell:Skip shell extension 'dsv' for command environment
[22.737s] Level 1:colcon.colcon_core.shell:create_environment_hook('dobot_calibration', 'pythonpath_develop')
[22.738s] INFO:colcon.colcon_core.shell:Creating environment hook '/home/bbcontact/magician_ros2/build/dobot_calibration/share/dobot_calibration/hook/pythonpath_develop.ps1'
[22.746s] DEBUG:colcon.colcon_core.event_handler.log_command:Invoked command in '/home/bbcontact/magician_ros2/build/dobot_calibration' returned '0': CMAKE_PREFIX_PATH=/home/bbcontact/magician_ros2/install/dobot_msgs:/home/bbcontact/magician_ros2/install/orbbec_description:/home/bbcontact/magician_ros2/install/orbbec_camera:/home/bbcontact/magician_ros2/install/orbbec_camera_msgs:/home/bbcontact/magician_ros2/install/dobot_driver:/home/bbcontact/magician_ros2/install/dobot_description:/opt/ros/jazzy/opt/gz_sim_vendor:/opt/ros/jazzy/opt/gz_sensors_vendor:/opt/ros/jazzy/opt/gz_physics_vendor:/opt/ros/jazzy/opt/sdformat_vendor:/opt/ros/jazzy/opt/gz_gui_vendor:/opt/ros/jazzy/opt/gz_transport_vendor:/opt/ros/jazzy/opt/gz_rendering_vendor:/opt/ros/jazzy/opt/gz_plugin_vendor:/opt/ros/jazzy/opt/gz_fuel_tools_vendor:/opt/ros/jazzy/opt/gz_msgs_vendor:/opt/ros/jazzy/opt/gz_common_vendor:/opt/ros/jazzy/opt/gz_math_vendor:/opt/ros/jazzy/opt/gz_utils_vendor:/opt/ros/jazzy/opt/gz_tools_vendor:/opt/ros/jazzy/opt/gz_ogre_next_vendor:/opt/ros/jazzy/opt/gz_dartsim_vendor:/opt/ros/jazzy/opt/gz_cmake_vendor DEBUGINFOD_URLS=https://debuginfod.ubuntu.com LD_LIBRARY_PATH=/home/bbcontact/magician_ros2/install/dobot_msgs/lib:/home/bbcontact/magician_ros2/install/orbbec_camera/lib:/home/bbcontact/magician_ros2/install/orbbec_camera_msgs/lib:/opt/ros/jazzy/opt/gz_sim_vendor/lib:/opt/ros/jazzy/opt/gz_sensors_vendor/lib:/opt/ros/jazzy/opt/gz_physics_vendor/lib:/opt/ros/jazzy/opt/sdformat_vendor/lib:/opt/ros/jazzy/opt/rviz_ogre_vendor/lib:/opt/ros/jazzy/lib/x86_64-linux-gnu:/opt/ros/jazzy/opt/gz_gui_vendor/lib:/opt/ros/jazzy/opt/gz_transport_vendor/lib:/opt/ros/jazzy/opt/gz_rendering_vendor/lib:/opt/ros/jazzy/opt/gz_plugin_vendor/lib:/opt/ros/jazzy/opt/gz_fuel_tools_vendor/lib:/opt/ros/jazzy/opt/gz_msgs_vendor/lib:/opt/ros/jazzy/opt/gz_common_vendor/lib:/opt/ros/jazzy/opt/gz_math_vendor/lib:/opt/ros/jazzy/opt/gz_utils_vendor/lib:/opt/ros/jazzy/opt/gz_tools_vendor/lib:/opt/ros/jazzy/opt/gz_ogre_next_vendor/lib:/opt/ros/jazzy/opt/gz_dartsim_vendor/lib:/opt/ros/jazzy/opt/gz_cmake_vendor/lib:/opt/ros/jazzy/lib PYTHONPATH=/home/bbcontact/magician_ros2/build/dobot_calibration/prefix_override:/usr/lib/python3/dist-packages/colcon_core/task/python/colcon_distutils_commands:/home/bbcontact/magician_ros2/install/dobot_calibration/lib/python3.12/site-packages:/home/bbcontact/magician_ros2/install/dobot_msgs/lib/python3.12/site-packages:/home/bbcontact/magician_ros2/build/dobot_vision_rgbd:/home/bbcontact/magician_ros2/install/dobot_vision_rgbd/lib/python3.12/site-packages:/home/bbcontact/magician_ros2/install/orbbec_camera_msgs/lib/python3.12/site-packages:/home/bbcontact/magician_ros2/build/dobot_visualization_tools:/home/bbcontact/magician_ros2/install/dobot_visualization_tools/lib/python3.12/site-packages:/home/bbcontact/magician_ros2/build/dobot_vision_yolo:/home/bbcontact/magician_ros2/install/dobot_vision_yolo/lib/python3.12/site-packages:/home/bbcontact/magician_ros2/build/dobot_bringup:/home/bbcontact/magician_ros2/install/dobot_bringup/lib/python3.12/site-packages:/home/bbcontact/magician_ros2/build/dobot_state_updater:/home/bbcontact/magician_ros2/install/dobot_state_updater/lib/python3.12/site-packages:/home/bbcontact/magician_ros2/build/dobot_object_vision:/home/bbcontact/magician_ros2/install/dobot_object_vision/lib/python3.12/site-packages:/home/bbcontact/magician_ros2/build/dobot_motion:/home/bbcontact/magician_ros2/install/dobot_motion/lib/python3.12/site-packages:/home/bbcontact/magician_ros2/build/dobot_kinematics:/home/bbcontact/magician_ros2/install/dobot_kinematics/lib/python3.12/site-packages:/home/bbcontact/magician_ros2/build/dobot_homing:/home/bbcontact/magician_ros2/install/dobot_homing/lib/python3.12/site-packages:/home/bbcontact/magician_ros2/build/dobot_end_effector:/home/bbcontact/magician_ros2/install/dobot_end_effector/lib/python3.12/site-packages:/home/bbcontact/magician_ros2/build/dobot_diagnostics:/home/bbcontact/magician_ros2/install/dobot_diagnostics/lib/python3.12/site-packages:/home/bbcontact/magician_ros2/build/dobot_demos:/home/bbcontact/magician_ros2/install/dobot_demos/lib/python3.12/site-packages:/home/bbcontact/magician_ros2/build/dobot_calibration:/home/bbcontact/magician_ros2/install/dobot_calibration/lib/python3.12/site-packages:/home/bbcontact/magician_ros2/build/dobot_control_panel:/home/bbcontact/magician_ros2/install/dobot_control_panel/lib/python3.12/site-packages:/home/bbcontact/magician_ros2/install/dobot_driver/lib/python3.12/site-packages:/opt/ros/jazzy/lib/python3.12/site-packages /usr/bin/python3 -W ignore:setup.py install is deprecated -W ignore:easy_install command is deprecated setup.py develop --editable --build-directory /home/bbcontact/magician_ros2/build/dobot_calibration/build --no-deps symlink_data
[22.747s] INFO:colcon.colcon_core.shell:Creating environment descriptor '/home/bbcontact/magician_ros2/build/dobot_calibration/share/dobot_calibration/hook/pythonpath_develop.dsv'
[22.748s] INFO:colcon.colcon_core.shell:Creating environment hook '/home/bbcontact/magician_ros2/build/dobot_calibration/share/dobot_calibration/hook/pythonpath_develop.sh'
[22.749s] Level 1:colcon.colcon_core.environment:checking '/home/bbcontact/magician_ros2/install/dobot_calibration' for CMake module files
[22.751s] Level 1:colcon.colcon_core.environment:checking '/home/bbcontact/magician_ros2/install/dobot_calibration' for CMake config files
[22.752s] Level 1:colcon.colcon_core.environment:checking '/home/bbcontact/magician_ros2/install/dobot_calibration/lib'
[22.752s] Level 1:colcon.colcon_core.environment:checking '/home/bbcontact/magician_ros2/install/dobot_calibration/bin'
[22.753s] Level 1:colcon.colcon_core.environment:checking '/home/bbcontact/magician_ros2/install/dobot_calibration/lib/pkgconfig/dobot_calibration.pc'
[22.753s] Level 1:colcon.colcon_core.environment:checking '/home/bbcontact/magician_ros2/install/dobot_calibration/lib/python3.12/site-packages'
[22.754s] Level 1:colcon.colcon_core.shell:create_environment_hook('dobot_calibration', 'pythonpath')
[22.754s] INFO:colcon.colcon_core.shell:Creating environment hook '/home/bbcontact/magician_ros2/install/dobot_calibration/share/dobot_calibration/hook/pythonpath.ps1'
[22.755s] INFO:colcon.colcon_core.shell:Creating environment descriptor '/home/bbcontact/magician_ros2/install/dobot_calibration/share/dobot_calibration/hook/pythonpath.dsv'
[22.756s] INFO:colcon.colcon_core.shell:Creating environment hook '/home/bbcontact/magician_ros2/install/dobot_calibration/share/dobot_calibration/hook/pythonpath.sh'
[22.758s] Level 1:colcon.colcon_core.environment:checking '/home/bbcontact/magician_ros2/install/dobot_calibration/bin'
[22.758s] Level 1:colcon.colcon_core.environment:create_environment_scripts_only(dobot_calibration)
[22.759s] INFO:colcon.colcon_core.shell:Creating package script '/home/bbcontact/magician_ros2/install/dobot_calibration/share/dobot_calibration/package.ps1'
[22.761s] INFO:colcon.colcon_core.shell:Creating package descriptor '/home/bbcontact/magician_ros2/install/dobot_calibration/share/dobot_calibration/package.dsv'
[22.762s] INFO:colcon.colcon_core.shell:Creating package script '/home/bbcontact/magician_ros2/install/dobot_calibration/share/dobot_calibration/package.sh'
[22.763s] INFO:colcon.colcon_core.shell:Creating package script '/home/bbcontact/magician_ros2/install/dobot_calibration/share/dobot_calibration/package.bash'
[22.764s] INFO:colcon.colcon_core.shell:Creating package script '/home/bbcontact/magician_ros2/install/dobot_calibration/share/dobot_calibration/package.zsh'
[22.765s] Level 1:colcon.colcon_core.environment:create_file_with_runtime_dependencies(/home/bbcontact/magician_ros2/install/dobot_calibration/share/colcon-core/packages/dobot_calibration)
[22.766s] DEBUG:colcon.colcon_core.task.python.build:Available setuptools 'develop' options: --version, --optimize, --install-dir, --no-find-links, --install-layout, --exclude-scripts, --egg-path, --find-links, --no-user-cfg, --help, --force-installation-into-system-dir, --index-url, --always-unzip, --prefix, --allow-hosts, --user, --editable, --site-dirs, --dry-run, --multi-version, --script-dir, --quiet, --build-directory, --zip-ok, --upgrade, --no-deps, --local-snapshots-ok, --record, --uninstall, --always-copy, --verbose
[22.770s] DEBUG:colcon.colcon_core.event_handler.log_command:Invoking command in '/home/bbcontact/magician_ros2/build/dobot_object_vision': CMAKE_PREFIX_PATH=/home/bbcontact/magician_ros2/install/dobot_msgs:/home/bbcontact/magician_ros2/install/orbbec_description:/home/bbcontact/magician_ros2/install/orbbec_camera:/home/bbcontact/magician_ros2/install/orbbec_camera_msgs:/home/bbcontact/magician_ros2/install/dobot_driver:/home/bbcontact/magician_ros2/install/dobot_description:/opt/ros/jazzy/opt/gz_sim_vendor:/opt/ros/jazzy/opt/gz_sensors_vendor:/opt/ros/jazzy/opt/gz_physics_vendor:/opt/ros/jazzy/opt/sdformat_vendor:/opt/ros/jazzy/opt/gz_gui_vendor:/opt/ros/jazzy/opt/gz_transport_vendor:/opt/ros/jazzy/opt/gz_rendering_vendor:/opt/ros/jazzy/opt/gz_plugin_vendor:/opt/ros/jazzy/opt/gz_fuel_tools_vendor:/opt/ros/jazzy/opt/gz_msgs_vendor:/opt/ros/jazzy/opt/gz_common_vendor:/opt/ros/jazzy/opt/gz_math_vendor:/opt/ros/jazzy/opt/gz_utils_vendor:/opt/ros/jazzy/opt/gz_tools_vendor:/opt/ros/jazzy/opt/gz_ogre_next_vendor:/opt/ros/jazzy/opt/gz_dartsim_vendor:/opt/ros/jazzy/opt/gz_cmake_vendor DEBUGINFOD_URLS=https://debuginfod.ubuntu.com LD_LIBRARY_PATH=/home/bbcontact/magician_ros2/install/dobot_msgs/lib:/home/bbcontact/magician_ros2/install/orbbec_camera/lib:/home/bbcontact/magician_ros2/install/orbbec_camera_msgs/lib:/opt/ros/jazzy/opt/gz_sim_vendor/lib:/opt/ros/jazzy/opt/gz_sensors_vendor/lib:/opt/ros/jazzy/opt/gz_physics_vendor/lib:/opt/ros/jazzy/opt/sdformat_vendor/lib:/opt/ros/jazzy/opt/rviz_ogre_vendor/lib:/opt/ros/jazzy/lib/x86_64-linux-gnu:/opt/ros/jazzy/opt/gz_gui_vendor/lib:/opt/ros/jazzy/opt/gz_transport_vendor/lib:/opt/ros/jazzy/opt/gz_rendering_vendor/lib:/opt/ros/jazzy/opt/gz_plugin_vendor/lib:/opt/ros/jazzy/opt/gz_fuel_tools_vendor/lib:/opt/ros/jazzy/opt/gz_msgs_vendor/lib:/opt/ros/jazzy/opt/gz_common_vendor/lib:/opt/ros/jazzy/opt/gz_math_vendor/lib:/opt/ros/jazzy/opt/gz_utils_vendor/lib:/opt/ros/jazzy/opt/gz_tools_vendor/lib:/opt/ros/jazzy/opt/gz_ogre_next_vendor/lib:/opt/ros/jazzy/opt/gz_dartsim_vendor/lib:/opt/ros/jazzy/opt/gz_cmake_vendor/lib:/opt/ros/jazzy/lib PYTHONPATH=/home/bbcontact/magician_ros2/build/dobot_object_vision/prefix_override:/usr/lib/python3/dist-packages/colcon_core/task/python/colcon_distutils_commands:/home/bbcontact/magician_ros2/install/dobot_object_vision/lib/python3.12/site-packages:/home/bbcontact/magician_ros2/install/dobot_msgs/lib/python3.12/site-packages:/home/bbcontact/magician_ros2/build/dobot_vision_rgbd:/home/bbcontact/magician_ros2/install/dobot_vision_rgbd/lib/python3.12/site-packages:/home/bbcontact/magician_ros2/install/orbbec_camera_msgs/lib/python3.12/site-packages:/home/bbcontact/magician_ros2/build/dobot_visualization_tools:/home/bbcontact/magician_ros2/install/dobot_visualization_tools/lib/python3.12/site-packages:/home/bbcontact/magician_ros2/build/dobot_vision_yolo:/home/bbcontact/magician_ros2/install/dobot_vision_yolo/lib/python3.12/site-packages:/home/bbcontact/magician_ros2/build/dobot_bringup:/home/bbcontact/magician_ros2/install/dobot_bringup/lib/python3.12/site-packages:/home/bbcontact/magician_ros2/build/dobot_state_updater:/home/bbcontact/magician_ros2/install/dobot_state_updater/lib/python3.12/site-packages:/home/bbcontact/magician_ros2/build/dobot_object_vision:/home/bbcontact/magician_ros2/install/dobot_object_vision/lib/python3.12/site-packages:/home/bbcontact/magician_ros2/build/dobot_motion:/home/bbcontact/magician_ros2/install/dobot_motion/lib/python3.12/site-packages:/home/bbcontact/magician_ros2/build/dobot_kinematics:/home/bbcontact/magician_ros2/install/dobot_kinematics/lib/python3.12/site-packages:/home/bbcontact/magician_ros2/build/dobot_homing:/home/bbcontact/magician_ros2/install/dobot_homing/lib/python3.12/site-packages:/home/bbcontact/magician_ros2/build/dobot_end_effector:/home/bbcontact/magician_ros2/install/dobot_end_effector/lib/python3.12/site-packages:/home/bbcontact/magician_ros2/build/dobot_diagnostics:/home/bbcontact/magician_ros2/install/dobot_diagnostics/lib/python3.12/site-packages:/home/bbcontact/magician_ros2/build/dobot_demos:/home/bbcontact/magician_ros2/install/dobot_demos/lib/python3.12/site-packages:/home/bbcontact/magician_ros2/build/dobot_calibration:/home/bbcontact/magician_ros2/install/dobot_calibration/lib/python3.12/site-packages:/home/bbcontact/magician_ros2/build/dobot_control_panel:/home/bbcontact/magician_ros2/install/dobot_control_panel/lib/python3.12/site-packages:/home/bbcontact/magician_ros2/install/dobot_driver/lib/python3.12/site-packages:/opt/ros/jazzy/lib/python3.12/site-packages /usr/bin/python3 -W ignore:setup.py install is deprecated -W ignore:easy_install command is deprecated setup.py develop --editable --build-directory /home/bbcontact/magician_ros2/build/dobot_object_vision/build --no-deps symlink_data
[22.771s] INFO:colcon.colcon_ros.task.ament_python.build:Building ROS package in '/home/bbcontact/magician_ros2/src/magician_ros2/dobot_demos' with build type 'ament_python'
[22.771s] Level 1:colcon.colcon_core.shell:create_environment_hook('dobot_demos', 'ament_prefix_path')
[22.772s] INFO:colcon.colcon_core.shell:Creating environment hook '/home/bbcontact/magician_ros2/install/dobot_demos/share/dobot_demos/hook/ament_prefix_path.ps1'
[22.773s] INFO:colcon.colcon_core.shell:Creating environment descriptor '/home/bbcontact/magician_ros2/install/dobot_demos/share/dobot_demos/hook/ament_prefix_path.dsv'
[22.775s] INFO:colcon.colcon_core.shell:Creating environment hook '/home/bbcontact/magician_ros2/install/dobot_demos/share/dobot_demos/hook/ament_prefix_path.sh'
[22.776s] INFO:colcon.colcon_core.shell:Skip shell extension 'powershell' for command environment: Not usable outside of PowerShell
[22.776s] DEBUG:colcon.colcon_core.shell:Skip shell extension 'dsv' for command environment
[23.504s] INFO:colcon.colcon_core.task.python.build:Building Python package in '/home/bbcontact/magician_ros2/src/magician_ros2/dobot_demos'
[23.505s] INFO:colcon.colcon_core.shell:Skip shell extension 'powershell' for command environment: Not usable outside of PowerShell
[23.505s] DEBUG:colcon.colcon_core.shell:Skip shell extension 'dsv' for command environment
[24.110s] Level 1:colcon.colcon_core.shell:create_environment_hook('dobot_vision_rgbd', 'pythonpath_develop')
[24.110s] INFO:colcon.colcon_core.shell:Creating environment hook '/home/bbcontact/magician_ros2/build/dobot_vision_rgbd/share/dobot_vision_rgbd/hook/pythonpath_develop.ps1'
[24.112s] DEBUG:colcon.colcon_core.event_handler.log_command:Invoked command in '/home/bbcontact/magician_ros2/build/dobot_vision_rgbd' returned '0': CMAKE_PREFIX_PATH=/home/bbcontact/magician_ros2/install/orbbec_camera_msgs:/home/bbcontact/magician_ros2/install/orbbec_description:/home/bbcontact/magician_ros2/install/orbbec_camera:/home/bbcontact/magician_ros2/install/dobot_msgs:/home/bbcontact/magician_ros2/install/dobot_driver:/home/bbcontact/magician_ros2/install/dobot_description:/opt/ros/jazzy/opt/gz_sim_vendor:/opt/ros/jazzy/opt/gz_sensors_vendor:/opt/ros/jazzy/opt/gz_physics_vendor:/opt/ros/jazzy/opt/sdformat_vendor:/opt/ros/jazzy/opt/gz_gui_vendor:/opt/ros/jazzy/opt/gz_transport_vendor:/opt/ros/jazzy/opt/gz_rendering_vendor:/opt/ros/jazzy/opt/gz_plugin_vendor:/opt/ros/jazzy/opt/gz_fuel_tools_vendor:/opt/ros/jazzy/opt/gz_msgs_vendor:/opt/ros/jazzy/opt/gz_common_vendor:/opt/ros/jazzy/opt/gz_math_vendor:/opt/ros/jazzy/opt/gz_utils_vendor:/opt/ros/jazzy/opt/gz_tools_vendor:/opt/ros/jazzy/opt/gz_ogre_next_vendor:/opt/ros/jazzy/opt/gz_dartsim_vendor:/opt/ros/jazzy/opt/gz_cmake_vendor DEBUGINFOD_URLS=https://debuginfod.ubuntu.com LD_LIBRARY_PATH=/home/bbcontact/magician_ros2/install/orbbec_camera_msgs/lib:/home/bbcontact/magician_ros2/install/orbbec_camera/lib:/home/bbcontact/magician_ros2/install/dobot_msgs/lib:/opt/ros/jazzy/opt/gz_sim_vendor/lib:/opt/ros/jazzy/opt/gz_sensors_vendor/lib:/opt/ros/jazzy/opt/gz_physics_vendor/lib:/opt/ros/jazzy/opt/sdformat_vendor/lib:/opt/ros/jazzy/opt/rviz_ogre_vendor/lib:/opt/ros/jazzy/lib/x86_64-linux-gnu:/opt/ros/jazzy/opt/gz_gui_vendor/lib:/opt/ros/jazzy/opt/gz_transport_vendor/lib:/opt/ros/jazzy/opt/gz_rendering_vendor/lib:/opt/ros/jazzy/opt/gz_plugin_vendor/lib:/opt/ros/jazzy/opt/gz_fuel_tools_vendor/lib:/opt/ros/jazzy/opt/gz_msgs_vendor/lib:/opt/ros/jazzy/opt/gz_common_vendor/lib:/opt/ros/jazzy/opt/gz_math_vendor/lib:/opt/ros/jazzy/opt/gz_utils_vendor/lib:/opt/ros/jazzy/opt/gz_tools_vendor/lib:/opt/ros/jazzy/opt/gz_ogre_next_vendor/lib:/opt/ros/jazzy/opt/gz_dartsim_vendor/lib:/opt/ros/jazzy/opt/gz_cmake_vendor/lib:/opt/ros/jazzy/lib PYTHONPATH=/home/bbcontact/magician_ros2/build/dobot_vision_rgbd/prefix_override:/usr/lib/python3/dist-packages/colcon_core/task/python/colcon_distutils_commands:/home/bbcontact/magician_ros2/install/dobot_vision_rgbd/lib/python3.12/site-packages:/home/bbcontact/magician_ros2/install/orbbec_camera_msgs/lib/python3.12/site-packages:/home/bbcontact/magician_ros2/build/dobot_vision_rgbd:/home/bbcontact/magician_ros2/install/dobot_vision_rgbd/lib/python3.12/site-packages:/home/bbcontact/magician_ros2/build/dobot_visualization_tools:/home/bbcontact/magician_ros2/install/dobot_visualization_tools/lib/python3.12/site-packages:/home/bbcontact/magician_ros2/build/dobot_vision_yolo:/home/bbcontact/magician_ros2/install/dobot_vision_yolo/lib/python3.12/site-packages:/home/bbcontact/magician_ros2/build/dobot_bringup:/home/bbcontact/magician_ros2/install/dobot_bringup/lib/python3.12/site-packages:/home/bbcontact/magician_ros2/build/dobot_state_updater:/home/bbcontact/magician_ros2/install/dobot_state_updater/lib/python3.12/site-packages:/home/bbcontact/magician_ros2/build/dobot_object_vision:/home/bbcontact/magician_ros2/install/dobot_object_vision/lib/python3.12/site-packages:/home/bbcontact/magician_ros2/build/dobot_motion:/home/bbcontact/magician_ros2/install/dobot_motion/lib/python3.12/site-packages:/home/bbcontact/magician_ros2/build/dobot_kinematics:/home/bbcontact/magician_ros2/install/dobot_kinematics/lib/python3.12/site-packages:/home/bbcontact/magician_ros2/build/dobot_homing:/home/bbcontact/magician_ros2/install/dobot_homing/lib/python3.12/site-packages:/home/bbcontact/magician_ros2/build/dobot_end_effector:/home/bbcontact/magician_ros2/install/dobot_end_effector/lib/python3.12/site-packages:/home/bbcontact/magician_ros2/build/dobot_diagnostics:/home/bbcontact/magician_ros2/install/dobot_diagnostics/lib/python3.12/site-packages:/home/bbcontact/magician_ros2/build/dobot_demos:/home/bbcontact/magician_ros2/install/dobot_demos/lib/python3.12/site-packages:/home/bbcontact/magician_ros2/build/dobot_calibration:/home/bbcontact/magician_ros2/install/dobot_calibration/lib/python3.12/site-packages:/home/bbcontact/magician_ros2/install/dobot_msgs/lib/python3.12/site-packages:/home/bbcontact/magician_ros2/build/dobot_control_panel:/home/bbcontact/magician_ros2/install/dobot_control_panel/lib/python3.12/site-packages:/home/bbcontact/magician_ros2/install/dobot_driver/lib/python3.12/site-packages:/opt/ros/jazzy/lib/python3.12/site-packages /usr/bin/python3 -W ignore:setup.py install is deprecated -W ignore:easy_install command is deprecated setup.py develop --editable --build-directory /home/bbcontact/magician_ros2/build/dobot_vision_rgbd/build --no-deps symlink_data
[24.113s] INFO:colcon.colcon_core.shell:Creating environment descriptor '/home/bbcontact/magician_ros2/build/dobot_vision_rgbd/share/dobot_vision_rgbd/hook/pythonpath_develop.dsv'
[24.113s] INFO:colcon.colcon_core.shell:Creating environment hook '/home/bbcontact/magician_ros2/build/dobot_vision_rgbd/share/dobot_vision_rgbd/hook/pythonpath_develop.sh'
[24.115s] Level 1:colcon.colcon_core.environment:checking '/home/bbcontact/magician_ros2/install/dobot_vision_rgbd' for CMake module files
[24.116s] Level 1:colcon.colcon_core.environment:checking '/home/bbcontact/magician_ros2/install/dobot_vision_rgbd' for CMake config files
[24.118s] Level 1:colcon.colcon_core.environment:checking '/home/bbcontact/magician_ros2/install/dobot_vision_rgbd/lib'
[24.118s] Level 1:colcon.colcon_core.environment:checking '/home/bbcontact/magician_ros2/install/dobot_vision_rgbd/bin'
[24.118s] Level 1:colcon.colcon_core.environment:checking '/home/bbcontact/magician_ros2/install/dobot_vision_rgbd/lib/pkgconfig/dobot_vision_rgbd.pc'
[24.119s] Level 1:colcon.colcon_core.environment:checking '/home/bbcontact/magician_ros2/install/dobot_vision_rgbd/lib/python3.12/site-packages'
[24.119s] Level 1:colcon.colcon_core.shell:create_environment_hook('dobot_vision_rgbd', 'pythonpath')
[24.119s] INFO:colcon.colcon_core.shell:Creating environment hook '/home/bbcontact/magician_ros2/install/dobot_vision_rgbd/share/dobot_vision_rgbd/hook/pythonpath.ps1'
[24.120s] INFO:colcon.colcon_core.shell:Creating environment descriptor '/home/bbcontact/magician_ros2/install/dobot_vision_rgbd/share/dobot_vision_rgbd/hook/pythonpath.dsv'
[24.121s] INFO:colcon.colcon_core.shell:Creating environment hook '/home/bbcontact/magician_ros2/install/dobot_vision_rgbd/share/dobot_vision_rgbd/hook/pythonpath.sh'
[24.123s] Level 1:colcon.colcon_core.environment:checking '/home/bbcontact/magician_ros2/install/dobot_vision_rgbd/bin'
[24.123s] Level 1:colcon.colcon_core.environment:create_environment_scripts_only(dobot_vision_rgbd)
[24.124s] INFO:colcon.colcon_core.shell:Creating package script '/home/bbcontact/magician_ros2/install/dobot_vision_rgbd/share/dobot_vision_rgbd/package.ps1'
[24.126s] INFO:colcon.colcon_core.shell:Creating package descriptor '/home/bbcontact/magician_ros2/install/dobot_vision_rgbd/share/dobot_vision_rgbd/package.dsv'
[24.127s] INFO:colcon.colcon_core.shell:Creating package script '/home/bbcontact/magician_ros2/install/dobot_vision_rgbd/share/dobot_vision_rgbd/package.sh'
[24.128s] INFO:colcon.colcon_core.shell:Creating package script '/home/bbcontact/magician_ros2/install/dobot_vision_rgbd/share/dobot_vision_rgbd/package.bash'
[24.129s] INFO:colcon.colcon_core.shell:Creating package script '/home/bbcontact/magician_ros2/install/dobot_vision_rgbd/share/dobot_vision_rgbd/package.zsh'
[24.129s] Level 1:colcon.colcon_core.environment:create_file_with_runtime_dependencies(/home/bbcontact/magician_ros2/install/dobot_vision_rgbd/share/colcon-core/packages/dobot_vision_rgbd)
[24.840s] DEBUG:colcon.colcon_core.task.python.build:Available setuptools commands: dist_info, build_ext, test, bdist_rpm, install_lib, develop, register, bdist, update_catalog, install_egg_info, compile_catalog, upload, symlink_data, egg_info, extract_messages, build_py, build_clib, editable_wheel, install_headers, bdist_wheel, alias, bdist_dumb, install, check, bdist_egg, install_data, easy_install, saveopts, install_scripts, setopt, sdist, init_catalog, build_scripts, rotate, clean, build, upload_docs
[25.133s] Level 1:colcon.colcon_core.shell:create_environment_hook('dobot_object_vision', 'pythonpath_develop')
[25.134s] INFO:colcon.colcon_core.shell:Creating environment hook '/home/bbcontact/magician_ros2/build/dobot_object_vision/share/dobot_object_vision/hook/pythonpath_develop.ps1'
[25.135s] DEBUG:colcon.colcon_core.event_handler.log_command:Invoked command in '/home/bbcontact/magician_ros2/build/dobot_object_vision' returned '0': CMAKE_PREFIX_PATH=/home/bbcontact/magician_ros2/install/dobot_msgs:/home/bbcontact/magician_ros2/install/orbbec_description:/home/bbcontact/magician_ros2/install/orbbec_camera:/home/bbcontact/magician_ros2/install/orbbec_camera_msgs:/home/bbcontact/magician_ros2/install/dobot_driver:/home/bbcontact/magician_ros2/install/dobot_description:/opt/ros/jazzy/opt/gz_sim_vendor:/opt/ros/jazzy/opt/gz_sensors_vendor:/opt/ros/jazzy/opt/gz_physics_vendor:/opt/ros/jazzy/opt/sdformat_vendor:/opt/ros/jazzy/opt/gz_gui_vendor:/opt/ros/jazzy/opt/gz_transport_vendor:/opt/ros/jazzy/opt/gz_rendering_vendor:/opt/ros/jazzy/opt/gz_plugin_vendor:/opt/ros/jazzy/opt/gz_fuel_tools_vendor:/opt/ros/jazzy/opt/gz_msgs_vendor:/opt/ros/jazzy/opt/gz_common_vendor:/opt/ros/jazzy/opt/gz_math_vendor:/opt/ros/jazzy/opt/gz_utils_vendor:/opt/ros/jazzy/opt/gz_tools_vendor:/opt/ros/jazzy/opt/gz_ogre_next_vendor:/opt/ros/jazzy/opt/gz_dartsim_vendor:/opt/ros/jazzy/opt/gz_cmake_vendor DEBUGINFOD_URLS=https://debuginfod.ubuntu.com LD_LIBRARY_PATH=/home/bbcontact/magician_ros2/install/dobot_msgs/lib:/home/bbcontact/magician_ros2/install/orbbec_camera/lib:/home/bbcontact/magician_ros2/install/orbbec_camera_msgs/lib:/opt/ros/jazzy/opt/gz_sim_vendor/lib:/opt/ros/jazzy/opt/gz_sensors_vendor/lib:/opt/ros/jazzy/opt/gz_physics_vendor/lib:/opt/ros/jazzy/opt/sdformat_vendor/lib:/opt/ros/jazzy/opt/rviz_ogre_vendor/lib:/opt/ros/jazzy/lib/x86_64-linux-gnu:/opt/ros/jazzy/opt/gz_gui_vendor/lib:/opt/ros/jazzy/opt/gz_transport_vendor/lib:/opt/ros/jazzy/opt/gz_rendering_vendor/lib:/opt/ros/jazzy/opt/gz_plugin_vendor/lib:/opt/ros/jazzy/opt/gz_fuel_tools_vendor/lib:/opt/ros/jazzy/opt/gz_msgs_vendor/lib:/opt/ros/jazzy/opt/gz_common_vendor/lib:/opt/ros/jazzy/opt/gz_math_vendor/lib:/opt/ros/jazzy/opt/gz_utils_vendor/lib:/opt/ros/jazzy/opt/gz_tools_vendor/lib:/opt/ros/jazzy/opt/gz_ogre_next_vendor/lib:/opt/ros/jazzy/opt/gz_dartsim_vendor/lib:/opt/ros/jazzy/opt/gz_cmake_vendor/lib:/opt/ros/jazzy/lib PYTHONPATH=/home/bbcontact/magician_ros2/build/dobot_object_vision/prefix_override:/usr/lib/python3/dist-packages/colcon_core/task/python/colcon_distutils_commands:/home/bbcontact/magician_ros2/install/dobot_object_vision/lib/python3.12/site-packages:/home/bbcontact/magician_ros2/install/dobot_msgs/lib/python3.12/site-packages:/home/bbcontact/magician_ros2/build/dobot_vision_rgbd:/home/bbcontact/magician_ros2/install/dobot_vision_rgbd/lib/python3.12/site-packages:/home/bbcontact/magician_ros2/install/orbbec_camera_msgs/lib/python3.12/site-packages:/home/bbcontact/magician_ros2/build/dobot_visualization_tools:/home/bbcontact/magician_ros2/install/dobot_visualization_tools/lib/python3.12/site-packages:/home/bbcontact/magician_ros2/build/dobot_vision_yolo:/home/bbcontact/magician_ros2/install/dobot_vision_yolo/lib/python3.12/site-packages:/home/bbcontact/magician_ros2/build/dobot_bringup:/home/bbcontact/magician_ros2/install/dobot_bringup/lib/python3.12/site-packages:/home/bbcontact/magician_ros2/build/dobot_state_updater:/home/bbcontact/magician_ros2/install/dobot_state_updater/lib/python3.12/site-packages:/home/bbcontact/magician_ros2/build/dobot_object_vision:/home/bbcontact/magician_ros2/install/dobot_object_vision/lib/python3.12/site-packages:/home/bbcontact/magician_ros2/build/dobot_motion:/home/bbcontact/magician_ros2/install/dobot_motion/lib/python3.12/site-packages:/home/bbcontact/magician_ros2/build/dobot_kinematics:/home/bbcontact/magician_ros2/install/dobot_kinematics/lib/python3.12/site-packages:/home/bbcontact/magician_ros2/build/dobot_homing:/home/bbcontact/magician_ros2/install/dobot_homing/lib/python3.12/site-packages:/home/bbcontact/magician_ros2/build/dobot_end_effector:/home/bbcontact/magician_ros2/install/dobot_end_effector/lib/python3.12/site-packages:/home/bbcontact/magician_ros2/build/dobot_diagnostics:/home/bbcontact/magician_ros2/install/dobot_diagnostics/lib/python3.12/site-packages:/home/bbcontact/magician_ros2/build/dobot_demos:/home/bbcontact/magician_ros2/install/dobot_demos/lib/python3.12/site-packages:/home/bbcontact/magician_ros2/build/dobot_calibration:/home/bbcontact/magician_ros2/install/dobot_calibration/lib/python3.12/site-packages:/home/bbcontact/magician_ros2/build/dobot_control_panel:/home/bbcontact/magician_ros2/install/dobot_control_panel/lib/python3.12/site-packages:/home/bbcontact/magician_ros2/install/dobot_driver/lib/python3.12/site-packages:/opt/ros/jazzy/lib/python3.12/site-packages /usr/bin/python3 -W ignore:setup.py install is deprecated -W ignore:easy_install command is deprecated setup.py develop --editable --build-directory /home/bbcontact/magician_ros2/build/dobot_object_vision/build --no-deps symlink_data
[25.135s] INFO:colcon.colcon_core.shell:Creating environment descriptor '/home/bbcontact/magician_ros2/build/dobot_object_vision/share/dobot_object_vision/hook/pythonpath_develop.dsv'
[25.136s] INFO:colcon.colcon_core.shell:Creating environment hook '/home/bbcontact/magician_ros2/build/dobot_object_vision/share/dobot_object_vision/hook/pythonpath_develop.sh'
[25.137s] Level 1:colcon.colcon_core.environment:checking '/home/bbcontact/magician_ros2/install/dobot_object_vision' for CMake module files
[25.139s] Level 1:colcon.colcon_core.environment:checking '/home/bbcontact/magician_ros2/install/dobot_object_vision' for CMake config files
[25.140s] Level 1:colcon.colcon_core.environment:checking '/home/bbcontact/magician_ros2/install/dobot_object_vision/lib'
[25.141s] Level 1:colcon.colcon_core.environment:checking '/home/bbcontact/magician_ros2/install/dobot_object_vision/bin'
[25.141s] Level 1:colcon.colcon_core.environment:checking '/home/bbcontact/magician_ros2/install/dobot_object_vision/lib/pkgconfig/dobot_object_vision.pc'
[25.141s] Level 1:colcon.colcon_core.environment:checking '/home/bbcontact/magician_ros2/install/dobot_object_vision/lib/python3.12/site-packages'
[25.142s] Level 1:colcon.colcon_core.shell:create_environment_hook('dobot_object_vision', 'pythonpath')
[25.142s] INFO:colcon.colcon_core.shell:Creating environment hook '/home/bbcontact/magician_ros2/install/dobot_object_vision/share/dobot_object_vision/hook/pythonpath.ps1'
[25.143s] INFO:colcon.colcon_core.shell:Creating environment descriptor '/home/bbcontact/magician_ros2/install/dobot_object_vision/share/dobot_object_vision/hook/pythonpath.dsv'
[25.144s] INFO:colcon.colcon_core.shell:Creating environment hook '/home/bbcontact/magician_ros2/install/dobot_object_vision/share/dobot_object_vision/hook/pythonpath.sh'
[25.145s] Level 1:colcon.colcon_core.environment:checking '/home/bbcontact/magician_ros2/install/dobot_object_vision/bin'
[25.145s] Level 1:colcon.colcon_core.environment:create_environment_scripts_only(dobot_object_vision)
[25.146s] INFO:colcon.colcon_core.shell:Creating package script '/home/bbcontact/magician_ros2/install/dobot_object_vision/share/dobot_object_vision/package.ps1'
[25.147s] INFO:colcon.colcon_core.shell:Creating package descriptor '/home/bbcontact/magician_ros2/install/dobot_object_vision/share/dobot_object_vision/package.dsv'
[25.148s] INFO:colcon.colcon_core.shell:Creating package script '/home/bbcontact/magician_ros2/install/dobot_object_vision/share/dobot_object_vision/package.sh'
[25.149s] INFO:colcon.colcon_core.shell:Creating package script '/home/bbcontact/magician_ros2/install/dobot_object_vision/share/dobot_object_vision/package.bash'
[25.150s] INFO:colcon.colcon_core.shell:Creating package script '/home/bbcontact/magician_ros2/install/dobot_object_vision/share/dobot_object_vision/package.zsh'
[25.151s] Level 1:colcon.colcon_core.environment:create_file_with_runtime_dependencies(/home/bbcontact/magician_ros2/install/dobot_object_vision/share/colcon-core/packages/dobot_object_vision)
[25.579s] DEBUG:colcon.colcon_core.task.python.build:Available setuptools commands: dist_info, build_ext, test, bdist_rpm, install_lib, develop, register, bdist, update_catalog, install_egg_info, compile_catalog, upload, symlink_data, egg_info, extract_messages, build_py, build_clib, editable_wheel, install_headers, bdist_wheel, alias, bdist_dumb, install, check, bdist_egg, install_data, easy_install, saveopts, install_scripts, setopt, sdist, init_catalog, build_scripts, rotate, clean, build, upload_docs
[25.863s] DEBUG:colcon.colcon_core.task.python.build:Available setuptools 'develop' options: --version, --optimize, --install-dir, --no-find-links, --install-layout, --exclude-scripts, --egg-path, --find-links, --no-user-cfg, --help, --force-installation-into-system-dir, --index-url, --always-unzip, --prefix, --allow-hosts, --user, --editable, --site-dirs, --dry-run, --multi-version, --script-dir, --quiet, --build-directory, --zip-ok, --upgrade, --no-deps, --local-snapshots-ok, --record, --uninstall, --always-copy, --verbose
[25.868s] DEBUG:colcon.colcon_core.event_handler.log_command:Invoking command in '/home/bbcontact/magician_ros2/build/dobot_bringup': AMENT_PREFIX_PATH=/home/bbcontact/magician_ros2/install/dobot_state_updater:/home/bbcontact/magician_ros2/install/dobot_motion:/home/bbcontact/magician_ros2/install/dobot_kinematics:/home/bbcontact/magician_ros2/install/dobot_homing:/home/bbcontact/magician_ros2/install/dobot_end_effector:/home/bbcontact/magician_ros2/install/dobot_diagnostics:/home/bbcontact/magician_ros2/install/orbbec_description:/home/bbcontact/magician_ros2/install/orbbec_camera:/home/bbcontact/magician_ros2/install/dobot_vision_rgbd:/home/bbcontact/magician_ros2/install/orbbec_camera_msgs:/home/bbcontact/magician_ros2/install/dobot_visualization_tools:/home/bbcontact/magician_ros2/install/dobot_vision_yolo:/home/bbcontact/magician_ros2/install/dobot_bringup:/home/bbcontact/magician_ros2/install/dobot_object_vision:/home/bbcontact/magician_ros2/install/dobot_demos:/home/bbcontact/magician_ros2/install/dobot_calibration:/home/bbcontact/magician_ros2/install/dobot_msgs:/home/bbcontact/magician_ros2/install/dobot_control_panel:/home/bbcontact/magician_ros2/install/dobot_driver:/home/bbcontact/magician_ros2/install/dobot_description:/opt/ros/jazzy CMAKE_PREFIX_PATH=/home/bbcontact/magician_ros2/install/dobot_msgs:/home/bbcontact/magician_ros2/install/dobot_driver:/home/bbcontact/magician_ros2/install/dobot_description:/home/bbcontact/magician_ros2/install/orbbec_description:/home/bbcontact/magician_ros2/install/orbbec_camera:/home/bbcontact/magician_ros2/install/orbbec_camera_msgs:/opt/ros/jazzy/opt/gz_sim_vendor:/opt/ros/jazzy/opt/gz_sensors_vendor:/opt/ros/jazzy/opt/gz_physics_vendor:/opt/ros/jazzy/opt/sdformat_vendor:/opt/ros/jazzy/opt/gz_gui_vendor:/opt/ros/jazzy/opt/gz_transport_vendor:/opt/ros/jazzy/opt/gz_rendering_vendor:/opt/ros/jazzy/opt/gz_plugin_vendor:/opt/ros/jazzy/opt/gz_fuel_tools_vendor:/opt/ros/jazzy/opt/gz_msgs_vendor:/opt/ros/jazzy/opt/gz_common_vendor:/opt/ros/jazzy/opt/gz_math_vendor:/opt/ros/jazzy/opt/gz_utils_vendor:/opt/ros/jazzy/opt/gz_tools_vendor:/opt/ros/jazzy/opt/gz_ogre_next_vendor:/opt/ros/jazzy/opt/gz_dartsim_vendor:/opt/ros/jazzy/opt/gz_cmake_vendor DEBUGINFOD_URLS=https://debuginfod.ubuntu.com LD_LIBRARY_PATH=/home/bbcontact/magician_ros2/install/dobot_msgs/lib:/home/bbcontact/magician_ros2/install/orbbec_camera/lib:/home/bbcontact/magician_ros2/install/orbbec_camera_msgs/lib:/opt/ros/jazzy/opt/gz_sim_vendor/lib:/opt/ros/jazzy/opt/gz_sensors_vendor/lib:/opt/ros/jazzy/opt/gz_physics_vendor/lib:/opt/ros/jazzy/opt/sdformat_vendor/lib:/opt/ros/jazzy/opt/rviz_ogre_vendor/lib:/opt/ros/jazzy/lib/x86_64-linux-gnu:/opt/ros/jazzy/opt/gz_gui_vendor/lib:/opt/ros/jazzy/opt/gz_transport_vendor/lib:/opt/ros/jazzy/opt/gz_rendering_vendor/lib:/opt/ros/jazzy/opt/gz_plugin_vendor/lib:/opt/ros/jazzy/opt/gz_fuel_tools_vendor/lib:/opt/ros/jazzy/opt/gz_msgs_vendor/lib:/opt/ros/jazzy/opt/gz_common_vendor/lib:/opt/ros/jazzy/opt/gz_math_vendor/lib:/opt/ros/jazzy/opt/gz_utils_vendor/lib:/opt/ros/jazzy/opt/gz_tools_vendor/lib:/opt/ros/jazzy/opt/gz_ogre_next_vendor/lib:/opt/ros/jazzy/opt/gz_dartsim_vendor/lib:/opt/ros/jazzy/opt/gz_cmake_vendor/lib:/opt/ros/jazzy/lib PYTHONPATH=/home/bbcontact/magician_ros2/build/dobot_bringup/prefix_override:/usr/lib/python3/dist-packages/colcon_core/task/python/colcon_distutils_commands:/home/bbcontact/magician_ros2/install/dobot_bringup/lib/python3.12/site-packages:/home/bbcontact/magician_ros2/build/dobot_state_updater:/home/bbcontact/magician_ros2/install/dobot_state_updater/lib/python3.12/site-packages:/home/bbcontact/magician_ros2/build/dobot_motion:/home/bbcontact/magician_ros2/install/dobot_motion/lib/python3.12/site-packages:/home/bbcontact/magician_ros2/build/dobot_kinematics:/home/bbcontact/magician_ros2/install/dobot_kinematics/lib/python3.12/site-packages:/home/bbcontact/magician_ros2/build/dobot_homing:/home/bbcontact/magician_ros2/install/dobot_homing/lib/python3.12/site-packages:/home/bbcontact/magician_ros2/build/dobot_end_effector:/home/bbcontact/magician_ros2/install/dobot_end_effector/lib/python3.12/site-packages:/home/bbcontact/magician_ros2/build/dobot_diagnostics:/home/bbcontact/magician_ros2/install/dobot_diagnostics/lib/python3.12/site-packages:/home/bbcontact/magician_ros2/install/dobot_msgs/lib/python3.12/site-packages:/home/bbcontact/magician_ros2/install/dobot_driver/lib/python3.12/site-packages:/home/bbcontact/magician_ros2/build/dobot_vision_rgbd:/home/bbcontact/magician_ros2/install/dobot_vision_rgbd/lib/python3.12/site-packages:/home/bbcontact/magician_ros2/install/orbbec_camera_msgs/lib/python3.12/site-packages:/home/bbcontact/magician_ros2/build/dobot_visualization_tools:/home/bbcontact/magician_ros2/install/dobot_visualization_tools/lib/python3.12/site-packages:/home/bbcontact/magician_ros2/build/dobot_vision_yolo:/home/bbcontact/magician_ros2/install/dobot_vision_yolo/lib/python3.12/site-packages:/home/bbcontact/magician_ros2/build/dobot_bringup:/home/bbcontact/magician_ros2/install/dobot_bringup/lib/python3.12/site-packages:/home/bbcontact/magician_ros2/build/dobot_object_vision:/home/bbcontact/magician_ros2/install/dobot_object_vision/lib/python3.12/site-packages:/home/bbcontact/magician_ros2/build/dobot_demos:/home/bbcontact/magician_ros2/install/dobot_demos/lib/python3.12/site-packages:/home/bbcontact/magician_ros2/build/dobot_calibration:/home/bbcontact/magician_ros2/install/dobot_calibration/lib/python3.12/site-packages:/home/bbcontact/magician_ros2/build/dobot_control_panel:/home/bbcontact/magician_ros2/install/dobot_control_panel/lib/python3.12/site-packages:/opt/ros/jazzy/lib/python3.12/site-packages /usr/bin/python3 -W ignore:setup.py install is deprecated -W ignore:easy_install command is deprecated setup.py develop --editable --build-directory /home/bbcontact/magician_ros2/build/dobot_bringup/build --no-deps symlink_data
[26.561s] DEBUG:colcon.colcon_core.task.python.build:Available setuptools 'develop' options: --version, --optimize, --install-dir, --no-find-links, --install-layout, --exclude-scripts, --egg-path, --find-links, --no-user-cfg, --help, --force-installation-into-system-dir, --index-url, --always-unzip, --prefix, --allow-hosts, --user, --editable, --site-dirs, --dry-run, --multi-version, --script-dir, --quiet, --build-directory, --zip-ok, --upgrade, --no-deps, --local-snapshots-ok, --record, --uninstall, --always-copy, --verbose
[26.567s] DEBUG:colcon.colcon_core.event_handler.log_command:Invoking command in '/home/bbcontact/magician_ros2/build/dobot_demos': AMENT_PREFIX_PATH=/home/bbcontact/magician_ros2/install/dobot_calibration:/home/bbcontact/magician_ros2/install/orbbec_description:/home/bbcontact/magician_ros2/install/orbbec_camera:/home/bbcontact/magician_ros2/install/dobot_vision_rgbd:/home/bbcontact/magician_ros2/install/orbbec_camera_msgs:/home/bbcontact/magician_ros2/install/dobot_visualization_tools:/home/bbcontact/magician_ros2/install/dobot_vision_yolo:/home/bbcontact/magician_ros2/install/dobot_bringup:/home/bbcontact/magician_ros2/install/dobot_state_updater:/home/bbcontact/magician_ros2/install/dobot_object_vision:/home/bbcontact/magician_ros2/install/dobot_motion:/home/bbcontact/magician_ros2/install/dobot_kinematics:/home/bbcontact/magician_ros2/install/dobot_homing:/home/bbcontact/magician_ros2/install/dobot_end_effector:/home/bbcontact/magician_ros2/install/dobot_diagnostics:/home/bbcontact/magician_ros2/install/dobot_demos:/home/bbcontact/magician_ros2/install/dobot_msgs:/home/bbcontact/magician_ros2/install/dobot_control_panel:/home/bbcontact/magician_ros2/install/dobot_driver:/home/bbcontact/magician_ros2/install/dobot_description:/opt/ros/jazzy CMAKE_PREFIX_PATH=/home/bbcontact/magician_ros2/install/dobot_msgs:/home/bbcontact/magician_ros2/install/orbbec_description:/home/bbcontact/magician_ros2/install/orbbec_camera:/home/bbcontact/magician_ros2/install/orbbec_camera_msgs:/home/bbcontact/magician_ros2/install/dobot_driver:/home/bbcontact/magician_ros2/install/dobot_description:/opt/ros/jazzy/opt/gz_sim_vendor:/opt/ros/jazzy/opt/gz_sensors_vendor:/opt/ros/jazzy/opt/gz_physics_vendor:/opt/ros/jazzy/opt/sdformat_vendor:/opt/ros/jazzy/opt/gz_gui_vendor:/opt/ros/jazzy/opt/gz_transport_vendor:/opt/ros/jazzy/opt/gz_rendering_vendor:/opt/ros/jazzy/opt/gz_plugin_vendor:/opt/ros/jazzy/opt/gz_fuel_tools_vendor:/opt/ros/jazzy/opt/gz_msgs_vendor:/opt/ros/jazzy/opt/gz_common_vendor:/opt/ros/jazzy/opt/gz_math_vendor:/opt/ros/jazzy/opt/gz_utils_vendor:/opt/ros/jazzy/opt/gz_tools_vendor:/opt/ros/jazzy/opt/gz_ogre_next_vendor:/opt/ros/jazzy/opt/gz_dartsim_vendor:/opt/ros/jazzy/opt/gz_cmake_vendor DEBUGINFOD_URLS=https://debuginfod.ubuntu.com LD_LIBRARY_PATH=/home/bbcontact/magician_ros2/install/dobot_msgs/lib:/home/bbcontact/magician_ros2/install/orbbec_camera/lib:/home/bbcontact/magician_ros2/install/orbbec_camera_msgs/lib:/opt/ros/jazzy/opt/gz_sim_vendor/lib:/opt/ros/jazzy/opt/gz_sensors_vendor/lib:/opt/ros/jazzy/opt/gz_physics_vendor/lib:/opt/ros/jazzy/opt/sdformat_vendor/lib:/opt/ros/jazzy/opt/rviz_ogre_vendor/lib:/opt/ros/jazzy/lib/x86_64-linux-gnu:/opt/ros/jazzy/opt/gz_gui_vendor/lib:/opt/ros/jazzy/opt/gz_transport_vendor/lib:/opt/ros/jazzy/opt/gz_rendering_vendor/lib:/opt/ros/jazzy/opt/gz_plugin_vendor/lib:/opt/ros/jazzy/opt/gz_fuel_tools_vendor/lib:/opt/ros/jazzy/opt/gz_msgs_vendor/lib:/opt/ros/jazzy/opt/gz_common_vendor/lib:/opt/ros/jazzy/opt/gz_math_vendor/lib:/opt/ros/jazzy/opt/gz_utils_vendor/lib:/opt/ros/jazzy/opt/gz_tools_vendor/lib:/opt/ros/jazzy/opt/gz_ogre_next_vendor/lib:/opt/ros/jazzy/opt/gz_dartsim_vendor/lib:/opt/ros/jazzy/opt/gz_cmake_vendor/lib:/opt/ros/jazzy/lib PYTHONPATH=/home/bbcontact/magician_ros2/build/dobot_demos/prefix_override:/usr/lib/python3/dist-packages/colcon_core/task/python/colcon_distutils_commands:/home/bbcontact/magician_ros2/install/dobot_demos/lib/python3.12/site-packages:/home/bbcontact/magician_ros2/build/dobot_calibration:/home/bbcontact/magician_ros2/install/dobot_calibration/lib/python3.12/site-packages:/home/bbcontact/magician_ros2/install/dobot_msgs/lib/python3.12/site-packages:/home/bbcontact/magician_ros2/build/dobot_vision_rgbd:/home/bbcontact/magician_ros2/install/dobot_vision_rgbd/lib/python3.12/site-packages:/home/bbcontact/magician_ros2/install/orbbec_camera_msgs/lib/python3.12/site-packages:/home/bbcontact/magician_ros2/build/dobot_visualization_tools:/home/bbcontact/magician_ros2/install/dobot_visualization_tools/lib/python3.12/site-packages:/home/bbcontact/magician_ros2/build/dobot_vision_yolo:/home/bbcontact/magician_ros2/install/dobot_vision_yolo/lib/python3.12/site-packages:/home/bbcontact/magician_ros2/build/dobot_bringup:/home/bbcontact/magician_ros2/install/dobot_bringup/lib/python3.12/site-packages:/home/bbcontact/magician_ros2/build/dobot_state_updater:/home/bbcontact/magician_ros2/install/dobot_state_updater/lib/python3.12/site-packages:/home/bbcontact/magician_ros2/build/dobot_object_vision:/home/bbcontact/magician_ros2/install/dobot_object_vision/lib/python3.12/site-packages:/home/bbcontact/magician_ros2/build/dobot_motion:/home/bbcontact/magician_ros2/install/dobot_motion/lib/python3.12/site-packages:/home/bbcontact/magician_ros2/build/dobot_kinematics:/home/bbcontact/magician_ros2/install/dobot_kinematics/lib/python3.12/site-packages:/home/bbcontact/magician_ros2/build/dobot_homing:/home/bbcontact/magician_ros2/install/dobot_homing/lib/python3.12/site-packages:/home/bbcontact/magician_ros2/build/dobot_end_effector:/home/bbcontact/magician_ros2/install/dobot_end_effector/lib/python3.12/site-packages:/home/bbcontact/magician_ros2/build/dobot_diagnostics:/home/bbcontact/magician_ros2/install/dobot_diagnostics/lib/python3.12/site-packages:/home/bbcontact/magician_ros2/build/dobot_demos:/home/bbcontact/magician_ros2/install/dobot_demos/lib/python3.12/site-packages:/home/bbcontact/magician_ros2/build/dobot_control_panel:/home/bbcontact/magician_ros2/install/dobot_control_panel/lib/python3.12/site-packages:/home/bbcontact/magician_ros2/install/dobot_driver/lib/python3.12/site-packages:/opt/ros/jazzy/lib/python3.12/site-packages /usr/bin/python3 -W ignore:setup.py install is deprecated -W ignore:easy_install command is deprecated setup.py develop --editable --build-directory /home/bbcontact/magician_ros2/build/dobot_demos/build --no-deps symlink_data
[27.950s] Level 1:colcon.colcon_core.shell:create_environment_hook('dobot_bringup', 'pythonpath_develop')
[27.950s] INFO:colcon.colcon_core.shell:Creating environment hook '/home/bbcontact/magician_ros2/build/dobot_bringup/share/dobot_bringup/hook/pythonpath_develop.ps1'
[27.951s] DEBUG:colcon.colcon_core.event_handler.log_command:Invoked command in '/home/bbcontact/magician_ros2/build/dobot_bringup' returned '0': AMENT_PREFIX_PATH=/home/bbcontact/magician_ros2/install/dobot_state_updater:/home/bbcontact/magician_ros2/install/dobot_motion:/home/bbcontact/magician_ros2/install/dobot_kinematics:/home/bbcontact/magician_ros2/install/dobot_homing:/home/bbcontact/magician_ros2/install/dobot_end_effector:/home/bbcontact/magician_ros2/install/dobot_diagnostics:/home/bbcontact/magician_ros2/install/orbbec_description:/home/bbcontact/magician_ros2/install/orbbec_camera:/home/bbcontact/magician_ros2/install/dobot_vision_rgbd:/home/bbcontact/magician_ros2/install/orbbec_camera_msgs:/home/bbcontact/magician_ros2/install/dobot_visualization_tools:/home/bbcontact/magician_ros2/install/dobot_vision_yolo:/home/bbcontact/magician_ros2/install/dobot_bringup:/home/bbcontact/magician_ros2/install/dobot_object_vision:/home/bbcontact/magician_ros2/install/dobot_demos:/home/bbcontact/magician_ros2/install/dobot_calibration:/home/bbcontact/magician_ros2/install/dobot_msgs:/home/bbcontact/magician_ros2/install/dobot_control_panel:/home/bbcontact/magician_ros2/install/dobot_driver:/home/bbcontact/magician_ros2/install/dobot_description:/opt/ros/jazzy CMAKE_PREFIX_PATH=/home/bbcontact/magician_ros2/install/dobot_msgs:/home/bbcontact/magician_ros2/install/dobot_driver:/home/bbcontact/magician_ros2/install/dobot_description:/home/bbcontact/magician_ros2/install/orbbec_description:/home/bbcontact/magician_ros2/install/orbbec_camera:/home/bbcontact/magician_ros2/install/orbbec_camera_msgs:/opt/ros/jazzy/opt/gz_sim_vendor:/opt/ros/jazzy/opt/gz_sensors_vendor:/opt/ros/jazzy/opt/gz_physics_vendor:/opt/ros/jazzy/opt/sdformat_vendor:/opt/ros/jazzy/opt/gz_gui_vendor:/opt/ros/jazzy/opt/gz_transport_vendor:/opt/ros/jazzy/opt/gz_rendering_vendor:/opt/ros/jazzy/opt/gz_plugin_vendor:/opt/ros/jazzy/opt/gz_fuel_tools_vendor:/opt/ros/jazzy/opt/gz_msgs_vendor:/opt/ros/jazzy/opt/gz_common_vendor:/opt/ros/jazzy/opt/gz_math_vendor:/opt/ros/jazzy/opt/gz_utils_vendor:/opt/ros/jazzy/opt/gz_tools_vendor:/opt/ros/jazzy/opt/gz_ogre_next_vendor:/opt/ros/jazzy/opt/gz_dartsim_vendor:/opt/ros/jazzy/opt/gz_cmake_vendor DEBUGINFOD_URLS=https://debuginfod.ubuntu.com LD_LIBRARY_PATH=/home/bbcontact/magician_ros2/install/dobot_msgs/lib:/home/bbcontact/magician_ros2/install/orbbec_camera/lib:/home/bbcontact/magician_ros2/install/orbbec_camera_msgs/lib:/opt/ros/jazzy/opt/gz_sim_vendor/lib:/opt/ros/jazzy/opt/gz_sensors_vendor/lib:/opt/ros/jazzy/opt/gz_physics_vendor/lib:/opt/ros/jazzy/opt/sdformat_vendor/lib:/opt/ros/jazzy/opt/rviz_ogre_vendor/lib:/opt/ros/jazzy/lib/x86_64-linux-gnu:/opt/ros/jazzy/opt/gz_gui_vendor/lib:/opt/ros/jazzy/opt/gz_transport_vendor/lib:/opt/ros/jazzy/opt/gz_rendering_vendor/lib:/opt/ros/jazzy/opt/gz_plugin_vendor/lib:/opt/ros/jazzy/opt/gz_fuel_tools_vendor/lib:/opt/ros/jazzy/opt/gz_msgs_vendor/lib:/opt/ros/jazzy/opt/gz_common_vendor/lib:/opt/ros/jazzy/opt/gz_math_vendor/lib:/opt/ros/jazzy/opt/gz_utils_vendor/lib:/opt/ros/jazzy/opt/gz_tools_vendor/lib:/opt/ros/jazzy/opt/gz_ogre_next_vendor/lib:/opt/ros/jazzy/opt/gz_dartsim_vendor/lib:/opt/ros/jazzy/opt/gz_cmake_vendor/lib:/opt/ros/jazzy/lib PYTHONPATH=/home/bbcontact/magician_ros2/build/dobot_bringup/prefix_override:/usr/lib/python3/dist-packages/colcon_core/task/python/colcon_distutils_commands:/home/bbcontact/magician_ros2/install/dobot_bringup/lib/python3.12/site-packages:/home/bbcontact/magician_ros2/build/dobot_state_updater:/home/bbcontact/magician_ros2/install/dobot_state_updater/lib/python3.12/site-packages:/home/bbcontact/magician_ros2/build/dobot_motion:/home/bbcontact/magician_ros2/install/dobot_motion/lib/python3.12/site-packages:/home/bbcontact/magician_ros2/build/dobot_kinematics:/home/bbcontact/magician_ros2/install/dobot_kinematics/lib/python3.12/site-packages:/home/bbcontact/magician_ros2/build/dobot_homing:/home/bbcontact/magician_ros2/install/dobot_homing/lib/python3.12/site-packages:/home/bbcontact/magician_ros2/build/dobot_end_effector:/home/bbcontact/magician_ros2/install/dobot_end_effector/lib/python3.12/site-packages:/home/bbcontact/magician_ros2/build/dobot_diagnostics:/home/bbcontact/magician_ros2/install/dobot_diagnostics/lib/python3.12/site-packages:/home/bbcontact/magician_ros2/install/dobot_msgs/lib/python3.12/site-packages:/home/bbcontact/magician_ros2/install/dobot_driver/lib/python3.12/site-packages:/home/bbcontact/magician_ros2/build/dobot_vision_rgbd:/home/bbcontact/magician_ros2/install/dobot_vision_rgbd/lib/python3.12/site-packages:/home/bbcontact/magician_ros2/install/orbbec_camera_msgs/lib/python3.12/site-packages:/home/bbcontact/magician_ros2/build/dobot_visualization_tools:/home/bbcontact/magician_ros2/install/dobot_visualization_tools/lib/python3.12/site-packages:/home/bbcontact/magician_ros2/build/dobot_vision_yolo:/home/bbcontact/magician_ros2/install/dobot_vision_yolo/lib/python3.12/site-packages:/home/bbcontact/magician_ros2/build/dobot_bringup:/home/bbcontact/magician_ros2/install/dobot_bringup/lib/python3.12/site-packages:/home/bbcontact/magician_ros2/build/dobot_object_vision:/home/bbcontact/magician_ros2/install/dobot_object_vision/lib/python3.12/site-packages:/home/bbcontact/magician_ros2/build/dobot_demos:/home/bbcontact/magician_ros2/install/dobot_demos/lib/python3.12/site-packages:/home/bbcontact/magician_ros2/build/dobot_calibration:/home/bbcontact/magician_ros2/install/dobot_calibration/lib/python3.12/site-packages:/home/bbcontact/magician_ros2/build/dobot_control_panel:/home/bbcontact/magician_ros2/install/dobot_control_panel/lib/python3.12/site-packages:/opt/ros/jazzy/lib/python3.12/site-packages /usr/bin/python3 -W ignore:setup.py install is deprecated -W ignore:easy_install command is deprecated setup.py develop --editable --build-directory /home/bbcontact/magician_ros2/build/dobot_bringup/build --no-deps symlink_data
[27.952s] INFO:colcon.colcon_core.shell:Creating environment descriptor '/home/bbcontact/magician_ros2/build/dobot_bringup/share/dobot_bringup/hook/pythonpath_develop.dsv'
[27.953s] INFO:colcon.colcon_core.shell:Creating environment hook '/home/bbcontact/magician_ros2/build/dobot_bringup/share/dobot_bringup/hook/pythonpath_develop.sh'
[27.954s] Level 1:colcon.colcon_core.environment:checking '/home/bbcontact/magician_ros2/install/dobot_bringup' for CMake module files
[27.955s] Level 1:colcon.colcon_core.environment:checking '/home/bbcontact/magician_ros2/install/dobot_bringup' for CMake config files
[27.957s] Level 1:colcon.colcon_core.environment:checking '/home/bbcontact/magician_ros2/install/dobot_bringup/lib'
[27.957s] Level 1:colcon.colcon_core.environment:checking '/home/bbcontact/magician_ros2/install/dobot_bringup/bin'
[27.957s] Level 1:colcon.colcon_core.environment:checking '/home/bbcontact/magician_ros2/install/dobot_bringup/lib/pkgconfig/dobot_bringup.pc'
[27.958s] Level 1:colcon.colcon_core.environment:checking '/home/bbcontact/magician_ros2/install/dobot_bringup/lib/python3.12/site-packages'
[27.958s] Level 1:colcon.colcon_core.shell:create_environment_hook('dobot_bringup', 'pythonpath')
[27.958s] INFO:colcon.colcon_core.shell:Creating environment hook '/home/bbcontact/magician_ros2/install/dobot_bringup/share/dobot_bringup/hook/pythonpath.ps1'
[27.959s] INFO:colcon.colcon_core.shell:Creating environment descriptor '/home/bbcontact/magician_ros2/install/dobot_bringup/share/dobot_bringup/hook/pythonpath.dsv'
[27.960s] INFO:colcon.colcon_core.shell:Creating environment hook '/home/bbcontact/magician_ros2/install/dobot_bringup/share/dobot_bringup/hook/pythonpath.sh'
[27.962s] Level 1:colcon.colcon_core.environment:checking '/home/bbcontact/magician_ros2/install/dobot_bringup/bin'
[27.962s] Level 1:colcon.colcon_core.environment:create_environment_scripts_only(dobot_bringup)
[27.963s] INFO:colcon.colcon_core.shell:Creating package script '/home/bbcontact/magician_ros2/install/dobot_bringup/share/dobot_bringup/package.ps1'
[27.964s] INFO:colcon.colcon_core.shell:Creating package descriptor '/home/bbcontact/magician_ros2/install/dobot_bringup/share/dobot_bringup/package.dsv'
[27.965s] INFO:colcon.colcon_core.shell:Creating package script '/home/bbcontact/magician_ros2/install/dobot_bringup/share/dobot_bringup/package.sh'
[27.966s] INFO:colcon.colcon_core.shell:Creating package script '/home/bbcontact/magician_ros2/install/dobot_bringup/share/dobot_bringup/package.bash'
[27.967s] INFO:colcon.colcon_core.shell:Creating package script '/home/bbcontact/magician_ros2/install/dobot_bringup/share/dobot_bringup/package.zsh'
[27.967s] Level 1:colcon.colcon_core.environment:create_file_with_runtime_dependencies(/home/bbcontact/magician_ros2/install/dobot_bringup/share/colcon-core/packages/dobot_bringup)
[27.968s] INFO:colcon.colcon_ros.task.ament_python.build:Building ROS package in '/home/bbcontact/magician_ros2/src/magician_ros2/dobot_web_interface' with build type 'ament_python'
[27.968s] Level 1:colcon.colcon_core.shell:create_environment_hook('dobot_web_interface', 'ament_prefix_path')
[27.968s] INFO:colcon.colcon_core.shell:Creating environment hook '/home/bbcontact/magician_ros2/install/dobot_web_interface/share/dobot_web_interface/hook/ament_prefix_path.ps1'
[27.970s] INFO:colcon.colcon_core.shell:Creating environment descriptor '/home/bbcontact/magician_ros2/install/dobot_web_interface/share/dobot_web_interface/hook/ament_prefix_path.dsv'
[27.971s] INFO:colcon.colcon_core.shell:Creating environment hook '/home/bbcontact/magician_ros2/install/dobot_web_interface/share/dobot_web_interface/hook/ament_prefix_path.sh'
[27.972s] INFO:colcon.colcon_core.shell:Skip shell extension 'powershell' for command environment: Not usable outside of PowerShell
[27.972s] DEBUG:colcon.colcon_core.shell:Skip shell extension 'dsv' for command environment
[28.716s] INFO:colcon.colcon_core.task.python.build:Building Python package in '/home/bbcontact/magician_ros2/src/magician_ros2/dobot_web_interface'
[28.716s] INFO:colcon.colcon_core.shell:Skip shell extension 'powershell' for command environment: Not usable outside of PowerShell
[28.716s] DEBUG:colcon.colcon_core.shell:Skip shell extension 'dsv' for command environment
[28.732s] Level 1:colcon.colcon_core.shell:create_environment_hook('dobot_demos', 'pythonpath_develop')
[28.733s] INFO:colcon.colcon_core.shell:Creating environment hook '/home/bbcontact/magician_ros2/build/dobot_demos/share/dobot_demos/hook/pythonpath_develop.ps1'
[28.738s] DEBUG:colcon.colcon_core.event_handler.log_command:Invoked command in '/home/bbcontact/magician_ros2/build/dobot_demos' returned '0': AMENT_PREFIX_PATH=/home/bbcontact/magician_ros2/install/dobot_calibration:/home/bbcontact/magician_ros2/install/orbbec_description:/home/bbcontact/magician_ros2/install/orbbec_camera:/home/bbcontact/magician_ros2/install/dobot_vision_rgbd:/home/bbcontact/magician_ros2/install/orbbec_camera_msgs:/home/bbcontact/magician_ros2/install/dobot_visualization_tools:/home/bbcontact/magician_ros2/install/dobot_vision_yolo:/home/bbcontact/magician_ros2/install/dobot_bringup:/home/bbcontact/magician_ros2/install/dobot_state_updater:/home/bbcontact/magician_ros2/install/dobot_object_vision:/home/bbcontact/magician_ros2/install/dobot_motion:/home/bbcontact/magician_ros2/install/dobot_kinematics:/home/bbcontact/magician_ros2/install/dobot_homing:/home/bbcontact/magician_ros2/install/dobot_end_effector:/home/bbcontact/magician_ros2/install/dobot_diagnostics:/home/bbcontact/magician_ros2/install/dobot_demos:/home/bbcontact/magician_ros2/install/dobot_msgs:/home/bbcontact/magician_ros2/install/dobot_control_panel:/home/bbcontact/magician_ros2/install/dobot_driver:/home/bbcontact/magician_ros2/install/dobot_description:/opt/ros/jazzy CMAKE_PREFIX_PATH=/home/bbcontact/magician_ros2/install/dobot_msgs:/home/bbcontact/magician_ros2/install/orbbec_description:/home/bbcontact/magician_ros2/install/orbbec_camera:/home/bbcontact/magician_ros2/install/orbbec_camera_msgs:/home/bbcontact/magician_ros2/install/dobot_driver:/home/bbcontact/magician_ros2/install/dobot_description:/opt/ros/jazzy/opt/gz_sim_vendor:/opt/ros/jazzy/opt/gz_sensors_vendor:/opt/ros/jazzy/opt/gz_physics_vendor:/opt/ros/jazzy/opt/sdformat_vendor:/opt/ros/jazzy/opt/gz_gui_vendor:/opt/ros/jazzy/opt/gz_transport_vendor:/opt/ros/jazzy/opt/gz_rendering_vendor:/opt/ros/jazzy/opt/gz_plugin_vendor:/opt/ros/jazzy/opt/gz_fuel_tools_vendor:/opt/ros/jazzy/opt/gz_msgs_vendor:/opt/ros/jazzy/opt/gz_common_vendor:/opt/ros/jazzy/opt/gz_math_vendor:/opt/ros/jazzy/opt/gz_utils_vendor:/opt/ros/jazzy/opt/gz_tools_vendor:/opt/ros/jazzy/opt/gz_ogre_next_vendor:/opt/ros/jazzy/opt/gz_dartsim_vendor:/opt/ros/jazzy/opt/gz_cmake_vendor DEBUGINFOD_URLS=https://debuginfod.ubuntu.com LD_LIBRARY_PATH=/home/bbcontact/magician_ros2/install/dobot_msgs/lib:/home/bbcontact/magician_ros2/install/orbbec_camera/lib:/home/bbcontact/magician_ros2/install/orbbec_camera_msgs/lib:/opt/ros/jazzy/opt/gz_sim_vendor/lib:/opt/ros/jazzy/opt/gz_sensors_vendor/lib:/opt/ros/jazzy/opt/gz_physics_vendor/lib:/opt/ros/jazzy/opt/sdformat_vendor/lib:/opt/ros/jazzy/opt/rviz_ogre_vendor/lib:/opt/ros/jazzy/lib/x86_64-linux-gnu:/opt/ros/jazzy/opt/gz_gui_vendor/lib:/opt/ros/jazzy/opt/gz_transport_vendor/lib:/opt/ros/jazzy/opt/gz_rendering_vendor/lib:/opt/ros/jazzy/opt/gz_plugin_vendor/lib:/opt/ros/jazzy/opt/gz_fuel_tools_vendor/lib:/opt/ros/jazzy/opt/gz_msgs_vendor/lib:/opt/ros/jazzy/opt/gz_common_vendor/lib:/opt/ros/jazzy/opt/gz_math_vendor/lib:/opt/ros/jazzy/opt/gz_utils_vendor/lib:/opt/ros/jazzy/opt/gz_tools_vendor/lib:/opt/ros/jazzy/opt/gz_ogre_next_vendor/lib:/opt/ros/jazzy/opt/gz_dartsim_vendor/lib:/opt/ros/jazzy/opt/gz_cmake_vendor/lib:/opt/ros/jazzy/lib PYTHONPATH=/home/bbcontact/magician_ros2/build/dobot_demos/prefix_override:/usr/lib/python3/dist-packages/colcon_core/task/python/colcon_distutils_commands:/home/bbcontact/magician_ros2/install/dobot_demos/lib/python3.12/site-packages:/home/bbcontact/magician_ros2/build/dobot_calibration:/home/bbcontact/magician_ros2/install/dobot_calibration/lib/python3.12/site-packages:/home/bbcontact/magician_ros2/install/dobot_msgs/lib/python3.12/site-packages:/home/bbcontact/magician_ros2/build/dobot_vision_rgbd:/home/bbcontact/magician_ros2/install/dobot_vision_rgbd/lib/python3.12/site-packages:/home/bbcontact/magician_ros2/install/orbbec_camera_msgs/lib/python3.12/site-packages:/home/bbcontact/magician_ros2/build/dobot_visualization_tools:/home/bbcontact/magician_ros2/install/dobot_visualization_tools/lib/python3.12/site-packages:/home/bbcontact/magician_ros2/build/dobot_vision_yolo:/home/bbcontact/magician_ros2/install/dobot_vision_yolo/lib/python3.12/site-packages:/home/bbcontact/magician_ros2/build/dobot_bringup:/home/bbcontact/magician_ros2/install/dobot_bringup/lib/python3.12/site-packages:/home/bbcontact/magician_ros2/build/dobot_state_updater:/home/bbcontact/magician_ros2/install/dobot_state_updater/lib/python3.12/site-packages:/home/bbcontact/magician_ros2/build/dobot_object_vision:/home/bbcontact/magician_ros2/install/dobot_object_vision/lib/python3.12/site-packages:/home/bbcontact/magician_ros2/build/dobot_motion:/home/bbcontact/magician_ros2/install/dobot_motion/lib/python3.12/site-packages:/home/bbcontact/magician_ros2/build/dobot_kinematics:/home/bbcontact/magician_ros2/install/dobot_kinematics/lib/python3.12/site-packages:/home/bbcontact/magician_ros2/build/dobot_homing:/home/bbcontact/magician_ros2/install/dobot_homing/lib/python3.12/site-packages:/home/bbcontact/magician_ros2/build/dobot_end_effector:/home/bbcontact/magician_ros2/install/dobot_end_effector/lib/python3.12/site-packages:/home/bbcontact/magician_ros2/build/dobot_diagnostics:/home/bbcontact/magician_ros2/install/dobot_diagnostics/lib/python3.12/site-packages:/home/bbcontact/magician_ros2/build/dobot_demos:/home/bbcontact/magician_ros2/install/dobot_demos/lib/python3.12/site-packages:/home/bbcontact/magician_ros2/build/dobot_control_panel:/home/bbcontact/magician_ros2/install/dobot_control_panel/lib/python3.12/site-packages:/home/bbcontact/magician_ros2/install/dobot_driver/lib/python3.12/site-packages:/opt/ros/jazzy/lib/python3.12/site-packages /usr/bin/python3 -W ignore:setup.py install is deprecated -W ignore:easy_install command is deprecated setup.py develop --editable --build-directory /home/bbcontact/magician_ros2/build/dobot_demos/build --no-deps symlink_data
[28.739s] INFO:colcon.colcon_core.shell:Creating environment descriptor '/home/bbcontact/magician_ros2/build/dobot_demos/share/dobot_demos/hook/pythonpath_develop.dsv'
[28.739s] INFO:colcon.colcon_core.shell:Creating environment hook '/home/bbcontact/magician_ros2/build/dobot_demos/share/dobot_demos/hook/pythonpath_develop.sh'
[28.740s] Level 1:colcon.colcon_core.environment:checking '/home/bbcontact/magician_ros2/install/dobot_demos' for CMake module files
[28.742s] Level 1:colcon.colcon_core.environment:checking '/home/bbcontact/magician_ros2/install/dobot_demos' for CMake config files
[28.743s] Level 1:colcon.colcon_core.environment:checking '/home/bbcontact/magician_ros2/install/dobot_demos/lib'
[28.743s] Level 1:colcon.colcon_core.environment:checking '/home/bbcontact/magician_ros2/install/dobot_demos/bin'
[28.743s] Level 1:colcon.colcon_core.environment:checking '/home/bbcontact/magician_ros2/install/dobot_demos/lib/pkgconfig/dobot_demos.pc'
[28.744s] Level 1:colcon.colcon_core.environment:checking '/home/bbcontact/magician_ros2/install/dobot_demos/lib/python3.12/site-packages'
[28.744s] Level 1:colcon.colcon_core.shell:create_environment_hook('dobot_demos', 'pythonpath')
[28.744s] INFO:colcon.colcon_core.shell:Creating environment hook '/home/bbcontact/magician_ros2/install/dobot_demos/share/dobot_demos/hook/pythonpath.ps1'
[28.745s] INFO:colcon.colcon_core.shell:Creating environment descriptor '/home/bbcontact/magician_ros2/install/dobot_demos/share/dobot_demos/hook/pythonpath.dsv'
[28.746s] INFO:colcon.colcon_core.shell:Creating environment hook '/home/bbcontact/magician_ros2/install/dobot_demos/share/dobot_demos/hook/pythonpath.sh'
[28.747s] Level 1:colcon.colcon_core.environment:checking '/home/bbcontact/magician_ros2/install/dobot_demos/bin'
[28.747s] Level 1:colcon.colcon_core.environment:create_environment_scripts_only(dobot_demos)
[28.748s] INFO:colcon.colcon_core.shell:Creating package script '/home/bbcontact/magician_ros2/install/dobot_demos/share/dobot_demos/package.ps1'
[28.749s] INFO:colcon.colcon_core.shell:Creating package descriptor '/home/bbcontact/magician_ros2/install/dobot_demos/share/dobot_demos/package.dsv'
[28.750s] INFO:colcon.colcon_core.shell:Creating package script '/home/bbcontact/magician_ros2/install/dobot_demos/share/dobot_demos/package.sh'
[28.751s] INFO:colcon.colcon_core.shell:Creating package script '/home/bbcontact/magician_ros2/install/dobot_demos/share/dobot_demos/package.bash'
[28.752s] INFO:colcon.colcon_core.shell:Creating package script '/home/bbcontact/magician_ros2/install/dobot_demos/share/dobot_demos/package.zsh'
[28.753s] Level 1:colcon.colcon_core.environment:create_file_with_runtime_dependencies(/home/bbcontact/magician_ros2/install/dobot_demos/share/colcon-core/packages/dobot_demos)
[30.526s] DEBUG:colcon.colcon_core.task.python.build:Available setuptools commands: dist_info, build_ext, test, bdist_rpm, install_lib, develop, register, bdist, update_catalog, install_egg_info, compile_catalog, upload, symlink_data, egg_info, extract_messages, build_py, build_clib, editable_wheel, install_headers, bdist_wheel, alias, bdist_dumb, install, check, bdist_egg, install_data, easy_install, saveopts, install_scripts, setopt, sdist, init_catalog, build_scripts, rotate, clean, build, upload_docs
[31.493s] DEBUG:colcon.colcon_core.task.python.build:Available setuptools 'develop' options: --version, --optimize, --install-dir, --no-find-links, --install-layout, --exclude-scripts, --egg-path, --find-links, --no-user-cfg, --help, --force-installation-into-system-dir, --index-url, --always-unzip, --prefix, --allow-hosts, --user, --editable, --site-dirs, --dry-run, --multi-version, --script-dir, --quiet, --build-directory, --zip-ok, --upgrade, --no-deps, --local-snapshots-ok, --record, --uninstall, --always-copy, --verbose
[31.496s] DEBUG:colcon.colcon_core.event_handler.log_command:Invoking command in '/home/bbcontact/magician_ros2/build/dobot_web_interface': AMENT_PREFIX_PATH=/home/bbcontact/magician_ros2/install/dobot_bringup:/home/bbcontact/magician_ros2/install/dobot_vision_rgbd:/home/bbcontact/magician_ros2/install/dobot_state_updater:/home/bbcontact/magician_ros2/install/dobot_motion:/home/bbcontact/magician_ros2/install/dobot_kinematics:/home/bbcontact/magician_ros2/install/dobot_homing:/home/bbcontact/magician_ros2/install/dobot_end_effector:/home/bbcontact/magician_ros2/install/dobot_diagnostics:/home/bbcontact/magician_ros2/install/dobot_vision_yolo:/home/bbcontact/magician_ros2/install/orbbec_description:/home/bbcontact/magician_ros2/install/orbbec_camera:/home/bbcontact/magician_ros2/install/orbbec_camera_msgs:/home/bbcontact/magician_ros2/install/dobot_visualization_tools:/home/bbcontact/magician_ros2/install/dobot_object_vision:/home/bbcontact/magician_ros2/install/dobot_demos:/home/bbcontact/magician_ros2/install/dobot_calibration:/home/bbcontact/magician_ros2/install/dobot_msgs:/home/bbcontact/magician_ros2/install/dobot_control_panel:/home/bbcontact/magician_ros2/install/dobot_driver:/home/bbcontact/magician_ros2/install/dobot_description:/opt/ros/jazzy CMAKE_PREFIX_PATH=/home/bbcontact/magician_ros2/install/orbbec_camera:/home/bbcontact/magician_ros2/install/orbbec_camera_msgs:/home/bbcontact/magician_ros2/install/dobot_msgs:/home/bbcontact/magician_ros2/install/dobot_driver:/home/bbcontact/magician_ros2/install/dobot_description:/home/bbcontact/magician_ros2/install/orbbec_description:/opt/ros/jazzy/opt/gz_sim_vendor:/opt/ros/jazzy/opt/gz_sensors_vendor:/opt/ros/jazzy/opt/gz_physics_vendor:/opt/ros/jazzy/opt/sdformat_vendor:/opt/ros/jazzy/opt/gz_gui_vendor:/opt/ros/jazzy/opt/gz_transport_vendor:/opt/ros/jazzy/opt/gz_rendering_vendor:/opt/ros/jazzy/opt/gz_plugin_vendor:/opt/ros/jazzy/opt/gz_fuel_tools_vendor:/opt/ros/jazzy/opt/gz_msgs_vendor:/opt/ros/jazzy/opt/gz_common_vendor:/opt/ros/jazzy/opt/gz_math_vendor:/opt/ros/jazzy/opt/gz_utils_vendor:/opt/ros/jazzy/opt/gz_tools_vendor:/opt/ros/jazzy/opt/gz_ogre_next_vendor:/opt/ros/jazzy/opt/gz_dartsim_vendor:/opt/ros/jazzy/opt/gz_cmake_vendor DEBUGINFOD_URLS=https://debuginfod.ubuntu.com PYTHONPATH=/home/bbcontact/magician_ros2/build/dobot_web_interface/prefix_override:/usr/lib/python3/dist-packages/colcon_core/task/python/colcon_distutils_commands:/home/bbcontact/magician_ros2/install/dobot_web_interface/lib/python3.12/site-packages:/home/bbcontact/magician_ros2/build/dobot_bringup:/home/bbcontact/magician_ros2/install/dobot_bringup/lib/python3.12/site-packages:/home/bbcontact/magician_ros2/build/dobot_vision_rgbd:/home/bbcontact/magician_ros2/install/dobot_vision_rgbd/lib/python3.12/site-packages:/home/bbcontact/magician_ros2/build/dobot_state_updater:/home/bbcontact/magician_ros2/install/dobot_state_updater/lib/python3.12/site-packages:/home/bbcontact/magician_ros2/build/dobot_motion:/home/bbcontact/magician_ros2/install/dobot_motion/lib/python3.12/site-packages:/home/bbcontact/magician_ros2/build/dobot_kinematics:/home/bbcontact/magician_ros2/install/dobot_kinematics/lib/python3.12/site-packages:/home/bbcontact/magician_ros2/build/dobot_homing:/home/bbcontact/magician_ros2/install/dobot_homing/lib/python3.12/site-packages:/home/bbcontact/magician_ros2/build/dobot_end_effector:/home/bbcontact/magician_ros2/install/dobot_end_effector/lib/python3.12/site-packages:/home/bbcontact/magician_ros2/build/dobot_diagnostics:/home/bbcontact/magician_ros2/install/dobot_diagnostics/lib/python3.12/site-packages:/home/bbcontact/magician_ros2/install/orbbec_camera_msgs/lib/python3.12/site-packages:/home/bbcontact/magician_ros2/build/dobot_vision_yolo:/home/bbcontact/magician_ros2/install/dobot_vision_yolo/lib/python3.12/site-packages:/home/bbcontact/magician_ros2/install/dobot_msgs/lib/python3.12/site-packages:/home/bbcontact/magician_ros2/install/dobot_driver/lib/python3.12/site-packages:/home/bbcontact/magician_ros2/build/dobot_visualization_tools:/home/bbcontact/magician_ros2/install/dobot_visualization_tools/lib/python3.12/site-packages:/home/bbcontact/magician_ros2/build/dobot_object_vision:/home/bbcontact/magician_ros2/install/dobot_object_vision/lib/python3.12/site-packages:/home/bbcontact/magician_ros2/build/dobot_demos:/home/bbcontact/magician_ros2/install/dobot_demos/lib/python3.12/site-packages:/home/bbcontact/magician_ros2/build/dobot_calibration:/home/bbcontact/magician_ros2/install/dobot_calibration/lib/python3.12/site-packages:/home/bbcontact/magician_ros2/build/dobot_control_panel:/home/bbcontact/magician_ros2/install/dobot_control_panel/lib/python3.12/site-packages:/opt/ros/jazzy/lib/python3.12/site-packages /usr/bin/python3 -W ignore:setup.py install is deprecated -W ignore:easy_install command is deprecated setup.py develop --editable --build-directory /home/bbcontact/magician_ros2/build/dobot_web_interface/build --no-deps symlink_data
[33.567s] Level 1:colcon.colcon_core.shell:create_environment_hook('dobot_web_interface', 'pythonpath_develop')
[33.568s] INFO:colcon.colcon_core.shell:Creating environment hook '/home/bbcontact/magician_ros2/build/dobot_web_interface/share/dobot_web_interface/hook/pythonpath_develop.ps1'
[33.569s] DEBUG:colcon.colcon_core.event_handler.log_command:Invoked command in '/home/bbcontact/magician_ros2/build/dobot_web_interface' returned '0': AMENT_PREFIX_PATH=/home/bbcontact/magician_ros2/install/dobot_bringup:/home/bbcontact/magician_ros2/install/dobot_vision_rgbd:/home/bbcontact/magician_ros2/install/dobot_state_updater:/home/bbcontact/magician_ros2/install/dobot_motion:/home/bbcontact/magician_ros2/install/dobot_kinematics:/home/bbcontact/magician_ros2/install/dobot_homing:/home/bbcontact/magician_ros2/install/dobot_end_effector:/home/bbcontact/magician_ros2/install/dobot_diagnostics:/home/bbcontact/magician_ros2/install/dobot_vision_yolo:/home/bbcontact/magician_ros2/install/orbbec_description:/home/bbcontact/magician_ros2/install/orbbec_camera:/home/bbcontact/magician_ros2/install/orbbec_camera_msgs:/home/bbcontact/magician_ros2/install/dobot_visualization_tools:/home/bbcontact/magician_ros2/install/dobot_object_vision:/home/bbcontact/magician_ros2/install/dobot_demos:/home/bbcontact/magician_ros2/install/dobot_calibration:/home/bbcontact/magician_ros2/install/dobot_msgs:/home/bbcontact/magician_ros2/install/dobot_control_panel:/home/bbcontact/magician_ros2/install/dobot_driver:/home/bbcontact/magician_ros2/install/dobot_description:/opt/ros/jazzy CMAKE_PREFIX_PATH=/home/bbcontact/magician_ros2/install/orbbec_camera:/home/bbcontact/magician_ros2/install/orbbec_camera_msgs:/home/bbcontact/magician_ros2/install/dobot_msgs:/home/bbcontact/magician_ros2/install/dobot_driver:/home/bbcontact/magician_ros2/install/dobot_description:/home/bbcontact/magician_ros2/install/orbbec_description:/opt/ros/jazzy/opt/gz_sim_vendor:/opt/ros/jazzy/opt/gz_sensors_vendor:/opt/ros/jazzy/opt/gz_physics_vendor:/opt/ros/jazzy/opt/sdformat_vendor:/opt/ros/jazzy/opt/gz_gui_vendor:/opt/ros/jazzy/opt/gz_transport_vendor:/opt/ros/jazzy/opt/gz_rendering_vendor:/opt/ros/jazzy/opt/gz_plugin_vendor:/opt/ros/jazzy/opt/gz_fuel_tools_vendor:/opt/ros/jazzy/opt/gz_msgs_vendor:/opt/ros/jazzy/opt/gz_common_vendor:/opt/ros/jazzy/opt/gz_math_vendor:/opt/ros/jazzy/opt/gz_utils_vendor:/opt/ros/jazzy/opt/gz_tools_vendor:/opt/ros/jazzy/opt/gz_ogre_next_vendor:/opt/ros/jazzy/opt/gz_dartsim_vendor:/opt/ros/jazzy/opt/gz_cmake_vendor DEBUGINFOD_URLS=https://debuginfod.ubuntu.com PYTHONPATH=/home/bbcontact/magician_ros2/build/dobot_web_interface/prefix_override:/usr/lib/python3/dist-packages/colcon_core/task/python/colcon_distutils_commands:/home/bbcontact/magician_ros2/install/dobot_web_interface/lib/python3.12/site-packages:/home/bbcontact/magician_ros2/build/dobot_bringup:/home/bbcontact/magician_ros2/install/dobot_bringup/lib/python3.12/site-packages:/home/bbcontact/magician_ros2/build/dobot_vision_rgbd:/home/bbcontact/magician_ros2/install/dobot_vision_rgbd/lib/python3.12/site-packages:/home/bbcontact/magician_ros2/build/dobot_state_updater:/home/bbcontact/magician_ros2/install/dobot_state_updater/lib/python3.12/site-packages:/home/bbcontact/magician_ros2/build/dobot_motion:/home/bbcontact/magician_ros2/install/dobot_motion/lib/python3.12/site-packages:/home/bbcontact/magician_ros2/build/dobot_kinematics:/home/bbcontact/magician_ros2/install/dobot_kinematics/lib/python3.12/site-packages:/home/bbcontact/magician_ros2/build/dobot_homing:/home/bbcontact/magician_ros2/install/dobot_homing/lib/python3.12/site-packages:/home/bbcontact/magician_ros2/build/dobot_end_effector:/home/bbcontact/magician_ros2/install/dobot_end_effector/lib/python3.12/site-packages:/home/bbcontact/magician_ros2/build/dobot_diagnostics:/home/bbcontact/magician_ros2/install/dobot_diagnostics/lib/python3.12/site-packages:/home/bbcontact/magician_ros2/install/orbbec_camera_msgs/lib/python3.12/site-packages:/home/bbcontact/magician_ros2/build/dobot_vision_yolo:/home/bbcontact/magician_ros2/install/dobot_vision_yolo/lib/python3.12/site-packages:/home/bbcontact/magician_ros2/install/dobot_msgs/lib/python3.12/site-packages:/home/bbcontact/magician_ros2/install/dobot_driver/lib/python3.12/site-packages:/home/bbcontact/magician_ros2/build/dobot_visualization_tools:/home/bbcontact/magician_ros2/install/dobot_visualization_tools/lib/python3.12/site-packages:/home/bbcontact/magician_ros2/build/dobot_object_vision:/home/bbcontact/magician_ros2/install/dobot_object_vision/lib/python3.12/site-packages:/home/bbcontact/magician_ros2/build/dobot_demos:/home/bbcontact/magician_ros2/install/dobot_demos/lib/python3.12/site-packages:/home/bbcontact/magician_ros2/build/dobot_calibration:/home/bbcontact/magician_ros2/install/dobot_calibration/lib/python3.12/site-packages:/home/bbcontact/magician_ros2/build/dobot_control_panel:/home/bbcontact/magician_ros2/install/dobot_control_panel/lib/python3.12/site-packages:/opt/ros/jazzy/lib/python3.12/site-packages /usr/bin/python3 -W ignore:setup.py install is deprecated -W ignore:easy_install command is deprecated setup.py develop --editable --build-directory /home/bbcontact/magician_ros2/build/dobot_web_interface/build --no-deps symlink_data
[33.570s] INFO:colcon.colcon_core.shell:Creating environment descriptor '/home/bbcontact/magician_ros2/build/dobot_web_interface/share/dobot_web_interface/hook/pythonpath_develop.dsv'
[33.571s] INFO:colcon.colcon_core.shell:Creating environment hook '/home/bbcontact/magician_ros2/build/dobot_web_interface/share/dobot_web_interface/hook/pythonpath_develop.sh'
[33.572s] Level 1:colcon.colcon_core.environment:checking '/home/bbcontact/magician_ros2/install/dobot_web_interface' for CMake module files
[33.574s] Level 1:colcon.colcon_core.environment:checking '/home/bbcontact/magician_ros2/install/dobot_web_interface' for CMake config files
[33.575s] Level 1:colcon.colcon_core.environment:checking '/home/bbcontact/magician_ros2/install/dobot_web_interface/lib'
[33.575s] Level 1:colcon.colcon_core.environment:checking '/home/bbcontact/magician_ros2/install/dobot_web_interface/bin'
[33.576s] Level 1:colcon.colcon_core.environment:checking '/home/bbcontact/magician_ros2/install/dobot_web_interface/lib/pkgconfig/dobot_web_interface.pc'
[33.576s] Level 1:colcon.colcon_core.environment:checking '/home/bbcontact/magician_ros2/install/dobot_web_interface/lib/python3.12/site-packages'
[33.577s] Level 1:colcon.colcon_core.shell:create_environment_hook('dobot_web_interface', 'pythonpath')
[33.577s] INFO:colcon.colcon_core.shell:Creating environment hook '/home/bbcontact/magician_ros2/install/dobot_web_interface/share/dobot_web_interface/hook/pythonpath.ps1'
[33.578s] INFO:colcon.colcon_core.shell:Creating environment descriptor '/home/bbcontact/magician_ros2/install/dobot_web_interface/share/dobot_web_interface/hook/pythonpath.dsv'
[33.579s] INFO:colcon.colcon_core.shell:Creating environment hook '/home/bbcontact/magician_ros2/install/dobot_web_interface/share/dobot_web_interface/hook/pythonpath.sh'
[33.581s] Level 1:colcon.colcon_core.environment:checking '/home/bbcontact/magician_ros2/install/dobot_web_interface/bin'
[33.582s] Level 1:colcon.colcon_core.environment:create_environment_scripts_only(dobot_web_interface)
[33.582s] INFO:colcon.colcon_core.shell:Creating package script '/home/bbcontact/magician_ros2/install/dobot_web_interface/share/dobot_web_interface/package.ps1'
[33.584s] INFO:colcon.colcon_core.shell:Creating package descriptor '/home/bbcontact/magician_ros2/install/dobot_web_interface/share/dobot_web_interface/package.dsv'
[33.586s] INFO:colcon.colcon_core.shell:Creating package script '/home/bbcontact/magician_ros2/install/dobot_web_interface/share/dobot_web_interface/package.sh'
[33.587s] INFO:colcon.colcon_core.shell:Creating package script '/home/bbcontact/magician_ros2/install/dobot_web_interface/share/dobot_web_interface/package.bash'
[33.588s] INFO:colcon.colcon_core.shell:Creating package script '/home/bbcontact/magician_ros2/install/dobot_web_interface/share/dobot_web_interface/package.zsh'
[33.589s] Level 1:colcon.colcon_core.environment:create_file_with_runtime_dependencies(/home/bbcontact/magician_ros2/install/dobot_web_interface/share/colcon-core/packages/dobot_web_interface)
[33.589s] DEBUG:colcon.colcon_parallel_executor.executor.parallel:closing loop
[33.590s] DEBUG:colcon.colcon_parallel_executor.executor.parallel:loop closed
[33.590s] DEBUG:colcon.colcon_parallel_executor.executor.parallel:run_until_complete finished with '0'
[33.590s] DEBUG:colcon.colcon_core.event_reactor:joining thread
[33.592s] DEBUG:colcon.colcon_core.event_reactor:joined thread
[33.593s] INFO:colcon.colcon_core.shell:Creating prefix script '/home/bbcontact/magician_ros2/install/local_setup.ps1'
[33.595s] INFO:colcon.colcon_core.shell:Creating prefix util module '/home/bbcontact/magician_ros2/install/_local_setup_util_ps1.py'
[33.597s] INFO:colcon.colcon_core.shell:Creating prefix chain script '/home/bbcontact/magician_ros2/install/setup.ps1'
[33.600s] INFO:colcon.colcon_core.shell:Creating prefix script '/home/bbcontact/magician_ros2/install/local_setup.sh'
[33.601s] INFO:colcon.colcon_core.shell:Creating prefix util module '/home/bbcontact/magician_ros2/install/_local_setup_util_sh.py'
[33.603s] INFO:colcon.colcon_core.shell:Creating prefix chain script '/home/bbcontact/magician_ros2/install/setup.sh'
[33.606s] INFO:colcon.colcon_core.shell:Creating prefix script '/home/bbcontact/magician_ros2/install/local_setup.bash'
[33.607s] INFO:colcon.colcon_core.shell:Creating prefix chain script '/home/bbcontact/magician_ros2/install/setup.bash'
[33.610s] INFO:colcon.colcon_core.shell:Creating prefix script '/home/bbcontact/magician_ros2/install/local_setup.zsh'
[33.611s] INFO:colcon.colcon_core.shell:Creating prefix chain script '/home/bbcontact/magician_ros2/install/setup.zsh'
