[0.469s] DEBUG:colcon:Command line arguments: ['/usr/bin/colcon', 'build', '--packages-up-to', 'dobot_calibration', 'dobot_web_interface', '--symlink-install', '--event-handlers', 'console_direct+']
[0.469s] DEBUG:colcon:Parsed command line arguments: Namespace(log_base=None, log_level=None, verb_name='build', build_base='build', install_base='install', merge_install=False, symlink_install=True, test_result_base=None, continue_on_error=False, executor='parallel', parallel_workers=8, event_handlers=['console_direct+'], ignore_user_meta=False, metas=['./colcon.meta'], base_paths=['.'], packages_ignore=None, packages_ignore_regex=None, paths=None, packages_up_to=['dobot_calibration', 'dobot_web_interface'], packages_up_to_regex=None, packages_above=None, packages_above_and_dependencies=None, packages_above_depth=None, packages_select_by_dep=None, packages_skip_by_dep=None, packages_skip_up_to=None, packages_select_build_failed=False, packages_skip_build_finished=False, packages_select_test_failures=False, packages_skip_test_passed=False, packages_select=None, packages_skip=None, packages_select_regex=None, packages_skip_regex=None, packages_start=None, packages_end=None, allow_overriding=[], cmake_args=None, cmake_target=None, cmake_target_skip_unavailable=False, cmake_clean_cache=False, cmake_clean_first=False, cmake_force_configure=False, ament_cmake_args=None, catkin_cmake_args=None, catkin_skip_building_tests=False, mixin_files=None, mixin=None, verb_parser=<colcon_mixin.mixin.mixin_argument.MixinArgumentDecorator object at 0x7cf7c5d39c10>, verb_extension=<colcon_core.verb.build.BuildVerb object at 0x7cf7c5e84dd0>, main=<bound method BuildVerb.main of <colcon_core.verb.build.BuildVerb object at 0x7cf7c5e84dd0>>, mixin_verb=('build',))
[0.555s] Level 1:colcon.colcon_core.package_discovery:discover_packages(colcon_meta) check parameters
[0.556s] INFO:colcon.colcon_metadata.package_discovery.colcon_meta:Using configuration from '/home/bbcontact/magician_ros2/colcon.meta'
[0.556s] Level 1:colcon.colcon_core.package_discovery:discover_packages(recursive) check parameters
[0.557s] Level 1:colcon.colcon_core.package_discovery:discover_packages(ignore) check parameters
[0.557s] Level 1:colcon.colcon_core.package_discovery:discover_packages(path) check parameters
[0.557s] Level 1:colcon.colcon_core.package_discovery:discover_packages(colcon_meta) discover
[0.557s] Level 1:colcon.colcon_core.package_discovery:discover_packages(recursive) discover
[0.557s] INFO:colcon.colcon_core.package_discovery:Crawling recursively for packages in '/home/bbcontact/magician_ros2'
[0.557s] Level 1:colcon.colcon_core.package_identification:_identify(.) by extensions ['ignore', 'ignore_ament_install']
[0.557s] Level 1:colcon.colcon_core.package_identification:_identify(.) by extension 'ignore'
[0.558s] Level 1:colcon.colcon_core.package_identification:_identify(.) by extension 'ignore_ament_install'
[0.558s] Level 1:colcon.colcon_core.package_identification:_identify(.) by extensions ['colcon_pkg']
[0.558s] Level 1:colcon.colcon_core.package_identification:_identify(.) by extension 'colcon_pkg'
[0.558s] Level 1:colcon.colcon_core.package_identification:_identify(.) by extensions ['colcon_meta']
[0.558s] Level 1:colcon.colcon_core.package_identification:_identify(.) by extension 'colcon_meta'
[0.558s] Level 1:colcon.colcon_core.package_identification:_identify(.) by extensions ['ros']
[0.558s] Level 1:colcon.colcon_core.package_identification:_identify(.) by extension 'ros'
[0.612s] Level 1:colcon.colcon_core.package_identification:_identify(.) by extensions ['cmake', 'python']
[0.612s] Level 1:colcon.colcon_core.package_identification:_identify(.) by extension 'cmake'
[0.612s] Level 1:colcon.colcon_core.package_identification:_identify(.) by extension 'python'
[0.612s] Level 1:colcon.colcon_core.package_identification:_identify(.) by extensions ['python_setup_py']
[0.612s] Level 1:colcon.colcon_core.package_identification:_identify(.) by extension 'python_setup_py'
[0.613s] Level 1:colcon.colcon_core.package_identification:_identify(Log) by extensions ['ignore', 'ignore_ament_install']
[0.613s] Level 1:colcon.colcon_core.package_identification:_identify(Log) by extension 'ignore'
[0.613s] Level 1:colcon.colcon_core.package_identification:_identify(Log) by extension 'ignore_ament_install'
[0.613s] Level 1:colcon.colcon_core.package_identification:_identify(Log) by extensions ['colcon_pkg']
[0.613s] Level 1:colcon.colcon_core.package_identification:_identify(Log) by extension 'colcon_pkg'
[0.613s] Level 1:colcon.colcon_core.package_identification:_identify(Log) by extensions ['colcon_meta']
[0.614s] Level 1:colcon.colcon_core.package_identification:_identify(Log) by extension 'colcon_meta'
[0.614s] Level 1:colcon.colcon_core.package_identification:_identify(Log) by extensions ['ros']
[0.614s] Level 1:colcon.colcon_core.package_identification:_identify(Log) by extension 'ros'
[0.614s] Level 1:colcon.colcon_core.package_identification:_identify(Log) by extensions ['cmake', 'python']
[0.614s] Level 1:colcon.colcon_core.package_identification:_identify(Log) by extension 'cmake'
[0.614s] Level 1:colcon.colcon_core.package_identification:_identify(Log) by extension 'python'
[0.614s] Level 1:colcon.colcon_core.package_identification:_identify(Log) by extensions ['python_setup_py']
[0.614s] Level 1:colcon.colcon_core.package_identification:_identify(Log) by extension 'python_setup_py'
[0.614s] Level 1:colcon.colcon_core.package_identification:_identify(build) by extensions ['ignore', 'ignore_ament_install']
[0.614s] Level 1:colcon.colcon_core.package_identification:_identify(build) by extension 'ignore'
[0.615s] Level 1:colcon.colcon_core.package_identification:_identify(build) ignored
[0.615s] Level 1:colcon.colcon_core.package_identification:_identify(config) by extensions ['ignore', 'ignore_ament_install']
[0.615s] Level 1:colcon.colcon_core.package_identification:_identify(config) by extension 'ignore'
[0.615s] Level 1:colcon.colcon_core.package_identification:_identify(config) by extension 'ignore_ament_install'
[0.615s] Level 1:colcon.colcon_core.package_identification:_identify(config) by extensions ['colcon_pkg']
[0.615s] Level 1:colcon.colcon_core.package_identification:_identify(config) by extension 'colcon_pkg'
[0.616s] Level 1:colcon.colcon_core.package_identification:_identify(config) by extensions ['colcon_meta']
[0.616s] Level 1:colcon.colcon_core.package_identification:_identify(config) by extension 'colcon_meta'
[0.616s] Level 1:colcon.colcon_core.package_identification:_identify(config) by extensions ['ros']
[0.616s] Level 1:colcon.colcon_core.package_identification:_identify(config) by extension 'ros'
[0.616s] Level 1:colcon.colcon_core.package_identification:_identify(config) by extensions ['cmake', 'python']
[0.616s] Level 1:colcon.colcon_core.package_identification:_identify(config) by extension 'cmake'
[0.616s] Level 1:colcon.colcon_core.package_identification:_identify(config) by extension 'python'
[0.616s] Level 1:colcon.colcon_core.package_identification:_identify(config) by extensions ['python_setup_py']
[0.616s] Level 1:colcon.colcon_core.package_identification:_identify(config) by extension 'python_setup_py'
[0.616s] Level 1:colcon.colcon_core.package_identification:_identify(docs) by extensions ['ignore', 'ignore_ament_install']
[0.617s] Level 1:colcon.colcon_core.package_identification:_identify(docs) by extension 'ignore'
[0.617s] Level 1:colcon.colcon_core.package_identification:_identify(docs) by extension 'ignore_ament_install'
[0.617s] Level 1:colcon.colcon_core.package_identification:_identify(docs) by extensions ['colcon_pkg']
[0.617s] Level 1:colcon.colcon_core.package_identification:_identify(docs) by extension 'colcon_pkg'
[0.617s] Level 1:colcon.colcon_core.package_identification:_identify(docs) by extensions ['colcon_meta']
[0.617s] Level 1:colcon.colcon_core.package_identification:_identify(docs) by extension 'colcon_meta'
[0.617s] Level 1:colcon.colcon_core.package_identification:_identify(docs) by extensions ['ros']
[0.617s] Level 1:colcon.colcon_core.package_identification:_identify(docs) by extension 'ros'
[0.617s] Level 1:colcon.colcon_core.package_identification:_identify(docs) by extensions ['cmake', 'python']
[0.617s] Level 1:colcon.colcon_core.package_identification:_identify(docs) by extension 'cmake'
[0.617s] Level 1:colcon.colcon_core.package_identification:_identify(docs) by extension 'python'
[0.617s] Level 1:colcon.colcon_core.package_identification:_identify(docs) by extensions ['python_setup_py']
[0.618s] Level 1:colcon.colcon_core.package_identification:_identify(docs) by extension 'python_setup_py'
[0.618s] Level 1:colcon.colcon_core.package_identification:_identify(docs/evidence) by extensions ['ignore', 'ignore_ament_install']
[0.618s] Level 1:colcon.colcon_core.package_identification:_identify(docs/evidence) by extension 'ignore'
[0.618s] Level 1:colcon.colcon_core.package_identification:_identify(docs/evidence) by extension 'ignore_ament_install'
[0.618s] Level 1:colcon.colcon_core.package_identification:_identify(docs/evidence) by extensions ['colcon_pkg']
[0.618s] Level 1:colcon.colcon_core.package_identification:_identify(docs/evidence) by extension 'colcon_pkg'
[0.618s] Level 1:colcon.colcon_core.package_identification:_identify(docs/evidence) by extensions ['colcon_meta']
[0.618s] Level 1:colcon.colcon_core.package_identification:_identify(docs/evidence) by extension 'colcon_meta'
[0.618s] Level 1:colcon.colcon_core.package_identification:_identify(docs/evidence) by extensions ['ros']
[0.618s] Level 1:colcon.colcon_core.package_identification:_identify(docs/evidence) by extension 'ros'
[0.619s] Level 1:colcon.colcon_core.package_identification:_identify(docs/evidence) by extensions ['cmake', 'python']
[0.619s] Level 1:colcon.colcon_core.package_identification:_identify(docs/evidence) by extension 'cmake'
[0.619s] Level 1:colcon.colcon_core.package_identification:_identify(docs/evidence) by extension 'python'
[0.619s] Level 1:colcon.colcon_core.package_identification:_identify(docs/evidence) by extensions ['python_setup_py']
[0.619s] Level 1:colcon.colcon_core.package_identification:_identify(docs/evidence) by extension 'python_setup_py'
[0.619s] Level 1:colcon.colcon_core.package_identification:_identify(docs/evidence/depth-health-2026-09-12) by extensions ['ignore', 'ignore_ament_install']
[0.619s] Level 1:colcon.colcon_core.package_identification:_identify(docs/evidence/depth-health-2026-09-12) by extension 'ignore'
[0.619s] Level 1:colcon.colcon_core.package_identification:_identify(docs/evidence/depth-health-2026-09-12) by extension 'ignore_ament_install'
[0.619s] Level 1:colcon.colcon_core.package_identification:_identify(docs/evidence/depth-health-2026-09-12) by extensions ['colcon_pkg']
[0.620s] Level 1:colcon.colcon_core.package_identification:_identify(docs/evidence/depth-health-2026-09-12) by extension 'colcon_pkg'
[0.620s] Level 1:colcon.colcon_core.package_identification:_identify(docs/evidence/depth-health-2026-09-12) by extensions ['colcon_meta']
[0.620s] Level 1:colcon.colcon_core.package_identification:_identify(docs/evidence/depth-health-2026-09-12) by extension 'colcon_meta'
[0.620s] Level 1:colcon.colcon_core.package_identification:_identify(docs/evidence/depth-health-2026-09-12) by extensions ['ros']
[0.620s] Level 1:colcon.colcon_core.package_identification:_identify(docs/evidence/depth-health-2026-09-12) by extension 'ros'
[0.620s] Level 1:colcon.colcon_core.package_identification:_identify(docs/evidence/depth-health-2026-09-12) by extensions ['cmake', 'python']
[0.620s] Level 1:colcon.colcon_core.package_identification:_identify(docs/evidence/depth-health-2026-09-12) by extension 'cmake'
[0.620s] Level 1:colcon.colcon_core.package_identification:_identify(docs/evidence/depth-health-2026-09-12) by extension 'python'
[0.620s] Level 1:colcon.colcon_core.package_identification:_identify(docs/evidence/depth-health-2026-09-12) by extensions ['python_setup_py']
[0.620s] Level 1:colcon.colcon_core.package_identification:_identify(docs/evidence/depth-health-2026-09-12) by extension 'python_setup_py'
[0.621s] Level 1:colcon.colcon_core.package_identification:_identify(docs/evidence/mount-probe-2026-09-11) by extensions ['ignore', 'ignore_ament_install']
[0.621s] Level 1:colcon.colcon_core.package_identification:_identify(docs/evidence/mount-probe-2026-09-11) by extension 'ignore'
[0.621s] Level 1:colcon.colcon_core.package_identification:_identify(docs/evidence/mount-probe-2026-09-11) by extension 'ignore_ament_install'
[0.621s] Level 1:colcon.colcon_core.package_identification:_identify(docs/evidence/mount-probe-2026-09-11) by extensions ['colcon_pkg']
[0.621s] Level 1:colcon.colcon_core.package_identification:_identify(docs/evidence/mount-probe-2026-09-11) by extension 'colcon_pkg'
[0.621s] Level 1:colcon.colcon_core.package_identification:_identify(docs/evidence/mount-probe-2026-09-11) by extensions ['colcon_meta']
[0.621s] Level 1:colcon.colcon_core.package_identification:_identify(docs/evidence/mount-probe-2026-09-11) by extension 'colcon_meta'
[0.621s] Level 1:colcon.colcon_core.package_identification:_identify(docs/evidence/mount-probe-2026-09-11) by extensions ['ros']
[0.621s] Level 1:colcon.colcon_core.package_identification:_identify(docs/evidence/mount-probe-2026-09-11) by extension 'ros'
[0.622s] Level 1:colcon.colcon_core.package_identification:_identify(docs/evidence/mount-probe-2026-09-11) by extensions ['cmake', 'python']
[0.622s] Level 1:colcon.colcon_core.package_identification:_identify(docs/evidence/mount-probe-2026-09-11) by extension 'cmake'
[0.622s] Level 1:colcon.colcon_core.package_identification:_identify(docs/evidence/mount-probe-2026-09-11) by extension 'python'
[0.622s] Level 1:colcon.colcon_core.package_identification:_identify(docs/evidence/mount-probe-2026-09-11) by extensions ['python_setup_py']
[0.622s] Level 1:colcon.colcon_core.package_identification:_identify(docs/evidence/mount-probe-2026-09-11) by extension 'python_setup_py'
[0.622s] Level 1:colcon.colcon_core.package_identification:_identify(docs/evidence/official-dobot-magician) by extensions ['ignore', 'ignore_ament_install']
[0.622s] Level 1:colcon.colcon_core.package_identification:_identify(docs/evidence/official-dobot-magician) by extension 'ignore'
[0.622s] Level 1:colcon.colcon_core.package_identification:_identify(docs/evidence/official-dobot-magician) by extension 'ignore_ament_install'
[0.622s] Level 1:colcon.colcon_core.package_identification:_identify(docs/evidence/official-dobot-magician) by extensions ['colcon_pkg']
[0.623s] Level 1:colcon.colcon_core.package_identification:_identify(docs/evidence/official-dobot-magician) by extension 'colcon_pkg'
[0.623s] Level 1:colcon.colcon_core.package_identification:_identify(docs/evidence/official-dobot-magician) by extensions ['colcon_meta']
[0.623s] Level 1:colcon.colcon_core.package_identification:_identify(docs/evidence/official-dobot-magician) by extension 'colcon_meta'
[0.623s] Level 1:colcon.colcon_core.package_identification:_identify(docs/evidence/official-dobot-magician) by extensions ['ros']
[0.623s] Level 1:colcon.colcon_core.package_identification:_identify(docs/evidence/official-dobot-magician) by extension 'ros'
[0.623s] Level 1:colcon.colcon_core.package_identification:_identify(docs/evidence/official-dobot-magician) by extensions ['cmake', 'python']
[0.623s] Level 1:colcon.colcon_core.package_identification:_identify(docs/evidence/official-dobot-magician) by extension 'cmake'
[0.623s] Level 1:colcon.colcon_core.package_identification:_identify(docs/evidence/official-dobot-magician) by extension 'python'
[0.623s] Level 1:colcon.colcon_core.package_identification:_identify(docs/evidence/official-dobot-magician) by extensions ['python_setup_py']
[0.623s] Level 1:colcon.colcon_core.package_identification:_identify(docs/evidence/official-dobot-magician) by extension 'python_setup_py'
[0.623s] Level 1:colcon.colcon_core.package_identification:_identify(install) by extensions ['ignore', 'ignore_ament_install']
[0.624s] Level 1:colcon.colcon_core.package_identification:_identify(install) by extension 'ignore'
[0.624s] Level 1:colcon.colcon_core.package_identification:_identify(install) ignored
[0.624s] Level 1:colcon.colcon_core.package_identification:_identify(log) by extensions ['ignore', 'ignore_ament_install']
[0.624s] Level 1:colcon.colcon_core.package_identification:_identify(log) by extension 'ignore'
[0.624s] Level 1:colcon.colcon_core.package_identification:_identify(log) ignored
[0.625s] Level 1:colcon.colcon_core.package_identification:_identify(scripts) by extensions ['ignore', 'ignore_ament_install']
[0.625s] Level 1:colcon.colcon_core.package_identification:_identify(scripts) by extension 'ignore'
[0.625s] Level 1:colcon.colcon_core.package_identification:_identify(scripts) by extension 'ignore_ament_install'
[0.625s] Level 1:colcon.colcon_core.package_identification:_identify(scripts) by extensions ['colcon_pkg']
[0.625s] Level 1:colcon.colcon_core.package_identification:_identify(scripts) by extension 'colcon_pkg'
[0.625s] Level 1:colcon.colcon_core.package_identification:_identify(scripts) by extensions ['colcon_meta']
[0.625s] Level 1:colcon.colcon_core.package_identification:_identify(scripts) by extension 'colcon_meta'
[0.625s] Level 1:colcon.colcon_core.package_identification:_identify(scripts) by extensions ['ros']
[0.625s] Level 1:colcon.colcon_core.package_identification:_identify(scripts) by extension 'ros'
[0.625s] Level 1:colcon.colcon_core.package_identification:_identify(scripts) by extensions ['cmake', 'python']
[0.625s] Level 1:colcon.colcon_core.package_identification:_identify(scripts) by extension 'cmake'
[0.626s] Level 1:colcon.colcon_core.package_identification:_identify(scripts) by extension 'python'
[0.626s] Level 1:colcon.colcon_core.package_identification:_identify(scripts) by extensions ['python_setup_py']
[0.626s] Level 1:colcon.colcon_core.package_identification:_identify(scripts) by extension 'python_setup_py'
[0.626s] Level 1:colcon.colcon_core.package_identification:_identify(scripts/__pycache__) by extensions ['ignore', 'ignore_ament_install']
[0.626s] Level 1:colcon.colcon_core.package_identification:_identify(scripts/__pycache__) by extension 'ignore'
[0.626s] Level 1:colcon.colcon_core.package_identification:_identify(scripts/__pycache__) by extension 'ignore_ament_install'
[0.626s] Level 1:colcon.colcon_core.package_identification:_identify(scripts/__pycache__) by extensions ['colcon_pkg']
[0.626s] Level 1:colcon.colcon_core.package_identification:_identify(scripts/__pycache__) by extension 'colcon_pkg'
[0.627s] Level 1:colcon.colcon_core.package_identification:_identify(scripts/__pycache__) by extensions ['colcon_meta']
[0.627s] Level 1:colcon.colcon_core.package_identification:_identify(scripts/__pycache__) by extension 'colcon_meta'
[0.627s] Level 1:colcon.colcon_core.package_identification:_identify(scripts/__pycache__) by extensions ['ros']
[0.627s] Level 1:colcon.colcon_core.package_identification:_identify(scripts/__pycache__) by extension 'ros'
[0.627s] Level 1:colcon.colcon_core.package_identification:_identify(scripts/__pycache__) by extensions ['cmake', 'python']
[0.627s] Level 1:colcon.colcon_core.package_identification:_identify(scripts/__pycache__) by extension 'cmake'
[0.627s] Level 1:colcon.colcon_core.package_identification:_identify(scripts/__pycache__) by extension 'python'
[0.627s] Level 1:colcon.colcon_core.package_identification:_identify(scripts/__pycache__) by extensions ['python_setup_py']
[0.627s] Level 1:colcon.colcon_core.package_identification:_identify(scripts/__pycache__) by extension 'python_setup_py'
[0.627s] Level 1:colcon.colcon_core.package_identification:_identify(src) by extensions ['ignore', 'ignore_ament_install']
[0.628s] Level 1:colcon.colcon_core.package_identification:_identify(src) by extension 'ignore'
[0.628s] Level 1:colcon.colcon_core.package_identification:_identify(src) by extension 'ignore_ament_install'
[0.628s] Level 1:colcon.colcon_core.package_identification:_identify(src) by extensions ['colcon_pkg']
[0.628s] Level 1:colcon.colcon_core.package_identification:_identify(src) by extension 'colcon_pkg'
[0.628s] Level 1:colcon.colcon_core.package_identification:_identify(src) by extensions ['colcon_meta']
[0.628s] Level 1:colcon.colcon_core.package_identification:_identify(src) by extension 'colcon_meta'
[0.628s] Level 1:colcon.colcon_core.package_identification:_identify(src) by extensions ['ros']
[0.628s] Level 1:colcon.colcon_core.package_identification:_identify(src) by extension 'ros'
[0.628s] Level 1:colcon.colcon_core.package_identification:_identify(src) by extensions ['cmake', 'python']
[0.628s] Level 1:colcon.colcon_core.package_identification:_identify(src) by extension 'cmake'
[0.628s] Level 1:colcon.colcon_core.package_identification:_identify(src) by extension 'python'
[0.628s] Level 1:colcon.colcon_core.package_identification:_identify(src) by extensions ['python_setup_py']
[0.629s] Level 1:colcon.colcon_core.package_identification:_identify(src) by extension 'python_setup_py'
[0.629s] Level 1:colcon.colcon_core.package_identification:_identify(src/OrbbecSDK_ROS2) by extensions ['ignore', 'ignore_ament_install']
[0.629s] Level 1:colcon.colcon_core.package_identification:_identify(src/OrbbecSDK_ROS2) by extension 'ignore'
[0.629s] Level 1:colcon.colcon_core.package_identification:_identify(src/OrbbecSDK_ROS2) by extension 'ignore_ament_install'
[0.629s] Level 1:colcon.colcon_core.package_identification:_identify(src/OrbbecSDK_ROS2) by extensions ['colcon_pkg']
[0.629s] Level 1:colcon.colcon_core.package_identification:_identify(src/OrbbecSDK_ROS2) by extension 'colcon_pkg'
[0.630s] Level 1:colcon.colcon_core.package_identification:_identify(src/OrbbecSDK_ROS2) by extensions ['colcon_meta']
[0.630s] Level 1:colcon.colcon_core.package_identification:_identify(src/OrbbecSDK_ROS2) by extension 'colcon_meta'
[0.630s] Level 1:colcon.colcon_core.package_identification:_identify(src/OrbbecSDK_ROS2) by extensions ['ros']
[0.630s] Level 1:colcon.colcon_core.package_identification:_identify(src/OrbbecSDK_ROS2) by extension 'ros'
[0.630s] Level 1:colcon.colcon_core.package_identification:_identify(src/OrbbecSDK_ROS2) by extensions ['cmake', 'python']
[0.630s] Level 1:colcon.colcon_core.package_identification:_identify(src/OrbbecSDK_ROS2) by extension 'cmake'
[0.630s] Level 1:colcon.colcon_core.package_identification:_identify(src/OrbbecSDK_ROS2) by extension 'python'
[0.630s] Level 1:colcon.colcon_core.package_identification:_identify(src/OrbbecSDK_ROS2) by extensions ['python_setup_py']
[0.630s] Level 1:colcon.colcon_core.package_identification:_identify(src/OrbbecSDK_ROS2) by extension 'python_setup_py'
[0.630s] Level 1:colcon.colcon_core.package_identification:_identify(src/OrbbecSDK_ROS2/docs) by extensions ['ignore', 'ignore_ament_install']
[0.631s] Level 1:colcon.colcon_core.package_identification:_identify(src/OrbbecSDK_ROS2/docs) by extension 'ignore'
[0.631s] Level 1:colcon.colcon_core.package_identification:_identify(src/OrbbecSDK_ROS2/docs) by extension 'ignore_ament_install'
[0.631s] Level 1:colcon.colcon_core.package_identification:_identify(src/OrbbecSDK_ROS2/docs) by extensions ['colcon_pkg']
[0.631s] Level 1:colcon.colcon_core.package_identification:_identify(src/OrbbecSDK_ROS2/docs) by extension 'colcon_pkg'
[0.631s] Level 1:colcon.colcon_core.package_identification:_identify(src/OrbbecSDK_ROS2/docs) by extensions ['colcon_meta']
[0.631s] Level 1:colcon.colcon_core.package_identification:_identify(src/OrbbecSDK_ROS2/docs) by extension 'colcon_meta'
[0.631s] Level 1:colcon.colcon_core.package_identification:_identify(src/OrbbecSDK_ROS2/docs) by extensions ['ros']
[0.631s] Level 1:colcon.colcon_core.package_identification:_identify(src/OrbbecSDK_ROS2/docs) by extension 'ros'
[0.631s] Level 1:colcon.colcon_core.package_identification:_identify(src/OrbbecSDK_ROS2/docs) by extensions ['cmake', 'python']
[0.631s] Level 1:colcon.colcon_core.package_identification:_identify(src/OrbbecSDK_ROS2/docs) by extension 'cmake'
[0.631s] Level 1:colcon.colcon_core.package_identification:_identify(src/OrbbecSDK_ROS2/docs) by extension 'python'
[0.632s] Level 1:colcon.colcon_core.package_identification:_identify(src/OrbbecSDK_ROS2/docs) by extensions ['python_setup_py']
[0.632s] Level 1:colcon.colcon_core.package_identification:_identify(src/OrbbecSDK_ROS2/docs) by extension 'python_setup_py'
[0.632s] Level 1:colcon.colcon_core.package_identification:_identify(src/OrbbecSDK_ROS2/docs/images) by extensions ['ignore', 'ignore_ament_install']
[0.632s] Level 1:colcon.colcon_core.package_identification:_identify(src/OrbbecSDK_ROS2/docs/images) by extension 'ignore'
[0.632s] Level 1:colcon.colcon_core.package_identification:_identify(src/OrbbecSDK_ROS2/docs/images) by extension 'ignore_ament_install'
[0.632s] Level 1:colcon.colcon_core.package_identification:_identify(src/OrbbecSDK_ROS2/docs/images) by extensions ['colcon_pkg']
[0.632s] Level 1:colcon.colcon_core.package_identification:_identify(src/OrbbecSDK_ROS2/docs/images) by extension 'colcon_pkg'
[0.632s] Level 1:colcon.colcon_core.package_identification:_identify(src/OrbbecSDK_ROS2/docs/images) by extensions ['colcon_meta']
[0.632s] Level 1:colcon.colcon_core.package_identification:_identify(src/OrbbecSDK_ROS2/docs/images) by extension 'colcon_meta'
[0.633s] Level 1:colcon.colcon_core.package_identification:_identify(src/OrbbecSDK_ROS2/docs/images) by extensions ['ros']
[0.633s] Level 1:colcon.colcon_core.package_identification:_identify(src/OrbbecSDK_ROS2/docs/images) by extension 'ros'
[0.633s] Level 1:colcon.colcon_core.package_identification:_identify(src/OrbbecSDK_ROS2/docs/images) by extensions ['cmake', 'python']
[0.633s] Level 1:colcon.colcon_core.package_identification:_identify(src/OrbbecSDK_ROS2/docs/images) by extension 'cmake'
[0.633s] Level 1:colcon.colcon_core.package_identification:_identify(src/OrbbecSDK_ROS2/docs/images) by extension 'python'
[0.633s] Level 1:colcon.colcon_core.package_identification:_identify(src/OrbbecSDK_ROS2/docs/images) by extensions ['python_setup_py']
[0.633s] Level 1:colcon.colcon_core.package_identification:_identify(src/OrbbecSDK_ROS2/docs/images) by extension 'python_setup_py'
[0.633s] Level 1:colcon.colcon_core.package_identification:_identify(src/OrbbecSDK_ROS2/orbbec_camera) by extensions ['ignore', 'ignore_ament_install']
[0.633s] Level 1:colcon.colcon_core.package_identification:_identify(src/OrbbecSDK_ROS2/orbbec_camera) by extension 'ignore'
[0.633s] Level 1:colcon.colcon_core.package_identification:_identify(src/OrbbecSDK_ROS2/orbbec_camera) by extension 'ignore_ament_install'
[0.634s] Level 1:colcon.colcon_core.package_identification:_identify(src/OrbbecSDK_ROS2/orbbec_camera) by extensions ['colcon_pkg']
[0.634s] Level 1:colcon.colcon_core.package_identification:_identify(src/OrbbecSDK_ROS2/orbbec_camera) by extension 'colcon_pkg'
[0.634s] Level 1:colcon.colcon_core.package_identification:_identify(src/OrbbecSDK_ROS2/orbbec_camera) by extensions ['colcon_meta']
[0.634s] Level 1:colcon.colcon_core.package_identification:_identify(src/OrbbecSDK_ROS2/orbbec_camera) by extension 'colcon_meta'
[0.634s] Level 1:colcon.colcon_core.package_identification:_identify(src/OrbbecSDK_ROS2/orbbec_camera) by extensions ['ros']
[0.634s] Level 1:colcon.colcon_core.package_identification:_identify(src/OrbbecSDK_ROS2/orbbec_camera) by extension 'ros'
[0.643s] DEBUG:colcon.colcon_core.package_identification:Package 'src/OrbbecSDK_ROS2/orbbec_camera' with type 'ros.ament_cmake' and name 'orbbec_camera'
[0.643s] Level 1:colcon.colcon_core.package_identification:_identify(src/OrbbecSDK_ROS2/orbbec_camera_msgs) by extensions ['ignore', 'ignore_ament_install']
[0.643s] Level 1:colcon.colcon_core.package_identification:_identify(src/OrbbecSDK_ROS2/orbbec_camera_msgs) by extension 'ignore'
[0.644s] Level 1:colcon.colcon_core.package_identification:_identify(src/OrbbecSDK_ROS2/orbbec_camera_msgs) by extension 'ignore_ament_install'
[0.644s] Level 1:colcon.colcon_core.package_identification:_identify(src/OrbbecSDK_ROS2/orbbec_camera_msgs) by extensions ['colcon_pkg']
[0.644s] Level 1:colcon.colcon_core.package_identification:_identify(src/OrbbecSDK_ROS2/orbbec_camera_msgs) by extension 'colcon_pkg'
[0.644s] Level 1:colcon.colcon_core.package_identification:_identify(src/OrbbecSDK_ROS2/orbbec_camera_msgs) by extensions ['colcon_meta']
[0.644s] Level 1:colcon.colcon_core.package_identification:_identify(src/OrbbecSDK_ROS2/orbbec_camera_msgs) by extension 'colcon_meta'
[0.644s] Level 1:colcon.colcon_core.package_identification:_identify(src/OrbbecSDK_ROS2/orbbec_camera_msgs) by extensions ['ros']
[0.644s] Level 1:colcon.colcon_core.package_identification:_identify(src/OrbbecSDK_ROS2/orbbec_camera_msgs) by extension 'ros'
[0.645s] DEBUG:colcon.colcon_core.package_identification:Package 'src/OrbbecSDK_ROS2/orbbec_camera_msgs' with type 'ros.ament_cmake' and name 'orbbec_camera_msgs'
[0.645s] Level 1:colcon.colcon_core.package_identification:_identify(src/OrbbecSDK_ROS2/orbbec_description) by extensions ['ignore', 'ignore_ament_install']
[0.645s] Level 1:colcon.colcon_core.package_identification:_identify(src/OrbbecSDK_ROS2/orbbec_description) by extension 'ignore'
[0.645s] Level 1:colcon.colcon_core.package_identification:_identify(src/OrbbecSDK_ROS2/orbbec_description) by extension 'ignore_ament_install'
[0.646s] Level 1:colcon.colcon_core.package_identification:_identify(src/OrbbecSDK_ROS2/orbbec_description) by extensions ['colcon_pkg']
[0.646s] Level 1:colcon.colcon_core.package_identification:_identify(src/OrbbecSDK_ROS2/orbbec_description) by extension 'colcon_pkg'
[0.646s] Level 1:colcon.colcon_core.package_identification:_identify(src/OrbbecSDK_ROS2/orbbec_description) by extensions ['colcon_meta']
[0.646s] Level 1:colcon.colcon_core.package_identification:_identify(src/OrbbecSDK_ROS2/orbbec_description) by extension 'colcon_meta'
[0.646s] Level 1:colcon.colcon_core.package_identification:_identify(src/OrbbecSDK_ROS2/orbbec_description) by extensions ['ros']
[0.646s] Level 1:colcon.colcon_core.package_identification:_identify(src/OrbbecSDK_ROS2/orbbec_description) by extension 'ros'
[0.647s] DEBUG:colcon.colcon_core.package_identification:Package 'src/OrbbecSDK_ROS2/orbbec_description' with type 'ros.ament_cmake' and name 'orbbec_description'
[0.647s] Level 1:colcon.colcon_core.package_identification:_identify(src/magician_ros2) by extensions ['ignore', 'ignore_ament_install']
[0.648s] Level 1:colcon.colcon_core.package_identification:_identify(src/magician_ros2) by extension 'ignore'
[0.648s] Level 1:colcon.colcon_core.package_identification:_identify(src/magician_ros2) by extension 'ignore_ament_install'
[0.648s] Level 1:colcon.colcon_core.package_identification:_identify(src/magician_ros2) by extensions ['colcon_pkg']
[0.648s] Level 1:colcon.colcon_core.package_identification:_identify(src/magician_ros2) by extension 'colcon_pkg'
[0.648s] Level 1:colcon.colcon_core.package_identification:_identify(src/magician_ros2) by extensions ['colcon_meta']
[0.648s] Level 1:colcon.colcon_core.package_identification:_identify(src/magician_ros2) by extension 'colcon_meta'
[0.648s] Level 1:colcon.colcon_core.package_identification:_identify(src/magician_ros2) by extensions ['ros']
[0.648s] Level 1:colcon.colcon_core.package_identification:_identify(src/magician_ros2) by extension 'ros'
[0.648s] Level 1:colcon.colcon_core.package_identification:_identify(src/magician_ros2) by extensions ['cmake', 'python']
[0.648s] Level 1:colcon.colcon_core.package_identification:_identify(src/magician_ros2) by extension 'cmake'
[0.648s] Level 1:colcon.colcon_core.package_identification:_identify(src/magician_ros2) by extension 'python'
[0.649s] Level 1:colcon.colcon_core.package_identification:_identify(src/magician_ros2) by extensions ['python_setup_py']
[0.649s] Level 1:colcon.colcon_core.package_identification:_identify(src/magician_ros2) by extension 'python_setup_py'
[0.649s] Level 1:colcon.colcon_core.package_identification:_identify(src/magician_ros2/dobot_bringup) by extensions ['ignore', 'ignore_ament_install']
[0.649s] Level 1:colcon.colcon_core.package_identification:_identify(src/magician_ros2/dobot_bringup) by extension 'ignore'
[0.649s] Level 1:colcon.colcon_core.package_identification:_identify(src/magician_ros2/dobot_bringup) by extension 'ignore_ament_install'
[0.649s] Level 1:colcon.colcon_core.package_identification:_identify(src/magician_ros2/dobot_bringup) by extensions ['colcon_pkg']
[0.649s] Level 1:colcon.colcon_core.package_identification:_identify(src/magician_ros2/dobot_bringup) by extension 'colcon_pkg'
[0.650s] Level 1:colcon.colcon_core.package_identification:_identify(src/magician_ros2/dobot_bringup) by extensions ['colcon_meta']
[0.650s] Level 1:colcon.colcon_core.package_identification:_identify(src/magician_ros2/dobot_bringup) by extension 'colcon_meta'
[0.650s] Level 1:colcon.colcon_core.package_identification:_identify(src/magician_ros2/dobot_bringup) by extensions ['ros']
[0.650s] Level 1:colcon.colcon_core.package_identification:_identify(src/magician_ros2/dobot_bringup) by extension 'ros'
[0.651s] DEBUG:colcon.colcon_core.package_identification:Package 'src/magician_ros2/dobot_bringup' with type 'ros.ament_python' and name 'dobot_bringup'
[0.651s] Level 1:colcon.colcon_core.package_identification:_identify(src/magician_ros2/dobot_calibration) by extensions ['ignore', 'ignore_ament_install']
[0.651s] Level 1:colcon.colcon_core.package_identification:_identify(src/magician_ros2/dobot_calibration) by extension 'ignore'
[0.652s] Level 1:colcon.colcon_core.package_identification:_identify(src/magician_ros2/dobot_calibration) by extension 'ignore_ament_install'
[0.652s] Level 1:colcon.colcon_core.package_identification:_identify(src/magician_ros2/dobot_calibration) by extensions ['colcon_pkg']
[0.652s] Level 1:colcon.colcon_core.package_identification:_identify(src/magician_ros2/dobot_calibration) by extension 'colcon_pkg'
[0.652s] Level 1:colcon.colcon_core.package_identification:_identify(src/magician_ros2/dobot_calibration) by extensions ['colcon_meta']
[0.652s] Level 1:colcon.colcon_core.package_identification:_identify(src/magician_ros2/dobot_calibration) by extension 'colcon_meta'
[0.652s] Level 1:colcon.colcon_core.package_identification:_identify(src/magician_ros2/dobot_calibration) by extensions ['ros']
[0.652s] Level 1:colcon.colcon_core.package_identification:_identify(src/magician_ros2/dobot_calibration) by extension 'ros'
[0.653s] DEBUG:colcon.colcon_core.package_identification:Package 'src/magician_ros2/dobot_calibration' with type 'ros.ament_python' and name 'dobot_calibration'
[0.653s] Level 1:colcon.colcon_core.package_identification:_identify(src/magician_ros2/dobot_control_panel) by extensions ['ignore', 'ignore_ament_install']
[0.653s] Level 1:colcon.colcon_core.package_identification:_identify(src/magician_ros2/dobot_control_panel) by extension 'ignore'
[0.654s] Level 1:colcon.colcon_core.package_identification:_identify(src/magician_ros2/dobot_control_panel) by extension 'ignore_ament_install'
[0.654s] Level 1:colcon.colcon_core.package_identification:_identify(src/magician_ros2/dobot_control_panel) by extensions ['colcon_pkg']
[0.654s] Level 1:colcon.colcon_core.package_identification:_identify(src/magician_ros2/dobot_control_panel) by extension 'colcon_pkg'
[0.654s] Level 1:colcon.colcon_core.package_identification:_identify(src/magician_ros2/dobot_control_panel) by extensions ['colcon_meta']
[0.654s] Level 1:colcon.colcon_core.package_identification:_identify(src/magician_ros2/dobot_control_panel) by extension 'colcon_meta'
[0.654s] Level 1:colcon.colcon_core.package_identification:_identify(src/magician_ros2/dobot_control_panel) by extensions ['ros']
[0.654s] Level 1:colcon.colcon_core.package_identification:_identify(src/magician_ros2/dobot_control_panel) by extension 'ros'
[0.655s] DEBUG:colcon.colcon_core.package_identification:Package 'src/magician_ros2/dobot_control_panel' with type 'ros.ament_python' and name 'dobot_control_panel'
[0.655s] Level 1:colcon.colcon_core.package_identification:_identify(src/magician_ros2/dobot_demos) by extensions ['ignore', 'ignore_ament_install']
[0.656s] Level 1:colcon.colcon_core.package_identification:_identify(src/magician_ros2/dobot_demos) by extension 'ignore'
[0.656s] Level 1:colcon.colcon_core.package_identification:_identify(src/magician_ros2/dobot_demos) by extension 'ignore_ament_install'
[0.656s] Level 1:colcon.colcon_core.package_identification:_identify(src/magician_ros2/dobot_demos) by extensions ['colcon_pkg']
[0.656s] Level 1:colcon.colcon_core.package_identification:_identify(src/magician_ros2/dobot_demos) by extension 'colcon_pkg'
[0.656s] Level 1:colcon.colcon_core.package_identification:_identify(src/magician_ros2/dobot_demos) by extensions ['colcon_meta']
[0.656s] Level 1:colcon.colcon_core.package_identification:_identify(src/magician_ros2/dobot_demos) by extension 'colcon_meta'
[0.656s] Level 1:colcon.colcon_core.package_identification:_identify(src/magician_ros2/dobot_demos) by extensions ['ros']
[0.656s] Level 1:colcon.colcon_core.package_identification:_identify(src/magician_ros2/dobot_demos) by extension 'ros'
[0.658s] DEBUG:colcon.colcon_core.package_identification:Package 'src/magician_ros2/dobot_demos' with type 'ros.ament_python' and name 'dobot_demos'
[0.658s] Level 1:colcon.colcon_core.package_identification:_identify(src/magician_ros2/dobot_description) by extensions ['ignore', 'ignore_ament_install']
[0.658s] Level 1:colcon.colcon_core.package_identification:_identify(src/magician_ros2/dobot_description) by extension 'ignore'
[0.658s] Level 1:colcon.colcon_core.package_identification:_identify(src/magician_ros2/dobot_description) by extension 'ignore_ament_install'
[0.658s] Level 1:colcon.colcon_core.package_identification:_identify(src/magician_ros2/dobot_description) by extensions ['colcon_pkg']
[0.658s] Level 1:colcon.colcon_core.package_identification:_identify(src/magician_ros2/dobot_description) by extension 'colcon_pkg'
[0.658s] Level 1:colcon.colcon_core.package_identification:_identify(src/magician_ros2/dobot_description) by extensions ['colcon_meta']
[0.658s] Level 1:colcon.colcon_core.package_identification:_identify(src/magician_ros2/dobot_description) by extension 'colcon_meta'
[0.658s] Level 1:colcon.colcon_core.package_identification:_identify(src/magician_ros2/dobot_description) by extensions ['ros']
[0.658s] Level 1:colcon.colcon_core.package_identification:_identify(src/magician_ros2/dobot_description) by extension 'ros'
[0.660s] DEBUG:colcon.colcon_core.package_identification:Package 'src/magician_ros2/dobot_description' with type 'ros.ament_cmake' and name 'dobot_description'
[0.660s] Level 1:colcon.colcon_core.package_identification:_identify(src/magician_ros2/dobot_diagnostics) by extensions ['ignore', 'ignore_ament_install']
[0.660s] Level 1:colcon.colcon_core.package_identification:_identify(src/magician_ros2/dobot_diagnostics) by extension 'ignore'
[0.660s] Level 1:colcon.colcon_core.package_identification:_identify(src/magician_ros2/dobot_diagnostics) by extension 'ignore_ament_install'
[0.660s] Level 1:colcon.colcon_core.package_identification:_identify(src/magician_ros2/dobot_diagnostics) by extensions ['colcon_pkg']
[0.660s] Level 1:colcon.colcon_core.package_identification:_identify(src/magician_ros2/dobot_diagnostics) by extension 'colcon_pkg'
[0.661s] Level 1:colcon.colcon_core.package_identification:_identify(src/magician_ros2/dobot_diagnostics) by extensions ['colcon_meta']
[0.661s] Level 1:colcon.colcon_core.package_identification:_identify(src/magician_ros2/dobot_diagnostics) by extension 'colcon_meta'
[0.661s] Level 1:colcon.colcon_core.package_identification:_identify(src/magician_ros2/dobot_diagnostics) by extensions ['ros']
[0.661s] Level 1:colcon.colcon_core.package_identification:_identify(src/magician_ros2/dobot_diagnostics) by extension 'ros'
[0.662s] DEBUG:colcon.colcon_core.package_identification:Package 'src/magician_ros2/dobot_diagnostics' with type 'ros.ament_python' and name 'dobot_diagnostics'
[0.662s] Level 1:colcon.colcon_core.package_identification:_identify(src/magician_ros2/dobot_driver) by extensions ['ignore', 'ignore_ament_install']
[0.662s] Level 1:colcon.colcon_core.package_identification:_identify(src/magician_ros2/dobot_driver) by extension 'ignore'
[0.662s] Level 1:colcon.colcon_core.package_identification:_identify(src/magician_ros2/dobot_driver) by extension 'ignore_ament_install'
[0.662s] Level 1:colcon.colcon_core.package_identification:_identify(src/magician_ros2/dobot_driver) by extensions ['colcon_pkg']
[0.663s] Level 1:colcon.colcon_core.package_identification:_identify(src/magician_ros2/dobot_driver) by extension 'colcon_pkg'
[0.663s] Level 1:colcon.colcon_core.package_identification:_identify(src/magician_ros2/dobot_driver) by extensions ['colcon_meta']
[0.663s] Level 1:colcon.colcon_core.package_identification:_identify(src/magician_ros2/dobot_driver) by extension 'colcon_meta'
[0.663s] Level 1:colcon.colcon_core.package_identification:_identify(src/magician_ros2/dobot_driver) by extensions ['ros']
[0.663s] Level 1:colcon.colcon_core.package_identification:_identify(src/magician_ros2/dobot_driver) by extension 'ros'
[0.664s] DEBUG:colcon.colcon_core.package_identification:Package 'src/magician_ros2/dobot_driver' with type 'ros.ament_cmake' and name 'dobot_driver'
[0.664s] Level 1:colcon.colcon_core.package_identification:_identify(src/magician_ros2/dobot_end_effector) by extensions ['ignore', 'ignore_ament_install']
[0.664s] Level 1:colcon.colcon_core.package_identification:_identify(src/magician_ros2/dobot_end_effector) by extension 'ignore'
[0.664s] Level 1:colcon.colcon_core.package_identification:_identify(src/magician_ros2/dobot_end_effector) by extension 'ignore_ament_install'
[0.665s] Level 1:colcon.colcon_core.package_identification:_identify(src/magician_ros2/dobot_end_effector) by extensions ['colcon_pkg']
[0.665s] Level 1:colcon.colcon_core.package_identification:_identify(src/magician_ros2/dobot_end_effector) by extension 'colcon_pkg'
[0.665s] Level 1:colcon.colcon_core.package_identification:_identify(src/magician_ros2/dobot_end_effector) by extensions ['colcon_meta']
[0.665s] Level 1:colcon.colcon_core.package_identification:_identify(src/magician_ros2/dobot_end_effector) by extension 'colcon_meta'
[0.665s] Level 1:colcon.colcon_core.package_identification:_identify(src/magician_ros2/dobot_end_effector) by extensions ['ros']
[0.665s] Level 1:colcon.colcon_core.package_identification:_identify(src/magician_ros2/dobot_end_effector) by extension 'ros'
[0.666s] DEBUG:colcon.colcon_core.package_identification:Package 'src/magician_ros2/dobot_end_effector' with type 'ros.ament_python' and name 'dobot_end_effector'
[0.666s] Level 1:colcon.colcon_core.package_identification:_identify(src/magician_ros2/dobot_homing) by extensions ['ignore', 'ignore_ament_install']
[0.666s] Level 1:colcon.colcon_core.package_identification:_identify(src/magician_ros2/dobot_homing) by extension 'ignore'
[0.667s] Level 1:colcon.colcon_core.package_identification:_identify(src/magician_ros2/dobot_homing) by extension 'ignore_ament_install'
[0.667s] Level 1:colcon.colcon_core.package_identification:_identify(src/magician_ros2/dobot_homing) by extensions ['colcon_pkg']
[0.667s] Level 1:colcon.colcon_core.package_identification:_identify(src/magician_ros2/dobot_homing) by extension 'colcon_pkg'
[0.667s] Level 1:colcon.colcon_core.package_identification:_identify(src/magician_ros2/dobot_homing) by extensions ['colcon_meta']
[0.667s] Level 1:colcon.colcon_core.package_identification:_identify(src/magician_ros2/dobot_homing) by extension 'colcon_meta'
[0.667s] Level 1:colcon.colcon_core.package_identification:_identify(src/magician_ros2/dobot_homing) by extensions ['ros']
[0.667s] Level 1:colcon.colcon_core.package_identification:_identify(src/magician_ros2/dobot_homing) by extension 'ros'
[0.668s] DEBUG:colcon.colcon_core.package_identification:Package 'src/magician_ros2/dobot_homing' with type 'ros.ament_python' and name 'dobot_homing'
[0.668s] Level 1:colcon.colcon_core.package_identification:_identify(src/magician_ros2/dobot_kinematics) by extensions ['ignore', 'ignore_ament_install']
[0.669s] Level 1:colcon.colcon_core.package_identification:_identify(src/magician_ros2/dobot_kinematics) by extension 'ignore'
[0.669s] Level 1:colcon.colcon_core.package_identification:_identify(src/magician_ros2/dobot_kinematics) by extension 'ignore_ament_install'
[0.669s] Level 1:colcon.colcon_core.package_identification:_identify(src/magician_ros2/dobot_kinematics) by extensions ['colcon_pkg']
[0.669s] Level 1:colcon.colcon_core.package_identification:_identify(src/magician_ros2/dobot_kinematics) by extension 'colcon_pkg'
[0.669s] Level 1:colcon.colcon_core.package_identification:_identify(src/magician_ros2/dobot_kinematics) by extensions ['colcon_meta']
[0.669s] Level 1:colcon.colcon_core.package_identification:_identify(src/magician_ros2/dobot_kinematics) by extension 'colcon_meta'
[0.669s] Level 1:colcon.colcon_core.package_identification:_identify(src/magician_ros2/dobot_kinematics) by extensions ['ros']
[0.669s] Level 1:colcon.colcon_core.package_identification:_identify(src/magician_ros2/dobot_kinematics) by extension 'ros'
[0.670s] DEBUG:colcon.colcon_core.package_identification:Package 'src/magician_ros2/dobot_kinematics' with type 'ros.ament_python' and name 'dobot_kinematics'
[0.671s] Level 1:colcon.colcon_core.package_identification:_identify(src/magician_ros2/dobot_motion) by extensions ['ignore', 'ignore_ament_install']
[0.671s] Level 1:colcon.colcon_core.package_identification:_identify(src/magician_ros2/dobot_motion) by extension 'ignore'
[0.671s] Level 1:colcon.colcon_core.package_identification:_identify(src/magician_ros2/dobot_motion) by extension 'ignore_ament_install'
[0.671s] Level 1:colcon.colcon_core.package_identification:_identify(src/magician_ros2/dobot_motion) by extensions ['colcon_pkg']
[0.671s] Level 1:colcon.colcon_core.package_identification:_identify(src/magician_ros2/dobot_motion) by extension 'colcon_pkg'
[0.671s] Level 1:colcon.colcon_core.package_identification:_identify(src/magician_ros2/dobot_motion) by extensions ['colcon_meta']
[0.671s] Level 1:colcon.colcon_core.package_identification:_identify(src/magician_ros2/dobot_motion) by extension 'colcon_meta'
[0.671s] Level 1:colcon.colcon_core.package_identification:_identify(src/magician_ros2/dobot_motion) by extensions ['ros']
[0.671s] Level 1:colcon.colcon_core.package_identification:_identify(src/magician_ros2/dobot_motion) by extension 'ros'
[0.672s] DEBUG:colcon.colcon_core.package_identification:Package 'src/magician_ros2/dobot_motion' with type 'ros.ament_python' and name 'dobot_motion'
[0.673s] Level 1:colcon.colcon_core.package_identification:_identify(src/magician_ros2/dobot_msgs) by extensions ['ignore', 'ignore_ament_install']
[0.673s] Level 1:colcon.colcon_core.package_identification:_identify(src/magician_ros2/dobot_msgs) by extension 'ignore'
[0.673s] Level 1:colcon.colcon_core.package_identification:_identify(src/magician_ros2/dobot_msgs) by extension 'ignore_ament_install'
[0.673s] Level 1:colcon.colcon_core.package_identification:_identify(src/magician_ros2/dobot_msgs) by extensions ['colcon_pkg']
[0.673s] Level 1:colcon.colcon_core.package_identification:_identify(src/magician_ros2/dobot_msgs) by extension 'colcon_pkg'
[0.673s] Level 1:colcon.colcon_core.package_identification:_identify(src/magician_ros2/dobot_msgs) by extensions ['colcon_meta']
[0.673s] Level 1:colcon.colcon_core.package_identification:_identify(src/magician_ros2/dobot_msgs) by extension 'colcon_meta'
[0.673s] Level 1:colcon.colcon_core.package_identification:_identify(src/magician_ros2/dobot_msgs) by extensions ['ros']
[0.673s] Level 1:colcon.colcon_core.package_identification:_identify(src/magician_ros2/dobot_msgs) by extension 'ros'
[0.675s] DEBUG:colcon.colcon_core.package_identification:Package 'src/magician_ros2/dobot_msgs' with type 'ros.ament_cmake' and name 'dobot_msgs'
[0.675s] Level 1:colcon.colcon_core.package_identification:_identify(src/magician_ros2/dobot_object_vision) by extensions ['ignore', 'ignore_ament_install']
[0.675s] Level 1:colcon.colcon_core.package_identification:_identify(src/magician_ros2/dobot_object_vision) by extension 'ignore'
[0.675s] Level 1:colcon.colcon_core.package_identification:_identify(src/magician_ros2/dobot_object_vision) by extension 'ignore_ament_install'
[0.676s] Level 1:colcon.colcon_core.package_identification:_identify(src/magician_ros2/dobot_object_vision) by extensions ['colcon_pkg']
[0.676s] Level 1:colcon.colcon_core.package_identification:_identify(src/magician_ros2/dobot_object_vision) by extension 'colcon_pkg'
[0.676s] Level 1:colcon.colcon_core.package_identification:_identify(src/magician_ros2/dobot_object_vision) by extensions ['colcon_meta']
[0.676s] Level 1:colcon.colcon_core.package_identification:_identify(src/magician_ros2/dobot_object_vision) by extension 'colcon_meta'
[0.676s] Level 1:colcon.colcon_core.package_identification:_identify(src/magician_ros2/dobot_object_vision) by extensions ['ros']
[0.676s] Level 1:colcon.colcon_core.package_identification:_identify(src/magician_ros2/dobot_object_vision) by extension 'ros'
[0.677s] DEBUG:colcon.colcon_core.package_identification:Package 'src/magician_ros2/dobot_object_vision' with type 'ros.ament_python' and name 'dobot_object_vision'
[0.677s] Level 1:colcon.colcon_core.package_identification:_identify(src/magician_ros2/dobot_state_updater) by extensions ['ignore', 'ignore_ament_install']
[0.677s] Level 1:colcon.colcon_core.package_identification:_identify(src/magician_ros2/dobot_state_updater) by extension 'ignore'
[0.677s] Level 1:colcon.colcon_core.package_identification:_identify(src/magician_ros2/dobot_state_updater) by extension 'ignore_ament_install'
[0.677s] Level 1:colcon.colcon_core.package_identification:_identify(src/magician_ros2/dobot_state_updater) by extensions ['colcon_pkg']
[0.678s] Level 1:colcon.colcon_core.package_identification:_identify(src/magician_ros2/dobot_state_updater) by extension 'colcon_pkg'
[0.678s] Level 1:colcon.colcon_core.package_identification:_identify(src/magician_ros2/dobot_state_updater) by extensions ['colcon_meta']
[0.678s] Level 1:colcon.colcon_core.package_identification:_identify(src/magician_ros2/dobot_state_updater) by extension 'colcon_meta'
[0.678s] Level 1:colcon.colcon_core.package_identification:_identify(src/magician_ros2/dobot_state_updater) by extensions ['ros']
[0.678s] Level 1:colcon.colcon_core.package_identification:_identify(src/magician_ros2/dobot_state_updater) by extension 'ros'
[0.679s] DEBUG:colcon.colcon_core.package_identification:Package 'src/magician_ros2/dobot_state_updater' with type 'ros.ament_python' and name 'dobot_state_updater'
[0.679s] Level 1:colcon.colcon_core.package_identification:_identify(src/magician_ros2/dobot_vision_rgbd) by extensions ['ignore', 'ignore_ament_install']
[0.679s] Level 1:colcon.colcon_core.package_identification:_identify(src/magician_ros2/dobot_vision_rgbd) by extension 'ignore'
[0.680s] Level 1:colcon.colcon_core.package_identification:_identify(src/magician_ros2/dobot_vision_rgbd) by extension 'ignore_ament_install'
[0.680s] Level 1:colcon.colcon_core.package_identification:_identify(src/magician_ros2/dobot_vision_rgbd) by extensions ['colcon_pkg']
[0.680s] Level 1:colcon.colcon_core.package_identification:_identify(src/magician_ros2/dobot_vision_rgbd) by extension 'colcon_pkg'
[0.680s] Level 1:colcon.colcon_core.package_identification:_identify(src/magician_ros2/dobot_vision_rgbd) by extensions ['colcon_meta']
[0.680s] Level 1:colcon.colcon_core.package_identification:_identify(src/magician_ros2/dobot_vision_rgbd) by extension 'colcon_meta'
[0.680s] Level 1:colcon.colcon_core.package_identification:_identify(src/magician_ros2/dobot_vision_rgbd) by extensions ['ros']
[0.680s] Level 1:colcon.colcon_core.package_identification:_identify(src/magician_ros2/dobot_vision_rgbd) by extension 'ros'
[0.681s] DEBUG:colcon.colcon_core.package_identification:Package 'src/magician_ros2/dobot_vision_rgbd' with type 'ros.ament_python' and name 'dobot_vision_rgbd'
[0.682s] Level 1:colcon.colcon_core.package_identification:_identify(src/magician_ros2/dobot_vision_yolo) by extensions ['ignore', 'ignore_ament_install']
[0.682s] Level 1:colcon.colcon_core.package_identification:_identify(src/magician_ros2/dobot_vision_yolo) by extension 'ignore'
[0.682s] Level 1:colcon.colcon_core.package_identification:_identify(src/magician_ros2/dobot_vision_yolo) by extension 'ignore_ament_install'
[0.682s] Level 1:colcon.colcon_core.package_identification:_identify(src/magician_ros2/dobot_vision_yolo) by extensions ['colcon_pkg']
[0.682s] Level 1:colcon.colcon_core.package_identification:_identify(src/magician_ros2/dobot_vision_yolo) by extension 'colcon_pkg'
[0.682s] Level 1:colcon.colcon_core.package_identification:_identify(src/magician_ros2/dobot_vision_yolo) by extensions ['colcon_meta']
[0.682s] Level 1:colcon.colcon_core.package_identification:_identify(src/magician_ros2/dobot_vision_yolo) by extension 'colcon_meta'
[0.682s] Level 1:colcon.colcon_core.package_identification:_identify(src/magician_ros2/dobot_vision_yolo) by extensions ['ros']
[0.682s] Level 1:colcon.colcon_core.package_identification:_identify(src/magician_ros2/dobot_vision_yolo) by extension 'ros'
[0.684s] DEBUG:colcon.colcon_core.package_identification:Package 'src/magician_ros2/dobot_vision_yolo' with type 'ros.ament_python' and name 'dobot_vision_yolo'
[0.684s] Level 1:colcon.colcon_core.package_identification:_identify(src/magician_ros2/dobot_visualization_tools) by extensions ['ignore', 'ignore_ament_install']
[0.684s] Level 1:colcon.colcon_core.package_identification:_identify(src/magician_ros2/dobot_visualization_tools) by extension 'ignore'
[0.684s] Level 1:colcon.colcon_core.package_identification:_identify(src/magician_ros2/dobot_visualization_tools) by extension 'ignore_ament_install'
[0.684s] Level 1:colcon.colcon_core.package_identification:_identify(src/magician_ros2/dobot_visualization_tools) by extensions ['colcon_pkg']
[0.685s] Level 1:colcon.colcon_core.package_identification:_identify(src/magician_ros2/dobot_visualization_tools) by extension 'colcon_pkg'
[0.685s] Level 1:colcon.colcon_core.package_identification:_identify(src/magician_ros2/dobot_visualization_tools) by extensions ['colcon_meta']
[0.685s] Level 1:colcon.colcon_core.package_identification:_identify(src/magician_ros2/dobot_visualization_tools) by extension 'colcon_meta'
[0.685s] Level 1:colcon.colcon_core.package_identification:_identify(src/magician_ros2/dobot_visualization_tools) by extensions ['ros']
[0.685s] Level 1:colcon.colcon_core.package_identification:_identify(src/magician_ros2/dobot_visualization_tools) by extension 'ros'
[0.686s] DEBUG:colcon.colcon_core.package_identification:Package 'src/magician_ros2/dobot_visualization_tools' with type 'ros.ament_python' and name 'dobot_visualization_tools'
[0.686s] Level 1:colcon.colcon_core.package_identification:_identify(src/magician_ros2/dobot_web_interface) by extensions ['ignore', 'ignore_ament_install']
[0.686s] Level 1:colcon.colcon_core.package_identification:_identify(src/magician_ros2/dobot_web_interface) by extension 'ignore'
[0.686s] Level 1:colcon.colcon_core.package_identification:_identify(src/magician_ros2/dobot_web_interface) by extension 'ignore_ament_install'
[0.686s] Level 1:colcon.colcon_core.package_identification:_identify(src/magician_ros2/dobot_web_interface) by extensions ['colcon_pkg']
[0.686s] Level 1:colcon.colcon_core.package_identification:_identify(src/magician_ros2/dobot_web_interface) by extension 'colcon_pkg'
[0.686s] Level 1:colcon.colcon_core.package_identification:_identify(src/magician_ros2/dobot_web_interface) by extensions ['colcon_meta']
[0.687s] Level 1:colcon.colcon_core.package_identification:_identify(src/magician_ros2/dobot_web_interface) by extension 'colcon_meta'
[0.687s] Level 1:colcon.colcon_core.package_identification:_identify(src/magician_ros2/dobot_web_interface) by extensions ['ros']
[0.687s] Level 1:colcon.colcon_core.package_identification:_identify(src/magician_ros2/dobot_web_interface) by extension 'ros'
[0.689s] DEBUG:colcon.colcon_core.package_identification:Package 'src/magician_ros2/dobot_web_interface' with type 'ros.ament_python' and name 'dobot_web_interface'
[0.689s] Level 1:colcon.colcon_core.package_identification:_identify(systemd) by extensions ['ignore', 'ignore_ament_install']
[0.689s] Level 1:colcon.colcon_core.package_identification:_identify(systemd) by extension 'ignore'
[0.689s] Level 1:colcon.colcon_core.package_identification:_identify(systemd) by extension 'ignore_ament_install'
[0.690s] Level 1:colcon.colcon_core.package_identification:_identify(systemd) by extensions ['colcon_pkg']
[0.690s] Level 1:colcon.colcon_core.package_identification:_identify(systemd) by extension 'colcon_pkg'
[0.690s] Level 1:colcon.colcon_core.package_identification:_identify(systemd) by extensions ['colcon_meta']
[0.690s] Level 1:colcon.colcon_core.package_identification:_identify(systemd) by extension 'colcon_meta'
[0.690s] Level 1:colcon.colcon_core.package_identification:_identify(systemd) by extensions ['ros']
[0.690s] Level 1:colcon.colcon_core.package_identification:_identify(systemd) by extension 'ros'
[0.690s] Level 1:colcon.colcon_core.package_identification:_identify(systemd) by extensions ['cmake', 'python']
[0.690s] Level 1:colcon.colcon_core.package_identification:_identify(systemd) by extension 'cmake'
[0.690s] Level 1:colcon.colcon_core.package_identification:_identify(systemd) by extension 'python'
[0.690s] Level 1:colcon.colcon_core.package_identification:_identify(systemd) by extensions ['python_setup_py']
[0.690s] Level 1:colcon.colcon_core.package_identification:_identify(systemd) by extension 'python_setup_py'
[0.690s] Level 1:colcon.colcon_core.package_discovery:discover_packages(recursive) using defaults
[0.691s] Level 1:colcon.colcon_core.package_discovery:discover_packages(ignore) discover
[0.691s] Level 1:colcon.colcon_core.package_discovery:discover_packages(ignore) using defaults
[0.691s] Level 1:colcon.colcon_core.package_discovery:discover_packages(path) discover
[0.691s] Level 1:colcon.colcon_core.package_discovery:discover_packages(path) using defaults
[0.745s] INFO:colcon.colcon_core.package_selection:Skipping package 'dobot_demos' in 'src/magician_ros2/dobot_demos'
[0.745s] INFO:colcon.colcon_core.package_selection:Skipping package 'dobot_object_vision' in 'src/magician_ros2/dobot_object_vision'
[0.746s] INFO:colcon.colcon_core.package_selection:Skipping package 'dobot_control_panel' in 'src/magician_ros2/dobot_control_panel'
[0.746s] INFO:colcon.colcon_core.package_selection:Skipping package 'orbbec_description' in 'src/OrbbecSDK_ROS2/orbbec_description'
[0.746s] INFO:colcon.colcon_core.package_selection:Skipping package 'dobot_visualization_tools' in 'src/magician_ros2/dobot_visualization_tools'
[0.747s] Level 1:colcon.colcon_core.package_discovery:discover_packages(prefix_path) check parameters
[0.747s] Level 1:colcon.colcon_core.package_discovery:discover_packages(prefix_path) discover
[0.755s] DEBUG:colcon.colcon_installed_package_information.package_discovery:Found 401 installed packages in /opt/ros/jazzy
[0.757s] Level 1:colcon.colcon_core.package_discovery:discover_packages(prefix_path) using defaults
[0.910s] Level 5:colcon.colcon_core.verb:set package 'dobot_description' build argument 'cmake_args' from command line to 'None'
[0.910s] Level 5:colcon.colcon_core.verb:set package 'dobot_description' build argument 'cmake_target' from command line to 'None'
[0.910s] Level 5:colcon.colcon_core.verb:set package 'dobot_description' build argument 'cmake_target_skip_unavailable' from command line to 'False'
[0.911s] Level 5:colcon.colcon_core.verb:set package 'dobot_description' build argument 'cmake_clean_cache' from command line to 'False'
[0.911s] Level 5:colcon.colcon_core.verb:set package 'dobot_description' build argument 'cmake_clean_first' from command line to 'False'
[0.911s] Level 5:colcon.colcon_core.verb:set package 'dobot_description' build argument 'cmake_force_configure' from command line to 'False'
[0.911s] Level 5:colcon.colcon_core.verb:set package 'dobot_description' build argument 'ament_cmake_args' from command line to 'None'
[0.911s] Level 5:colcon.colcon_core.verb:set package 'dobot_description' build argument 'catkin_cmake_args' from command line to 'None'
[0.911s] Level 5:colcon.colcon_core.verb:set package 'dobot_description' build argument 'catkin_skip_building_tests' from command line to 'False'
[0.911s] DEBUG:colcon.colcon_core.verb:Building package 'dobot_description' with the following arguments: {'ament_cmake_args': None, 'build_base': '/home/bbcontact/magician_ros2/build/dobot_description', 'catkin_cmake_args': None, 'catkin_skip_building_tests': False, 'cmake_args': None, 'cmake_clean_cache': False, 'cmake_clean_first': False, 'cmake_force_configure': False, 'cmake_target': None, 'cmake_target_skip_unavailable': False, 'install_base': '/home/bbcontact/magician_ros2/install/dobot_description', 'merge_install': False, 'path': '/home/bbcontact/magician_ros2/src/magician_ros2/dobot_description', 'symlink_install': True, 'test_result_base': None}
[0.912s] Level 5:colcon.colcon_core.verb:set package 'dobot_driver' build argument 'cmake_args' from command line to 'None'
[0.912s] Level 5:colcon.colcon_core.verb:set package 'dobot_driver' build argument 'cmake_target' from command line to 'None'
[0.912s] Level 5:colcon.colcon_core.verb:set package 'dobot_driver' build argument 'cmake_target_skip_unavailable' from command line to 'False'
[0.912s] Level 5:colcon.colcon_core.verb:set package 'dobot_driver' build argument 'cmake_clean_cache' from command line to 'False'
[0.912s] Level 5:colcon.colcon_core.verb:set package 'dobot_driver' build argument 'cmake_clean_first' from command line to 'False'
[0.912s] Level 5:colcon.colcon_core.verb:set package 'dobot_driver' build argument 'cmake_force_configure' from command line to 'False'
[0.912s] Level 5:colcon.colcon_core.verb:set package 'dobot_driver' build argument 'ament_cmake_args' from command line to 'None'
[0.912s] Level 5:colcon.colcon_core.verb:set package 'dobot_driver' build argument 'catkin_cmake_args' from command line to 'None'
[0.912s] Level 5:colcon.colcon_core.verb:set package 'dobot_driver' build argument 'catkin_skip_building_tests' from command line to 'False'
[0.912s] DEBUG:colcon.colcon_core.verb:Building package 'dobot_driver' with the following arguments: {'ament_cmake_args': None, 'build_base': '/home/bbcontact/magician_ros2/build/dobot_driver', 'catkin_cmake_args': None, 'catkin_skip_building_tests': False, 'cmake_args': None, 'cmake_clean_cache': False, 'cmake_clean_first': False, 'cmake_force_configure': False, 'cmake_target': None, 'cmake_target_skip_unavailable': False, 'install_base': '/home/bbcontact/magician_ros2/install/dobot_driver', 'merge_install': False, 'path': '/home/bbcontact/magician_ros2/src/magician_ros2/dobot_driver', 'symlink_install': True, 'test_result_base': None}
[0.913s] Level 5:colcon.colcon_core.verb:set package 'dobot_msgs' build argument 'cmake_args' from command line to 'None'
[0.913s] Level 5:colcon.colcon_core.verb:set package 'dobot_msgs' build argument 'cmake_target' from command line to 'None'
[0.913s] Level 5:colcon.colcon_core.verb:set package 'dobot_msgs' build argument 'cmake_target_skip_unavailable' from command line to 'False'
[0.913s] Level 5:colcon.colcon_core.verb:set package 'dobot_msgs' build argument 'cmake_clean_cache' from command line to 'False'
[0.913s] Level 5:colcon.colcon_core.verb:set package 'dobot_msgs' build argument 'cmake_clean_first' from command line to 'False'
[0.913s] Level 5:colcon.colcon_core.verb:set package 'dobot_msgs' build argument 'cmake_force_configure' from command line to 'False'
[0.913s] Level 5:colcon.colcon_core.verb:set package 'dobot_msgs' build argument 'ament_cmake_args' from command line to 'None'
[0.913s] Level 5:colcon.colcon_core.verb:set package 'dobot_msgs' build argument 'catkin_cmake_args' from command line to 'None'
[0.913s] Level 5:colcon.colcon_core.verb:set package 'dobot_msgs' build argument 'catkin_skip_building_tests' from command line to 'False'
[0.913s] DEBUG:colcon.colcon_core.verb:Building package 'dobot_msgs' with the following arguments: {'ament_cmake_args': None, 'build_base': '/home/bbcontact/magician_ros2/build/dobot_msgs', 'catkin_cmake_args': None, 'catkin_skip_building_tests': False, 'cmake_args': None, 'cmake_clean_cache': False, 'cmake_clean_first': False, 'cmake_force_configure': False, 'cmake_target': None, 'cmake_target_skip_unavailable': False, 'install_base': '/home/bbcontact/magician_ros2/install/dobot_msgs', 'merge_install': False, 'path': '/home/bbcontact/magician_ros2/src/magician_ros2/dobot_msgs', 'symlink_install': True, 'test_result_base': None}
[0.914s] Level 5:colcon.colcon_core.verb:set package 'orbbec_camera_msgs' build argument 'cmake_args' from command line to 'None'
[0.914s] Level 5:colcon.colcon_core.verb:set package 'orbbec_camera_msgs' build argument 'cmake_target' from command line to 'None'
[0.914s] Level 5:colcon.colcon_core.verb:set package 'orbbec_camera_msgs' build argument 'cmake_target_skip_unavailable' from command line to 'False'
[0.914s] Level 5:colcon.colcon_core.verb:set package 'orbbec_camera_msgs' build argument 'cmake_clean_cache' from command line to 'False'
[0.914s] Level 5:colcon.colcon_core.verb:set package 'orbbec_camera_msgs' build argument 'cmake_clean_first' from command line to 'False'
[0.914s] Level 5:colcon.colcon_core.verb:set package 'orbbec_camera_msgs' build argument 'cmake_force_configure' from command line to 'False'
[0.915s] Level 5:colcon.colcon_core.verb:set package 'orbbec_camera_msgs' build argument 'ament_cmake_args' from command line to 'None'
[0.915s] Level 5:colcon.colcon_core.verb:set package 'orbbec_camera_msgs' build argument 'catkin_cmake_args' from command line to 'None'
[0.915s] Level 5:colcon.colcon_core.verb:set package 'orbbec_camera_msgs' build argument 'catkin_skip_building_tests' from command line to 'False'
[0.915s] DEBUG:colcon.colcon_core.verb:Building package 'orbbec_camera_msgs' with the following arguments: {'ament_cmake_args': None, 'build_base': '/home/bbcontact/magician_ros2/build/orbbec_camera_msgs', 'catkin_cmake_args': None, 'catkin_skip_building_tests': False, 'cmake_args': None, 'cmake_clean_cache': False, 'cmake_clean_first': False, 'cmake_force_configure': False, 'cmake_target': None, 'cmake_target_skip_unavailable': False, 'install_base': '/home/bbcontact/magician_ros2/install/orbbec_camera_msgs', 'merge_install': False, 'path': '/home/bbcontact/magician_ros2/src/OrbbecSDK_ROS2/orbbec_camera_msgs', 'symlink_install': True, 'test_result_base': None}
[0.915s] Level 5:colcon.colcon_core.verb:set package 'dobot_calibration' build argument 'cmake_args' from command line to 'None'
[0.915s] Level 5:colcon.colcon_core.verb:set package 'dobot_calibration' build argument 'cmake_target' from command line to 'None'
[0.915s] Level 5:colcon.colcon_core.verb:set package 'dobot_calibration' build argument 'cmake_target_skip_unavailable' from command line to 'False'
[0.916s] Level 5:colcon.colcon_core.verb:set package 'dobot_calibration' build argument 'cmake_clean_cache' from command line to 'False'
[0.916s] Level 5:colcon.colcon_core.verb:set package 'dobot_calibration' build argument 'cmake_clean_first' from command line to 'False'
[0.916s] Level 5:colcon.colcon_core.verb:set package 'dobot_calibration' build argument 'cmake_force_configure' from command line to 'False'
[0.916s] Level 5:colcon.colcon_core.verb:set package 'dobot_calibration' build argument 'ament_cmake_args' from command line to 'None'
[0.916s] Level 5:colcon.colcon_core.verb:set package 'dobot_calibration' build argument 'catkin_cmake_args' from command line to 'None'
[0.916s] Level 5:colcon.colcon_core.verb:set package 'dobot_calibration' build argument 'catkin_skip_building_tests' from command line to 'False'
[0.916s] DEBUG:colcon.colcon_core.verb:Building package 'dobot_calibration' with the following arguments: {'ament_cmake_args': None, 'build_base': '/home/bbcontact/magician_ros2/build/dobot_calibration', 'catkin_cmake_args': None, 'catkin_skip_building_tests': False, 'cmake_args': None, 'cmake_clean_cache': False, 'cmake_clean_first': False, 'cmake_force_configure': False, 'cmake_target': None, 'cmake_target_skip_unavailable': False, 'install_base': '/home/bbcontact/magician_ros2/install/dobot_calibration', 'merge_install': False, 'path': '/home/bbcontact/magician_ros2/src/magician_ros2/dobot_calibration', 'symlink_install': True, 'test_result_base': None}
[0.916s] Level 5:colcon.colcon_core.verb:set package 'dobot_diagnostics' build argument 'cmake_args' from command line to 'None'
[0.917s] Level 5:colcon.colcon_core.verb:set package 'dobot_diagnostics' build argument 'cmake_target' from command line to 'None'
[0.917s] Level 5:colcon.colcon_core.verb:set package 'dobot_diagnostics' build argument 'cmake_target_skip_unavailable' from command line to 'False'
[0.917s] Level 5:colcon.colcon_core.verb:set package 'dobot_diagnostics' build argument 'cmake_clean_cache' from command line to 'False'
[0.917s] Level 5:colcon.colcon_core.verb:set package 'dobot_diagnostics' build argument 'cmake_clean_first' from command line to 'False'
[0.917s] Level 5:colcon.colcon_core.verb:set package 'dobot_diagnostics' build argument 'cmake_force_configure' from command line to 'False'
[0.917s] Level 5:colcon.colcon_core.verb:set package 'dobot_diagnostics' build argument 'ament_cmake_args' from command line to 'None'
[0.917s] Level 5:colcon.colcon_core.verb:set package 'dobot_diagnostics' build argument 'catkin_cmake_args' from command line to 'None'
[0.917s] Level 5:colcon.colcon_core.verb:set package 'dobot_diagnostics' build argument 'catkin_skip_building_tests' from command line to 'False'
[0.917s] DEBUG:colcon.colcon_core.verb:Building package 'dobot_diagnostics' with the following arguments: {'ament_cmake_args': None, 'build_base': '/home/bbcontact/magician_ros2/build/dobot_diagnostics', 'catkin_cmake_args': None, 'catkin_skip_building_tests': False, 'cmake_args': None, 'cmake_clean_cache': False, 'cmake_clean_first': False, 'cmake_force_configure': False, 'cmake_target': None, 'cmake_target_skip_unavailable': False, 'install_base': '/home/bbcontact/magician_ros2/install/dobot_diagnostics', 'merge_install': False, 'path': '/home/bbcontact/magician_ros2/src/magician_ros2/dobot_diagnostics', 'symlink_install': True, 'test_result_base': None}
[0.918s] Level 5:colcon.colcon_core.verb:set package 'dobot_end_effector' build argument 'cmake_args' from command line to 'None'
[0.918s] Level 5:colcon.colcon_core.verb:set package 'dobot_end_effector' build argument 'cmake_target' from command line to 'None'
[0.918s] Level 5:colcon.colcon_core.verb:set package 'dobot_end_effector' build argument 'cmake_target_skip_unavailable' from command line to 'False'
[0.918s] Level 5:colcon.colcon_core.verb:set package 'dobot_end_effector' build argument 'cmake_clean_cache' from command line to 'False'
[0.918s] Level 5:colcon.colcon_core.verb:set package 'dobot_end_effector' build argument 'cmake_clean_first' from command line to 'False'
[0.918s] Level 5:colcon.colcon_core.verb:set package 'dobot_end_effector' build argument 'cmake_force_configure' from command line to 'False'
[0.918s] Level 5:colcon.colcon_core.verb:set package 'dobot_end_effector' build argument 'ament_cmake_args' from command line to 'None'
[0.918s] Level 5:colcon.colcon_core.verb:set package 'dobot_end_effector' build argument 'catkin_cmake_args' from command line to 'None'
[0.918s] Level 5:colcon.colcon_core.verb:set package 'dobot_end_effector' build argument 'catkin_skip_building_tests' from command line to 'False'
[0.918s] DEBUG:colcon.colcon_core.verb:Building package 'dobot_end_effector' with the following arguments: {'ament_cmake_args': None, 'build_base': '/home/bbcontact/magician_ros2/build/dobot_end_effector', 'catkin_cmake_args': None, 'catkin_skip_building_tests': False, 'cmake_args': None, 'cmake_clean_cache': False, 'cmake_clean_first': False, 'cmake_force_configure': False, 'cmake_target': None, 'cmake_target_skip_unavailable': False, 'install_base': '/home/bbcontact/magician_ros2/install/dobot_end_effector', 'merge_install': False, 'path': '/home/bbcontact/magician_ros2/src/magician_ros2/dobot_end_effector', 'symlink_install': True, 'test_result_base': None}
[0.919s] Level 5:colcon.colcon_core.verb:set package 'dobot_homing' build argument 'cmake_args' from command line to 'None'
[0.919s] Level 5:colcon.colcon_core.verb:set package 'dobot_homing' build argument 'cmake_target' from command line to 'None'
[0.919s] Level 5:colcon.colcon_core.verb:set package 'dobot_homing' build argument 'cmake_target_skip_unavailable' from command line to 'False'
[0.919s] Level 5:colcon.colcon_core.verb:set package 'dobot_homing' build argument 'cmake_clean_cache' from command line to 'False'
[0.919s] Level 5:colcon.colcon_core.verb:set package 'dobot_homing' build argument 'cmake_clean_first' from command line to 'False'
[0.919s] Level 5:colcon.colcon_core.verb:set package 'dobot_homing' build argument 'cmake_force_configure' from command line to 'False'
[0.919s] Level 5:colcon.colcon_core.verb:set package 'dobot_homing' build argument 'ament_cmake_args' from command line to 'None'
[0.919s] Level 5:colcon.colcon_core.verb:set package 'dobot_homing' build argument 'catkin_cmake_args' from command line to 'None'
[0.919s] Level 5:colcon.colcon_core.verb:set package 'dobot_homing' build argument 'catkin_skip_building_tests' from command line to 'False'
[0.919s] DEBUG:colcon.colcon_core.verb:Building package 'dobot_homing' with the following arguments: {'ament_cmake_args': None, 'build_base': '/home/bbcontact/magician_ros2/build/dobot_homing', 'catkin_cmake_args': None, 'catkin_skip_building_tests': False, 'cmake_args': None, 'cmake_clean_cache': False, 'cmake_clean_first': False, 'cmake_force_configure': False, 'cmake_target': None, 'cmake_target_skip_unavailable': False, 'install_base': '/home/bbcontact/magician_ros2/install/dobot_homing', 'merge_install': False, 'path': '/home/bbcontact/magician_ros2/src/magician_ros2/dobot_homing', 'symlink_install': True, 'test_result_base': None}
[0.920s] Level 5:colcon.colcon_core.verb:set package 'dobot_kinematics' build argument 'cmake_args' from command line to 'None'
[0.920s] Level 5:colcon.colcon_core.verb:set package 'dobot_kinematics' build argument 'cmake_target' from command line to 'None'
[0.920s] Level 5:colcon.colcon_core.verb:set package 'dobot_kinematics' build argument 'cmake_target_skip_unavailable' from command line to 'False'
[0.920s] Level 5:colcon.colcon_core.verb:set package 'dobot_kinematics' build argument 'cmake_clean_cache' from command line to 'False'
[0.920s] Level 5:colcon.colcon_core.verb:set package 'dobot_kinematics' build argument 'cmake_clean_first' from command line to 'False'
[0.920s] Level 5:colcon.colcon_core.verb:set package 'dobot_kinematics' build argument 'cmake_force_configure' from command line to 'False'
[0.920s] Level 5:colcon.colcon_core.verb:set package 'dobot_kinematics' build argument 'ament_cmake_args' from command line to 'None'
[0.920s] Level 5:colcon.colcon_core.verb:set package 'dobot_kinematics' build argument 'catkin_cmake_args' from command line to 'None'
[0.920s] Level 5:colcon.colcon_core.verb:set package 'dobot_kinematics' build argument 'catkin_skip_building_tests' from command line to 'False'
[0.920s] DEBUG:colcon.colcon_core.verb:Building package 'dobot_kinematics' with the following arguments: {'ament_cmake_args': None, 'build_base': '/home/bbcontact/magician_ros2/build/dobot_kinematics', 'catkin_cmake_args': None, 'catkin_skip_building_tests': False, 'cmake_args': None, 'cmake_clean_cache': False, 'cmake_clean_first': False, 'cmake_force_configure': False, 'cmake_target': None, 'cmake_target_skip_unavailable': False, 'install_base': '/home/bbcontact/magician_ros2/install/dobot_kinematics', 'merge_install': False, 'path': '/home/bbcontact/magician_ros2/src/magician_ros2/dobot_kinematics', 'symlink_install': True, 'test_result_base': None}
[0.921s] Level 5:colcon.colcon_core.verb:set package 'dobot_motion' build argument 'cmake_args' from command line to 'None'
[0.921s] Level 5:colcon.colcon_core.verb:set package 'dobot_motion' build argument 'cmake_target' from command line to 'None'
[0.921s] Level 5:colcon.colcon_core.verb:set package 'dobot_motion' build argument 'cmake_target_skip_unavailable' from command line to 'False'
[0.921s] Level 5:colcon.colcon_core.verb:set package 'dobot_motion' build argument 'cmake_clean_cache' from command line to 'False'
[0.921s] Level 5:colcon.colcon_core.verb:set package 'dobot_motion' build argument 'cmake_clean_first' from command line to 'False'
[0.921s] Level 5:colcon.colcon_core.verb:set package 'dobot_motion' build argument 'cmake_force_configure' from command line to 'False'
[0.921s] Level 5:colcon.colcon_core.verb:set package 'dobot_motion' build argument 'ament_cmake_args' from command line to 'None'
[0.921s] Level 5:colcon.colcon_core.verb:set package 'dobot_motion' build argument 'catkin_cmake_args' from command line to 'None'
[0.921s] Level 5:colcon.colcon_core.verb:set package 'dobot_motion' build argument 'catkin_skip_building_tests' from command line to 'False'
[0.921s] DEBUG:colcon.colcon_core.verb:Building package 'dobot_motion' with the following arguments: {'ament_cmake_args': None, 'build_base': '/home/bbcontact/magician_ros2/build/dobot_motion', 'catkin_cmake_args': None, 'catkin_skip_building_tests': False, 'cmake_args': None, 'cmake_clean_cache': False, 'cmake_clean_first': False, 'cmake_force_configure': False, 'cmake_target': None, 'cmake_target_skip_unavailable': False, 'install_base': '/home/bbcontact/magician_ros2/install/dobot_motion', 'merge_install': False, 'path': '/home/bbcontact/magician_ros2/src/magician_ros2/dobot_motion', 'symlink_install': True, 'test_result_base': None}
[0.922s] Level 5:colcon.colcon_core.verb:set package 'dobot_state_updater' build argument 'cmake_args' from command line to 'None'
[0.922s] Level 5:colcon.colcon_core.verb:set package 'dobot_state_updater' build argument 'cmake_target' from command line to 'None'
[0.922s] Level 5:colcon.colcon_core.verb:set package 'dobot_state_updater' build argument 'cmake_target_skip_unavailable' from command line to 'False'
[0.922s] Level 5:colcon.colcon_core.verb:set package 'dobot_state_updater' build argument 'cmake_clean_cache' from command line to 'False'
[0.922s] Level 5:colcon.colcon_core.verb:set package 'dobot_state_updater' build argument 'cmake_clean_first' from command line to 'False'
[0.922s] Level 5:colcon.colcon_core.verb:set package 'dobot_state_updater' build argument 'cmake_force_configure' from command line to 'False'
[0.922s] Level 5:colcon.colcon_core.verb:set package 'dobot_state_updater' build argument 'ament_cmake_args' from command line to 'None'
[0.922s] Level 5:colcon.colcon_core.verb:set package 'dobot_state_updater' build argument 'catkin_cmake_args' from command line to 'None'
[0.922s] Level 5:colcon.colcon_core.verb:set package 'dobot_state_updater' build argument 'catkin_skip_building_tests' from command line to 'False'
[0.922s] DEBUG:colcon.colcon_core.verb:Building package 'dobot_state_updater' with the following arguments: {'ament_cmake_args': None, 'build_base': '/home/bbcontact/magician_ros2/build/dobot_state_updater', 'catkin_cmake_args': None, 'catkin_skip_building_tests': False, 'cmake_args': None, 'cmake_clean_cache': False, 'cmake_clean_first': False, 'cmake_force_configure': False, 'cmake_target': None, 'cmake_target_skip_unavailable': False, 'install_base': '/home/bbcontact/magician_ros2/install/dobot_state_updater', 'merge_install': False, 'path': '/home/bbcontact/magician_ros2/src/magician_ros2/dobot_state_updater', 'symlink_install': True, 'test_result_base': None}
[0.923s] Level 5:colcon.colcon_core.verb:set package 'dobot_vision_rgbd' build argument 'cmake_args' from command line to 'None'
[0.923s] Level 5:colcon.colcon_core.verb:set package 'dobot_vision_rgbd' build argument 'cmake_target' from command line to 'None'
[0.923s] Level 5:colcon.colcon_core.verb:set package 'dobot_vision_rgbd' build argument 'cmake_target_skip_unavailable' from command line to 'False'
[0.923s] Level 5:colcon.colcon_core.verb:set package 'dobot_vision_rgbd' build argument 'cmake_clean_cache' from command line to 'False'
[0.923s] Level 5:colcon.colcon_core.verb:set package 'dobot_vision_rgbd' build argument 'cmake_clean_first' from command line to 'False'
[0.923s] Level 5:colcon.colcon_core.verb:set package 'dobot_vision_rgbd' build argument 'cmake_force_configure' from command line to 'False'
[0.923s] Level 5:colcon.colcon_core.verb:set package 'dobot_vision_rgbd' build argument 'ament_cmake_args' from command line to 'None'
[0.923s] Level 5:colcon.colcon_core.verb:set package 'dobot_vision_rgbd' build argument 'catkin_cmake_args' from command line to 'None'
[0.923s] Level 5:colcon.colcon_core.verb:set package 'dobot_vision_rgbd' build argument 'catkin_skip_building_tests' from command line to 'False'
[0.924s] DEBUG:colcon.colcon_core.verb:Building package 'dobot_vision_rgbd' with the following arguments: {'ament_cmake_args': None, 'build_base': '/home/bbcontact/magician_ros2/build/dobot_vision_rgbd', 'catkin_cmake_args': None, 'catkin_skip_building_tests': False, 'cmake_args': None, 'cmake_clean_cache': False, 'cmake_clean_first': False, 'cmake_force_configure': False, 'cmake_target': None, 'cmake_target_skip_unavailable': False, 'install_base': '/home/bbcontact/magician_ros2/install/dobot_vision_rgbd', 'merge_install': False, 'path': '/home/bbcontact/magician_ros2/src/magician_ros2/dobot_vision_rgbd', 'symlink_install': True, 'test_result_base': None}
[0.924s] Level 5:colcon.colcon_core.verb:set package 'orbbec_camera' build argument 'cmake_args' from command line to 'None'
[0.924s] Level 5:colcon.colcon_core.verb:overwrite package 'orbbec_camera' build argument 'cmake_args' from package metadata with '['-DOpenCV_DIR=/usr/lib/x86_64-linux-gnu/cmake/opencv4']' (before: 'None')
[0.924s] Level 5:colcon.colcon_core.verb:set package 'orbbec_camera' build argument 'cmake_target' from command line to 'None'
[0.924s] Level 5:colcon.colcon_core.verb:set package 'orbbec_camera' build argument 'cmake_target_skip_unavailable' from command line to 'False'
[0.924s] Level 5:colcon.colcon_core.verb:set package 'orbbec_camera' build argument 'cmake_clean_cache' from command line to 'False'
[0.924s] Level 5:colcon.colcon_core.verb:set package 'orbbec_camera' build argument 'cmake_clean_first' from command line to 'False'
[0.924s] Level 5:colcon.colcon_core.verb:set package 'orbbec_camera' build argument 'cmake_force_configure' from command line to 'False'
[0.924s] Level 5:colcon.colcon_core.verb:set package 'orbbec_camera' build argument 'ament_cmake_args' from command line to 'None'
[0.925s] Level 5:colcon.colcon_core.verb:set package 'orbbec_camera' build argument 'catkin_cmake_args' from command line to 'None'
[0.925s] Level 5:colcon.colcon_core.verb:set package 'orbbec_camera' build argument 'catkin_skip_building_tests' from command line to 'False'
[0.925s] DEBUG:colcon.colcon_core.verb:Building package 'orbbec_camera' with the following arguments: {'ament_cmake_args': None, 'build_base': '/home/bbcontact/magician_ros2/build/orbbec_camera', 'catkin_cmake_args': None, 'catkin_skip_building_tests': False, 'cmake_args': ['-DOpenCV_DIR=/usr/lib/x86_64-linux-gnu/cmake/opencv4'], 'cmake_clean_cache': False, 'cmake_clean_first': False, 'cmake_force_configure': False, 'cmake_target': None, 'cmake_target_skip_unavailable': False, 'install_base': '/home/bbcontact/magician_ros2/install/orbbec_camera', 'merge_install': False, 'path': '/home/bbcontact/magician_ros2/src/OrbbecSDK_ROS2/orbbec_camera', 'symlink_install': True, 'test_result_base': None}
[0.925s] Level 5:colcon.colcon_core.verb:set package 'dobot_bringup' build argument 'cmake_args' from command line to 'None'
[0.925s] Level 5:colcon.colcon_core.verb:set package 'dobot_bringup' build argument 'cmake_target' from command line to 'None'
[0.925s] Level 5:colcon.colcon_core.verb:set package 'dobot_bringup' build argument 'cmake_target_skip_unavailable' from command line to 'False'
[0.925s] Level 5:colcon.colcon_core.verb:set package 'dobot_bringup' build argument 'cmake_clean_cache' from command line to 'False'
[0.925s] Level 5:colcon.colcon_core.verb:set package 'dobot_bringup' build argument 'cmake_clean_first' from command line to 'False'
[0.925s] Level 5:colcon.colcon_core.verb:set package 'dobot_bringup' build argument 'cmake_force_configure' from command line to 'False'
[0.926s] Level 5:colcon.colcon_core.verb:set package 'dobot_bringup' build argument 'ament_cmake_args' from command line to 'None'
[0.926s] Level 5:colcon.colcon_core.verb:set package 'dobot_bringup' build argument 'catkin_cmake_args' from command line to 'None'
[0.926s] Level 5:colcon.colcon_core.verb:set package 'dobot_bringup' build argument 'catkin_skip_building_tests' from command line to 'False'
[0.926s] DEBUG:colcon.colcon_core.verb:Building package 'dobot_bringup' with the following arguments: {'ament_cmake_args': None, 'build_base': '/home/bbcontact/magician_ros2/build/dobot_bringup', 'catkin_cmake_args': None, 'catkin_skip_building_tests': False, 'cmake_args': None, 'cmake_clean_cache': False, 'cmake_clean_first': False, 'cmake_force_configure': False, 'cmake_target': None, 'cmake_target_skip_unavailable': False, 'install_base': '/home/bbcontact/magician_ros2/install/dobot_bringup', 'merge_install': False, 'path': '/home/bbcontact/magician_ros2/src/magician_ros2/dobot_bringup', 'symlink_install': True, 'test_result_base': None}
[0.926s] Level 5:colcon.colcon_core.verb:set package 'dobot_vision_yolo' build argument 'cmake_args' from command line to 'None'
[0.926s] Level 5:colcon.colcon_core.verb:set package 'dobot_vision_yolo' build argument 'cmake_target' from command line to 'None'
[0.926s] Level 5:colcon.colcon_core.verb:set package 'dobot_vision_yolo' build argument 'cmake_target_skip_unavailable' from command line to 'False'
[0.926s] Level 5:colcon.colcon_core.verb:set package 'dobot_vision_yolo' build argument 'cmake_clean_cache' from command line to 'False'
[0.926s] Level 5:colcon.colcon_core.verb:set package 'dobot_vision_yolo' build argument 'cmake_clean_first' from command line to 'False'
[0.926s] Level 5:colcon.colcon_core.verb:set package 'dobot_vision_yolo' build argument 'cmake_force_configure' from command line to 'False'
[0.927s] Level 5:colcon.colcon_core.verb:set package 'dobot_vision_yolo' build argument 'ament_cmake_args' from command line to 'None'
[0.927s] Level 5:colcon.colcon_core.verb:set package 'dobot_vision_yolo' build argument 'catkin_cmake_args' from command line to 'None'
[0.927s] Level 5:colcon.colcon_core.verb:set package 'dobot_vision_yolo' build argument 'catkin_skip_building_tests' from command line to 'False'
[0.927s] DEBUG:colcon.colcon_core.verb:Building package 'dobot_vision_yolo' with the following arguments: {'ament_cmake_args': None, 'build_base': '/home/bbcontact/magician_ros2/build/dobot_vision_yolo', 'catkin_cmake_args': None, 'catkin_skip_building_tests': False, 'cmake_args': None, 'cmake_clean_cache': False, 'cmake_clean_first': False, 'cmake_force_configure': False, 'cmake_target': None, 'cmake_target_skip_unavailable': False, 'install_base': '/home/bbcontact/magician_ros2/install/dobot_vision_yolo', 'merge_install': False, 'path': '/home/bbcontact/magician_ros2/src/magician_ros2/dobot_vision_yolo', 'symlink_install': True, 'test_result_base': None}
[0.927s] Level 5:colcon.colcon_core.verb:set package 'dobot_web_interface' build argument 'cmake_args' from command line to 'None'
[0.927s] Level 5:colcon.colcon_core.verb:set package 'dobot_web_interface' build argument 'cmake_target' from command line to 'None'
[0.927s] Level 5:colcon.colcon_core.verb:set package 'dobot_web_interface' build argument 'cmake_target_skip_unavailable' from command line to 'False'
[0.927s] Level 5:colcon.colcon_core.verb:set package 'dobot_web_interface' build argument 'cmake_clean_cache' from command line to 'False'
[0.927s] Level 5:colcon.colcon_core.verb:set package 'dobot_web_interface' build argument 'cmake_clean_first' from command line to 'False'
[0.928s] Level 5:colcon.colcon_core.verb:set package 'dobot_web_interface' build argument 'cmake_force_configure' from command line to 'False'
[0.928s] Level 5:colcon.colcon_core.verb:set package 'dobot_web_interface' build argument 'ament_cmake_args' from command line to 'None'
[0.928s] Level 5:colcon.colcon_core.verb:set package 'dobot_web_interface' build argument 'catkin_cmake_args' from command line to 'None'
[0.928s] Level 5:colcon.colcon_core.verb:set package 'dobot_web_interface' build argument 'catkin_skip_building_tests' from command line to 'False'
[0.928s] DEBUG:colcon.colcon_core.verb:Building package 'dobot_web_interface' with the following arguments: {'ament_cmake_args': None, 'build_base': '/home/bbcontact/magician_ros2/build/dobot_web_interface', 'catkin_cmake_args': None, 'catkin_skip_building_tests': False, 'cmake_args': None, 'cmake_clean_cache': False, 'cmake_clean_first': False, 'cmake_force_configure': False, 'cmake_target': None, 'cmake_target_skip_unavailable': False, 'install_base': '/home/bbcontact/magician_ros2/install/dobot_web_interface', 'merge_install': False, 'path': '/home/bbcontact/magician_ros2/src/magician_ros2/dobot_web_interface', 'symlink_install': True, 'test_result_base': None}
[0.928s] INFO:colcon.colcon_core.executor:Executing jobs using 'parallel' executor
[0.929s] DEBUG:colcon.colcon_parallel_executor.executor.parallel:run_until_complete
[0.930s] INFO:colcon.colcon_ros.task.ament_cmake.build:Building ROS package in '/home/bbcontact/magician_ros2/src/magician_ros2/dobot_msgs' with build type 'ament_cmake'
[0.930s] INFO:colcon.colcon_cmake.task.cmake.build:Building CMake package in '/home/bbcontact/magician_ros2/src/magician_ros2/dobot_msgs'
[0.937s] INFO:colcon.colcon_core.plugin_system:Skipping extension 'colcon_core.shell.bat': Not used on non-Windows systems
[0.938s] INFO:colcon.colcon_core.shell:Skip shell extension 'powershell' for command environment: Not usable outside of PowerShell
[0.938s] DEBUG:colcon.colcon_core.shell:Skip shell extension 'dsv' for command environment
[0.945s] INFO:colcon.colcon_ros.task.ament_cmake.build:Building ROS package in '/home/bbcontact/magician_ros2/src/magician_ros2/dobot_driver' with build type 'ament_cmake'
[0.945s] INFO:colcon.colcon_cmake.task.cmake.build:Building CMake package in '/home/bbcontact/magician_ros2/src/magician_ros2/dobot_driver'
[0.946s] INFO:colcon.colcon_core.shell:Skip shell extension 'powershell' for command environment: Not usable outside of PowerShell
[0.946s] DEBUG:colcon.colcon_core.shell:Skip shell extension 'dsv' for command environment
[0.952s] INFO:colcon.colcon_ros.task.ament_cmake.build:Building ROS package in '/home/bbcontact/magician_ros2/src/magician_ros2/dobot_description' with build type 'ament_cmake'
[0.952s] INFO:colcon.colcon_cmake.task.cmake.build:Building CMake package in '/home/bbcontact/magician_ros2/src/magician_ros2/dobot_description'
[0.953s] INFO:colcon.colcon_core.shell:Skip shell extension 'powershell' for command environment: Not usable outside of PowerShell
[0.953s] DEBUG:colcon.colcon_core.shell:Skip shell extension 'dsv' for command environment
[0.959s] INFO:colcon.colcon_ros.task.ament_cmake.build:Building ROS package in '/home/bbcontact/magician_ros2/src/OrbbecSDK_ROS2/orbbec_camera_msgs' with build type 'ament_cmake'
[0.959s] INFO:colcon.colcon_cmake.task.cmake.build:Building CMake package in '/home/bbcontact/magician_ros2/src/OrbbecSDK_ROS2/orbbec_camera_msgs'
[0.960s] INFO:colcon.colcon_core.shell:Skip shell extension 'powershell' for command environment: Not usable outside of PowerShell
[0.960s] DEBUG:colcon.colcon_core.shell:Skip shell extension 'dsv' for command environment
[0.975s] DEBUG:colcon.colcon_core.event_handler.log_command:Invoking command in '/home/bbcontact/magician_ros2/build/dobot_msgs': CMAKE_PREFIX_PATH=${CMAKE_PREFIX_PATH}:/opt/ros/jazzy DEBUGINFOD_URLS=https://debuginfod.ubuntu.com /usr/bin/cmake --build /home/bbcontact/magician_ros2/build/dobot_msgs -- -j8 -l8
[0.982s] DEBUG:colcon.colcon_core.event_handler.log_command:Invoking command in '/home/bbcontact/magician_ros2/build/dobot_driver': CMAKE_PREFIX_PATH=${CMAKE_PREFIX_PATH}:/opt/ros/jazzy DEBUGINFOD_URLS=https://debuginfod.ubuntu.com /usr/bin/cmake --build /home/bbcontact/magician_ros2/build/dobot_driver -- -j8 -l8
[0.989s] DEBUG:colcon.colcon_core.event_handler.log_command:Invoking command in '/home/bbcontact/magician_ros2/build/dobot_description': CMAKE_PREFIX_PATH=${CMAKE_PREFIX_PATH}:/opt/ros/jazzy DEBUGINFOD_URLS=https://debuginfod.ubuntu.com /usr/bin/cmake --build /home/bbcontact/magician_ros2/build/dobot_description -- -j8 -l8
[0.996s] DEBUG:colcon.colcon_core.event_handler.log_command:Invoking command in '/home/bbcontact/magician_ros2/build/orbbec_camera_msgs': CMAKE_PREFIX_PATH=${CMAKE_PREFIX_PATH}:/opt/ros/jazzy DEBUGINFOD_URLS=https://debuginfod.ubuntu.com /usr/bin/cmake --build /home/bbcontact/magician_ros2/build/orbbec_camera_msgs -- -j8 -l8
[1.106s] DEBUG:colcon.colcon_core.event_handler.log_command:Invoked command in '/home/bbcontact/magician_ros2/build/dobot_description' returned '0': CMAKE_PREFIX_PATH=${CMAKE_PREFIX_PATH}:/opt/ros/jazzy DEBUGINFOD_URLS=https://debuginfod.ubuntu.com /usr/bin/cmake --build /home/bbcontact/magician_ros2/build/dobot_description -- -j8 -l8
[1.148s] DEBUG:colcon.colcon_core.event_handler.log_command:Invoking command in '/home/bbcontact/magician_ros2/build/dobot_description': CMAKE_PREFIX_PATH=${CMAKE_PREFIX_PATH}:/opt/ros/jazzy DEBUGINFOD_URLS=https://debuginfod.ubuntu.com /usr/bin/cmake --install /home/bbcontact/magician_ros2/build/dobot_description
[1.337s] Level 1:colcon.colcon_core.environment:create_environment_scripts_only(dobot_description)
[1.342s] DEBUG:colcon.colcon_core.event_handler.log_command:Invoked command in '/home/bbcontact/magician_ros2/build/dobot_description' returned '0': CMAKE_PREFIX_PATH=${CMAKE_PREFIX_PATH}:/opt/ros/jazzy DEBUGINFOD_URLS=https://debuginfod.ubuntu.com /usr/bin/cmake --install /home/bbcontact/magician_ros2/build/dobot_description
[1.385s] Level 1:colcon.colcon_core.environment:checking '/home/bbcontact/magician_ros2/install/dobot_description' for CMake module files
[1.392s] Level 1:colcon.colcon_core.environment:checking '/home/bbcontact/magician_ros2/install/dobot_description' for CMake config files
[1.399s] Level 1:colcon.colcon_core.shell:create_environment_hook('dobot_description', 'cmake_prefix_path')
[1.400s] INFO:colcon.colcon_core.shell:Creating environment hook '/home/bbcontact/magician_ros2/install/dobot_description/share/dobot_description/hook/cmake_prefix_path.ps1'
[1.408s] INFO:colcon.colcon_core.shell:Creating environment descriptor '/home/bbcontact/magician_ros2/install/dobot_description/share/dobot_description/hook/cmake_prefix_path.dsv'
[1.410s] INFO:colcon.colcon_core.shell:Creating environment hook '/home/bbcontact/magician_ros2/install/dobot_description/share/dobot_description/hook/cmake_prefix_path.sh'
[1.429s] Level 1:colcon.colcon_core.environment:checking '/home/bbcontact/magician_ros2/install/dobot_description/bin'
[1.429s] Level 1:colcon.colcon_core.environment:checking '/home/bbcontact/magician_ros2/install/dobot_description/lib/pkgconfig/dobot_description.pc'
[1.430s] Level 1:colcon.colcon_core.environment:checking '/home/bbcontact/magician_ros2/install/dobot_description/lib/python3.12/site-packages'
[1.438s] Level 1:colcon.colcon_core.environment:checking '/home/bbcontact/magician_ros2/install/dobot_description/bin'
[1.439s] INFO:colcon.colcon_core.shell:Creating package script '/home/bbcontact/magician_ros2/install/dobot_description/share/dobot_description/package.ps1'
[1.456s] INFO:colcon.colcon_core.shell:Creating package descriptor '/home/bbcontact/magician_ros2/install/dobot_description/share/dobot_description/package.dsv'
[1.464s] INFO:colcon.colcon_core.shell:Creating package script '/home/bbcontact/magician_ros2/install/dobot_description/share/dobot_description/package.sh'
[1.473s] INFO:colcon.colcon_core.shell:Creating package script '/home/bbcontact/magician_ros2/install/dobot_description/share/dobot_description/package.bash'
[1.485s] INFO:colcon.colcon_core.shell:Creating package script '/home/bbcontact/magician_ros2/install/dobot_description/share/dobot_description/package.zsh'
[1.489s] Level 1:colcon.colcon_core.environment:create_file_with_runtime_dependencies(/home/bbcontact/magician_ros2/install/dobot_description/share/colcon-core/packages/dobot_description)
[1.496s] Level 1:colcon.colcon_core.environment:create_environment_scripts_only(dobot_description)
[1.505s] Level 1:colcon.colcon_core.environment:checking '/home/bbcontact/magician_ros2/install/dobot_description' for CMake module files
[1.511s] Level 1:colcon.colcon_core.environment:checking '/home/bbcontact/magician_ros2/install/dobot_description' for CMake config files
[1.517s] Level 1:colcon.colcon_core.shell:create_environment_hook('dobot_description', 'cmake_prefix_path')
[1.518s] INFO:colcon.colcon_core.shell:Creating environment hook '/home/bbcontact/magician_ros2/install/dobot_description/share/dobot_description/hook/cmake_prefix_path.ps1'
[1.524s] INFO:colcon.colcon_core.shell:Creating environment descriptor '/home/bbcontact/magician_ros2/install/dobot_description/share/dobot_description/hook/cmake_prefix_path.dsv'
[1.526s] INFO:colcon.colcon_core.shell:Creating environment hook '/home/bbcontact/magician_ros2/install/dobot_description/share/dobot_description/hook/cmake_prefix_path.sh'
[1.531s] Level 1:colcon.colcon_core.environment:checking '/home/bbcontact/magician_ros2/install/dobot_description/bin'
[1.532s] Level 1:colcon.colcon_core.environment:checking '/home/bbcontact/magician_ros2/install/dobot_description/lib/pkgconfig/dobot_description.pc'
[1.533s] Level 1:colcon.colcon_core.environment:checking '/home/bbcontact/magician_ros2/install/dobot_description/lib/python3.12/site-packages'
[1.538s] Level 1:colcon.colcon_core.environment:checking '/home/bbcontact/magician_ros2/install/dobot_description/bin'
[1.539s] INFO:colcon.colcon_core.shell:Creating package script '/home/bbcontact/magician_ros2/install/dobot_description/share/dobot_description/package.ps1'
[1.548s] INFO:colcon.colcon_core.shell:Creating package descriptor '/home/bbcontact/magician_ros2/install/dobot_description/share/dobot_description/package.dsv'
[1.551s] INFO:colcon.colcon_core.shell:Creating package script '/home/bbcontact/magician_ros2/install/dobot_description/share/dobot_description/package.sh'
[1.556s] INFO:colcon.colcon_core.shell:Creating package script '/home/bbcontact/magician_ros2/install/dobot_description/share/dobot_description/package.bash'
[1.561s] INFO:colcon.colcon_core.shell:Creating package script '/home/bbcontact/magician_ros2/install/dobot_description/share/dobot_description/package.zsh'
[1.565s] Level 1:colcon.colcon_core.environment:create_file_with_runtime_dependencies(/home/bbcontact/magician_ros2/install/dobot_description/share/colcon-core/packages/dobot_description)
[2.791s] DEBUG:colcon.colcon_core.event_handler.log_command:Invoked command in '/home/bbcontact/magician_ros2/build/dobot_driver' returned '0': CMAKE_PREFIX_PATH=${CMAKE_PREFIX_PATH}:/opt/ros/jazzy DEBUGINFOD_URLS=https://debuginfod.ubuntu.com /usr/bin/cmake --build /home/bbcontact/magician_ros2/build/dobot_driver -- -j8 -l8
[2.795s] DEBUG:colcon.colcon_core.event_handler.log_command:Invoking command in '/home/bbcontact/magician_ros2/build/dobot_driver': CMAKE_PREFIX_PATH=${CMAKE_PREFIX_PATH}:/opt/ros/jazzy DEBUGINFOD_URLS=https://debuginfod.ubuntu.com /usr/bin/cmake --install /home/bbcontact/magician_ros2/build/dobot_driver
[2.848s] DEBUG:colcon.colcon_core.event_handler.log_command:Invoked command in '/home/bbcontact/magician_ros2/build/dobot_msgs' returned '0': CMAKE_PREFIX_PATH=${CMAKE_PREFIX_PATH}:/opt/ros/jazzy DEBUGINFOD_URLS=https://debuginfod.ubuntu.com /usr/bin/cmake --build /home/bbcontact/magician_ros2/build/dobot_msgs -- -j8 -l8
[2.852s] DEBUG:colcon.colcon_core.event_handler.log_command:Invoking command in '/home/bbcontact/magician_ros2/build/dobot_msgs': CMAKE_PREFIX_PATH=${CMAKE_PREFIX_PATH}:/opt/ros/jazzy DEBUGINFOD_URLS=https://debuginfod.ubuntu.com /usr/bin/cmake --install /home/bbcontact/magician_ros2/build/dobot_msgs
[2.857s] DEBUG:colcon.colcon_core.event_handler.log_command:Invoked command in '/home/bbcontact/magician_ros2/build/orbbec_camera_msgs' returned '0': CMAKE_PREFIX_PATH=${CMAKE_PREFIX_PATH}:/opt/ros/jazzy DEBUGINFOD_URLS=https://debuginfod.ubuntu.com /usr/bin/cmake --build /home/bbcontact/magician_ros2/build/orbbec_camera_msgs -- -j8 -l8
[2.861s] DEBUG:colcon.colcon_core.event_handler.log_command:Invoking command in '/home/bbcontact/magician_ros2/build/orbbec_camera_msgs': CMAKE_PREFIX_PATH=${CMAKE_PREFIX_PATH}:/opt/ros/jazzy DEBUGINFOD_URLS=https://debuginfod.ubuntu.com /usr/bin/cmake --install /home/bbcontact/magician_ros2/build/orbbec_camera_msgs
[3.040s] Level 1:colcon.colcon_core.environment:create_environment_scripts_only(dobot_driver)
[3.040s] Level 1:colcon.colcon_core.environment:checking '/home/bbcontact/magician_ros2/install/dobot_driver' for CMake module files
[3.050s] Level 1:colcon.colcon_core.environment:checking '/home/bbcontact/magician_ros2/install/dobot_driver' for CMake config files
[3.063s] Level 1:colcon.colcon_core.shell:create_environment_hook('dobot_driver', 'cmake_prefix_path')
[3.064s] INFO:colcon.colcon_core.shell:Creating environment hook '/home/bbcontact/magician_ros2/install/dobot_driver/share/dobot_driver/hook/cmake_prefix_path.ps1'
[3.068s] INFO:colcon.colcon_core.shell:Creating environment descriptor '/home/bbcontact/magician_ros2/install/dobot_driver/share/dobot_driver/hook/cmake_prefix_path.dsv'
[3.071s] INFO:colcon.colcon_core.shell:Creating environment hook '/home/bbcontact/magician_ros2/install/dobot_driver/share/dobot_driver/hook/cmake_prefix_path.sh'
[3.074s] Level 1:colcon.colcon_core.environment:checking '/home/bbcontact/magician_ros2/install/dobot_driver/lib'
[3.074s] Level 1:colcon.colcon_core.environment:checking '/home/bbcontact/magician_ros2/install/dobot_driver/bin'
[3.075s] Level 1:colcon.colcon_core.environment:checking '/home/bbcontact/magician_ros2/install/dobot_driver/lib/pkgconfig/dobot_driver.pc'
[3.075s] Level 1:colcon.colcon_core.environment:checking '/home/bbcontact/magician_ros2/install/dobot_driver/lib/python3.12/site-packages'
[3.076s] Level 1:colcon.colcon_core.shell:create_environment_hook('dobot_driver', 'pythonpath')
[3.077s] INFO:colcon.colcon_core.shell:Creating environment hook '/home/bbcontact/magician_ros2/install/dobot_driver/share/dobot_driver/hook/pythonpath.ps1'
[3.081s] INFO:colcon.colcon_core.shell:Creating environment descriptor '/home/bbcontact/magician_ros2/install/dobot_driver/share/dobot_driver/hook/pythonpath.dsv'
[3.084s] INFO:colcon.colcon_core.shell:Creating environment hook '/home/bbcontact/magician_ros2/install/dobot_driver/share/dobot_driver/hook/pythonpath.sh'
[3.086s] Level 1:colcon.colcon_core.environment:checking '/home/bbcontact/magician_ros2/install/dobot_driver/bin'
[3.087s] INFO:colcon.colcon_core.shell:Creating package script '/home/bbcontact/magician_ros2/install/dobot_driver/share/dobot_driver/package.ps1'
[3.089s] INFO:colcon.colcon_core.shell:Creating package descriptor '/home/bbcontact/magician_ros2/install/dobot_driver/share/dobot_driver/package.dsv'
[3.091s] INFO:colcon.colcon_core.shell:Creating package script '/home/bbcontact/magician_ros2/install/dobot_driver/share/dobot_driver/package.sh'
[3.094s] INFO:colcon.colcon_core.shell:Creating package script '/home/bbcontact/magician_ros2/install/dobot_driver/share/dobot_driver/package.bash'
[3.098s] INFO:colcon.colcon_core.shell:Creating package script '/home/bbcontact/magician_ros2/install/dobot_driver/share/dobot_driver/package.zsh'
[3.100s] Level 1:colcon.colcon_core.environment:create_file_with_runtime_dependencies(/home/bbcontact/magician_ros2/install/dobot_driver/share/colcon-core/packages/dobot_driver)
[3.104s] Level 1:colcon.colcon_core.environment:create_environment_scripts_only(dobot_driver)
[3.104s] Level 1:colcon.colcon_core.environment:checking '/home/bbcontact/magician_ros2/install/dobot_driver' for CMake module files
[3.109s] Level 1:colcon.colcon_core.environment:checking '/home/bbcontact/magician_ros2/install/dobot_driver' for CMake config files
[3.132s] Level 1:colcon.colcon_core.shell:create_environment_hook('dobot_driver', 'cmake_prefix_path')
[3.134s] INFO:colcon.colcon_core.shell:Creating environment hook '/home/bbcontact/magician_ros2/install/dobot_driver/share/dobot_driver/hook/cmake_prefix_path.ps1'
[3.137s] INFO:colcon.colcon_core.shell:Creating environment descriptor '/home/bbcontact/magician_ros2/install/dobot_driver/share/dobot_driver/hook/cmake_prefix_path.dsv'
[3.139s] INFO:colcon.colcon_core.shell:Creating environment hook '/home/bbcontact/magician_ros2/install/dobot_driver/share/dobot_driver/hook/cmake_prefix_path.sh'
[3.142s] Level 1:colcon.colcon_core.environment:checking '/home/bbcontact/magician_ros2/install/dobot_driver/lib'
[3.142s] Level 1:colcon.colcon_core.environment:checking '/home/bbcontact/magician_ros2/install/dobot_driver/bin'
[3.143s] Level 1:colcon.colcon_core.environment:checking '/home/bbcontact/magician_ros2/install/dobot_driver/lib/pkgconfig/dobot_driver.pc'
[3.143s] Level 1:colcon.colcon_core.environment:checking '/home/bbcontact/magician_ros2/install/dobot_driver/lib/python3.12/site-packages'
[3.144s] Level 1:colcon.colcon_core.shell:create_environment_hook('dobot_driver', 'pythonpath')
[3.144s] INFO:colcon.colcon_core.shell:Creating environment hook '/home/bbcontact/magician_ros2/install/dobot_driver/share/dobot_driver/hook/pythonpath.ps1'
[3.147s] INFO:colcon.colcon_core.shell:Creating environment descriptor '/home/bbcontact/magician_ros2/install/dobot_driver/share/dobot_driver/hook/pythonpath.dsv'
[3.148s] DEBUG:colcon.colcon_core.event_handler.log_command:Invoked command in '/home/bbcontact/magician_ros2/build/dobot_driver' returned '0': CMAKE_PREFIX_PATH=${CMAKE_PREFIX_PATH}:/opt/ros/jazzy DEBUGINFOD_URLS=https://debuginfod.ubuntu.com /usr/bin/cmake --install /home/bbcontact/magician_ros2/build/dobot_driver
[3.149s] INFO:colcon.colcon_core.shell:Creating environment hook '/home/bbcontact/magician_ros2/install/dobot_driver/share/dobot_driver/hook/pythonpath.sh'
[3.151s] Level 1:colcon.colcon_core.environment:checking '/home/bbcontact/magician_ros2/install/dobot_driver/bin'
[3.151s] INFO:colcon.colcon_core.shell:Creating package script '/home/bbcontact/magician_ros2/install/dobot_driver/share/dobot_driver/package.ps1'
[3.153s] INFO:colcon.colcon_core.shell:Creating package descriptor '/home/bbcontact/magician_ros2/install/dobot_driver/share/dobot_driver/package.dsv'
[3.154s] INFO:colcon.colcon_core.shell:Creating package script '/home/bbcontact/magician_ros2/install/dobot_driver/share/dobot_driver/package.sh'
[3.155s] INFO:colcon.colcon_core.shell:Creating package script '/home/bbcontact/magician_ros2/install/dobot_driver/share/dobot_driver/package.bash'
[3.156s] INFO:colcon.colcon_core.shell:Creating package script '/home/bbcontact/magician_ros2/install/dobot_driver/share/dobot_driver/package.zsh'
[3.157s] Level 1:colcon.colcon_core.environment:create_file_with_runtime_dependencies(/home/bbcontact/magician_ros2/install/dobot_driver/share/colcon-core/packages/dobot_driver)
[3.213s] Level 1:colcon.colcon_core.environment:create_environment_scripts_only(dobot_msgs)
[3.214s] Level 1:colcon.colcon_core.environment:checking '/home/bbcontact/magician_ros2/install/dobot_msgs' for CMake module files
[3.215s] DEBUG:colcon.colcon_core.event_handler.log_command:Invoked command in '/home/bbcontact/magician_ros2/build/dobot_msgs' returned '0': CMAKE_PREFIX_PATH=${CMAKE_PREFIX_PATH}:/opt/ros/jazzy DEBUGINFOD_URLS=https://debuginfod.ubuntu.com /usr/bin/cmake --install /home/bbcontact/magician_ros2/build/dobot_msgs
[3.216s] Level 1:colcon.colcon_core.environment:checking '/home/bbcontact/magician_ros2/install/dobot_msgs' for CMake config files
[3.217s] Level 1:colcon.colcon_core.shell:create_environment_hook('dobot_msgs', 'cmake_prefix_path')
[3.218s] INFO:colcon.colcon_core.shell:Creating environment hook '/home/bbcontact/magician_ros2/install/dobot_msgs/share/dobot_msgs/hook/cmake_prefix_path.ps1'
[3.219s] INFO:colcon.colcon_core.shell:Creating environment descriptor '/home/bbcontact/magician_ros2/install/dobot_msgs/share/dobot_msgs/hook/cmake_prefix_path.dsv'
[3.219s] INFO:colcon.colcon_core.shell:Creating environment hook '/home/bbcontact/magician_ros2/install/dobot_msgs/share/dobot_msgs/hook/cmake_prefix_path.sh'
[3.220s] Level 1:colcon.colcon_core.environment:checking '/home/bbcontact/magician_ros2/install/dobot_msgs/lib'
[3.221s] Level 1:colcon.colcon_core.shell:create_environment_hook('dobot_msgs', 'ld_library_path_lib')
[3.221s] INFO:colcon.colcon_core.shell:Creating environment hook '/home/bbcontact/magician_ros2/install/dobot_msgs/share/dobot_msgs/hook/ld_library_path_lib.ps1'
[3.222s] INFO:colcon.colcon_core.shell:Creating environment descriptor '/home/bbcontact/magician_ros2/install/dobot_msgs/share/dobot_msgs/hook/ld_library_path_lib.dsv'
[3.222s] INFO:colcon.colcon_core.shell:Creating environment hook '/home/bbcontact/magician_ros2/install/dobot_msgs/share/dobot_msgs/hook/ld_library_path_lib.sh'
[3.223s] Level 1:colcon.colcon_core.environment:checking '/home/bbcontact/magician_ros2/install/dobot_msgs/bin'
[3.223s] Level 1:colcon.colcon_core.environment:checking '/home/bbcontact/magician_ros2/install/dobot_msgs/lib/pkgconfig/dobot_msgs.pc'
[3.224s] Level 1:colcon.colcon_core.environment:checking '/home/bbcontact/magician_ros2/install/dobot_msgs/lib/python3.12/site-packages'
[3.224s] Level 1:colcon.colcon_core.shell:create_environment_hook('dobot_msgs', 'pythonpath')
[3.225s] INFO:colcon.colcon_core.shell:Creating environment hook '/home/bbcontact/magician_ros2/install/dobot_msgs/share/dobot_msgs/hook/pythonpath.ps1'
[3.225s] INFO:colcon.colcon_core.shell:Creating environment descriptor '/home/bbcontact/magician_ros2/install/dobot_msgs/share/dobot_msgs/hook/pythonpath.dsv'
[3.226s] INFO:colcon.colcon_core.shell:Creating environment hook '/home/bbcontact/magician_ros2/install/dobot_msgs/share/dobot_msgs/hook/pythonpath.sh'
[3.228s] Level 1:colcon.colcon_core.environment:checking '/home/bbcontact/magician_ros2/install/dobot_msgs/bin'
[3.228s] INFO:colcon.colcon_core.shell:Creating package script '/home/bbcontact/magician_ros2/install/dobot_msgs/share/dobot_msgs/package.ps1'
[3.230s] INFO:colcon.colcon_core.shell:Creating package descriptor '/home/bbcontact/magician_ros2/install/dobot_msgs/share/dobot_msgs/package.dsv'
[3.231s] INFO:colcon.colcon_core.shell:Creating package script '/home/bbcontact/magician_ros2/install/dobot_msgs/share/dobot_msgs/package.sh'
[3.232s] INFO:colcon.colcon_core.shell:Creating package script '/home/bbcontact/magician_ros2/install/dobot_msgs/share/dobot_msgs/package.bash'
[3.232s] INFO:colcon.colcon_core.shell:Creating package script '/home/bbcontact/magician_ros2/install/dobot_msgs/share/dobot_msgs/package.zsh'
[3.233s] Level 1:colcon.colcon_core.environment:create_file_with_runtime_dependencies(/home/bbcontact/magician_ros2/install/dobot_msgs/share/colcon-core/packages/dobot_msgs)
[3.234s] Level 1:colcon.colcon_core.environment:create_environment_scripts_only(dobot_msgs)
[3.234s] Level 1:colcon.colcon_core.environment:checking '/home/bbcontact/magician_ros2/install/dobot_msgs' for CMake module files
[3.236s] Level 1:colcon.colcon_core.environment:checking '/home/bbcontact/magician_ros2/install/dobot_msgs' for CMake config files
[3.237s] Level 1:colcon.colcon_core.shell:create_environment_hook('dobot_msgs', 'cmake_prefix_path')
[3.237s] INFO:colcon.colcon_core.shell:Creating environment hook '/home/bbcontact/magician_ros2/install/dobot_msgs/share/dobot_msgs/hook/cmake_prefix_path.ps1'
[3.238s] INFO:colcon.colcon_core.shell:Creating environment descriptor '/home/bbcontact/magician_ros2/install/dobot_msgs/share/dobot_msgs/hook/cmake_prefix_path.dsv'
[3.239s] INFO:colcon.colcon_core.shell:Creating environment hook '/home/bbcontact/magician_ros2/install/dobot_msgs/share/dobot_msgs/hook/cmake_prefix_path.sh'
[3.240s] Level 1:colcon.colcon_core.environment:checking '/home/bbcontact/magician_ros2/install/dobot_msgs/lib'
[3.240s] Level 1:colcon.colcon_core.shell:create_environment_hook('dobot_msgs', 'ld_library_path_lib')
[3.240s] INFO:colcon.colcon_core.shell:Creating environment hook '/home/bbcontact/magician_ros2/install/dobot_msgs/share/dobot_msgs/hook/ld_library_path_lib.ps1'
[3.241s] INFO:colcon.colcon_core.shell:Creating environment descriptor '/home/bbcontact/magician_ros2/install/dobot_msgs/share/dobot_msgs/hook/ld_library_path_lib.dsv'
[3.242s] INFO:colcon.colcon_core.shell:Creating environment hook '/home/bbcontact/magician_ros2/install/dobot_msgs/share/dobot_msgs/hook/ld_library_path_lib.sh'
[3.243s] Level 1:colcon.colcon_core.environment:checking '/home/bbcontact/magician_ros2/install/dobot_msgs/bin'
[3.243s] Level 1:colcon.colcon_core.environment:checking '/home/bbcontact/magician_ros2/install/dobot_msgs/lib/pkgconfig/dobot_msgs.pc'
[3.243s] Level 1:colcon.colcon_core.environment:checking '/home/bbcontact/magician_ros2/install/dobot_msgs/lib/python3.12/site-packages'
[3.243s] Level 1:colcon.colcon_core.shell:create_environment_hook('dobot_msgs', 'pythonpath')
[3.244s] INFO:colcon.colcon_core.shell:Creating environment hook '/home/bbcontact/magician_ros2/install/dobot_msgs/share/dobot_msgs/hook/pythonpath.ps1'
[3.244s] INFO:colcon.colcon_core.shell:Creating environment descriptor '/home/bbcontact/magician_ros2/install/dobot_msgs/share/dobot_msgs/hook/pythonpath.dsv'
[3.245s] INFO:colcon.colcon_core.shell:Creating environment hook '/home/bbcontact/magician_ros2/install/dobot_msgs/share/dobot_msgs/hook/pythonpath.sh'
[3.247s] Level 1:colcon.colcon_core.environment:checking '/home/bbcontact/magician_ros2/install/dobot_msgs/bin'
[3.247s] INFO:colcon.colcon_core.shell:Creating package script '/home/bbcontact/magician_ros2/install/dobot_msgs/share/dobot_msgs/package.ps1'
[3.249s] INFO:colcon.colcon_core.shell:Creating package descriptor '/home/bbcontact/magician_ros2/install/dobot_msgs/share/dobot_msgs/package.dsv'
[3.250s] INFO:colcon.colcon_core.shell:Creating package script '/home/bbcontact/magician_ros2/install/dobot_msgs/share/dobot_msgs/package.sh'
[3.250s] INFO:colcon.colcon_core.shell:Creating package script '/home/bbcontact/magician_ros2/install/dobot_msgs/share/dobot_msgs/package.bash'
[3.251s] INFO:colcon.colcon_core.shell:Creating package script '/home/bbcontact/magician_ros2/install/dobot_msgs/share/dobot_msgs/package.zsh'
[3.252s] Level 1:colcon.colcon_core.environment:create_file_with_runtime_dependencies(/home/bbcontact/magician_ros2/install/dobot_msgs/share/colcon-core/packages/dobot_msgs)
[3.253s] INFO:colcon.colcon_ros.task.ament_python.build:Building ROS package in '/home/bbcontact/magician_ros2/src/magician_ros2/dobot_calibration' with build type 'ament_python'
[3.253s] Level 1:colcon.colcon_core.shell:create_environment_hook('dobot_calibration', 'ament_prefix_path')
[3.254s] INFO:colcon.colcon_core.shell:Creating environment hook '/home/bbcontact/magician_ros2/install/dobot_calibration/share/dobot_calibration/hook/ament_prefix_path.ps1'
[3.255s] INFO:colcon.colcon_core.shell:Creating environment descriptor '/home/bbcontact/magician_ros2/install/dobot_calibration/share/dobot_calibration/hook/ament_prefix_path.dsv'
[3.255s] INFO:colcon.colcon_core.shell:Creating environment hook '/home/bbcontact/magician_ros2/install/dobot_calibration/share/dobot_calibration/hook/ament_prefix_path.sh'
[3.256s] INFO:colcon.colcon_core.shell:Skip shell extension 'powershell' for command environment: Not usable outside of PowerShell
[3.256s] DEBUG:colcon.colcon_core.shell:Skip shell extension 'dsv' for command environment
[3.262s] INFO:colcon.colcon_ros.task.ament_python.build:Building ROS package in '/home/bbcontact/magician_ros2/src/magician_ros2/dobot_diagnostics' with build type 'ament_python'
[3.262s] Level 1:colcon.colcon_core.shell:create_environment_hook('dobot_diagnostics', 'ament_prefix_path')
[3.262s] INFO:colcon.colcon_core.shell:Creating environment hook '/home/bbcontact/magician_ros2/install/dobot_diagnostics/share/dobot_diagnostics/hook/ament_prefix_path.ps1'
[3.263s] INFO:colcon.colcon_core.shell:Creating environment descriptor '/home/bbcontact/magician_ros2/install/dobot_diagnostics/share/dobot_diagnostics/hook/ament_prefix_path.dsv'
[3.264s] INFO:colcon.colcon_core.shell:Creating environment hook '/home/bbcontact/magician_ros2/install/dobot_diagnostics/share/dobot_diagnostics/hook/ament_prefix_path.sh'
[3.265s] INFO:colcon.colcon_core.shell:Skip shell extension 'powershell' for command environment: Not usable outside of PowerShell
[3.265s] DEBUG:colcon.colcon_core.shell:Skip shell extension 'dsv' for command environment
[3.270s] INFO:colcon.colcon_ros.task.ament_python.build:Building ROS package in '/home/bbcontact/magician_ros2/src/magician_ros2/dobot_end_effector' with build type 'ament_python'
[3.271s] Level 1:colcon.colcon_core.shell:create_environment_hook('dobot_end_effector', 'ament_prefix_path')
[3.271s] INFO:colcon.colcon_core.shell:Creating environment hook '/home/bbcontact/magician_ros2/install/dobot_end_effector/share/dobot_end_effector/hook/ament_prefix_path.ps1'
[3.272s] INFO:colcon.colcon_core.shell:Creating environment descriptor '/home/bbcontact/magician_ros2/install/dobot_end_effector/share/dobot_end_effector/hook/ament_prefix_path.dsv'
[3.272s] INFO:colcon.colcon_core.shell:Creating environment hook '/home/bbcontact/magician_ros2/install/dobot_end_effector/share/dobot_end_effector/hook/ament_prefix_path.sh'
[3.273s] INFO:colcon.colcon_core.shell:Skip shell extension 'powershell' for command environment: Not usable outside of PowerShell
[3.273s] DEBUG:colcon.colcon_core.shell:Skip shell extension 'dsv' for command environment
[3.279s] INFO:colcon.colcon_ros.task.ament_python.build:Building ROS package in '/home/bbcontact/magician_ros2/src/magician_ros2/dobot_homing' with build type 'ament_python'
[3.279s] Level 1:colcon.colcon_core.shell:create_environment_hook('dobot_homing', 'ament_prefix_path')
[3.279s] INFO:colcon.colcon_core.shell:Creating environment hook '/home/bbcontact/magician_ros2/install/dobot_homing/share/dobot_homing/hook/ament_prefix_path.ps1'
[3.280s] INFO:colcon.colcon_core.shell:Creating environment descriptor '/home/bbcontact/magician_ros2/install/dobot_homing/share/dobot_homing/hook/ament_prefix_path.dsv'
[3.281s] INFO:colcon.colcon_core.shell:Creating environment hook '/home/bbcontact/magician_ros2/install/dobot_homing/share/dobot_homing/hook/ament_prefix_path.sh'
[3.282s] INFO:colcon.colcon_core.shell:Skip shell extension 'powershell' for command environment: Not usable outside of PowerShell
[3.282s] DEBUG:colcon.colcon_core.shell:Skip shell extension 'dsv' for command environment
[3.289s] INFO:colcon.colcon_ros.task.ament_python.build:Building ROS package in '/home/bbcontact/magician_ros2/src/magician_ros2/dobot_kinematics' with build type 'ament_python'
[3.289s] Level 1:colcon.colcon_core.shell:create_environment_hook('dobot_kinematics', 'ament_prefix_path')
[3.290s] INFO:colcon.colcon_core.shell:Creating environment hook '/home/bbcontact/magician_ros2/install/dobot_kinematics/share/dobot_kinematics/hook/ament_prefix_path.ps1'
[3.290s] INFO:colcon.colcon_core.shell:Creating environment descriptor '/home/bbcontact/magician_ros2/install/dobot_kinematics/share/dobot_kinematics/hook/ament_prefix_path.dsv'
[3.291s] INFO:colcon.colcon_core.shell:Creating environment hook '/home/bbcontact/magician_ros2/install/dobot_kinematics/share/dobot_kinematics/hook/ament_prefix_path.sh'
[3.292s] INFO:colcon.colcon_core.shell:Skip shell extension 'powershell' for command environment: Not usable outside of PowerShell
[3.292s] DEBUG:colcon.colcon_core.shell:Skip shell extension 'dsv' for command environment
[3.297s] INFO:colcon.colcon_ros.task.ament_python.build:Building ROS package in '/home/bbcontact/magician_ros2/src/magician_ros2/dobot_motion' with build type 'ament_python'
[3.298s] Level 1:colcon.colcon_core.shell:create_environment_hook('dobot_motion', 'ament_prefix_path')
[3.298s] INFO:colcon.colcon_core.shell:Creating environment hook '/home/bbcontact/magician_ros2/install/dobot_motion/share/dobot_motion/hook/ament_prefix_path.ps1'
[3.299s] INFO:colcon.colcon_core.shell:Creating environment descriptor '/home/bbcontact/magician_ros2/install/dobot_motion/share/dobot_motion/hook/ament_prefix_path.dsv'
[3.299s] INFO:colcon.colcon_core.shell:Creating environment hook '/home/bbcontact/magician_ros2/install/dobot_motion/share/dobot_motion/hook/ament_prefix_path.sh'
[3.300s] INFO:colcon.colcon_core.shell:Skip shell extension 'powershell' for command environment: Not usable outside of PowerShell
[3.300s] DEBUG:colcon.colcon_core.shell:Skip shell extension 'dsv' for command environment
[3.306s] INFO:colcon.colcon_ros.task.ament_python.build:Building ROS package in '/home/bbcontact/magician_ros2/src/magician_ros2/dobot_state_updater' with build type 'ament_python'
[3.306s] Level 1:colcon.colcon_core.shell:create_environment_hook('dobot_state_updater', 'ament_prefix_path')
[3.307s] INFO:colcon.colcon_core.shell:Creating environment hook '/home/bbcontact/magician_ros2/install/dobot_state_updater/share/dobot_state_updater/hook/ament_prefix_path.ps1'
[3.308s] INFO:colcon.colcon_core.shell:Creating environment descriptor '/home/bbcontact/magician_ros2/install/dobot_state_updater/share/dobot_state_updater/hook/ament_prefix_path.dsv'
[3.308s] INFO:colcon.colcon_core.shell:Creating environment hook '/home/bbcontact/magician_ros2/install/dobot_state_updater/share/dobot_state_updater/hook/ament_prefix_path.sh'
[3.309s] INFO:colcon.colcon_core.shell:Skip shell extension 'powershell' for command environment: Not usable outside of PowerShell
[3.309s] DEBUG:colcon.colcon_core.shell:Skip shell extension 'dsv' for command environment
[3.317s] Level 1:colcon.colcon_core.environment:create_environment_scripts_only(orbbec_camera_msgs)
[3.318s] Level 1:colcon.colcon_core.environment:checking '/home/bbcontact/magician_ros2/install/orbbec_camera_msgs' for CMake module files
[3.323s] DEBUG:colcon.colcon_core.event_handler.log_command:Invoked command in '/home/bbcontact/magician_ros2/build/orbbec_camera_msgs' returned '0': CMAKE_PREFIX_PATH=${CMAKE_PREFIX_PATH}:/opt/ros/jazzy DEBUGINFOD_URLS=https://debuginfod.ubuntu.com /usr/bin/cmake --install /home/bbcontact/magician_ros2/build/orbbec_camera_msgs
[3.324s] Level 1:colcon.colcon_core.environment:checking '/home/bbcontact/magician_ros2/install/orbbec_camera_msgs' for CMake config files
[3.325s] Level 1:colcon.colcon_core.shell:create_environment_hook('orbbec_camera_msgs', 'cmake_prefix_path')
[3.326s] INFO:colcon.colcon_core.shell:Creating environment hook '/home/bbcontact/magician_ros2/install/orbbec_camera_msgs/share/orbbec_camera_msgs/hook/cmake_prefix_path.ps1'
[3.326s] INFO:colcon.colcon_core.shell:Creating environment descriptor '/home/bbcontact/magician_ros2/install/orbbec_camera_msgs/share/orbbec_camera_msgs/hook/cmake_prefix_path.dsv'
[3.327s] INFO:colcon.colcon_core.shell:Creating environment hook '/home/bbcontact/magician_ros2/install/orbbec_camera_msgs/share/orbbec_camera_msgs/hook/cmake_prefix_path.sh'
[3.328s] Level 1:colcon.colcon_core.environment:checking '/home/bbcontact/magician_ros2/install/orbbec_camera_msgs/lib'
[3.328s] Level 1:colcon.colcon_core.shell:create_environment_hook('orbbec_camera_msgs', 'ld_library_path_lib')
[3.329s] INFO:colcon.colcon_core.shell:Creating environment hook '/home/bbcontact/magician_ros2/install/orbbec_camera_msgs/share/orbbec_camera_msgs/hook/ld_library_path_lib.ps1'
[3.330s] INFO:colcon.colcon_core.shell:Creating environment descriptor '/home/bbcontact/magician_ros2/install/orbbec_camera_msgs/share/orbbec_camera_msgs/hook/ld_library_path_lib.dsv'
[3.330s] INFO:colcon.colcon_core.shell:Creating environment hook '/home/bbcontact/magician_ros2/install/orbbec_camera_msgs/share/orbbec_camera_msgs/hook/ld_library_path_lib.sh'
[3.331s] Level 1:colcon.colcon_core.environment:checking '/home/bbcontact/magician_ros2/install/orbbec_camera_msgs/bin'
[3.331s] Level 1:colcon.colcon_core.environment:checking '/home/bbcontact/magician_ros2/install/orbbec_camera_msgs/lib/pkgconfig/orbbec_camera_msgs.pc'
[3.331s] Level 1:colcon.colcon_core.environment:checking '/home/bbcontact/magician_ros2/install/orbbec_camera_msgs/lib/python3.12/site-packages'
[3.332s] Level 1:colcon.colcon_core.shell:create_environment_hook('orbbec_camera_msgs', 'pythonpath')
[3.332s] INFO:colcon.colcon_core.shell:Creating environment hook '/home/bbcontact/magician_ros2/install/orbbec_camera_msgs/share/orbbec_camera_msgs/hook/pythonpath.ps1'
[3.333s] INFO:colcon.colcon_core.shell:Creating environment descriptor '/home/bbcontact/magician_ros2/install/orbbec_camera_msgs/share/orbbec_camera_msgs/hook/pythonpath.dsv'
[3.333s] INFO:colcon.colcon_core.shell:Creating environment hook '/home/bbcontact/magician_ros2/install/orbbec_camera_msgs/share/orbbec_camera_msgs/hook/pythonpath.sh'
[3.335s] Level 1:colcon.colcon_core.environment:checking '/home/bbcontact/magician_ros2/install/orbbec_camera_msgs/bin'
[3.335s] INFO:colcon.colcon_core.shell:Creating package script '/home/bbcontact/magician_ros2/install/orbbec_camera_msgs/share/orbbec_camera_msgs/package.ps1'
[3.336s] INFO:colcon.colcon_core.shell:Creating package descriptor '/home/bbcontact/magician_ros2/install/orbbec_camera_msgs/share/orbbec_camera_msgs/package.dsv'
[3.337s] INFO:colcon.colcon_core.shell:Creating package script '/home/bbcontact/magician_ros2/install/orbbec_camera_msgs/share/orbbec_camera_msgs/package.sh'
[3.338s] INFO:colcon.colcon_core.shell:Creating package script '/home/bbcontact/magician_ros2/install/orbbec_camera_msgs/share/orbbec_camera_msgs/package.bash'
[3.339s] INFO:colcon.colcon_core.shell:Creating package script '/home/bbcontact/magician_ros2/install/orbbec_camera_msgs/share/orbbec_camera_msgs/package.zsh'
[3.339s] Level 1:colcon.colcon_core.environment:create_file_with_runtime_dependencies(/home/bbcontact/magician_ros2/install/orbbec_camera_msgs/share/colcon-core/packages/orbbec_camera_msgs)
[3.340s] Level 1:colcon.colcon_core.environment:create_environment_scripts_only(orbbec_camera_msgs)
[3.340s] Level 1:colcon.colcon_core.environment:checking '/home/bbcontact/magician_ros2/install/orbbec_camera_msgs' for CMake module files
[3.342s] Level 1:colcon.colcon_core.environment:checking '/home/bbcontact/magician_ros2/install/orbbec_camera_msgs' for CMake config files
[3.343s] Level 1:colcon.colcon_core.shell:create_environment_hook('orbbec_camera_msgs', 'cmake_prefix_path')
[3.343s] INFO:colcon.colcon_core.shell:Creating environment hook '/home/bbcontact/magician_ros2/install/orbbec_camera_msgs/share/orbbec_camera_msgs/hook/cmake_prefix_path.ps1'
[3.344s] INFO:colcon.colcon_core.shell:Creating environment descriptor '/home/bbcontact/magician_ros2/install/orbbec_camera_msgs/share/orbbec_camera_msgs/hook/cmake_prefix_path.dsv'
[3.344s] INFO:colcon.colcon_core.shell:Creating environment hook '/home/bbcontact/magician_ros2/install/orbbec_camera_msgs/share/orbbec_camera_msgs/hook/cmake_prefix_path.sh'
[3.345s] Level 1:colcon.colcon_core.environment:checking '/home/bbcontact/magician_ros2/install/orbbec_camera_msgs/lib'
[3.346s] Level 1:colcon.colcon_core.shell:create_environment_hook('orbbec_camera_msgs', 'ld_library_path_lib')
[3.346s] INFO:colcon.colcon_core.shell:Creating environment hook '/home/bbcontact/magician_ros2/install/orbbec_camera_msgs/share/orbbec_camera_msgs/hook/ld_library_path_lib.ps1'
[3.346s] INFO:colcon.colcon_core.shell:Creating environment descriptor '/home/bbcontact/magician_ros2/install/orbbec_camera_msgs/share/orbbec_camera_msgs/hook/ld_library_path_lib.dsv'
[3.347s] INFO:colcon.colcon_core.shell:Creating environment hook '/home/bbcontact/magician_ros2/install/orbbec_camera_msgs/share/orbbec_camera_msgs/hook/ld_library_path_lib.sh'
[3.348s] Level 1:colcon.colcon_core.environment:checking '/home/bbcontact/magician_ros2/install/orbbec_camera_msgs/bin'
[3.348s] Level 1:colcon.colcon_core.environment:checking '/home/bbcontact/magician_ros2/install/orbbec_camera_msgs/lib/pkgconfig/orbbec_camera_msgs.pc'
[3.348s] Level 1:colcon.colcon_core.environment:checking '/home/bbcontact/magician_ros2/install/orbbec_camera_msgs/lib/python3.12/site-packages'
[3.348s] Level 1:colcon.colcon_core.shell:create_environment_hook('orbbec_camera_msgs', 'pythonpath')
[3.349s] INFO:colcon.colcon_core.shell:Creating environment hook '/home/bbcontact/magician_ros2/install/orbbec_camera_msgs/share/orbbec_camera_msgs/hook/pythonpath.ps1'
[3.349s] INFO:colcon.colcon_core.shell:Creating environment descriptor '/home/bbcontact/magician_ros2/install/orbbec_camera_msgs/share/orbbec_camera_msgs/hook/pythonpath.dsv'
[3.350s] INFO:colcon.colcon_core.shell:Creating environment hook '/home/bbcontact/magician_ros2/install/orbbec_camera_msgs/share/orbbec_camera_msgs/hook/pythonpath.sh'
[3.351s] Level 1:colcon.colcon_core.environment:checking '/home/bbcontact/magician_ros2/install/orbbec_camera_msgs/bin'
[3.352s] INFO:colcon.colcon_core.shell:Creating package script '/home/bbcontact/magician_ros2/install/orbbec_camera_msgs/share/orbbec_camera_msgs/package.ps1'
[3.353s] INFO:colcon.colcon_core.shell:Creating package descriptor '/home/bbcontact/magician_ros2/install/orbbec_camera_msgs/share/orbbec_camera_msgs/package.dsv'
[3.354s] INFO:colcon.colcon_core.shell:Creating package script '/home/bbcontact/magician_ros2/install/orbbec_camera_msgs/share/orbbec_camera_msgs/package.sh'
[3.355s] INFO:colcon.colcon_core.shell:Creating package script '/home/bbcontact/magician_ros2/install/orbbec_camera_msgs/share/orbbec_camera_msgs/package.bash'
[3.356s] INFO:colcon.colcon_core.shell:Creating package script '/home/bbcontact/magician_ros2/install/orbbec_camera_msgs/share/orbbec_camera_msgs/package.zsh'
[3.356s] Level 1:colcon.colcon_core.environment:create_file_with_runtime_dependencies(/home/bbcontact/magician_ros2/install/orbbec_camera_msgs/share/colcon-core/packages/orbbec_camera_msgs)
[3.359s] INFO:colcon.colcon_ros.task.ament_python.build:Building ROS package in '/home/bbcontact/magician_ros2/src/magician_ros2/dobot_vision_rgbd' with build type 'ament_python'
[3.359s] Level 1:colcon.colcon_core.shell:create_environment_hook('dobot_vision_rgbd', 'ament_prefix_path')
[3.359s] INFO:colcon.colcon_core.shell:Creating environment hook '/home/bbcontact/magician_ros2/install/dobot_vision_rgbd/share/dobot_vision_rgbd/hook/ament_prefix_path.ps1'
[3.360s] INFO:colcon.colcon_core.shell:Creating environment descriptor '/home/bbcontact/magician_ros2/install/dobot_vision_rgbd/share/dobot_vision_rgbd/hook/ament_prefix_path.dsv'
[3.360s] INFO:colcon.colcon_core.shell:Creating environment hook '/home/bbcontact/magician_ros2/install/dobot_vision_rgbd/share/dobot_vision_rgbd/hook/ament_prefix_path.sh'
[3.361s] INFO:colcon.colcon_core.shell:Skip shell extension 'powershell' for command environment: Not usable outside of PowerShell
[3.361s] DEBUG:colcon.colcon_core.shell:Skip shell extension 'dsv' for command environment
[3.905s] INFO:colcon.colcon_core.task.python.build:Building Python package in '/home/bbcontact/magician_ros2/src/magician_ros2/dobot_calibration'
[3.905s] INFO:colcon.colcon_core.shell:Skip shell extension 'powershell' for command environment: Not usable outside of PowerShell
[3.905s] DEBUG:colcon.colcon_core.shell:Skip shell extension 'dsv' for command environment
[4.441s] INFO:colcon.colcon_core.task.python.build:Building Python package in '/home/bbcontact/magician_ros2/src/magician_ros2/dobot_diagnostics'
[4.441s] INFO:colcon.colcon_core.shell:Skip shell extension 'powershell' for command environment: Not usable outside of PowerShell
[4.441s] DEBUG:colcon.colcon_core.shell:Skip shell extension 'dsv' for command environment
[4.998s] INFO:colcon.colcon_core.task.python.build:Building Python package in '/home/bbcontact/magician_ros2/src/magician_ros2/dobot_end_effector'
[4.998s] INFO:colcon.colcon_core.shell:Skip shell extension 'powershell' for command environment: Not usable outside of PowerShell
[4.998s] DEBUG:colcon.colcon_core.shell:Skip shell extension 'dsv' for command environment
[5.530s] INFO:colcon.colcon_core.task.python.build:Building Python package in '/home/bbcontact/magician_ros2/src/magician_ros2/dobot_homing'
[5.531s] INFO:colcon.colcon_core.shell:Skip shell extension 'powershell' for command environment: Not usable outside of PowerShell
[5.531s] DEBUG:colcon.colcon_core.shell:Skip shell extension 'dsv' for command environment
[6.057s] INFO:colcon.colcon_core.task.python.build:Building Python package in '/home/bbcontact/magician_ros2/src/magician_ros2/dobot_kinematics'
[6.057s] INFO:colcon.colcon_core.shell:Skip shell extension 'powershell' for command environment: Not usable outside of PowerShell
[6.057s] DEBUG:colcon.colcon_core.shell:Skip shell extension 'dsv' for command environment
[6.604s] INFO:colcon.colcon_core.task.python.build:Building Python package in '/home/bbcontact/magician_ros2/src/magician_ros2/dobot_motion'
[6.605s] INFO:colcon.colcon_core.shell:Skip shell extension 'powershell' for command environment: Not usable outside of PowerShell
[6.605s] DEBUG:colcon.colcon_core.shell:Skip shell extension 'dsv' for command environment
[7.144s] INFO:colcon.colcon_core.task.python.build:Building Python package in '/home/bbcontact/magician_ros2/src/magician_ros2/dobot_state_updater'
[7.144s] INFO:colcon.colcon_core.shell:Skip shell extension 'powershell' for command environment: Not usable outside of PowerShell
[7.144s] DEBUG:colcon.colcon_core.shell:Skip shell extension 'dsv' for command environment
[7.669s] INFO:colcon.colcon_core.task.python.build:Building Python package in '/home/bbcontact/magician_ros2/src/magician_ros2/dobot_vision_rgbd'
[7.669s] INFO:colcon.colcon_core.shell:Skip shell extension 'powershell' for command environment: Not usable outside of PowerShell
[7.669s] DEBUG:colcon.colcon_core.shell:Skip shell extension 'dsv' for command environment
[10.978s] DEBUG:colcon.colcon_core.task.python.build:Available setuptools commands: clean, bdist_rpm, update_catalog, develop, build_ext, bdist_egg, bdist_dumb, build_clib, build_py, install_data, register, editable_wheel, egg_info, install_headers, bdist_wheel, setopt, alias, check, easy_install, upload_docs, upload, saveopts, install_lib, extract_messages, test, install_egg_info, rotate, compile_catalog, build, symlink_data, sdist, dist_info, install_scripts, init_catalog, build_scripts, bdist, install
[10.988s] DEBUG:colcon.colcon_core.task.python.build:Available setuptools commands: clean, bdist_rpm, update_catalog, develop, build_ext, bdist_egg, bdist_dumb, build_clib, build_py, install_data, register, editable_wheel, egg_info, install_headers, bdist_wheel, setopt, alias, check, easy_install, upload_docs, upload, saveopts, install_lib, extract_messages, test, install_egg_info, rotate, compile_catalog, build, symlink_data, sdist, dist_info, install_scripts, init_catalog, build_scripts, bdist, install
[11.134s] DEBUG:colcon.colcon_core.task.python.build:Available setuptools commands: clean, bdist_rpm, update_catalog, develop, build_ext, bdist_egg, bdist_dumb, build_clib, build_py, install_data, register, editable_wheel, egg_info, install_headers, bdist_wheel, setopt, alias, check, easy_install, upload_docs, upload, saveopts, install_lib, extract_messages, test, install_egg_info, rotate, compile_catalog, build, symlink_data, sdist, dist_info, install_scripts, init_catalog, build_scripts, bdist, install
[11.230s] DEBUG:colcon.colcon_core.task.python.build:Available setuptools commands: clean, bdist_rpm, update_catalog, develop, build_ext, bdist_egg, bdist_dumb, build_clib, build_py, install_data, register, editable_wheel, egg_info, install_headers, bdist_wheel, setopt, alias, check, easy_install, upload_docs, upload, saveopts, install_lib, extract_messages, test, install_egg_info, rotate, compile_catalog, build, symlink_data, sdist, dist_info, install_scripts, init_catalog, build_scripts, bdist, install
[11.315s] DEBUG:colcon.colcon_core.task.python.build:Available setuptools commands: clean, bdist_rpm, update_catalog, develop, build_ext, bdist_egg, bdist_dumb, build_clib, build_py, install_data, register, editable_wheel, egg_info, install_headers, bdist_wheel, setopt, alias, check, easy_install, upload_docs, upload, saveopts, install_lib, extract_messages, test, install_egg_info, rotate, compile_catalog, build, symlink_data, sdist, dist_info, install_scripts, init_catalog, build_scripts, bdist, install
[11.358s] DEBUG:colcon.colcon_core.task.python.build:Available setuptools commands: clean, bdist_rpm, update_catalog, develop, build_ext, bdist_egg, bdist_dumb, build_clib, build_py, install_data, register, editable_wheel, egg_info, install_headers, bdist_wheel, setopt, alias, check, easy_install, upload_docs, upload, saveopts, install_lib, extract_messages, test, install_egg_info, rotate, compile_catalog, build, symlink_data, sdist, dist_info, install_scripts, init_catalog, build_scripts, bdist, install
[11.419s] DEBUG:colcon.colcon_core.task.python.build:Available setuptools commands: clean, bdist_rpm, update_catalog, develop, build_ext, bdist_egg, bdist_dumb, build_clib, build_py, install_data, register, editable_wheel, egg_info, install_headers, bdist_wheel, setopt, alias, check, easy_install, upload_docs, upload, saveopts, install_lib, extract_messages, test, install_egg_info, rotate, compile_catalog, build, symlink_data, sdist, dist_info, install_scripts, init_catalog, build_scripts, bdist, install
[11.496s] DEBUG:colcon.colcon_core.task.python.build:Available setuptools commands: clean, bdist_rpm, update_catalog, develop, build_ext, bdist_egg, bdist_dumb, build_clib, build_py, install_data, register, editable_wheel, egg_info, install_headers, bdist_wheel, setopt, alias, check, easy_install, upload_docs, upload, saveopts, install_lib, extract_messages, test, install_egg_info, rotate, compile_catalog, build, symlink_data, sdist, dist_info, install_scripts, init_catalog, build_scripts, bdist, install
[12.912s] DEBUG:colcon.colcon_core.task.python.build:Available setuptools 'develop' options: --install-layout, --script-dir, --optimize, --version, --help, --quiet, --force-installation-into-system-dir, --uninstall, --no-find-links, --site-dirs, --editable, --prefix, --build-directory, --zip-ok, --find-links, --always-unzip, --user, --no-user-cfg, --egg-path, --install-dir, --always-copy, --allow-hosts, --dry-run, --no-deps, --local-snapshots-ok, --exclude-scripts, --multi-version, --index-url, --upgrade, --record, --verbose
[12.940s] DEBUG:colcon.colcon_core.event_handler.log_command:Invoking command in '/home/bbcontact/magician_ros2/build/dobot_end_effector': AMENT_PREFIX_PATH=/home/bbcontact/magician_ros2/install/dobot_msgs:/home/bbcontact/magician_ros2/install/dobot_driver:${AMENT_PREFIX_PATH} CMAKE_PREFIX_PATH=/home/bbcontact/magician_ros2/install/dobot_msgs:/home/bbcontact/magician_ros2/install/dobot_driver:${CMAKE_PREFIX_PATH} DEBUGINFOD_URLS=https://debuginfod.ubuntu.com LD_LIBRARY_PATH=/home/bbcontact/magician_ros2/install/dobot_msgs/lib:${LD_LIBRARY_PATH} PYTHONPATH=/home/bbcontact/magician_ros2/build/dobot_end_effector/prefix_override:/usr/lib/python3/dist-packages/colcon_core/task/python/colcon_distutils_commands:/home/bbcontact/magician_ros2/install/dobot_end_effector/lib/python3.12/site-packages:/home/bbcontact/magician_ros2/install/dobot_msgs/lib/python3.12/site-packages:/home/bbcontact/magician_ros2/install/dobot_driver/lib/python3.12/site-packages:${PYTHONPATH} /usr/bin/python3 -W ignore:setup.py install is deprecated -W ignore:easy_install command is deprecated setup.py develop --editable --build-directory /home/bbcontact/magician_ros2/build/dobot_end_effector/build --no-deps symlink_data
[12.948s] DEBUG:colcon.colcon_core.task.python.build:Available setuptools 'develop' options: --install-layout, --script-dir, --optimize, --version, --help, --quiet, --force-installation-into-system-dir, --uninstall, --no-find-links, --site-dirs, --editable, --prefix, --build-directory, --zip-ok, --find-links, --always-unzip, --user, --no-user-cfg, --egg-path, --install-dir, --always-copy, --allow-hosts, --dry-run, --no-deps, --local-snapshots-ok, --exclude-scripts, --multi-version, --index-url, --upgrade, --record, --verbose
[12.958s] DEBUG:colcon.colcon_core.event_handler.log_command:Invoking command in '/home/bbcontact/magician_ros2/build/dobot_kinematics': AMENT_PREFIX_PATH=/home/bbcontact/magician_ros2/install/dobot_msgs:/home/bbcontact/magician_ros2/install/dobot_description:${AMENT_PREFIX_PATH} CMAKE_PREFIX_PATH=/home/bbcontact/magician_ros2/install/dobot_msgs:/home/bbcontact/magician_ros2/install/dobot_description:${CMAKE_PREFIX_PATH} DEBUGINFOD_URLS=https://debuginfod.ubuntu.com LD_LIBRARY_PATH=/home/bbcontact/magician_ros2/install/dobot_msgs/lib:${LD_LIBRARY_PATH} PYTHONPATH=/home/bbcontact/magician_ros2/build/dobot_kinematics/prefix_override:/usr/lib/python3/dist-packages/colcon_core/task/python/colcon_distutils_commands:/home/bbcontact/magician_ros2/install/dobot_kinematics/lib/python3.12/site-packages:/home/bbcontact/magician_ros2/install/dobot_msgs/lib/python3.12/site-packages:${PYTHONPATH} /usr/bin/python3 -W ignore:setup.py install is deprecated -W ignore:easy_install command is deprecated setup.py develop --editable --build-directory /home/bbcontact/magician_ros2/build/dobot_kinematics/build --no-deps symlink_data
[13.162s] DEBUG:colcon.colcon_core.task.python.build:Available setuptools 'develop' options: --install-layout, --script-dir, --optimize, --version, --help, --quiet, --force-installation-into-system-dir, --uninstall, --no-find-links, --site-dirs, --editable, --prefix, --build-directory, --zip-ok, --find-links, --always-unzip, --user, --no-user-cfg, --egg-path, --install-dir, --always-copy, --allow-hosts, --dry-run, --no-deps, --local-snapshots-ok, --exclude-scripts, --multi-version, --index-url, --upgrade, --record, --verbose
[13.171s] DEBUG:colcon.colcon_core.event_handler.log_command:Invoking command in '/home/bbcontact/magician_ros2/build/dobot_homing': AMENT_PREFIX_PATH=/home/bbcontact/magician_ros2/install/dobot_msgs:/home/bbcontact/magician_ros2/install/dobot_driver:${AMENT_PREFIX_PATH} CMAKE_PREFIX_PATH=/home/bbcontact/magician_ros2/install/dobot_msgs:/home/bbcontact/magician_ros2/install/dobot_driver:${CMAKE_PREFIX_PATH} DEBUGINFOD_URLS=https://debuginfod.ubuntu.com LD_LIBRARY_PATH=/home/bbcontact/magician_ros2/install/dobot_msgs/lib:${LD_LIBRARY_PATH} PYTHONPATH=/home/bbcontact/magician_ros2/build/dobot_homing/prefix_override:/usr/lib/python3/dist-packages/colcon_core/task/python/colcon_distutils_commands:/home/bbcontact/magician_ros2/install/dobot_homing/lib/python3.12/site-packages:/home/bbcontact/magician_ros2/install/dobot_msgs/lib/python3.12/site-packages:/home/bbcontact/magician_ros2/install/dobot_driver/lib/python3.12/site-packages:${PYTHONPATH} /usr/bin/python3 -W ignore:setup.py install is deprecated -W ignore:easy_install command is deprecated setup.py develop --editable --build-directory /home/bbcontact/magician_ros2/build/dobot_homing/build --no-deps symlink_data
[13.173s] DEBUG:colcon.colcon_core.task.python.build:Available setuptools 'develop' options: --install-layout, --script-dir, --optimize, --version, --help, --quiet, --force-installation-into-system-dir, --uninstall, --no-find-links, --site-dirs, --editable, --prefix, --build-directory, --zip-ok, --find-links, --always-unzip, --user, --no-user-cfg, --egg-path, --install-dir, --always-copy, --allow-hosts, --dry-run, --no-deps, --local-snapshots-ok, --exclude-scripts, --multi-version, --index-url, --upgrade, --record, --verbose
[13.182s] DEBUG:colcon.colcon_core.event_handler.log_command:Invoking command in '/home/bbcontact/magician_ros2/build/dobot_vision_rgbd': AMENT_PREFIX_PATH=/home/bbcontact/magician_ros2/install/orbbec_camera_msgs:${AMENT_PREFIX_PATH} CMAKE_PREFIX_PATH=/home/bbcontact/magician_ros2/install/orbbec_camera_msgs:${CMAKE_PREFIX_PATH} DEBUGINFOD_URLS=https://debuginfod.ubuntu.com LD_LIBRARY_PATH=/home/bbcontact/magician_ros2/install/orbbec_camera_msgs/lib:${LD_LIBRARY_PATH} PYTHONPATH=/home/bbcontact/magician_ros2/build/dobot_vision_rgbd/prefix_override:/usr/lib/python3/dist-packages/colcon_core/task/python/colcon_distutils_commands:/home/bbcontact/magician_ros2/install/dobot_vision_rgbd/lib/python3.12/site-packages:/home/bbcontact/magician_ros2/install/orbbec_camera_msgs/lib/python3.12/site-packages:${PYTHONPATH} /usr/bin/python3 -W ignore:setup.py install is deprecated -W ignore:easy_install command is deprecated setup.py develop --editable --build-directory /home/bbcontact/magician_ros2/build/dobot_vision_rgbd/build --no-deps symlink_data
[13.243s] DEBUG:colcon.colcon_core.task.python.build:Available setuptools 'develop' options: --install-layout, --script-dir, --optimize, --version, --help, --quiet, --force-installation-into-system-dir, --uninstall, --no-find-links, --site-dirs, --editable, --prefix, --build-directory, --zip-ok, --find-links, --always-unzip, --user, --no-user-cfg, --egg-path, --install-dir, --always-copy, --allow-hosts, --dry-run, --no-deps, --local-snapshots-ok, --exclude-scripts, --multi-version, --index-url, --upgrade, --record, --verbose
[13.257s] DEBUG:colcon.colcon_core.event_handler.log_command:Invoking command in '/home/bbcontact/magician_ros2/build/dobot_calibration': AMENT_PREFIX_PATH=/home/bbcontact/magician_ros2/install/dobot_msgs:${AMENT_PREFIX_PATH} CMAKE_PREFIX_PATH=/home/bbcontact/magician_ros2/install/dobot_msgs:${CMAKE_PREFIX_PATH} DEBUGINFOD_URLS=https://debuginfod.ubuntu.com LD_LIBRARY_PATH=/home/bbcontact/magician_ros2/install/dobot_msgs/lib:${LD_LIBRARY_PATH} PYTHONPATH=/home/bbcontact/magician_ros2/build/dobot_calibration/prefix_override:/usr/lib/python3/dist-packages/colcon_core/task/python/colcon_distutils_commands:/home/bbcontact/magician_ros2/install/dobot_calibration/lib/python3.12/site-packages:/home/bbcontact/magician_ros2/install/dobot_msgs/lib/python3.12/site-packages:${PYTHONPATH} /usr/bin/python3 -W ignore:setup.py install is deprecated -W ignore:easy_install command is deprecated setup.py develop --editable --build-directory /home/bbcontact/magician_ros2/build/dobot_calibration/build --no-deps symlink_data
[13.289s] DEBUG:colcon.colcon_core.task.python.build:Available setuptools 'develop' options: --install-layout, --script-dir, --optimize, --version, --help, --quiet, --force-installation-into-system-dir, --uninstall, --no-find-links, --site-dirs, --editable, --prefix, --build-directory, --zip-ok, --find-links, --always-unzip, --user, --no-user-cfg, --egg-path, --install-dir, --always-copy, --allow-hosts, --dry-run, --no-deps, --local-snapshots-ok, --exclude-scripts, --multi-version, --index-url, --upgrade, --record, --verbose
[13.297s] DEBUG:colcon.colcon_core.event_handler.log_command:Invoking command in '/home/bbcontact/magician_ros2/build/dobot_state_updater': AMENT_PREFIX_PATH=/home/bbcontact/magician_ros2/install/dobot_msgs:/home/bbcontact/magician_ros2/install/dobot_driver:${AMENT_PREFIX_PATH} CMAKE_PREFIX_PATH=/home/bbcontact/magician_ros2/install/dobot_msgs:/home/bbcontact/magician_ros2/install/dobot_driver:${CMAKE_PREFIX_PATH} DEBUGINFOD_URLS=https://debuginfod.ubuntu.com LD_LIBRARY_PATH=/home/bbcontact/magician_ros2/install/dobot_msgs/lib:${LD_LIBRARY_PATH} PYTHONPATH=/home/bbcontact/magician_ros2/build/dobot_state_updater/prefix_override:/usr/lib/python3/dist-packages/colcon_core/task/python/colcon_distutils_commands:/home/bbcontact/magician_ros2/install/dobot_state_updater/lib/python3.12/site-packages:/home/bbcontact/magician_ros2/install/dobot_msgs/lib/python3.12/site-packages:/home/bbcontact/magician_ros2/install/dobot_driver/lib/python3.12/site-packages:${PYTHONPATH} /usr/bin/python3 -W ignore:setup.py install is deprecated -W ignore:easy_install command is deprecated setup.py develop --editable --build-directory /home/bbcontact/magician_ros2/build/dobot_state_updater/build --no-deps symlink_data
[13.383s] DEBUG:colcon.colcon_core.task.python.build:Available setuptools 'develop' options: --install-layout, --script-dir, --optimize, --version, --help, --quiet, --force-installation-into-system-dir, --uninstall, --no-find-links, --site-dirs, --editable, --prefix, --build-directory, --zip-ok, --find-links, --always-unzip, --user, --no-user-cfg, --egg-path, --install-dir, --always-copy, --allow-hosts, --dry-run, --no-deps, --local-snapshots-ok, --exclude-scripts, --multi-version, --index-url, --upgrade, --record, --verbose
[13.388s] DEBUG:colcon.colcon_core.event_handler.log_command:Invoking command in '/home/bbcontact/magician_ros2/build/dobot_diagnostics': AMENT_PREFIX_PATH=/home/bbcontact/magician_ros2/install/dobot_msgs:${AMENT_PREFIX_PATH} CMAKE_PREFIX_PATH=/home/bbcontact/magician_ros2/install/dobot_msgs:${CMAKE_PREFIX_PATH} DEBUGINFOD_URLS=https://debuginfod.ubuntu.com LD_LIBRARY_PATH=/home/bbcontact/magician_ros2/install/dobot_msgs/lib:${LD_LIBRARY_PATH} PYTHONPATH=/home/bbcontact/magician_ros2/build/dobot_diagnostics/prefix_override:/usr/lib/python3/dist-packages/colcon_core/task/python/colcon_distutils_commands:/home/bbcontact/magician_ros2/install/dobot_diagnostics/lib/python3.12/site-packages:/home/bbcontact/magician_ros2/install/dobot_msgs/lib/python3.12/site-packages:${PYTHONPATH} /usr/bin/python3 -W ignore:setup.py install is deprecated -W ignore:easy_install command is deprecated setup.py develop --editable --build-directory /home/bbcontact/magician_ros2/build/dobot_diagnostics/build --no-deps symlink_data
[13.525s] DEBUG:colcon.colcon_core.task.python.build:Available setuptools 'develop' options: --install-layout, --script-dir, --optimize, --version, --help, --quiet, --force-installation-into-system-dir, --uninstall, --no-find-links, --site-dirs, --editable, --prefix, --build-directory, --zip-ok, --find-links, --always-unzip, --user, --no-user-cfg, --egg-path, --install-dir, --always-copy, --allow-hosts, --dry-run, --no-deps, --local-snapshots-ok, --exclude-scripts, --multi-version, --index-url, --upgrade, --record, --verbose
[13.532s] DEBUG:colcon.colcon_core.event_handler.log_command:Invoking command in '/home/bbcontact/magician_ros2/build/dobot_motion': AMENT_PREFIX_PATH=/home/bbcontact/magician_ros2/install/dobot_msgs:/home/bbcontact/magician_ros2/install/dobot_driver:${AMENT_PREFIX_PATH} CMAKE_PREFIX_PATH=/home/bbcontact/magician_ros2/install/dobot_msgs:/home/bbcontact/magician_ros2/install/dobot_driver:${CMAKE_PREFIX_PATH} DEBUGINFOD_URLS=https://debuginfod.ubuntu.com LD_LIBRARY_PATH=/home/bbcontact/magician_ros2/install/dobot_msgs/lib:${LD_LIBRARY_PATH} PYTHONPATH=/home/bbcontact/magician_ros2/build/dobot_motion/prefix_override:/usr/lib/python3/dist-packages/colcon_core/task/python/colcon_distutils_commands:/home/bbcontact/magician_ros2/install/dobot_motion/lib/python3.12/site-packages:/home/bbcontact/magician_ros2/install/dobot_msgs/lib/python3.12/site-packages:/home/bbcontact/magician_ros2/install/dobot_driver/lib/python3.12/site-packages:${PYTHONPATH} /usr/bin/python3 -W ignore:setup.py install is deprecated -W ignore:easy_install command is deprecated setup.py develop --editable --build-directory /home/bbcontact/magician_ros2/build/dobot_motion/build --no-deps symlink_data
[16.804s] Level 1:colcon.colcon_core.shell:create_environment_hook('dobot_end_effector', 'pythonpath_develop')
[16.805s] INFO:colcon.colcon_core.shell:Creating environment hook '/home/bbcontact/magician_ros2/build/dobot_end_effector/share/dobot_end_effector/hook/pythonpath_develop.ps1'
[16.806s] INFO:colcon.colcon_core.shell:Creating environment descriptor '/home/bbcontact/magician_ros2/build/dobot_end_effector/share/dobot_end_effector/hook/pythonpath_develop.dsv'
[16.807s] INFO:colcon.colcon_core.shell:Creating environment hook '/home/bbcontact/magician_ros2/build/dobot_end_effector/share/dobot_end_effector/hook/pythonpath_develop.sh'
[16.816s] DEBUG:colcon.colcon_core.event_handler.log_command:Invoked command in '/home/bbcontact/magician_ros2/build/dobot_end_effector' returned '0': AMENT_PREFIX_PATH=/home/bbcontact/magician_ros2/install/dobot_msgs:/home/bbcontact/magician_ros2/install/dobot_driver:${AMENT_PREFIX_PATH} CMAKE_PREFIX_PATH=/home/bbcontact/magician_ros2/install/dobot_msgs:/home/bbcontact/magician_ros2/install/dobot_driver:${CMAKE_PREFIX_PATH} DEBUGINFOD_URLS=https://debuginfod.ubuntu.com LD_LIBRARY_PATH=/home/bbcontact/magician_ros2/install/dobot_msgs/lib:${LD_LIBRARY_PATH} PYTHONPATH=/home/bbcontact/magician_ros2/build/dobot_end_effector/prefix_override:/usr/lib/python3/dist-packages/colcon_core/task/python/colcon_distutils_commands:/home/bbcontact/magician_ros2/install/dobot_end_effector/lib/python3.12/site-packages:/home/bbcontact/magician_ros2/install/dobot_msgs/lib/python3.12/site-packages:/home/bbcontact/magician_ros2/install/dobot_driver/lib/python3.12/site-packages:${PYTHONPATH} /usr/bin/python3 -W ignore:setup.py install is deprecated -W ignore:easy_install command is deprecated setup.py develop --editable --build-directory /home/bbcontact/magician_ros2/build/dobot_end_effector/build --no-deps symlink_data
[16.820s] Level 1:colcon.colcon_core.environment:checking '/home/bbcontact/magician_ros2/install/dobot_end_effector' for CMake module files
[16.825s] Level 1:colcon.colcon_core.environment:checking '/home/bbcontact/magician_ros2/install/dobot_end_effector' for CMake config files
[16.827s] Level 1:colcon.colcon_core.environment:checking '/home/bbcontact/magician_ros2/install/dobot_end_effector/lib'
[16.827s] Level 1:colcon.colcon_core.environment:checking '/home/bbcontact/magician_ros2/install/dobot_end_effector/bin'
[16.827s] Level 1:colcon.colcon_core.environment:checking '/home/bbcontact/magician_ros2/install/dobot_end_effector/lib/pkgconfig/dobot_end_effector.pc'
[16.831s] Level 1:colcon.colcon_core.environment:checking '/home/bbcontact/magician_ros2/install/dobot_end_effector/lib/python3.12/site-packages'
[16.832s] Level 1:colcon.colcon_core.shell:create_environment_hook('dobot_end_effector', 'pythonpath')
[16.832s] INFO:colcon.colcon_core.shell:Creating environment hook '/home/bbcontact/magician_ros2/install/dobot_end_effector/share/dobot_end_effector/hook/pythonpath.ps1'
[16.837s] INFO:colcon.colcon_core.shell:Creating environment descriptor '/home/bbcontact/magician_ros2/install/dobot_end_effector/share/dobot_end_effector/hook/pythonpath.dsv'
[16.838s] INFO:colcon.colcon_core.shell:Creating environment hook '/home/bbcontact/magician_ros2/install/dobot_end_effector/share/dobot_end_effector/hook/pythonpath.sh'
[16.844s] Level 1:colcon.colcon_core.environment:checking '/home/bbcontact/magician_ros2/install/dobot_end_effector/bin'
[16.844s] Level 1:colcon.colcon_core.environment:create_environment_scripts_only(dobot_end_effector)
[16.849s] INFO:colcon.colcon_core.shell:Creating package script '/home/bbcontact/magician_ros2/install/dobot_end_effector/share/dobot_end_effector/package.ps1'
[16.855s] INFO:colcon.colcon_core.shell:Creating package descriptor '/home/bbcontact/magician_ros2/install/dobot_end_effector/share/dobot_end_effector/package.dsv'
[16.857s] INFO:colcon.colcon_core.shell:Creating package script '/home/bbcontact/magician_ros2/install/dobot_end_effector/share/dobot_end_effector/package.sh'
[16.862s] INFO:colcon.colcon_core.shell:Creating package script '/home/bbcontact/magician_ros2/install/dobot_end_effector/share/dobot_end_effector/package.bash'
[16.863s] INFO:colcon.colcon_core.shell:Creating package script '/home/bbcontact/magician_ros2/install/dobot_end_effector/share/dobot_end_effector/package.zsh'
[16.867s] Level 1:colcon.colcon_core.environment:create_file_with_runtime_dependencies(/home/bbcontact/magician_ros2/install/dobot_end_effector/share/colcon-core/packages/dobot_end_effector)
[16.870s] INFO:colcon.colcon_ros.task.ament_cmake.build:Building ROS package in '/home/bbcontact/magician_ros2/src/OrbbecSDK_ROS2/orbbec_camera' with build type 'ament_cmake'
[16.874s] INFO:colcon.colcon_cmake.task.cmake.build:Building CMake package in '/home/bbcontact/magician_ros2/src/OrbbecSDK_ROS2/orbbec_camera'
[16.874s] INFO:colcon.colcon_core.shell:Skip shell extension 'powershell' for command environment: Not usable outside of PowerShell
[16.874s] DEBUG:colcon.colcon_core.shell:Skip shell extension 'dsv' for command environment
[16.934s] Level 1:colcon.colcon_core.shell:create_environment_hook('dobot_kinematics', 'pythonpath_develop')
[16.935s] DEBUG:colcon.colcon_core.event_handler.log_command:Invoked command in '/home/bbcontact/magician_ros2/build/dobot_kinematics' returned '0': AMENT_PREFIX_PATH=/home/bbcontact/magician_ros2/install/dobot_msgs:/home/bbcontact/magician_ros2/install/dobot_description:${AMENT_PREFIX_PATH} CMAKE_PREFIX_PATH=/home/bbcontact/magician_ros2/install/dobot_msgs:/home/bbcontact/magician_ros2/install/dobot_description:${CMAKE_PREFIX_PATH} DEBUGINFOD_URLS=https://debuginfod.ubuntu.com LD_LIBRARY_PATH=/home/bbcontact/magician_ros2/install/dobot_msgs/lib:${LD_LIBRARY_PATH} PYTHONPATH=/home/bbcontact/magician_ros2/build/dobot_kinematics/prefix_override:/usr/lib/python3/dist-packages/colcon_core/task/python/colcon_distutils_commands:/home/bbcontact/magician_ros2/install/dobot_kinematics/lib/python3.12/site-packages:/home/bbcontact/magician_ros2/install/dobot_msgs/lib/python3.12/site-packages:${PYTHONPATH} /usr/bin/python3 -W ignore:setup.py install is deprecated -W ignore:easy_install command is deprecated setup.py develop --editable --build-directory /home/bbcontact/magician_ros2/build/dobot_kinematics/build --no-deps symlink_data
[16.936s] INFO:colcon.colcon_core.shell:Creating environment hook '/home/bbcontact/magician_ros2/build/dobot_kinematics/share/dobot_kinematics/hook/pythonpath_develop.ps1'
[16.938s] INFO:colcon.colcon_core.shell:Creating environment descriptor '/home/bbcontact/magician_ros2/build/dobot_kinematics/share/dobot_kinematics/hook/pythonpath_develop.dsv'
[16.942s] INFO:colcon.colcon_core.shell:Creating environment hook '/home/bbcontact/magician_ros2/build/dobot_kinematics/share/dobot_kinematics/hook/pythonpath_develop.sh'
[16.948s] Level 1:colcon.colcon_core.environment:checking '/home/bbcontact/magician_ros2/install/dobot_kinematics' for CMake module files
[16.950s] Level 1:colcon.colcon_core.environment:checking '/home/bbcontact/magician_ros2/install/dobot_kinematics' for CMake config files
[16.955s] Level 1:colcon.colcon_core.environment:checking '/home/bbcontact/magician_ros2/install/dobot_kinematics/lib'
[16.955s] Level 1:colcon.colcon_core.environment:checking '/home/bbcontact/magician_ros2/install/dobot_kinematics/bin'
[16.955s] Level 1:colcon.colcon_core.environment:checking '/home/bbcontact/magician_ros2/install/dobot_kinematics/lib/pkgconfig/dobot_kinematics.pc'
[16.956s] Level 1:colcon.colcon_core.environment:checking '/home/bbcontact/magician_ros2/install/dobot_kinematics/lib/python3.12/site-packages'
[16.957s] Level 1:colcon.colcon_core.shell:create_environment_hook('dobot_kinematics', 'pythonpath')
[16.960s] INFO:colcon.colcon_core.shell:Creating environment hook '/home/bbcontact/magician_ros2/install/dobot_kinematics/share/dobot_kinematics/hook/pythonpath.ps1'
[16.962s] INFO:colcon.colcon_core.shell:Creating environment descriptor '/home/bbcontact/magician_ros2/install/dobot_kinematics/share/dobot_kinematics/hook/pythonpath.dsv'
[16.966s] INFO:colcon.colcon_core.shell:Creating environment hook '/home/bbcontact/magician_ros2/install/dobot_kinematics/share/dobot_kinematics/hook/pythonpath.sh'
[16.969s] Level 1:colcon.colcon_core.environment:checking '/home/bbcontact/magician_ros2/install/dobot_kinematics/bin'
[16.969s] Level 1:colcon.colcon_core.environment:create_environment_scripts_only(dobot_kinematics)
[16.970s] INFO:colcon.colcon_core.shell:Creating package script '/home/bbcontact/magician_ros2/install/dobot_kinematics/share/dobot_kinematics/package.ps1'
[16.976s] INFO:colcon.colcon_core.shell:Creating package descriptor '/home/bbcontact/magician_ros2/install/dobot_kinematics/share/dobot_kinematics/package.dsv'
[16.980s] INFO:colcon.colcon_core.shell:Creating package script '/home/bbcontact/magician_ros2/install/dobot_kinematics/share/dobot_kinematics/package.sh'
[16.982s] INFO:colcon.colcon_core.shell:Creating package script '/home/bbcontact/magician_ros2/install/dobot_kinematics/share/dobot_kinematics/package.bash'
[16.986s] INFO:colcon.colcon_core.shell:Creating package script '/home/bbcontact/magician_ros2/install/dobot_kinematics/share/dobot_kinematics/package.zsh'
[16.987s] Level 1:colcon.colcon_core.environment:create_file_with_runtime_dependencies(/home/bbcontact/magician_ros2/install/dobot_kinematics/share/colcon-core/packages/dobot_kinematics)
[17.000s] DEBUG:colcon.colcon_core.event_handler.log_command:Invoking command in '/home/bbcontact/magician_ros2/build/orbbec_camera': AMENT_PREFIX_PATH=/home/bbcontact/magician_ros2/install/orbbec_camera_msgs:${AMENT_PREFIX_PATH} CMAKE_PREFIX_PATH=/home/bbcontact/magician_ros2/install/orbbec_camera_msgs:/opt/ros/jazzy/opt/gz_sim_vendor:/opt/ros/jazzy/opt/gz_sensors_vendor:/opt/ros/jazzy/opt/gz_physics_vendor:/opt/ros/jazzy/opt/sdformat_vendor:/opt/ros/jazzy/opt/gz_gui_vendor:/opt/ros/jazzy/opt/gz_transport_vendor:/opt/ros/jazzy/opt/gz_rendering_vendor:/opt/ros/jazzy/opt/gz_plugin_vendor:/opt/ros/jazzy/opt/gz_fuel_tools_vendor:/opt/ros/jazzy/opt/gz_msgs_vendor:/opt/ros/jazzy/opt/gz_common_vendor:/opt/ros/jazzy/opt/gz_math_vendor:/opt/ros/jazzy/opt/gz_utils_vendor:/opt/ros/jazzy/opt/gz_tools_vendor:/opt/ros/jazzy/opt/gz_ogre_next_vendor:/opt/ros/jazzy/opt/gz_dartsim_vendor:/opt/ros/jazzy/opt/gz_cmake_vendor:/opt/ros/jazzy DEBUGINFOD_URLS=https://debuginfod.ubuntu.com LD_LIBRARY_PATH=/home/bbcontact/magician_ros2/install/orbbec_camera_msgs/lib:${LD_LIBRARY_PATH} PYTHONPATH=/home/bbcontact/magician_ros2/install/orbbec_camera_msgs/lib/python3.12/site-packages:${PYTHONPATH} /usr/bin/cmake --build /home/bbcontact/magician_ros2/build/orbbec_camera -- -j8 -l8
[17.216s] Level 1:colcon.colcon_core.shell:create_environment_hook('dobot_homing', 'pythonpath_develop')
[17.217s] INFO:colcon.colcon_core.shell:Creating environment hook '/home/bbcontact/magician_ros2/build/dobot_homing/share/dobot_homing/hook/pythonpath_develop.ps1'
[17.223s] INFO:colcon.colcon_core.shell:Creating environment descriptor '/home/bbcontact/magician_ros2/build/dobot_homing/share/dobot_homing/hook/pythonpath_develop.dsv'
[17.227s] DEBUG:colcon.colcon_core.event_handler.log_command:Invoked command in '/home/bbcontact/magician_ros2/build/dobot_homing' returned '0': AMENT_PREFIX_PATH=/home/bbcontact/magician_ros2/install/dobot_msgs:/home/bbcontact/magician_ros2/install/dobot_driver:${AMENT_PREFIX_PATH} CMAKE_PREFIX_PATH=/home/bbcontact/magician_ros2/install/dobot_msgs:/home/bbcontact/magician_ros2/install/dobot_driver:${CMAKE_PREFIX_PATH} DEBUGINFOD_URLS=https://debuginfod.ubuntu.com LD_LIBRARY_PATH=/home/bbcontact/magician_ros2/install/dobot_msgs/lib:${LD_LIBRARY_PATH} PYTHONPATH=/home/bbcontact/magician_ros2/build/dobot_homing/prefix_override:/usr/lib/python3/dist-packages/colcon_core/task/python/colcon_distutils_commands:/home/bbcontact/magician_ros2/install/dobot_homing/lib/python3.12/site-packages:/home/bbcontact/magician_ros2/install/dobot_msgs/lib/python3.12/site-packages:/home/bbcontact/magician_ros2/install/dobot_driver/lib/python3.12/site-packages:${PYTHONPATH} /usr/bin/python3 -W ignore:setup.py install is deprecated -W ignore:easy_install command is deprecated setup.py develop --editable --build-directory /home/bbcontact/magician_ros2/build/dobot_homing/build --no-deps symlink_data
[17.229s] INFO:colcon.colcon_core.shell:Creating environment hook '/home/bbcontact/magician_ros2/build/dobot_homing/share/dobot_homing/hook/pythonpath_develop.sh'
[17.232s] Level 1:colcon.colcon_core.environment:checking '/home/bbcontact/magician_ros2/install/dobot_homing' for CMake module files
[17.235s] Level 1:colcon.colcon_core.environment:checking '/home/bbcontact/magician_ros2/install/dobot_homing' for CMake config files
[17.238s] Level 1:colcon.colcon_core.environment:checking '/home/bbcontact/magician_ros2/install/dobot_homing/lib'
[17.238s] Level 1:colcon.colcon_core.environment:checking '/home/bbcontact/magician_ros2/install/dobot_homing/bin'
[17.239s] Level 1:colcon.colcon_core.environment:checking '/home/bbcontact/magician_ros2/install/dobot_homing/lib/pkgconfig/dobot_homing.pc'
[17.240s] Level 1:colcon.colcon_core.environment:checking '/home/bbcontact/magician_ros2/install/dobot_homing/lib/python3.12/site-packages'
[17.241s] Level 1:colcon.colcon_core.shell:create_environment_hook('dobot_homing', 'pythonpath')
[17.242s] INFO:colcon.colcon_core.shell:Creating environment hook '/home/bbcontact/magician_ros2/install/dobot_homing/share/dobot_homing/hook/pythonpath.ps1'
[17.244s] INFO:colcon.colcon_core.shell:Creating environment descriptor '/home/bbcontact/magician_ros2/install/dobot_homing/share/dobot_homing/hook/pythonpath.dsv'
[17.246s] INFO:colcon.colcon_core.shell:Creating environment hook '/home/bbcontact/magician_ros2/install/dobot_homing/share/dobot_homing/hook/pythonpath.sh'
[17.251s] Level 1:colcon.colcon_core.environment:checking '/home/bbcontact/magician_ros2/install/dobot_homing/bin'
[17.251s] Level 1:colcon.colcon_core.environment:create_environment_scripts_only(dobot_homing)
[17.253s] INFO:colcon.colcon_core.shell:Creating package script '/home/bbcontact/magician_ros2/install/dobot_homing/share/dobot_homing/package.ps1'
[17.257s] INFO:colcon.colcon_core.shell:Creating package descriptor '/home/bbcontact/magician_ros2/install/dobot_homing/share/dobot_homing/package.dsv'
[17.259s] INFO:colcon.colcon_core.shell:Creating package script '/home/bbcontact/magician_ros2/install/dobot_homing/share/dobot_homing/package.sh'
[17.262s] INFO:colcon.colcon_core.shell:Creating package script '/home/bbcontact/magician_ros2/install/dobot_homing/share/dobot_homing/package.bash'
[17.264s] INFO:colcon.colcon_core.shell:Creating package script '/home/bbcontact/magician_ros2/install/dobot_homing/share/dobot_homing/package.zsh'
[17.268s] Level 1:colcon.colcon_core.environment:create_file_with_runtime_dependencies(/home/bbcontact/magician_ros2/install/dobot_homing/share/colcon-core/packages/dobot_homing)
[17.274s] Level 1:colcon.colcon_core.shell:create_environment_hook('dobot_calibration', 'pythonpath_develop')
[17.275s] INFO:colcon.colcon_core.shell:Creating environment hook '/home/bbcontact/magician_ros2/build/dobot_calibration/share/dobot_calibration/hook/pythonpath_develop.ps1'
[17.285s] INFO:colcon.colcon_core.shell:Creating environment descriptor '/home/bbcontact/magician_ros2/build/dobot_calibration/share/dobot_calibration/hook/pythonpath_develop.dsv'
[17.287s] INFO:colcon.colcon_core.shell:Creating environment hook '/home/bbcontact/magician_ros2/build/dobot_calibration/share/dobot_calibration/hook/pythonpath_develop.sh'
[17.288s] DEBUG:colcon.colcon_core.event_handler.log_command:Invoked command in '/home/bbcontact/magician_ros2/build/dobot_calibration' returned '0': AMENT_PREFIX_PATH=/home/bbcontact/magician_ros2/install/dobot_msgs:${AMENT_PREFIX_PATH} CMAKE_PREFIX_PATH=/home/bbcontact/magician_ros2/install/dobot_msgs:${CMAKE_PREFIX_PATH} DEBUGINFOD_URLS=https://debuginfod.ubuntu.com LD_LIBRARY_PATH=/home/bbcontact/magician_ros2/install/dobot_msgs/lib:${LD_LIBRARY_PATH} PYTHONPATH=/home/bbcontact/magician_ros2/build/dobot_calibration/prefix_override:/usr/lib/python3/dist-packages/colcon_core/task/python/colcon_distutils_commands:/home/bbcontact/magician_ros2/install/dobot_calibration/lib/python3.12/site-packages:/home/bbcontact/magician_ros2/install/dobot_msgs/lib/python3.12/site-packages:${PYTHONPATH} /usr/bin/python3 -W ignore:setup.py install is deprecated -W ignore:easy_install command is deprecated setup.py develop --editable --build-directory /home/bbcontact/magician_ros2/build/dobot_calibration/build --no-deps symlink_data
[17.292s] Level 1:colcon.colcon_core.environment:checking '/home/bbcontact/magician_ros2/install/dobot_calibration' for CMake module files
[17.295s] Level 1:colcon.colcon_core.environment:checking '/home/bbcontact/magician_ros2/install/dobot_calibration' for CMake config files
[17.298s] Level 1:colcon.colcon_core.environment:checking '/home/bbcontact/magician_ros2/install/dobot_calibration/lib'
[17.299s] Level 1:colcon.colcon_core.environment:checking '/home/bbcontact/magician_ros2/install/dobot_calibration/bin'
[17.299s] Level 1:colcon.colcon_core.environment:checking '/home/bbcontact/magician_ros2/install/dobot_calibration/lib/pkgconfig/dobot_calibration.pc'
[17.301s] Level 1:colcon.colcon_core.environment:checking '/home/bbcontact/magician_ros2/install/dobot_calibration/lib/python3.12/site-packages'
[17.301s] Level 1:colcon.colcon_core.shell:create_environment_hook('dobot_calibration', 'pythonpath')
[17.302s] INFO:colcon.colcon_core.shell:Creating environment hook '/home/bbcontact/magician_ros2/install/dobot_calibration/share/dobot_calibration/hook/pythonpath.ps1'
[17.304s] INFO:colcon.colcon_core.shell:Creating environment descriptor '/home/bbcontact/magician_ros2/install/dobot_calibration/share/dobot_calibration/hook/pythonpath.dsv'
[17.306s] INFO:colcon.colcon_core.shell:Creating environment hook '/home/bbcontact/magician_ros2/install/dobot_calibration/share/dobot_calibration/hook/pythonpath.sh'
[17.310s] Level 1:colcon.colcon_core.environment:checking '/home/bbcontact/magician_ros2/install/dobot_calibration/bin'
[17.310s] Level 1:colcon.colcon_core.environment:create_environment_scripts_only(dobot_calibration)
[17.312s] INFO:colcon.colcon_core.shell:Creating package script '/home/bbcontact/magician_ros2/install/dobot_calibration/share/dobot_calibration/package.ps1'
[17.316s] INFO:colcon.colcon_core.shell:Creating package descriptor '/home/bbcontact/magician_ros2/install/dobot_calibration/share/dobot_calibration/package.dsv'
[17.319s] INFO:colcon.colcon_core.shell:Creating package script '/home/bbcontact/magician_ros2/install/dobot_calibration/share/dobot_calibration/package.sh'
[17.321s] INFO:colcon.colcon_core.shell:Creating package script '/home/bbcontact/magician_ros2/install/dobot_calibration/share/dobot_calibration/package.bash'
[17.323s] INFO:colcon.colcon_core.shell:Creating package script '/home/bbcontact/magician_ros2/install/dobot_calibration/share/dobot_calibration/package.zsh'
[17.325s] Level 1:colcon.colcon_core.environment:create_file_with_runtime_dependencies(/home/bbcontact/magician_ros2/install/dobot_calibration/share/colcon-core/packages/dobot_calibration)
[17.327s] INFO:colcon.colcon_ros.task.ament_python.build:Building ROS package in '/home/bbcontact/magician_ros2/src/magician_ros2/dobot_vision_yolo' with build type 'ament_python'
[17.329s] Level 1:colcon.colcon_core.shell:create_environment_hook('dobot_vision_yolo', 'ament_prefix_path')
[17.329s] INFO:colcon.colcon_core.shell:Creating environment hook '/home/bbcontact/magician_ros2/install/dobot_vision_yolo/share/dobot_vision_yolo/hook/ament_prefix_path.ps1'
[17.331s] INFO:colcon.colcon_core.shell:Creating environment descriptor '/home/bbcontact/magician_ros2/install/dobot_vision_yolo/share/dobot_vision_yolo/hook/ament_prefix_path.dsv'
[17.332s] INFO:colcon.colcon_core.shell:Creating environment hook '/home/bbcontact/magician_ros2/install/dobot_vision_yolo/share/dobot_vision_yolo/hook/ament_prefix_path.sh'
[17.334s] INFO:colcon.colcon_core.shell:Skip shell extension 'powershell' for command environment: Not usable outside of PowerShell
[17.334s] DEBUG:colcon.colcon_core.shell:Skip shell extension 'dsv' for command environment
[17.352s] Level 1:colcon.colcon_core.shell:create_environment_hook('dobot_diagnostics', 'pythonpath_develop')
[17.353s] DEBUG:colcon.colcon_core.event_handler.log_command:Invoked command in '/home/bbcontact/magician_ros2/build/dobot_diagnostics' returned '0': AMENT_PREFIX_PATH=/home/bbcontact/magician_ros2/install/dobot_msgs:${AMENT_PREFIX_PATH} CMAKE_PREFIX_PATH=/home/bbcontact/magician_ros2/install/dobot_msgs:${CMAKE_PREFIX_PATH} DEBUGINFOD_URLS=https://debuginfod.ubuntu.com LD_LIBRARY_PATH=/home/bbcontact/magician_ros2/install/dobot_msgs/lib:${LD_LIBRARY_PATH} PYTHONPATH=/home/bbcontact/magician_ros2/build/dobot_diagnostics/prefix_override:/usr/lib/python3/dist-packages/colcon_core/task/python/colcon_distutils_commands:/home/bbcontact/magician_ros2/install/dobot_diagnostics/lib/python3.12/site-packages:/home/bbcontact/magician_ros2/install/dobot_msgs/lib/python3.12/site-packages:${PYTHONPATH} /usr/bin/python3 -W ignore:setup.py install is deprecated -W ignore:easy_install command is deprecated setup.py develop --editable --build-directory /home/bbcontact/magician_ros2/build/dobot_diagnostics/build --no-deps symlink_data
[17.354s] INFO:colcon.colcon_core.shell:Creating environment hook '/home/bbcontact/magician_ros2/build/dobot_diagnostics/share/dobot_diagnostics/hook/pythonpath_develop.ps1'
[17.356s] INFO:colcon.colcon_core.shell:Creating environment descriptor '/home/bbcontact/magician_ros2/build/dobot_diagnostics/share/dobot_diagnostics/hook/pythonpath_develop.dsv'
[17.358s] INFO:colcon.colcon_core.shell:Creating environment hook '/home/bbcontact/magician_ros2/build/dobot_diagnostics/share/dobot_diagnostics/hook/pythonpath_develop.sh'
[17.360s] Level 1:colcon.colcon_core.environment:checking '/home/bbcontact/magician_ros2/install/dobot_diagnostics' for CMake module files
[17.362s] Level 1:colcon.colcon_core.environment:checking '/home/bbcontact/magician_ros2/install/dobot_diagnostics' for CMake config files
[17.365s] Level 1:colcon.colcon_core.environment:checking '/home/bbcontact/magician_ros2/install/dobot_diagnostics/lib'
[17.365s] Level 1:colcon.colcon_core.environment:checking '/home/bbcontact/magician_ros2/install/dobot_diagnostics/bin'
[17.365s] Level 1:colcon.colcon_core.environment:checking '/home/bbcontact/magician_ros2/install/dobot_diagnostics/lib/pkgconfig/dobot_diagnostics.pc'
[17.366s] Level 1:colcon.colcon_core.environment:checking '/home/bbcontact/magician_ros2/install/dobot_diagnostics/lib/python3.12/site-packages'
[17.367s] Level 1:colcon.colcon_core.shell:create_environment_hook('dobot_diagnostics', 'pythonpath')
[17.368s] INFO:colcon.colcon_core.shell:Creating environment hook '/home/bbcontact/magician_ros2/install/dobot_diagnostics/share/dobot_diagnostics/hook/pythonpath.ps1'
[17.369s] INFO:colcon.colcon_core.shell:Creating environment descriptor '/home/bbcontact/magician_ros2/install/dobot_diagnostics/share/dobot_diagnostics/hook/pythonpath.dsv'
[17.371s] INFO:colcon.colcon_core.shell:Creating environment hook '/home/bbcontact/magician_ros2/install/dobot_diagnostics/share/dobot_diagnostics/hook/pythonpath.sh'
[17.374s] Level 1:colcon.colcon_core.environment:checking '/home/bbcontact/magician_ros2/install/dobot_diagnostics/bin'
[17.375s] Level 1:colcon.colcon_core.environment:create_environment_scripts_only(dobot_diagnostics)
[17.376s] INFO:colcon.colcon_core.shell:Creating package script '/home/bbcontact/magician_ros2/install/dobot_diagnostics/share/dobot_diagnostics/package.ps1'
[17.379s] INFO:colcon.colcon_core.shell:Creating package descriptor '/home/bbcontact/magician_ros2/install/dobot_diagnostics/share/dobot_diagnostics/package.dsv'
[17.381s] INFO:colcon.colcon_core.shell:Creating package script '/home/bbcontact/magician_ros2/install/dobot_diagnostics/share/dobot_diagnostics/package.sh'
[17.383s] INFO:colcon.colcon_core.shell:Creating package script '/home/bbcontact/magician_ros2/install/dobot_diagnostics/share/dobot_diagnostics/package.bash'
[17.385s] INFO:colcon.colcon_core.shell:Creating package script '/home/bbcontact/magician_ros2/install/dobot_diagnostics/share/dobot_diagnostics/package.zsh'
[17.386s] Level 1:colcon.colcon_core.environment:create_file_with_runtime_dependencies(/home/bbcontact/magician_ros2/install/dobot_diagnostics/share/colcon-core/packages/dobot_diagnostics)
[17.389s] Level 1:colcon.colcon_core.shell:create_environment_hook('dobot_state_updater', 'pythonpath_develop')
[17.390s] INFO:colcon.colcon_core.shell:Creating environment hook '/home/bbcontact/magician_ros2/build/dobot_state_updater/share/dobot_state_updater/hook/pythonpath_develop.ps1'
[17.393s] INFO:colcon.colcon_core.shell:Creating environment descriptor '/home/bbcontact/magician_ros2/build/dobot_state_updater/share/dobot_state_updater/hook/pythonpath_develop.dsv'
[17.393s] DEBUG:colcon.colcon_core.event_handler.log_command:Invoked command in '/home/bbcontact/magician_ros2/build/dobot_state_updater' returned '0': AMENT_PREFIX_PATH=/home/bbcontact/magician_ros2/install/dobot_msgs:/home/bbcontact/magician_ros2/install/dobot_driver:${AMENT_PREFIX_PATH} CMAKE_PREFIX_PATH=/home/bbcontact/magician_ros2/install/dobot_msgs:/home/bbcontact/magician_ros2/install/dobot_driver:${CMAKE_PREFIX_PATH} DEBUGINFOD_URLS=https://debuginfod.ubuntu.com LD_LIBRARY_PATH=/home/bbcontact/magician_ros2/install/dobot_msgs/lib:${LD_LIBRARY_PATH} PYTHONPATH=/home/bbcontact/magician_ros2/build/dobot_state_updater/prefix_override:/usr/lib/python3/dist-packages/colcon_core/task/python/colcon_distutils_commands:/home/bbcontact/magician_ros2/install/dobot_state_updater/lib/python3.12/site-packages:/home/bbcontact/magician_ros2/install/dobot_msgs/lib/python3.12/site-packages:/home/bbcontact/magician_ros2/install/dobot_driver/lib/python3.12/site-packages:${PYTHONPATH} /usr/bin/python3 -W ignore:setup.py install is deprecated -W ignore:easy_install command is deprecated setup.py develop --editable --build-directory /home/bbcontact/magician_ros2/build/dobot_state_updater/build --no-deps symlink_data
[17.395s] INFO:colcon.colcon_core.shell:Creating environment hook '/home/bbcontact/magician_ros2/build/dobot_state_updater/share/dobot_state_updater/hook/pythonpath_develop.sh'
[17.397s] Level 1:colcon.colcon_core.environment:checking '/home/bbcontact/magician_ros2/install/dobot_state_updater' for CMake module files
[17.399s] Level 1:colcon.colcon_core.environment:checking '/home/bbcontact/magician_ros2/install/dobot_state_updater' for CMake config files
[17.400s] Level 1:colcon.colcon_core.environment:checking '/home/bbcontact/magician_ros2/install/dobot_state_updater/lib'
[17.400s] Level 1:colcon.colcon_core.environment:checking '/home/bbcontact/magician_ros2/install/dobot_state_updater/bin'
[17.401s] Level 1:colcon.colcon_core.environment:checking '/home/bbcontact/magician_ros2/install/dobot_state_updater/lib/pkgconfig/dobot_state_updater.pc'
[17.401s] Level 1:colcon.colcon_core.environment:checking '/home/bbcontact/magician_ros2/install/dobot_state_updater/lib/python3.12/site-packages'
[17.402s] Level 1:colcon.colcon_core.shell:create_environment_hook('dobot_state_updater', 'pythonpath')
[17.402s] INFO:colcon.colcon_core.shell:Creating environment hook '/home/bbcontact/magician_ros2/install/dobot_state_updater/share/dobot_state_updater/hook/pythonpath.ps1'
[17.403s] INFO:colcon.colcon_core.shell:Creating environment descriptor '/home/bbcontact/magician_ros2/install/dobot_state_updater/share/dobot_state_updater/hook/pythonpath.dsv'
[17.404s] INFO:colcon.colcon_core.shell:Creating environment hook '/home/bbcontact/magician_ros2/install/dobot_state_updater/share/dobot_state_updater/hook/pythonpath.sh'
[17.406s] Level 1:colcon.colcon_core.environment:checking '/home/bbcontact/magician_ros2/install/dobot_state_updater/bin'
[17.406s] Level 1:colcon.colcon_core.environment:create_environment_scripts_only(dobot_state_updater)
[17.407s] INFO:colcon.colcon_core.shell:Creating package script '/home/bbcontact/magician_ros2/install/dobot_state_updater/share/dobot_state_updater/package.ps1'
[17.409s] INFO:colcon.colcon_core.shell:Creating package descriptor '/home/bbcontact/magician_ros2/install/dobot_state_updater/share/dobot_state_updater/package.dsv'
[17.410s] INFO:colcon.colcon_core.shell:Creating package script '/home/bbcontact/magician_ros2/install/dobot_state_updater/share/dobot_state_updater/package.sh'
[17.411s] INFO:colcon.colcon_core.shell:Creating package script '/home/bbcontact/magician_ros2/install/dobot_state_updater/share/dobot_state_updater/package.bash'
[17.412s] INFO:colcon.colcon_core.shell:Creating package script '/home/bbcontact/magician_ros2/install/dobot_state_updater/share/dobot_state_updater/package.zsh'
[17.413s] Level 1:colcon.colcon_core.environment:create_file_with_runtime_dependencies(/home/bbcontact/magician_ros2/install/dobot_state_updater/share/colcon-core/packages/dobot_state_updater)
[18.053s] INFO:colcon.colcon_core.task.python.build:Building Python package in '/home/bbcontact/magician_ros2/src/magician_ros2/dobot_vision_yolo'
[18.053s] INFO:colcon.colcon_core.shell:Skip shell extension 'powershell' for command environment: Not usable outside of PowerShell
[18.053s] DEBUG:colcon.colcon_core.shell:Skip shell extension 'dsv' for command environment
[18.059s] Level 1:colcon.colcon_core.shell:create_environment_hook('dobot_vision_rgbd', 'pythonpath_develop')
[18.060s] DEBUG:colcon.colcon_core.event_handler.log_command:Invoked command in '/home/bbcontact/magician_ros2/build/dobot_vision_rgbd' returned '0': AMENT_PREFIX_PATH=/home/bbcontact/magician_ros2/install/orbbec_camera_msgs:${AMENT_PREFIX_PATH} CMAKE_PREFIX_PATH=/home/bbcontact/magician_ros2/install/orbbec_camera_msgs:${CMAKE_PREFIX_PATH} DEBUGINFOD_URLS=https://debuginfod.ubuntu.com LD_LIBRARY_PATH=/home/bbcontact/magician_ros2/install/orbbec_camera_msgs/lib:${LD_LIBRARY_PATH} PYTHONPATH=/home/bbcontact/magician_ros2/build/dobot_vision_rgbd/prefix_override:/usr/lib/python3/dist-packages/colcon_core/task/python/colcon_distutils_commands:/home/bbcontact/magician_ros2/install/dobot_vision_rgbd/lib/python3.12/site-packages:/home/bbcontact/magician_ros2/install/orbbec_camera_msgs/lib/python3.12/site-packages:${PYTHONPATH} /usr/bin/python3 -W ignore:setup.py install is deprecated -W ignore:easy_install command is deprecated setup.py develop --editable --build-directory /home/bbcontact/magician_ros2/build/dobot_vision_rgbd/build --no-deps symlink_data
[18.060s] INFO:colcon.colcon_core.shell:Creating environment hook '/home/bbcontact/magician_ros2/build/dobot_vision_rgbd/share/dobot_vision_rgbd/hook/pythonpath_develop.ps1'
[18.061s] INFO:colcon.colcon_core.shell:Creating environment descriptor '/home/bbcontact/magician_ros2/build/dobot_vision_rgbd/share/dobot_vision_rgbd/hook/pythonpath_develop.dsv'
[18.062s] INFO:colcon.colcon_core.shell:Creating environment hook '/home/bbcontact/magician_ros2/build/dobot_vision_rgbd/share/dobot_vision_rgbd/hook/pythonpath_develop.sh'
[18.063s] Level 1:colcon.colcon_core.environment:checking '/home/bbcontact/magician_ros2/install/dobot_vision_rgbd' for CMake module files
[18.064s] Level 1:colcon.colcon_core.environment:checking '/home/bbcontact/magician_ros2/install/dobot_vision_rgbd' for CMake config files
[18.065s] Level 1:colcon.colcon_core.environment:checking '/home/bbcontact/magician_ros2/install/dobot_vision_rgbd/lib'
[18.065s] Level 1:colcon.colcon_core.environment:checking '/home/bbcontact/magician_ros2/install/dobot_vision_rgbd/bin'
[18.065s] Level 1:colcon.colcon_core.environment:checking '/home/bbcontact/magician_ros2/install/dobot_vision_rgbd/lib/pkgconfig/dobot_vision_rgbd.pc'
[18.065s] Level 1:colcon.colcon_core.environment:checking '/home/bbcontact/magician_ros2/install/dobot_vision_rgbd/lib/python3.12/site-packages'
[18.066s] Level 1:colcon.colcon_core.shell:create_environment_hook('dobot_vision_rgbd', 'pythonpath')
[18.066s] INFO:colcon.colcon_core.shell:Creating environment hook '/home/bbcontact/magician_ros2/install/dobot_vision_rgbd/share/dobot_vision_rgbd/hook/pythonpath.ps1'
[18.066s] INFO:colcon.colcon_core.shell:Creating environment descriptor '/home/bbcontact/magician_ros2/install/dobot_vision_rgbd/share/dobot_vision_rgbd/hook/pythonpath.dsv'
[18.067s] INFO:colcon.colcon_core.shell:Creating environment hook '/home/bbcontact/magician_ros2/install/dobot_vision_rgbd/share/dobot_vision_rgbd/hook/pythonpath.sh'
[18.068s] Level 1:colcon.colcon_core.environment:checking '/home/bbcontact/magician_ros2/install/dobot_vision_rgbd/bin'
[18.069s] Level 1:colcon.colcon_core.environment:create_environment_scripts_only(dobot_vision_rgbd)
[18.069s] INFO:colcon.colcon_core.shell:Creating package script '/home/bbcontact/magician_ros2/install/dobot_vision_rgbd/share/dobot_vision_rgbd/package.ps1'
[18.070s] INFO:colcon.colcon_core.shell:Creating package descriptor '/home/bbcontact/magician_ros2/install/dobot_vision_rgbd/share/dobot_vision_rgbd/package.dsv'
[18.071s] INFO:colcon.colcon_core.shell:Creating package script '/home/bbcontact/magician_ros2/install/dobot_vision_rgbd/share/dobot_vision_rgbd/package.sh'
[18.072s] INFO:colcon.colcon_core.shell:Creating package script '/home/bbcontact/magician_ros2/install/dobot_vision_rgbd/share/dobot_vision_rgbd/package.bash'
[18.072s] INFO:colcon.colcon_core.shell:Creating package script '/home/bbcontact/magician_ros2/install/dobot_vision_rgbd/share/dobot_vision_rgbd/package.zsh'
[18.073s] Level 1:colcon.colcon_core.environment:create_file_with_runtime_dependencies(/home/bbcontact/magician_ros2/install/dobot_vision_rgbd/share/colcon-core/packages/dobot_vision_rgbd)
[18.075s] Level 1:colcon.colcon_core.shell:create_environment_hook('dobot_motion', 'pythonpath_develop')
[18.076s] INFO:colcon.colcon_core.shell:Creating environment hook '/home/bbcontact/magician_ros2/build/dobot_motion/share/dobot_motion/hook/pythonpath_develop.ps1'
[18.078s] INFO:colcon.colcon_core.shell:Creating environment descriptor '/home/bbcontact/magician_ros2/build/dobot_motion/share/dobot_motion/hook/pythonpath_develop.dsv'
[18.079s] INFO:colcon.colcon_core.shell:Creating environment hook '/home/bbcontact/magician_ros2/build/dobot_motion/share/dobot_motion/hook/pythonpath_develop.sh'
[18.080s] DEBUG:colcon.colcon_core.event_handler.log_command:Invoked command in '/home/bbcontact/magician_ros2/build/dobot_motion' returned '0': AMENT_PREFIX_PATH=/home/bbcontact/magician_ros2/install/dobot_msgs:/home/bbcontact/magician_ros2/install/dobot_driver:${AMENT_PREFIX_PATH} CMAKE_PREFIX_PATH=/home/bbcontact/magician_ros2/install/dobot_msgs:/home/bbcontact/magician_ros2/install/dobot_driver:${CMAKE_PREFIX_PATH} DEBUGINFOD_URLS=https://debuginfod.ubuntu.com LD_LIBRARY_PATH=/home/bbcontact/magician_ros2/install/dobot_msgs/lib:${LD_LIBRARY_PATH} PYTHONPATH=/home/bbcontact/magician_ros2/build/dobot_motion/prefix_override:/usr/lib/python3/dist-packages/colcon_core/task/python/colcon_distutils_commands:/home/bbcontact/magician_ros2/install/dobot_motion/lib/python3.12/site-packages:/home/bbcontact/magician_ros2/install/dobot_msgs/lib/python3.12/site-packages:/home/bbcontact/magician_ros2/install/dobot_driver/lib/python3.12/site-packages:${PYTHONPATH} /usr/bin/python3 -W ignore:setup.py install is deprecated -W ignore:easy_install command is deprecated setup.py develop --editable --build-directory /home/bbcontact/magician_ros2/build/dobot_motion/build --no-deps symlink_data
[18.081s] Level 1:colcon.colcon_core.environment:checking '/home/bbcontact/magician_ros2/install/dobot_motion' for CMake module files
[18.082s] Level 1:colcon.colcon_core.environment:checking '/home/bbcontact/magician_ros2/install/dobot_motion' for CMake config files
[18.082s] Level 1:colcon.colcon_core.environment:checking '/home/bbcontact/magician_ros2/install/dobot_motion/lib'
[18.083s] Level 1:colcon.colcon_core.environment:checking '/home/bbcontact/magician_ros2/install/dobot_motion/bin'
[18.083s] Level 1:colcon.colcon_core.environment:checking '/home/bbcontact/magician_ros2/install/dobot_motion/lib/pkgconfig/dobot_motion.pc'
[18.083s] Level 1:colcon.colcon_core.environment:checking '/home/bbcontact/magician_ros2/install/dobot_motion/lib/python3.12/site-packages'
[18.083s] Level 1:colcon.colcon_core.shell:create_environment_hook('dobot_motion', 'pythonpath')
[18.084s] INFO:colcon.colcon_core.shell:Creating environment hook '/home/bbcontact/magician_ros2/install/dobot_motion/share/dobot_motion/hook/pythonpath.ps1'
[18.084s] INFO:colcon.colcon_core.shell:Creating environment descriptor '/home/bbcontact/magician_ros2/install/dobot_motion/share/dobot_motion/hook/pythonpath.dsv'
[18.085s] INFO:colcon.colcon_core.shell:Creating environment hook '/home/bbcontact/magician_ros2/install/dobot_motion/share/dobot_motion/hook/pythonpath.sh'
[18.086s] Level 1:colcon.colcon_core.environment:checking '/home/bbcontact/magician_ros2/install/dobot_motion/bin'
[18.086s] Level 1:colcon.colcon_core.environment:create_environment_scripts_only(dobot_motion)
[18.087s] INFO:colcon.colcon_core.shell:Creating package script '/home/bbcontact/magician_ros2/install/dobot_motion/share/dobot_motion/package.ps1'
[18.088s] INFO:colcon.colcon_core.shell:Creating package descriptor '/home/bbcontact/magician_ros2/install/dobot_motion/share/dobot_motion/package.dsv'
[18.089s] INFO:colcon.colcon_core.shell:Creating package script '/home/bbcontact/magician_ros2/install/dobot_motion/share/dobot_motion/package.sh'
[18.090s] INFO:colcon.colcon_core.shell:Creating package script '/home/bbcontact/magician_ros2/install/dobot_motion/share/dobot_motion/package.bash'
[18.090s] INFO:colcon.colcon_core.shell:Creating package script '/home/bbcontact/magician_ros2/install/dobot_motion/share/dobot_motion/package.zsh'
[18.091s] Level 1:colcon.colcon_core.environment:create_file_with_runtime_dependencies(/home/bbcontact/magician_ros2/install/dobot_motion/share/colcon-core/packages/dobot_motion)
[18.094s] DEBUG:colcon.colcon_core.event_handler.log_command:Invoked command in '/home/bbcontact/magician_ros2/build/orbbec_camera' returned '0': AMENT_PREFIX_PATH=/home/bbcontact/magician_ros2/install/orbbec_camera_msgs:${AMENT_PREFIX_PATH} CMAKE_PREFIX_PATH=/home/bbcontact/magician_ros2/install/orbbec_camera_msgs:/opt/ros/jazzy/opt/gz_sim_vendor:/opt/ros/jazzy/opt/gz_sensors_vendor:/opt/ros/jazzy/opt/gz_physics_vendor:/opt/ros/jazzy/opt/sdformat_vendor:/opt/ros/jazzy/opt/gz_gui_vendor:/opt/ros/jazzy/opt/gz_transport_vendor:/opt/ros/jazzy/opt/gz_rendering_vendor:/opt/ros/jazzy/opt/gz_plugin_vendor:/opt/ros/jazzy/opt/gz_fuel_tools_vendor:/opt/ros/jazzy/opt/gz_msgs_vendor:/opt/ros/jazzy/opt/gz_common_vendor:/opt/ros/jazzy/opt/gz_math_vendor:/opt/ros/jazzy/opt/gz_utils_vendor:/opt/ros/jazzy/opt/gz_tools_vendor:/opt/ros/jazzy/opt/gz_ogre_next_vendor:/opt/ros/jazzy/opt/gz_dartsim_vendor:/opt/ros/jazzy/opt/gz_cmake_vendor:/opt/ros/jazzy DEBUGINFOD_URLS=https://debuginfod.ubuntu.com LD_LIBRARY_PATH=/home/bbcontact/magician_ros2/install/orbbec_camera_msgs/lib:${LD_LIBRARY_PATH} PYTHONPATH=/home/bbcontact/magician_ros2/install/orbbec_camera_msgs/lib/python3.12/site-packages:${PYTHONPATH} /usr/bin/cmake --build /home/bbcontact/magician_ros2/build/orbbec_camera -- -j8 -l8
[18.094s] INFO:colcon.colcon_ros.task.ament_python.build:Building ROS package in '/home/bbcontact/magician_ros2/src/magician_ros2/dobot_bringup' with build type 'ament_python'
[18.094s] Level 1:colcon.colcon_core.shell:create_environment_hook('dobot_bringup', 'ament_prefix_path')
[18.095s] DEBUG:colcon.colcon_core.event_handler.log_command:Invoking command in '/home/bbcontact/magician_ros2/build/orbbec_camera': AMENT_PREFIX_PATH=/home/bbcontact/magician_ros2/install/orbbec_camera_msgs:${AMENT_PREFIX_PATH} CMAKE_PREFIX_PATH=/home/bbcontact/magician_ros2/install/orbbec_camera_msgs:/opt/ros/jazzy/opt/gz_sim_vendor:/opt/ros/jazzy/opt/gz_sensors_vendor:/opt/ros/jazzy/opt/gz_physics_vendor:/opt/ros/jazzy/opt/sdformat_vendor:/opt/ros/jazzy/opt/gz_gui_vendor:/opt/ros/jazzy/opt/gz_transport_vendor:/opt/ros/jazzy/opt/gz_rendering_vendor:/opt/ros/jazzy/opt/gz_plugin_vendor:/opt/ros/jazzy/opt/gz_fuel_tools_vendor:/opt/ros/jazzy/opt/gz_msgs_vendor:/opt/ros/jazzy/opt/gz_common_vendor:/opt/ros/jazzy/opt/gz_math_vendor:/opt/ros/jazzy/opt/gz_utils_vendor:/opt/ros/jazzy/opt/gz_tools_vendor:/opt/ros/jazzy/opt/gz_ogre_next_vendor:/opt/ros/jazzy/opt/gz_dartsim_vendor:/opt/ros/jazzy/opt/gz_cmake_vendor:/opt/ros/jazzy DEBUGINFOD_URLS=https://debuginfod.ubuntu.com LD_LIBRARY_PATH=/home/bbcontact/magician_ros2/install/orbbec_camera_msgs/lib:${LD_LIBRARY_PATH} PYTHONPATH=/home/bbcontact/magician_ros2/install/orbbec_camera_msgs/lib/python3.12/site-packages:${PYTHONPATH} /usr/bin/cmake --install /home/bbcontact/magician_ros2/build/orbbec_camera
[18.095s] INFO:colcon.colcon_core.shell:Creating environment hook '/home/bbcontact/magician_ros2/install/dobot_bringup/share/dobot_bringup/hook/ament_prefix_path.ps1'
[18.096s] INFO:colcon.colcon_core.shell:Creating environment descriptor '/home/bbcontact/magician_ros2/install/dobot_bringup/share/dobot_bringup/hook/ament_prefix_path.dsv'
[18.097s] INFO:colcon.colcon_core.shell:Creating environment hook '/home/bbcontact/magician_ros2/install/dobot_bringup/share/dobot_bringup/hook/ament_prefix_path.sh'
[18.098s] INFO:colcon.colcon_core.shell:Skip shell extension 'powershell' for command environment: Not usable outside of PowerShell
[18.098s] DEBUG:colcon.colcon_core.shell:Skip shell extension 'dsv' for command environment
[18.837s] INFO:colcon.colcon_core.task.python.build:Building Python package in '/home/bbcontact/magician_ros2/src/magician_ros2/dobot_bringup'
[18.838s] INFO:colcon.colcon_core.shell:Skip shell extension 'powershell' for command environment: Not usable outside of PowerShell
[18.838s] DEBUG:colcon.colcon_core.shell:Skip shell extension 'dsv' for command environment
[20.231s] DEBUG:colcon.colcon_core.task.python.build:Available setuptools commands: clean, bdist_rpm, update_catalog, develop, build_ext, bdist_egg, bdist_dumb, build_clib, build_py, install_data, register, editable_wheel, egg_info, install_headers, bdist_wheel, setopt, alias, check, easy_install, upload_docs, upload, saveopts, install_lib, extract_messages, test, install_egg_info, rotate, compile_catalog, build, symlink_data, sdist, dist_info, install_scripts, init_catalog, build_scripts, bdist, install
[20.502s] Level 1:colcon.colcon_core.environment:create_environment_scripts_only(orbbec_camera)
[20.503s] DEBUG:colcon.colcon_core.event_handler.log_command:Invoked command in '/home/bbcontact/magician_ros2/build/orbbec_camera' returned '0': AMENT_PREFIX_PATH=/home/bbcontact/magician_ros2/install/orbbec_camera_msgs:${AMENT_PREFIX_PATH} CMAKE_PREFIX_PATH=/home/bbcontact/magician_ros2/install/orbbec_camera_msgs:/opt/ros/jazzy/opt/gz_sim_vendor:/opt/ros/jazzy/opt/gz_sensors_vendor:/opt/ros/jazzy/opt/gz_physics_vendor:/opt/ros/jazzy/opt/sdformat_vendor:/opt/ros/jazzy/opt/gz_gui_vendor:/opt/ros/jazzy/opt/gz_transport_vendor:/opt/ros/jazzy/opt/gz_rendering_vendor:/opt/ros/jazzy/opt/gz_plugin_vendor:/opt/ros/jazzy/opt/gz_fuel_tools_vendor:/opt/ros/jazzy/opt/gz_msgs_vendor:/opt/ros/jazzy/opt/gz_common_vendor:/opt/ros/jazzy/opt/gz_math_vendor:/opt/ros/jazzy/opt/gz_utils_vendor:/opt/ros/jazzy/opt/gz_tools_vendor:/opt/ros/jazzy/opt/gz_ogre_next_vendor:/opt/ros/jazzy/opt/gz_dartsim_vendor:/opt/ros/jazzy/opt/gz_cmake_vendor:/opt/ros/jazzy DEBUGINFOD_URLS=https://debuginfod.ubuntu.com LD_LIBRARY_PATH=/home/bbcontact/magician_ros2/install/orbbec_camera_msgs/lib:${LD_LIBRARY_PATH} PYTHONPATH=/home/bbcontact/magician_ros2/install/orbbec_camera_msgs/lib/python3.12/site-packages:${PYTHONPATH} /usr/bin/cmake --install /home/bbcontact/magician_ros2/build/orbbec_camera
[20.504s] Level 1:colcon.colcon_core.environment:checking '/home/bbcontact/magician_ros2/install/orbbec_camera' for CMake module files
[20.506s] Level 1:colcon.colcon_core.environment:checking '/home/bbcontact/magician_ros2/install/orbbec_camera' for CMake config files
[20.508s] Level 1:colcon.colcon_core.shell:create_environment_hook('orbbec_camera', 'cmake_prefix_path')
[20.508s] INFO:colcon.colcon_core.shell:Creating environment hook '/home/bbcontact/magician_ros2/install/orbbec_camera/share/orbbec_camera/hook/cmake_prefix_path.ps1'
[20.509s] INFO:colcon.colcon_core.shell:Creating environment descriptor '/home/bbcontact/magician_ros2/install/orbbec_camera/share/orbbec_camera/hook/cmake_prefix_path.dsv'
[20.510s] INFO:colcon.colcon_core.shell:Creating environment hook '/home/bbcontact/magician_ros2/install/orbbec_camera/share/orbbec_camera/hook/cmake_prefix_path.sh'
[20.511s] Level 1:colcon.colcon_core.environment:checking '/home/bbcontact/magician_ros2/install/orbbec_camera/lib'
[20.511s] Level 1:colcon.colcon_core.shell:create_environment_hook('orbbec_camera', 'ld_library_path_lib')
[20.512s] INFO:colcon.colcon_core.shell:Creating environment hook '/home/bbcontact/magician_ros2/install/orbbec_camera/share/orbbec_camera/hook/ld_library_path_lib.ps1'
[20.513s] INFO:colcon.colcon_core.shell:Creating environment descriptor '/home/bbcontact/magician_ros2/install/orbbec_camera/share/orbbec_camera/hook/ld_library_path_lib.dsv'
[20.513s] INFO:colcon.colcon_core.shell:Creating environment hook '/home/bbcontact/magician_ros2/install/orbbec_camera/share/orbbec_camera/hook/ld_library_path_lib.sh'
[20.514s] Level 1:colcon.colcon_core.environment:checking '/home/bbcontact/magician_ros2/install/orbbec_camera/bin'
[20.514s] Level 1:colcon.colcon_core.environment:checking '/home/bbcontact/magician_ros2/install/orbbec_camera/lib/pkgconfig/orbbec_camera.pc'
[20.515s] Level 1:colcon.colcon_core.environment:checking '/home/bbcontact/magician_ros2/install/orbbec_camera/lib/python3.12/site-packages'
[20.516s] Level 1:colcon.colcon_core.environment:checking '/home/bbcontact/magician_ros2/install/orbbec_camera/bin'
[20.516s] INFO:colcon.colcon_core.shell:Creating package script '/home/bbcontact/magician_ros2/install/orbbec_camera/share/orbbec_camera/package.ps1'
[20.517s] INFO:colcon.colcon_core.shell:Creating package descriptor '/home/bbcontact/magician_ros2/install/orbbec_camera/share/orbbec_camera/package.dsv'
[20.518s] INFO:colcon.colcon_core.shell:Creating package script '/home/bbcontact/magician_ros2/install/orbbec_camera/share/orbbec_camera/package.sh'
[20.519s] INFO:colcon.colcon_core.shell:Creating package script '/home/bbcontact/magician_ros2/install/orbbec_camera/share/orbbec_camera/package.bash'
[20.520s] INFO:colcon.colcon_core.shell:Creating package script '/home/bbcontact/magician_ros2/install/orbbec_camera/share/orbbec_camera/package.zsh'
[20.520s] Level 1:colcon.colcon_core.environment:create_file_with_runtime_dependencies(/home/bbcontact/magician_ros2/install/orbbec_camera/share/colcon-core/packages/orbbec_camera)
[20.521s] Level 1:colcon.colcon_core.environment:create_environment_scripts_only(orbbec_camera)
[20.522s] Level 1:colcon.colcon_core.environment:checking '/home/bbcontact/magician_ros2/install/orbbec_camera' for CMake module files
[20.523s] Level 1:colcon.colcon_core.environment:checking '/home/bbcontact/magician_ros2/install/orbbec_camera' for CMake config files
[20.525s] Level 1:colcon.colcon_core.shell:create_environment_hook('orbbec_camera', 'cmake_prefix_path')
[20.525s] INFO:colcon.colcon_core.shell:Creating environment hook '/home/bbcontact/magician_ros2/install/orbbec_camera/share/orbbec_camera/hook/cmake_prefix_path.ps1'
[20.526s] INFO:colcon.colcon_core.shell:Creating environment descriptor '/home/bbcontact/magician_ros2/install/orbbec_camera/share/orbbec_camera/hook/cmake_prefix_path.dsv'
[20.527s] INFO:colcon.colcon_core.shell:Creating environment hook '/home/bbcontact/magician_ros2/install/orbbec_camera/share/orbbec_camera/hook/cmake_prefix_path.sh'
[20.528s] Level 1:colcon.colcon_core.environment:checking '/home/bbcontact/magician_ros2/install/orbbec_camera/lib'
[20.528s] Level 1:colcon.colcon_core.shell:create_environment_hook('orbbec_camera', 'ld_library_path_lib')
[20.528s] INFO:colcon.colcon_core.shell:Creating environment hook '/home/bbcontact/magician_ros2/install/orbbec_camera/share/orbbec_camera/hook/ld_library_path_lib.ps1'
[20.529s] INFO:colcon.colcon_core.shell:Creating environment descriptor '/home/bbcontact/magician_ros2/install/orbbec_camera/share/orbbec_camera/hook/ld_library_path_lib.dsv'
[20.530s] INFO:colcon.colcon_core.shell:Creating environment hook '/home/bbcontact/magician_ros2/install/orbbec_camera/share/orbbec_camera/hook/ld_library_path_lib.sh'
[20.530s] Level 1:colcon.colcon_core.environment:checking '/home/bbcontact/magician_ros2/install/orbbec_camera/bin'
[20.531s] Level 1:colcon.colcon_core.environment:checking '/home/bbcontact/magician_ros2/install/orbbec_camera/lib/pkgconfig/orbbec_camera.pc'
[20.531s] Level 1:colcon.colcon_core.environment:checking '/home/bbcontact/magician_ros2/install/orbbec_camera/lib/python3.12/site-packages'
[20.532s] Level 1:colcon.colcon_core.environment:checking '/home/bbcontact/magician_ros2/install/orbbec_camera/bin'
[20.532s] INFO:colcon.colcon_core.shell:Creating package script '/home/bbcontact/magician_ros2/install/orbbec_camera/share/orbbec_camera/package.ps1'
[20.534s] INFO:colcon.colcon_core.shell:Creating package descriptor '/home/bbcontact/magician_ros2/install/orbbec_camera/share/orbbec_camera/package.dsv'
[20.535s] INFO:colcon.colcon_core.shell:Creating package script '/home/bbcontact/magician_ros2/install/orbbec_camera/share/orbbec_camera/package.sh'
[20.536s] INFO:colcon.colcon_core.shell:Creating package script '/home/bbcontact/magician_ros2/install/orbbec_camera/share/orbbec_camera/package.bash'
[20.537s] INFO:colcon.colcon_core.shell:Creating package script '/home/bbcontact/magician_ros2/install/orbbec_camera/share/orbbec_camera/package.zsh'
[20.538s] Level 1:colcon.colcon_core.environment:create_file_with_runtime_dependencies(/home/bbcontact/magician_ros2/install/orbbec_camera/share/colcon-core/packages/orbbec_camera)
[20.981s] DEBUG:colcon.colcon_core.task.python.build:Available setuptools commands: clean, bdist_rpm, update_catalog, develop, build_ext, bdist_egg, bdist_dumb, build_clib, build_py, install_data, register, editable_wheel, egg_info, install_headers, bdist_wheel, setopt, alias, check, easy_install, upload_docs, upload, saveopts, install_lib, extract_messages, test, install_egg_info, rotate, compile_catalog, build, symlink_data, sdist, dist_info, install_scripts, init_catalog, build_scripts, bdist, install
[21.221s] DEBUG:colcon.colcon_core.task.python.build:Available setuptools 'develop' options: --install-layout, --script-dir, --optimize, --version, --help, --quiet, --force-installation-into-system-dir, --uninstall, --no-find-links, --site-dirs, --editable, --prefix, --build-directory, --zip-ok, --find-links, --always-unzip, --user, --no-user-cfg, --egg-path, --install-dir, --always-copy, --allow-hosts, --dry-run, --no-deps, --local-snapshots-ok, --exclude-scripts, --multi-version, --index-url, --upgrade, --record, --verbose
[21.225s] DEBUG:colcon.colcon_core.event_handler.log_command:Invoking command in '/home/bbcontact/magician_ros2/build/dobot_vision_yolo': AMENT_PREFIX_PATH=/home/bbcontact/magician_ros2/install/dobot_calibration:/home/bbcontact/magician_ros2/install/dobot_msgs:${AMENT_PREFIX_PATH} CMAKE_PREFIX_PATH=/home/bbcontact/magician_ros2/install/dobot_msgs:${CMAKE_PREFIX_PATH} DEBUGINFOD_URLS=https://debuginfod.ubuntu.com LD_LIBRARY_PATH=/home/bbcontact/magician_ros2/install/dobot_msgs/lib:${LD_LIBRARY_PATH} PYTHONPATH=/home/bbcontact/magician_ros2/build/dobot_vision_yolo/prefix_override:/usr/lib/python3/dist-packages/colcon_core/task/python/colcon_distutils_commands:/home/bbcontact/magician_ros2/install/dobot_vision_yolo/lib/python3.12/site-packages:/home/bbcontact/magician_ros2/build/dobot_calibration:/home/bbcontact/magician_ros2/install/dobot_calibration/lib/python3.12/site-packages:/home/bbcontact/magician_ros2/install/dobot_msgs/lib/python3.12/site-packages:${PYTHONPATH} /usr/bin/python3 -W ignore:setup.py install is deprecated -W ignore:easy_install command is deprecated setup.py develop --editable --build-directory /home/bbcontact/magician_ros2/build/dobot_vision_yolo/build --no-deps symlink_data
[21.917s] DEBUG:colcon.colcon_core.task.python.build:Available setuptools 'develop' options: --install-layout, --script-dir, --optimize, --version, --help, --quiet, --force-installation-into-system-dir, --uninstall, --no-find-links, --site-dirs, --editable, --prefix, --build-directory, --zip-ok, --find-links, --always-unzip, --user, --no-user-cfg, --egg-path, --install-dir, --always-copy, --allow-hosts, --dry-run, --no-deps, --local-snapshots-ok, --exclude-scripts, --multi-version, --index-url, --upgrade, --record, --verbose
[21.920s] DEBUG:colcon.colcon_core.event_handler.log_command:Invoking command in '/home/bbcontact/magician_ros2/build/dobot_bringup': AMENT_PREFIX_PATH=/home/bbcontact/magician_ros2/install/dobot_state_updater:/home/bbcontact/magician_ros2/install/dobot_motion:/home/bbcontact/magician_ros2/install/dobot_kinematics:/home/bbcontact/magician_ros2/install/dobot_homing:/home/bbcontact/magician_ros2/install/dobot_end_effector:/home/bbcontact/magician_ros2/install/dobot_diagnostics:/home/bbcontact/magician_ros2/install/dobot_msgs:/home/bbcontact/magician_ros2/install/dobot_driver:/home/bbcontact/magician_ros2/install/dobot_description:${AMENT_PREFIX_PATH} CMAKE_PREFIX_PATH=/home/bbcontact/magician_ros2/install/dobot_msgs:/home/bbcontact/magician_ros2/install/dobot_driver:/home/bbcontact/magician_ros2/install/dobot_description:${CMAKE_PREFIX_PATH} DEBUGINFOD_URLS=https://debuginfod.ubuntu.com LD_LIBRARY_PATH=/home/bbcontact/magician_ros2/install/dobot_msgs/lib:${LD_LIBRARY_PATH} PYTHONPATH=/home/bbcontact/magician_ros2/build/dobot_bringup/prefix_override:/usr/lib/python3/dist-packages/colcon_core/task/python/colcon_distutils_commands:/home/bbcontact/magician_ros2/install/dobot_bringup/lib/python3.12/site-packages:/home/bbcontact/magician_ros2/build/dobot_state_updater:/home/bbcontact/magician_ros2/install/dobot_state_updater/lib/python3.12/site-packages:/home/bbcontact/magician_ros2/build/dobot_motion:/home/bbcontact/magician_ros2/install/dobot_motion/lib/python3.12/site-packages:/home/bbcontact/magician_ros2/build/dobot_kinematics:/home/bbcontact/magician_ros2/install/dobot_kinematics/lib/python3.12/site-packages:/home/bbcontact/magician_ros2/build/dobot_homing:/home/bbcontact/magician_ros2/install/dobot_homing/lib/python3.12/site-packages:/home/bbcontact/magician_ros2/build/dobot_end_effector:/home/bbcontact/magician_ros2/install/dobot_end_effector/lib/python3.12/site-packages:/home/bbcontact/magician_ros2/build/dobot_diagnostics:/home/bbcontact/magician_ros2/install/dobot_diagnostics/lib/python3.12/site-packages:/home/bbcontact/magician_ros2/install/dobot_msgs/lib/python3.12/site-packages:/home/bbcontact/magician_ros2/install/dobot_driver/lib/python3.12/site-packages:${PYTHONPATH} /usr/bin/python3 -W ignore:setup.py install is deprecated -W ignore:easy_install command is deprecated setup.py develop --editable --build-directory /home/bbcontact/magician_ros2/build/dobot_bringup/build --no-deps symlink_data
[23.161s] DEBUG:colcon.colcon_core.event_handler.log_command:Invoked command in '/home/bbcontact/magician_ros2/build/dobot_vision_yolo' returned '1': AMENT_PREFIX_PATH=/home/bbcontact/magician_ros2/install/dobot_calibration:/home/bbcontact/magician_ros2/install/dobot_msgs:${AMENT_PREFIX_PATH} CMAKE_PREFIX_PATH=/home/bbcontact/magician_ros2/install/dobot_msgs:${CMAKE_PREFIX_PATH} DEBUGINFOD_URLS=https://debuginfod.ubuntu.com LD_LIBRARY_PATH=/home/bbcontact/magician_ros2/install/dobot_msgs/lib:${LD_LIBRARY_PATH} PYTHONPATH=/home/bbcontact/magician_ros2/build/dobot_vision_yolo/prefix_override:/usr/lib/python3/dist-packages/colcon_core/task/python/colcon_distutils_commands:/home/bbcontact/magician_ros2/install/dobot_vision_yolo/lib/python3.12/site-packages:/home/bbcontact/magician_ros2/build/dobot_calibration:/home/bbcontact/magician_ros2/install/dobot_calibration/lib/python3.12/site-packages:/home/bbcontact/magician_ros2/install/dobot_msgs/lib/python3.12/site-packages:${PYTHONPATH} /usr/bin/python3 -W ignore:setup.py install is deprecated -W ignore:easy_install command is deprecated setup.py develop --editable --build-directory /home/bbcontact/magician_ros2/build/dobot_vision_yolo/build --no-deps symlink_data
[23.918s] DEBUG:colcon.colcon_parallel_executor.executor.parallel:closing loop
[23.918s] DEBUG:colcon.colcon_parallel_executor.executor.parallel:loop closed
[23.918s] DEBUG:colcon.colcon_parallel_executor.executor.parallel:run_until_complete finished with '1'
[23.918s] DEBUG:colcon.colcon_core.event_reactor:joining thread
[23.920s] DEBUG:colcon.colcon_core.event_reactor:joined thread
[23.920s] INFO:colcon.colcon_core.shell:Creating prefix script '/home/bbcontact/magician_ros2/install/local_setup.ps1'
[23.922s] INFO:colcon.colcon_core.shell:Creating prefix util module '/home/bbcontact/magician_ros2/install/_local_setup_util_ps1.py'
[23.925s] INFO:colcon.colcon_core.shell:Creating prefix chain script '/home/bbcontact/magician_ros2/install/setup.ps1'
[23.927s] INFO:colcon.colcon_core.shell:Creating prefix script '/home/bbcontact/magician_ros2/install/local_setup.sh'
[23.928s] INFO:colcon.colcon_core.shell:Creating prefix util module '/home/bbcontact/magician_ros2/install/_local_setup_util_sh.py'
[23.929s] INFO:colcon.colcon_core.shell:Creating prefix chain script '/home/bbcontact/magician_ros2/install/setup.sh'
[23.931s] INFO:colcon.colcon_core.shell:Creating prefix script '/home/bbcontact/magician_ros2/install/local_setup.bash'
[23.932s] INFO:colcon.colcon_core.shell:Creating prefix chain script '/home/bbcontact/magician_ros2/install/setup.bash'
[23.933s] INFO:colcon.colcon_core.shell:Creating prefix script '/home/bbcontact/magician_ros2/install/local_setup.zsh'
[23.934s] INFO:colcon.colcon_core.shell:Creating prefix chain script '/home/bbcontact/magician_ros2/install/setup.zsh'
