[0.596s] DEBUG:colcon:Command line arguments: ['/usr/bin/colcon', 'build', '--symlink-install']
[0.596s] DEBUG:colcon:Parsed command line arguments: Namespace(log_base=None, log_level=None, verb_name='build', build_base='build', install_base='install', merge_install=False, symlink_install=True, test_result_base=None, continue_on_error=False, executor='parallel', parallel_workers=8, event_handlers=None, ignore_user_meta=False, metas=['./colcon.meta'], base_paths=['.'], packages_ignore=None, packages_ignore_regex=None, paths=None, packages_up_to=None, packages_up_to_regex=None, packages_above=None, packages_above_and_dependencies=None, packages_above_depth=None, packages_select_by_dep=None, packages_skip_by_dep=None, packages_skip_up_to=None, packages_select_build_failed=False, packages_skip_build_finished=False, packages_select_test_failures=False, packages_skip_test_passed=False, packages_select=None, packages_skip=None, packages_select_regex=None, packages_skip_regex=None, packages_start=None, packages_end=None, allow_overriding=[], cmake_args=None, cmake_target=None, cmake_target_skip_unavailable=False, cmake_clean_cache=False, cmake_clean_first=False, cmake_force_configure=False, ament_cmake_args=None, catkin_cmake_args=None, catkin_skip_building_tests=False, mixin_files=None, mixin=None, verb_parser=<colcon_mixin.mixin.mixin_argument.MixinArgumentDecorator object at 0x7f076e02dd30>, verb_extension=<colcon_core.verb.build.BuildVerb object at 0x7f076e02d9a0>, main=<bound method BuildVerb.main of <colcon_core.verb.build.BuildVerb object at 0x7f076e02d9a0>>, mixin_verb=('build',))
[0.699s] Level 1:colcon.colcon_core.package_discovery:discover_packages(colcon_meta) check parameters
[0.699s] Level 1:colcon.colcon_core.package_discovery:discover_packages(recursive) check parameters
[0.699s] Level 1:colcon.colcon_core.package_discovery:discover_packages(ignore) check parameters
[0.699s] Level 1:colcon.colcon_core.package_discovery:discover_packages(path) check parameters
[0.699s] Level 1:colcon.colcon_core.package_discovery:discover_packages(colcon_meta) discover
[0.699s] Level 1:colcon.colcon_core.package_discovery:discover_packages(recursive) discover
[0.699s] INFO:colcon.colcon_core.package_discovery:Crawling recursively for packages in '/home/bbcontact/magician_ros2'
[0.699s] Level 1:colcon.colcon_core.package_identification:_identify(.) by extensions ['ignore', 'ignore_ament_install']
[0.700s] Level 1:colcon.colcon_core.package_identification:_identify(.) by extension 'ignore'
[0.700s] Level 1:colcon.colcon_core.package_identification:_identify(.) by extension 'ignore_ament_install'
[0.700s] Level 1:colcon.colcon_core.package_identification:_identify(.) by extensions ['colcon_pkg']
[0.700s] Level 1:colcon.colcon_core.package_identification:_identify(.) by extension 'colcon_pkg'
[0.700s] Level 1:colcon.colcon_core.package_identification:_identify(.) by extensions ['colcon_meta']
[0.700s] Level 1:colcon.colcon_core.package_identification:_identify(.) by extension 'colcon_meta'
[0.700s] Level 1:colcon.colcon_core.package_identification:_identify(.) by extensions ['ros']
[0.700s] Level 1:colcon.colcon_core.package_identification:_identify(.) by extension 'ros'
[0.767s] Level 1:colcon.colcon_core.package_identification:_identify(.) by extensions ['cmake', 'python']
[0.767s] Level 1:colcon.colcon_core.package_identification:_identify(.) by extension 'cmake'
[0.767s] Level 1:colcon.colcon_core.package_identification:_identify(.) by extension 'python'
[0.767s] Level 1:colcon.colcon_core.package_identification:_identify(.) by extensions ['python_setup_py']
[0.767s] Level 1:colcon.colcon_core.package_identification:_identify(.) by extension 'python_setup_py'
[0.768s] Level 1:colcon.colcon_core.package_identification:_identify(Log) by extensions ['ignore', 'ignore_ament_install']
[0.768s] Level 1:colcon.colcon_core.package_identification:_identify(Log) by extension 'ignore'
[0.768s] Level 1:colcon.colcon_core.package_identification:_identify(Log) by extension 'ignore_ament_install'
[0.768s] Level 1:colcon.colcon_core.package_identification:_identify(Log) by extensions ['colcon_pkg']
[0.768s] Level 1:colcon.colcon_core.package_identification:_identify(Log) by extension 'colcon_pkg'
[0.768s] Level 1:colcon.colcon_core.package_identification:_identify(Log) by extensions ['colcon_meta']
[0.768s] Level 1:colcon.colcon_core.package_identification:_identify(Log) by extension 'colcon_meta'
[0.768s] Level 1:colcon.colcon_core.package_identification:_identify(Log) by extensions ['ros']
[0.768s] Level 1:colcon.colcon_core.package_identification:_identify(Log) by extension 'ros'
[0.769s] Level 1:colcon.colcon_core.package_identification:_identify(Log) by extensions ['cmake', 'python']
[0.769s] Level 1:colcon.colcon_core.package_identification:_identify(Log) by extension 'cmake'
[0.769s] Level 1:colcon.colcon_core.package_identification:_identify(Log) by extension 'python'
[0.769s] Level 1:colcon.colcon_core.package_identification:_identify(Log) by extensions ['python_setup_py']
[0.769s] Level 1:colcon.colcon_core.package_identification:_identify(Log) by extension 'python_setup_py'
[0.769s] Level 1:colcon.colcon_core.package_identification:_identify(build) by extensions ['ignore', 'ignore_ament_install']
[0.769s] Level 1:colcon.colcon_core.package_identification:_identify(build) by extension 'ignore'
[0.769s] Level 1:colcon.colcon_core.package_identification:_identify(build) ignored
[0.769s] Level 1:colcon.colcon_core.package_identification:_identify(config) by extensions ['ignore', 'ignore_ament_install']
[0.770s] Level 1:colcon.colcon_core.package_identification:_identify(config) by extension 'ignore'
[0.770s] Level 1:colcon.colcon_core.package_identification:_identify(config) by extension 'ignore_ament_install'
[0.770s] Level 1:colcon.colcon_core.package_identification:_identify(config) by extensions ['colcon_pkg']
[0.770s] Level 1:colcon.colcon_core.package_identification:_identify(config) by extension 'colcon_pkg'
[0.770s] Level 1:colcon.colcon_core.package_identification:_identify(config) by extensions ['colcon_meta']
[0.770s] Level 1:colcon.colcon_core.package_identification:_identify(config) by extension 'colcon_meta'
[0.770s] Level 1:colcon.colcon_core.package_identification:_identify(config) by extensions ['ros']
[0.770s] Level 1:colcon.colcon_core.package_identification:_identify(config) by extension 'ros'
[0.770s] Level 1:colcon.colcon_core.package_identification:_identify(config) by extensions ['cmake', 'python']
[0.770s] Level 1:colcon.colcon_core.package_identification:_identify(config) by extension 'cmake'
[0.770s] Level 1:colcon.colcon_core.package_identification:_identify(config) by extension 'python'
[0.771s] Level 1:colcon.colcon_core.package_identification:_identify(config) by extensions ['python_setup_py']
[0.771s] Level 1:colcon.colcon_core.package_identification:_identify(config) by extension 'python_setup_py'
[0.771s] Level 1:colcon.colcon_core.package_identification:_identify(docs) by extensions ['ignore', 'ignore_ament_install']
[0.771s] Level 1:colcon.colcon_core.package_identification:_identify(docs) by extension 'ignore'
[0.771s] Level 1:colcon.colcon_core.package_identification:_identify(docs) by extension 'ignore_ament_install'
[0.771s] Level 1:colcon.colcon_core.package_identification:_identify(docs) by extensions ['colcon_pkg']
[0.771s] Level 1:colcon.colcon_core.package_identification:_identify(docs) by extension 'colcon_pkg'
[0.771s] Level 1:colcon.colcon_core.package_identification:_identify(docs) by extensions ['colcon_meta']
[0.771s] Level 1:colcon.colcon_core.package_identification:_identify(docs) by extension 'colcon_meta'
[0.771s] Level 1:colcon.colcon_core.package_identification:_identify(docs) by extensions ['ros']
[0.771s] Level 1:colcon.colcon_core.package_identification:_identify(docs) by extension 'ros'
[0.772s] Level 1:colcon.colcon_core.package_identification:_identify(docs) by extensions ['cmake', 'python']
[0.772s] Level 1:colcon.colcon_core.package_identification:_identify(docs) by extension 'cmake'
[0.772s] Level 1:colcon.colcon_core.package_identification:_identify(docs) by extension 'python'
[0.772s] Level 1:colcon.colcon_core.package_identification:_identify(docs) by extensions ['python_setup_py']
[0.772s] Level 1:colcon.colcon_core.package_identification:_identify(docs) by extension 'python_setup_py'
[0.772s] Level 1:colcon.colcon_core.package_identification:_identify(install) by extensions ['ignore', 'ignore_ament_install']
[0.772s] Level 1:colcon.colcon_core.package_identification:_identify(install) by extension 'ignore'
[0.772s] Level 1:colcon.colcon_core.package_identification:_identify(install) ignored
[0.773s] Level 1:colcon.colcon_core.package_identification:_identify(log) by extensions ['ignore', 'ignore_ament_install']
[0.773s] Level 1:colcon.colcon_core.package_identification:_identify(log) by extension 'ignore'
[0.773s] Level 1:colcon.colcon_core.package_identification:_identify(log) ignored
[0.773s] Level 1:colcon.colcon_core.package_identification:_identify(scripts) by extensions ['ignore', 'ignore_ament_install']
[0.773s] Level 1:colcon.colcon_core.package_identification:_identify(scripts) by extension 'ignore'
[0.773s] Level 1:colcon.colcon_core.package_identification:_identify(scripts) by extension 'ignore_ament_install'
[0.773s] Level 1:colcon.colcon_core.package_identification:_identify(scripts) by extensions ['colcon_pkg']
[0.773s] Level 1:colcon.colcon_core.package_identification:_identify(scripts) by extension 'colcon_pkg'
[0.773s] Level 1:colcon.colcon_core.package_identification:_identify(scripts) by extensions ['colcon_meta']
[0.774s] Level 1:colcon.colcon_core.package_identification:_identify(scripts) by extension 'colcon_meta'
[0.774s] Level 1:colcon.colcon_core.package_identification:_identify(scripts) by extensions ['ros']
[0.774s] Level 1:colcon.colcon_core.package_identification:_identify(scripts) by extension 'ros'
[0.774s] Level 1:colcon.colcon_core.package_identification:_identify(scripts) by extensions ['cmake', 'python']
[0.774s] Level 1:colcon.colcon_core.package_identification:_identify(scripts) by extension 'cmake'
[0.774s] Level 1:colcon.colcon_core.package_identification:_identify(scripts) by extension 'python'
[0.774s] Level 1:colcon.colcon_core.package_identification:_identify(scripts) by extensions ['python_setup_py']
[0.774s] Level 1:colcon.colcon_core.package_identification:_identify(scripts) by extension 'python_setup_py'
[0.774s] Level 1:colcon.colcon_core.package_identification:_identify(src) by extensions ['ignore', 'ignore_ament_install']
[0.774s] Level 1:colcon.colcon_core.package_identification:_identify(src) by extension 'ignore'
[0.774s] Level 1:colcon.colcon_core.package_identification:_identify(src) by extension 'ignore_ament_install'
[0.775s] Level 1:colcon.colcon_core.package_identification:_identify(src) by extensions ['colcon_pkg']
[0.775s] Level 1:colcon.colcon_core.package_identification:_identify(src) by extension 'colcon_pkg'
[0.775s] Level 1:colcon.colcon_core.package_identification:_identify(src) by extensions ['colcon_meta']
[0.775s] Level 1:colcon.colcon_core.package_identification:_identify(src) by extension 'colcon_meta'
[0.775s] Level 1:colcon.colcon_core.package_identification:_identify(src) by extensions ['ros']
[0.775s] Level 1:colcon.colcon_core.package_identification:_identify(src) by extension 'ros'
[0.775s] Level 1:colcon.colcon_core.package_identification:_identify(src) by extensions ['cmake', 'python']
[0.775s] Level 1:colcon.colcon_core.package_identification:_identify(src) by extension 'cmake'
[0.775s] Level 1:colcon.colcon_core.package_identification:_identify(src) by extension 'python'
[0.775s] Level 1:colcon.colcon_core.package_identification:_identify(src) by extensions ['python_setup_py']
[0.775s] Level 1:colcon.colcon_core.package_identification:_identify(src) by extension 'python_setup_py'
[0.776s] Level 1:colcon.colcon_core.package_identification:_identify(src/OrbbecSDK_ROS2) by extensions ['ignore', 'ignore_ament_install']
[0.776s] Level 1:colcon.colcon_core.package_identification:_identify(src/OrbbecSDK_ROS2) by extension 'ignore'
[0.776s] Level 1:colcon.colcon_core.package_identification:_identify(src/OrbbecSDK_ROS2) by extension 'ignore_ament_install'
[0.776s] Level 1:colcon.colcon_core.package_identification:_identify(src/OrbbecSDK_ROS2) by extensions ['colcon_pkg']
[0.776s] Level 1:colcon.colcon_core.package_identification:_identify(src/OrbbecSDK_ROS2) by extension 'colcon_pkg'
[0.777s] Level 1:colcon.colcon_core.package_identification:_identify(src/OrbbecSDK_ROS2) by extensions ['colcon_meta']
[0.777s] Level 1:colcon.colcon_core.package_identification:_identify(src/OrbbecSDK_ROS2) by extension 'colcon_meta'
[0.777s] Level 1:colcon.colcon_core.package_identification:_identify(src/OrbbecSDK_ROS2) by extensions ['ros']
[0.777s] Level 1:colcon.colcon_core.package_identification:_identify(src/OrbbecSDK_ROS2) by extension 'ros'
[0.777s] Level 1:colcon.colcon_core.package_identification:_identify(src/OrbbecSDK_ROS2) by extensions ['cmake', 'python']
[0.777s] Level 1:colcon.colcon_core.package_identification:_identify(src/OrbbecSDK_ROS2) by extension 'cmake'
[0.777s] Level 1:colcon.colcon_core.package_identification:_identify(src/OrbbecSDK_ROS2) by extension 'python'
[0.777s] Level 1:colcon.colcon_core.package_identification:_identify(src/OrbbecSDK_ROS2) by extensions ['python_setup_py']
[0.778s] Level 1:colcon.colcon_core.package_identification:_identify(src/OrbbecSDK_ROS2) by extension 'python_setup_py'
[0.778s] Level 1:colcon.colcon_core.package_identification:_identify(src/OrbbecSDK_ROS2/docs) by extensions ['ignore', 'ignore_ament_install']
[0.778s] Level 1:colcon.colcon_core.package_identification:_identify(src/OrbbecSDK_ROS2/docs) by extension 'ignore'
[0.778s] Level 1:colcon.colcon_core.package_identification:_identify(src/OrbbecSDK_ROS2/docs) by extension 'ignore_ament_install'
[0.778s] Level 1:colcon.colcon_core.package_identification:_identify(src/OrbbecSDK_ROS2/docs) by extensions ['colcon_pkg']
[0.778s] Level 1:colcon.colcon_core.package_identification:_identify(src/OrbbecSDK_ROS2/docs) by extension 'colcon_pkg'
[0.779s] Level 1:colcon.colcon_core.package_identification:_identify(src/OrbbecSDK_ROS2/docs) by extensions ['colcon_meta']
[0.779s] Level 1:colcon.colcon_core.package_identification:_identify(src/OrbbecSDK_ROS2/docs) by extension 'colcon_meta'
[0.779s] Level 1:colcon.colcon_core.package_identification:_identify(src/OrbbecSDK_ROS2/docs) by extensions ['ros']
[0.779s] Level 1:colcon.colcon_core.package_identification:_identify(src/OrbbecSDK_ROS2/docs) by extension 'ros'
[0.779s] Level 1:colcon.colcon_core.package_identification:_identify(src/OrbbecSDK_ROS2/docs) by extensions ['cmake', 'python']
[0.779s] Level 1:colcon.colcon_core.package_identification:_identify(src/OrbbecSDK_ROS2/docs) by extension 'cmake'
[0.779s] Level 1:colcon.colcon_core.package_identification:_identify(src/OrbbecSDK_ROS2/docs) by extension 'python'
[0.780s] Level 1:colcon.colcon_core.package_identification:_identify(src/OrbbecSDK_ROS2/docs) by extensions ['python_setup_py']
[0.780s] Level 1:colcon.colcon_core.package_identification:_identify(src/OrbbecSDK_ROS2/docs) by extension 'python_setup_py'
[0.780s] Level 1:colcon.colcon_core.package_identification:_identify(src/OrbbecSDK_ROS2/docs/images) by extensions ['ignore', 'ignore_ament_install']
[0.780s] Level 1:colcon.colcon_core.package_identification:_identify(src/OrbbecSDK_ROS2/docs/images) by extension 'ignore'
[0.780s] Level 1:colcon.colcon_core.package_identification:_identify(src/OrbbecSDK_ROS2/docs/images) by extension 'ignore_ament_install'
[0.780s] Level 1:colcon.colcon_core.package_identification:_identify(src/OrbbecSDK_ROS2/docs/images) by extensions ['colcon_pkg']
[0.780s] Level 1:colcon.colcon_core.package_identification:_identify(src/OrbbecSDK_ROS2/docs/images) by extension 'colcon_pkg'
[0.781s] Level 1:colcon.colcon_core.package_identification:_identify(src/OrbbecSDK_ROS2/docs/images) by extensions ['colcon_meta']
[0.781s] Level 1:colcon.colcon_core.package_identification:_identify(src/OrbbecSDK_ROS2/docs/images) by extension 'colcon_meta'
[0.781s] Level 1:colcon.colcon_core.package_identification:_identify(src/OrbbecSDK_ROS2/docs/images) by extensions ['ros']
[0.781s] Level 1:colcon.colcon_core.package_identification:_identify(src/OrbbecSDK_ROS2/docs/images) by extension 'ros'
[0.781s] Level 1:colcon.colcon_core.package_identification:_identify(src/OrbbecSDK_ROS2/docs/images) by extensions ['cmake', 'python']
[0.781s] Level 1:colcon.colcon_core.package_identification:_identify(src/OrbbecSDK_ROS2/docs/images) by extension 'cmake'
[0.781s] Level 1:colcon.colcon_core.package_identification:_identify(src/OrbbecSDK_ROS2/docs/images) by extension 'python'
[0.781s] Level 1:colcon.colcon_core.package_identification:_identify(src/OrbbecSDK_ROS2/docs/images) by extensions ['python_setup_py']
[0.781s] Level 1:colcon.colcon_core.package_identification:_identify(src/OrbbecSDK_ROS2/docs/images) by extension 'python_setup_py'
[0.782s] Level 1:colcon.colcon_core.package_identification:_identify(src/OrbbecSDK_ROS2/orbbec_camera) by extensions ['ignore', 'ignore_ament_install']
[0.782s] Level 1:colcon.colcon_core.package_identification:_identify(src/OrbbecSDK_ROS2/orbbec_camera) by extension 'ignore'
[0.782s] Level 1:colcon.colcon_core.package_identification:_identify(src/OrbbecSDK_ROS2/orbbec_camera) by extension 'ignore_ament_install'
[0.782s] Level 1:colcon.colcon_core.package_identification:_identify(src/OrbbecSDK_ROS2/orbbec_camera) by extensions ['colcon_pkg']
[0.783s] Level 1:colcon.colcon_core.package_identification:_identify(src/OrbbecSDK_ROS2/orbbec_camera) by extension 'colcon_pkg'
[0.783s] Level 1:colcon.colcon_core.package_identification:_identify(src/OrbbecSDK_ROS2/orbbec_camera) by extensions ['colcon_meta']
[0.783s] Level 1:colcon.colcon_core.package_identification:_identify(src/OrbbecSDK_ROS2/orbbec_camera) by extension 'colcon_meta'
[0.783s] Level 1:colcon.colcon_core.package_identification:_identify(src/OrbbecSDK_ROS2/orbbec_camera) by extensions ['ros']
[0.783s] Level 1:colcon.colcon_core.package_identification:_identify(src/OrbbecSDK_ROS2/orbbec_camera) by extension 'ros'
[0.794s] DEBUG:colcon.colcon_core.package_identification:Package 'src/OrbbecSDK_ROS2/orbbec_camera' with type 'ros.ament_cmake' and name 'orbbec_camera'
[0.794s] Level 1:colcon.colcon_core.package_identification:_identify(src/OrbbecSDK_ROS2/orbbec_camera_msgs) by extensions ['ignore', 'ignore_ament_install']
[0.794s] Level 1:colcon.colcon_core.package_identification:_identify(src/OrbbecSDK_ROS2/orbbec_camera_msgs) by extension 'ignore'
[0.794s] Level 1:colcon.colcon_core.package_identification:_identify(src/OrbbecSDK_ROS2/orbbec_camera_msgs) by extension 'ignore_ament_install'
[0.794s] Level 1:colcon.colcon_core.package_identification:_identify(src/OrbbecSDK_ROS2/orbbec_camera_msgs) by extensions ['colcon_pkg']
[0.794s] Level 1:colcon.colcon_core.package_identification:_identify(src/OrbbecSDK_ROS2/orbbec_camera_msgs) by extension 'colcon_pkg'
[0.795s] Level 1:colcon.colcon_core.package_identification:_identify(src/OrbbecSDK_ROS2/orbbec_camera_msgs) by extensions ['colcon_meta']
[0.795s] Level 1:colcon.colcon_core.package_identification:_identify(src/OrbbecSDK_ROS2/orbbec_camera_msgs) by extension 'colcon_meta'
[0.795s] Level 1:colcon.colcon_core.package_identification:_identify(src/OrbbecSDK_ROS2/orbbec_camera_msgs) by extensions ['ros']
[0.795s] Level 1:colcon.colcon_core.package_identification:_identify(src/OrbbecSDK_ROS2/orbbec_camera_msgs) by extension 'ros'
[0.796s] DEBUG:colcon.colcon_core.package_identification:Package 'src/OrbbecSDK_ROS2/orbbec_camera_msgs' with type 'ros.ament_cmake' and name 'orbbec_camera_msgs'
[0.796s] Level 1:colcon.colcon_core.package_identification:_identify(src/OrbbecSDK_ROS2/orbbec_description) by extensions ['ignore', 'ignore_ament_install']
[0.796s] Level 1:colcon.colcon_core.package_identification:_identify(src/OrbbecSDK_ROS2/orbbec_description) by extension 'ignore'
[0.796s] Level 1:colcon.colcon_core.package_identification:_identify(src/OrbbecSDK_ROS2/orbbec_description) by extension 'ignore_ament_install'
[0.796s] Level 1:colcon.colcon_core.package_identification:_identify(src/OrbbecSDK_ROS2/orbbec_description) by extensions ['colcon_pkg']
[0.796s] Level 1:colcon.colcon_core.package_identification:_identify(src/OrbbecSDK_ROS2/orbbec_description) by extension 'colcon_pkg'
[0.797s] Level 1:colcon.colcon_core.package_identification:_identify(src/OrbbecSDK_ROS2/orbbec_description) by extensions ['colcon_meta']
[0.797s] Level 1:colcon.colcon_core.package_identification:_identify(src/OrbbecSDK_ROS2/orbbec_description) by extension 'colcon_meta'
[0.797s] Level 1:colcon.colcon_core.package_identification:_identify(src/OrbbecSDK_ROS2/orbbec_description) by extensions ['ros']
[0.797s] Level 1:colcon.colcon_core.package_identification:_identify(src/OrbbecSDK_ROS2/orbbec_description) by extension 'ros'
[0.797s] DEBUG:colcon.colcon_core.package_identification:Package 'src/OrbbecSDK_ROS2/orbbec_description' with type 'ros.ament_cmake' and name 'orbbec_description'
[0.798s] Level 1:colcon.colcon_core.package_identification:_identify(src/magician_ros2) by extensions ['ignore', 'ignore_ament_install']
[0.798s] Level 1:colcon.colcon_core.package_identification:_identify(src/magician_ros2) by extension 'ignore'
[0.798s] Level 1:colcon.colcon_core.package_identification:_identify(src/magician_ros2) by extension 'ignore_ament_install'
[0.798s] Level 1:colcon.colcon_core.package_identification:_identify(src/magician_ros2) by extensions ['colcon_pkg']
[0.798s] Level 1:colcon.colcon_core.package_identification:_identify(src/magician_ros2) by extension 'colcon_pkg'
[0.798s] Level 1:colcon.colcon_core.package_identification:_identify(src/magician_ros2) by extensions ['colcon_meta']
[0.798s] Level 1:colcon.colcon_core.package_identification:_identify(src/magician_ros2) by extension 'colcon_meta'
[0.798s] Level 1:colcon.colcon_core.package_identification:_identify(src/magician_ros2) by extensions ['ros']
[0.798s] Level 1:colcon.colcon_core.package_identification:_identify(src/magician_ros2) by extension 'ros'
[0.799s] Level 1:colcon.colcon_core.package_identification:_identify(src/magician_ros2) by extensions ['cmake', 'python']
[0.799s] Level 1:colcon.colcon_core.package_identification:_identify(src/magician_ros2) by extension 'cmake'
[0.799s] Level 1:colcon.colcon_core.package_identification:_identify(src/magician_ros2) by extension 'python'
[0.799s] Level 1:colcon.colcon_core.package_identification:_identify(src/magician_ros2) by extensions ['python_setup_py']
[0.799s] Level 1:colcon.colcon_core.package_identification:_identify(src/magician_ros2) by extension 'python_setup_py'
[0.799s] Level 1:colcon.colcon_core.package_identification:_identify(src/magician_ros2/dobot_bringup) by extensions ['ignore', 'ignore_ament_install']
[0.799s] Level 1:colcon.colcon_core.package_identification:_identify(src/magician_ros2/dobot_bringup) by extension 'ignore'
[0.799s] Level 1:colcon.colcon_core.package_identification:_identify(src/magician_ros2/dobot_bringup) by extension 'ignore_ament_install'
[0.799s] Level 1:colcon.colcon_core.package_identification:_identify(src/magician_ros2/dobot_bringup) by extensions ['colcon_pkg']
[0.800s] Level 1:colcon.colcon_core.package_identification:_identify(src/magician_ros2/dobot_bringup) by extension 'colcon_pkg'
[0.800s] Level 1:colcon.colcon_core.package_identification:_identify(src/magician_ros2/dobot_bringup) by extensions ['colcon_meta']
[0.800s] Level 1:colcon.colcon_core.package_identification:_identify(src/magician_ros2/dobot_bringup) by extension 'colcon_meta'
[0.800s] Level 1:colcon.colcon_core.package_identification:_identify(src/magician_ros2/dobot_bringup) by extensions ['ros']
[0.800s] Level 1:colcon.colcon_core.package_identification:_identify(src/magician_ros2/dobot_bringup) by extension 'ros'
[0.801s] DEBUG:colcon.colcon_core.package_identification:Package 'src/magician_ros2/dobot_bringup' with type 'ros.ament_python' and name 'dobot_bringup'
[0.801s] Level 1:colcon.colcon_core.package_identification:_identify(src/magician_ros2/dobot_calibration) by extensions ['ignore', 'ignore_ament_install']
[0.801s] Level 1:colcon.colcon_core.package_identification:_identify(src/magician_ros2/dobot_calibration) by extension 'ignore'
[0.801s] Level 1:colcon.colcon_core.package_identification:_identify(src/magician_ros2/dobot_calibration) by extension 'ignore_ament_install'
[0.801s] Level 1:colcon.colcon_core.package_identification:_identify(src/magician_ros2/dobot_calibration) by extensions ['colcon_pkg']
[0.801s] Level 1:colcon.colcon_core.package_identification:_identify(src/magician_ros2/dobot_calibration) by extension 'colcon_pkg'
[0.802s] Level 1:colcon.colcon_core.package_identification:_identify(src/magician_ros2/dobot_calibration) by extensions ['colcon_meta']
[0.802s] Level 1:colcon.colcon_core.package_identification:_identify(src/magician_ros2/dobot_calibration) by extension 'colcon_meta'
[0.802s] Level 1:colcon.colcon_core.package_identification:_identify(src/magician_ros2/dobot_calibration) by extensions ['ros']
[0.802s] Level 1:colcon.colcon_core.package_identification:_identify(src/magician_ros2/dobot_calibration) by extension 'ros'
[0.803s] DEBUG:colcon.colcon_core.package_identification:Package 'src/magician_ros2/dobot_calibration' with type 'ros.ament_python' and name 'dobot_calibration'
[0.803s] Level 1:colcon.colcon_core.package_identification:_identify(src/magician_ros2/dobot_control_panel) by extensions ['ignore', 'ignore_ament_install']
[0.803s] Level 1:colcon.colcon_core.package_identification:_identify(src/magician_ros2/dobot_control_panel) by extension 'ignore'
[0.803s] Level 1:colcon.colcon_core.package_identification:_identify(src/magician_ros2/dobot_control_panel) by extension 'ignore_ament_install'
[0.803s] Level 1:colcon.colcon_core.package_identification:_identify(src/magician_ros2/dobot_control_panel) by extensions ['colcon_pkg']
[0.804s] Level 1:colcon.colcon_core.package_identification:_identify(src/magician_ros2/dobot_control_panel) by extension 'colcon_pkg'
[0.804s] Level 1:colcon.colcon_core.package_identification:_identify(src/magician_ros2/dobot_control_panel) by extensions ['colcon_meta']
[0.804s] Level 1:colcon.colcon_core.package_identification:_identify(src/magician_ros2/dobot_control_panel) by extension 'colcon_meta'
[0.804s] Level 1:colcon.colcon_core.package_identification:_identify(src/magician_ros2/dobot_control_panel) by extensions ['ros']
[0.804s] Level 1:colcon.colcon_core.package_identification:_identify(src/magician_ros2/dobot_control_panel) by extension 'ros'
[0.805s] DEBUG:colcon.colcon_core.package_identification:Package 'src/magician_ros2/dobot_control_panel' with type 'ros.ament_python' and name 'dobot_control_panel'
[0.805s] Level 1:colcon.colcon_core.package_identification:_identify(src/magician_ros2/dobot_demos) by extensions ['ignore', 'ignore_ament_install']
[0.805s] Level 1:colcon.colcon_core.package_identification:_identify(src/magician_ros2/dobot_demos) by extension 'ignore'
[0.805s] Level 1:colcon.colcon_core.package_identification:_identify(src/magician_ros2/dobot_demos) by extension 'ignore_ament_install'
[0.805s] Level 1:colcon.colcon_core.package_identification:_identify(src/magician_ros2/dobot_demos) by extensions ['colcon_pkg']
[0.805s] Level 1:colcon.colcon_core.package_identification:_identify(src/magician_ros2/dobot_demos) by extension 'colcon_pkg'
[0.806s] Level 1:colcon.colcon_core.package_identification:_identify(src/magician_ros2/dobot_demos) by extensions ['colcon_meta']
[0.806s] Level 1:colcon.colcon_core.package_identification:_identify(src/magician_ros2/dobot_demos) by extension 'colcon_meta'
[0.806s] Level 1:colcon.colcon_core.package_identification:_identify(src/magician_ros2/dobot_demos) by extensions ['ros']
[0.806s] Level 1:colcon.colcon_core.package_identification:_identify(src/magician_ros2/dobot_demos) by extension 'ros'
[0.807s] DEBUG:colcon.colcon_core.package_identification:Package 'src/magician_ros2/dobot_demos' with type 'ros.ament_python' and name 'dobot_demos'
[0.807s] Level 1:colcon.colcon_core.package_identification:_identify(src/magician_ros2/dobot_description) by extensions ['ignore', 'ignore_ament_install']
[0.808s] Level 1:colcon.colcon_core.package_identification:_identify(src/magician_ros2/dobot_description) by extension 'ignore'
[0.808s] Level 1:colcon.colcon_core.package_identification:_identify(src/magician_ros2/dobot_description) by extension 'ignore_ament_install'
[0.808s] Level 1:colcon.colcon_core.package_identification:_identify(src/magician_ros2/dobot_description) by extensions ['colcon_pkg']
[0.808s] Level 1:colcon.colcon_core.package_identification:_identify(src/magician_ros2/dobot_description) by extension 'colcon_pkg'
[0.808s] Level 1:colcon.colcon_core.package_identification:_identify(src/magician_ros2/dobot_description) by extensions ['colcon_meta']
[0.808s] Level 1:colcon.colcon_core.package_identification:_identify(src/magician_ros2/dobot_description) by extension 'colcon_meta'
[0.808s] Level 1:colcon.colcon_core.package_identification:_identify(src/magician_ros2/dobot_description) by extensions ['ros']
[0.808s] Level 1:colcon.colcon_core.package_identification:_identify(src/magician_ros2/dobot_description) by extension 'ros'
[0.809s] DEBUG:colcon.colcon_core.package_identification:Package 'src/magician_ros2/dobot_description' with type 'ros.ament_cmake' and name 'dobot_description'
[0.809s] Level 1:colcon.colcon_core.package_identification:_identify(src/magician_ros2/dobot_diagnostics) by extensions ['ignore', 'ignore_ament_install']
[0.809s] Level 1:colcon.colcon_core.package_identification:_identify(src/magician_ros2/dobot_diagnostics) by extension 'ignore'
[0.810s] Level 1:colcon.colcon_core.package_identification:_identify(src/magician_ros2/dobot_diagnostics) by extension 'ignore_ament_install'
[0.810s] Level 1:colcon.colcon_core.package_identification:_identify(src/magician_ros2/dobot_diagnostics) by extensions ['colcon_pkg']
[0.810s] Level 1:colcon.colcon_core.package_identification:_identify(src/magician_ros2/dobot_diagnostics) by extension 'colcon_pkg'
[0.810s] Level 1:colcon.colcon_core.package_identification:_identify(src/magician_ros2/dobot_diagnostics) by extensions ['colcon_meta']
[0.810s] Level 1:colcon.colcon_core.package_identification:_identify(src/magician_ros2/dobot_diagnostics) by extension 'colcon_meta'
[0.810s] Level 1:colcon.colcon_core.package_identification:_identify(src/magician_ros2/dobot_diagnostics) by extensions ['ros']
[0.810s] Level 1:colcon.colcon_core.package_identification:_identify(src/magician_ros2/dobot_diagnostics) by extension 'ros'
[0.811s] DEBUG:colcon.colcon_core.package_identification:Package 'src/magician_ros2/dobot_diagnostics' with type 'ros.ament_python' and name 'dobot_diagnostics'
[0.811s] Level 1:colcon.colcon_core.package_identification:_identify(src/magician_ros2/dobot_driver) by extensions ['ignore', 'ignore_ament_install']
[0.811s] Level 1:colcon.colcon_core.package_identification:_identify(src/magician_ros2/dobot_driver) by extension 'ignore'
[0.812s] Level 1:colcon.colcon_core.package_identification:_identify(src/magician_ros2/dobot_driver) by extension 'ignore_ament_install'
[0.812s] Level 1:colcon.colcon_core.package_identification:_identify(src/magician_ros2/dobot_driver) by extensions ['colcon_pkg']
[0.812s] Level 1:colcon.colcon_core.package_identification:_identify(src/magician_ros2/dobot_driver) by extension 'colcon_pkg'
[0.812s] Level 1:colcon.colcon_core.package_identification:_identify(src/magician_ros2/dobot_driver) by extensions ['colcon_meta']
[0.812s] Level 1:colcon.colcon_core.package_identification:_identify(src/magician_ros2/dobot_driver) by extension 'colcon_meta'
[0.812s] Level 1:colcon.colcon_core.package_identification:_identify(src/magician_ros2/dobot_driver) by extensions ['ros']
[0.812s] Level 1:colcon.colcon_core.package_identification:_identify(src/magician_ros2/dobot_driver) by extension 'ros'
[0.813s] DEBUG:colcon.colcon_core.package_identification:Package 'src/magician_ros2/dobot_driver' with type 'ros.ament_cmake' and name 'dobot_driver'
[0.813s] Level 1:colcon.colcon_core.package_identification:_identify(src/magician_ros2/dobot_end_effector) by extensions ['ignore', 'ignore_ament_install']
[0.813s] Level 1:colcon.colcon_core.package_identification:_identify(src/magician_ros2/dobot_end_effector) by extension 'ignore'
[0.813s] Level 1:colcon.colcon_core.package_identification:_identify(src/magician_ros2/dobot_end_effector) by extension 'ignore_ament_install'
[0.814s] Level 1:colcon.colcon_core.package_identification:_identify(src/magician_ros2/dobot_end_effector) by extensions ['colcon_pkg']
[0.814s] Level 1:colcon.colcon_core.package_identification:_identify(src/magician_ros2/dobot_end_effector) by extension 'colcon_pkg'
[0.814s] Level 1:colcon.colcon_core.package_identification:_identify(src/magician_ros2/dobot_end_effector) by extensions ['colcon_meta']
[0.814s] Level 1:colcon.colcon_core.package_identification:_identify(src/magician_ros2/dobot_end_effector) by extension 'colcon_meta'
[0.814s] Level 1:colcon.colcon_core.package_identification:_identify(src/magician_ros2/dobot_end_effector) by extensions ['ros']
[0.814s] Level 1:colcon.colcon_core.package_identification:_identify(src/magician_ros2/dobot_end_effector) by extension 'ros'
[0.815s] DEBUG:colcon.colcon_core.package_identification:Package 'src/magician_ros2/dobot_end_effector' with type 'ros.ament_python' and name 'dobot_end_effector'
[0.815s] Level 1:colcon.colcon_core.package_identification:_identify(src/magician_ros2/dobot_homing) by extensions ['ignore', 'ignore_ament_install']
[0.815s] Level 1:colcon.colcon_core.package_identification:_identify(src/magician_ros2/dobot_homing) by extension 'ignore'
[0.816s] Level 1:colcon.colcon_core.package_identification:_identify(src/magician_ros2/dobot_homing) by extension 'ignore_ament_install'
[0.816s] Level 1:colcon.colcon_core.package_identification:_identify(src/magician_ros2/dobot_homing) by extensions ['colcon_pkg']
[0.816s] Level 1:colcon.colcon_core.package_identification:_identify(src/magician_ros2/dobot_homing) by extension 'colcon_pkg'
[0.816s] Level 1:colcon.colcon_core.package_identification:_identify(src/magician_ros2/dobot_homing) by extensions ['colcon_meta']
[0.816s] Level 1:colcon.colcon_core.package_identification:_identify(src/magician_ros2/dobot_homing) by extension 'colcon_meta'
[0.816s] Level 1:colcon.colcon_core.package_identification:_identify(src/magician_ros2/dobot_homing) by extensions ['ros']
[0.816s] Level 1:colcon.colcon_core.package_identification:_identify(src/magician_ros2/dobot_homing) by extension 'ros'
[0.817s] DEBUG:colcon.colcon_core.package_identification:Package 'src/magician_ros2/dobot_homing' with type 'ros.ament_python' and name 'dobot_homing'
[0.817s] Level 1:colcon.colcon_core.package_identification:_identify(src/magician_ros2/dobot_kinematics) by extensions ['ignore', 'ignore_ament_install']
[0.818s] Level 1:colcon.colcon_core.package_identification:_identify(src/magician_ros2/dobot_kinematics) by extension 'ignore'
[0.818s] Level 1:colcon.colcon_core.package_identification:_identify(src/magician_ros2/dobot_kinematics) by extension 'ignore_ament_install'
[0.818s] Level 1:colcon.colcon_core.package_identification:_identify(src/magician_ros2/dobot_kinematics) by extensions ['colcon_pkg']
[0.818s] Level 1:colcon.colcon_core.package_identification:_identify(src/magician_ros2/dobot_kinematics) by extension 'colcon_pkg'
[0.818s] Level 1:colcon.colcon_core.package_identification:_identify(src/magician_ros2/dobot_kinematics) by extensions ['colcon_meta']
[0.818s] Level 1:colcon.colcon_core.package_identification:_identify(src/magician_ros2/dobot_kinematics) by extension 'colcon_meta'
[0.818s] Level 1:colcon.colcon_core.package_identification:_identify(src/magician_ros2/dobot_kinematics) by extensions ['ros']
[0.818s] Level 1:colcon.colcon_core.package_identification:_identify(src/magician_ros2/dobot_kinematics) by extension 'ros'
[0.819s] DEBUG:colcon.colcon_core.package_identification:Package 'src/magician_ros2/dobot_kinematics' with type 'ros.ament_python' and name 'dobot_kinematics'
[0.820s] Level 1:colcon.colcon_core.package_identification:_identify(src/magician_ros2/dobot_motion) by extensions ['ignore', 'ignore_ament_install']
[0.820s] Level 1:colcon.colcon_core.package_identification:_identify(src/magician_ros2/dobot_motion) by extension 'ignore'
[0.820s] Level 1:colcon.colcon_core.package_identification:_identify(src/magician_ros2/dobot_motion) by extension 'ignore_ament_install'
[0.820s] Level 1:colcon.colcon_core.package_identification:_identify(src/magician_ros2/dobot_motion) by extensions ['colcon_pkg']
[0.820s] Level 1:colcon.colcon_core.package_identification:_identify(src/magician_ros2/dobot_motion) by extension 'colcon_pkg'
[0.820s] Level 1:colcon.colcon_core.package_identification:_identify(src/magician_ros2/dobot_motion) by extensions ['colcon_meta']
[0.820s] Level 1:colcon.colcon_core.package_identification:_identify(src/magician_ros2/dobot_motion) by extension 'colcon_meta'
[0.820s] Level 1:colcon.colcon_core.package_identification:_identify(src/magician_ros2/dobot_motion) by extensions ['ros']
[0.820s] Level 1:colcon.colcon_core.package_identification:_identify(src/magician_ros2/dobot_motion) by extension 'ros'
[0.822s] DEBUG:colcon.colcon_core.package_identification:Package 'src/magician_ros2/dobot_motion' with type 'ros.ament_python' and name 'dobot_motion'
[0.822s] Level 1:colcon.colcon_core.package_identification:_identify(src/magician_ros2/dobot_msgs) by extensions ['ignore', 'ignore_ament_install']
[0.822s] Level 1:colcon.colcon_core.package_identification:_identify(src/magician_ros2/dobot_msgs) by extension 'ignore'
[0.822s] Level 1:colcon.colcon_core.package_identification:_identify(src/magician_ros2/dobot_msgs) by extension 'ignore_ament_install'
[0.822s] Level 1:colcon.colcon_core.package_identification:_identify(src/magician_ros2/dobot_msgs) by extensions ['colcon_pkg']
[0.822s] Level 1:colcon.colcon_core.package_identification:_identify(src/magician_ros2/dobot_msgs) by extension 'colcon_pkg'
[0.822s] Level 1:colcon.colcon_core.package_identification:_identify(src/magician_ros2/dobot_msgs) by extensions ['colcon_meta']
[0.822s] Level 1:colcon.colcon_core.package_identification:_identify(src/magician_ros2/dobot_msgs) by extension 'colcon_meta'
[0.822s] Level 1:colcon.colcon_core.package_identification:_identify(src/magician_ros2/dobot_msgs) by extensions ['ros']
[0.822s] Level 1:colcon.colcon_core.package_identification:_identify(src/magician_ros2/dobot_msgs) by extension 'ros'
[0.824s] DEBUG:colcon.colcon_core.package_identification:Package 'src/magician_ros2/dobot_msgs' with type 'ros.ament_cmake' and name 'dobot_msgs'
[0.824s] Level 1:colcon.colcon_core.package_identification:_identify(src/magician_ros2/dobot_object_vision) by extensions ['ignore', 'ignore_ament_install']
[0.824s] Level 1:colcon.colcon_core.package_identification:_identify(src/magician_ros2/dobot_object_vision) by extension 'ignore'
[0.824s] Level 1:colcon.colcon_core.package_identification:_identify(src/magician_ros2/dobot_object_vision) by extension 'ignore_ament_install'
[0.824s] Level 1:colcon.colcon_core.package_identification:_identify(src/magician_ros2/dobot_object_vision) by extensions ['colcon_pkg']
[0.824s] Level 1:colcon.colcon_core.package_identification:_identify(src/magician_ros2/dobot_object_vision) by extension 'colcon_pkg'
[0.824s] Level 1:colcon.colcon_core.package_identification:_identify(src/magician_ros2/dobot_object_vision) by extensions ['colcon_meta']
[0.824s] Level 1:colcon.colcon_core.package_identification:_identify(src/magician_ros2/dobot_object_vision) by extension 'colcon_meta'
[0.825s] Level 1:colcon.colcon_core.package_identification:_identify(src/magician_ros2/dobot_object_vision) by extensions ['ros']
[0.825s] Level 1:colcon.colcon_core.package_identification:_identify(src/magician_ros2/dobot_object_vision) by extension 'ros'
[0.826s] DEBUG:colcon.colcon_core.package_identification:Package 'src/magician_ros2/dobot_object_vision' with type 'ros.ament_python' and name 'dobot_object_vision'
[0.826s] Level 1:colcon.colcon_core.package_identification:_identify(src/magician_ros2/dobot_state_updater) by extensions ['ignore', 'ignore_ament_install']
[0.826s] Level 1:colcon.colcon_core.package_identification:_identify(src/magician_ros2/dobot_state_updater) by extension 'ignore'
[0.826s] Level 1:colcon.colcon_core.package_identification:_identify(src/magician_ros2/dobot_state_updater) by extension 'ignore_ament_install'
[0.826s] Level 1:colcon.colcon_core.package_identification:_identify(src/magician_ros2/dobot_state_updater) by extensions ['colcon_pkg']
[0.826s] Level 1:colcon.colcon_core.package_identification:_identify(src/magician_ros2/dobot_state_updater) by extension 'colcon_pkg'
[0.826s] Level 1:colcon.colcon_core.package_identification:_identify(src/magician_ros2/dobot_state_updater) by extensions ['colcon_meta']
[0.826s] Level 1:colcon.colcon_core.package_identification:_identify(src/magician_ros2/dobot_state_updater) by extension 'colcon_meta'
[0.827s] Level 1:colcon.colcon_core.package_identification:_identify(src/magician_ros2/dobot_state_updater) by extensions ['ros']
[0.827s] Level 1:colcon.colcon_core.package_identification:_identify(src/magician_ros2/dobot_state_updater) by extension 'ros'
[0.828s] DEBUG:colcon.colcon_core.package_identification:Package 'src/magician_ros2/dobot_state_updater' with type 'ros.ament_python' and name 'dobot_state_updater'
[0.829s] Level 1:colcon.colcon_core.package_identification:_identify(src/magician_ros2/dobot_vision_rgbd) by extensions ['ignore', 'ignore_ament_install']
[0.829s] Level 1:colcon.colcon_core.package_identification:_identify(src/magician_ros2/dobot_vision_rgbd) by extension 'ignore'
[0.829s] Level 1:colcon.colcon_core.package_identification:_identify(src/magician_ros2/dobot_vision_rgbd) by extension 'ignore_ament_install'
[0.829s] Level 1:colcon.colcon_core.package_identification:_identify(src/magician_ros2/dobot_vision_rgbd) by extensions ['colcon_pkg']
[0.829s] Level 1:colcon.colcon_core.package_identification:_identify(src/magician_ros2/dobot_vision_rgbd) by extension 'colcon_pkg'
[0.829s] Level 1:colcon.colcon_core.package_identification:_identify(src/magician_ros2/dobot_vision_rgbd) by extensions ['colcon_meta']
[0.830s] Level 1:colcon.colcon_core.package_identification:_identify(src/magician_ros2/dobot_vision_rgbd) by extension 'colcon_meta'
[0.830s] Level 1:colcon.colcon_core.package_identification:_identify(src/magician_ros2/dobot_vision_rgbd) by extensions ['ros']
[0.830s] Level 1:colcon.colcon_core.package_identification:_identify(src/magician_ros2/dobot_vision_rgbd) by extension 'ros'
[0.832s] DEBUG:colcon.colcon_core.package_identification:Package 'src/magician_ros2/dobot_vision_rgbd' with type 'ros.ament_python' and name 'dobot_vision_rgbd'
[0.832s] Level 1:colcon.colcon_core.package_identification:_identify(src/magician_ros2/dobot_vision_yolo) by extensions ['ignore', 'ignore_ament_install']
[0.832s] Level 1:colcon.colcon_core.package_identification:_identify(src/magician_ros2/dobot_vision_yolo) by extension 'ignore'
[0.832s] Level 1:colcon.colcon_core.package_identification:_identify(src/magician_ros2/dobot_vision_yolo) by extension 'ignore_ament_install'
[0.833s] Level 1:colcon.colcon_core.package_identification:_identify(src/magician_ros2/dobot_vision_yolo) by extensions ['colcon_pkg']
[0.833s] Level 1:colcon.colcon_core.package_identification:_identify(src/magician_ros2/dobot_vision_yolo) by extension 'colcon_pkg'
[0.833s] Level 1:colcon.colcon_core.package_identification:_identify(src/magician_ros2/dobot_vision_yolo) by extensions ['colcon_meta']
[0.833s] Level 1:colcon.colcon_core.package_identification:_identify(src/magician_ros2/dobot_vision_yolo) by extension 'colcon_meta'
[0.833s] Level 1:colcon.colcon_core.package_identification:_identify(src/magician_ros2/dobot_vision_yolo) by extensions ['ros']
[0.833s] Level 1:colcon.colcon_core.package_identification:_identify(src/magician_ros2/dobot_vision_yolo) by extension 'ros'
[0.835s] DEBUG:colcon.colcon_core.package_identification:Package 'src/magician_ros2/dobot_vision_yolo' with type 'ros.ament_python' and name 'dobot_vision_yolo'
[0.835s] Level 1:colcon.colcon_core.package_identification:_identify(src/magician_ros2/dobot_visualization_tools) by extensions ['ignore', 'ignore_ament_install']
[0.836s] Level 1:colcon.colcon_core.package_identification:_identify(src/magician_ros2/dobot_visualization_tools) by extension 'ignore'
[0.836s] Level 1:colcon.colcon_core.package_identification:_identify(src/magician_ros2/dobot_visualization_tools) by extension 'ignore_ament_install'
[0.836s] Level 1:colcon.colcon_core.package_identification:_identify(src/magician_ros2/dobot_visualization_tools) by extensions ['colcon_pkg']
[0.836s] Level 1:colcon.colcon_core.package_identification:_identify(src/magician_ros2/dobot_visualization_tools) by extension 'colcon_pkg'
[0.836s] Level 1:colcon.colcon_core.package_identification:_identify(src/magician_ros2/dobot_visualization_tools) by extensions ['colcon_meta']
[0.836s] Level 1:colcon.colcon_core.package_identification:_identify(src/magician_ros2/dobot_visualization_tools) by extension 'colcon_meta'
[0.837s] Level 1:colcon.colcon_core.package_identification:_identify(src/magician_ros2/dobot_visualization_tools) by extensions ['ros']
[0.837s] Level 1:colcon.colcon_core.package_identification:_identify(src/magician_ros2/dobot_visualization_tools) by extension 'ros'
[0.838s] DEBUG:colcon.colcon_core.package_identification:Package 'src/magician_ros2/dobot_visualization_tools' with type 'ros.ament_python' and name 'dobot_visualization_tools'
[0.838s] Level 1:colcon.colcon_core.package_identification:_identify(src/magician_ros2/dobot_web_interface) by extensions ['ignore', 'ignore_ament_install']
[0.838s] Level 1:colcon.colcon_core.package_identification:_identify(src/magician_ros2/dobot_web_interface) by extension 'ignore'
[0.838s] Level 1:colcon.colcon_core.package_identification:_identify(src/magician_ros2/dobot_web_interface) by extension 'ignore_ament_install'
[0.838s] Level 1:colcon.colcon_core.package_identification:_identify(src/magician_ros2/dobot_web_interface) by extensions ['colcon_pkg']
[0.838s] Level 1:colcon.colcon_core.package_identification:_identify(src/magician_ros2/dobot_web_interface) by extension 'colcon_pkg'
[0.838s] Level 1:colcon.colcon_core.package_identification:_identify(src/magician_ros2/dobot_web_interface) by extensions ['colcon_meta']
[0.838s] Level 1:colcon.colcon_core.package_identification:_identify(src/magician_ros2/dobot_web_interface) by extension 'colcon_meta'
[0.839s] Level 1:colcon.colcon_core.package_identification:_identify(src/magician_ros2/dobot_web_interface) by extensions ['ros']
[0.839s] Level 1:colcon.colcon_core.package_identification:_identify(src/magician_ros2/dobot_web_interface) by extension 'ros'
[0.840s] DEBUG:colcon.colcon_core.package_identification:Package 'src/magician_ros2/dobot_web_interface' with type 'ros.ament_python' and name 'dobot_web_interface'
[0.840s] Level 1:colcon.colcon_core.package_identification:_identify(systemd) by extensions ['ignore', 'ignore_ament_install']
[0.840s] Level 1:colcon.colcon_core.package_identification:_identify(systemd) by extension 'ignore'
[0.841s] Level 1:colcon.colcon_core.package_identification:_identify(systemd) by extension 'ignore_ament_install'
[0.841s] Level 1:colcon.colcon_core.package_identification:_identify(systemd) by extensions ['colcon_pkg']
[0.841s] Level 1:colcon.colcon_core.package_identification:_identify(systemd) by extension 'colcon_pkg'
[0.841s] Level 1:colcon.colcon_core.package_identification:_identify(systemd) by extensions ['colcon_meta']
[0.841s] Level 1:colcon.colcon_core.package_identification:_identify(systemd) by extension 'colcon_meta'
[0.841s] Level 1:colcon.colcon_core.package_identification:_identify(systemd) by extensions ['ros']
[0.841s] Level 1:colcon.colcon_core.package_identification:_identify(systemd) by extension 'ros'
[0.841s] Level 1:colcon.colcon_core.package_identification:_identify(systemd) by extensions ['cmake', 'python']
[0.841s] Level 1:colcon.colcon_core.package_identification:_identify(systemd) by extension 'cmake'
[0.841s] Level 1:colcon.colcon_core.package_identification:_identify(systemd) by extension 'python'
[0.841s] Level 1:colcon.colcon_core.package_identification:_identify(systemd) by extensions ['python_setup_py']
[0.841s] Level 1:colcon.colcon_core.package_identification:_identify(systemd) by extension 'python_setup_py'
[0.842s] Level 1:colcon.colcon_core.package_discovery:discover_packages(recursive) using defaults
[0.842s] Level 1:colcon.colcon_core.package_discovery:discover_packages(ignore) discover
[0.842s] Level 1:colcon.colcon_core.package_discovery:discover_packages(ignore) using defaults
[0.842s] Level 1:colcon.colcon_core.package_discovery:discover_packages(path) discover
[0.842s] Level 1:colcon.colcon_core.package_discovery:discover_packages(path) using defaults
[0.897s] Level 1:colcon.colcon_core.package_discovery:discover_packages(prefix_path) check parameters
[0.897s] Level 1:colcon.colcon_core.package_discovery:discover_packages(prefix_path) discover
[0.907s] DEBUG:colcon.colcon_installed_package_information.package_discovery:Found 396 installed packages in /opt/ros/jazzy
[0.908s] Level 1:colcon.colcon_core.package_discovery:discover_packages(prefix_path) using defaults
[1.051s] Level 5:colcon.colcon_core.verb:set package 'dobot_description' build argument 'cmake_args' from command line to 'None'
[1.051s] Level 5:colcon.colcon_core.verb:set package 'dobot_description' build argument 'cmake_target' from command line to 'None'
[1.051s] Level 5:colcon.colcon_core.verb:set package 'dobot_description' build argument 'cmake_target_skip_unavailable' from command line to 'False'
[1.051s] Level 5:colcon.colcon_core.verb:set package 'dobot_description' build argument 'cmake_clean_cache' from command line to 'False'
[1.052s] Level 5:colcon.colcon_core.verb:set package 'dobot_description' build argument 'cmake_clean_first' from command line to 'False'
[1.052s] Level 5:colcon.colcon_core.verb:set package 'dobot_description' build argument 'cmake_force_configure' from command line to 'False'
[1.052s] Level 5:colcon.colcon_core.verb:set package 'dobot_description' build argument 'ament_cmake_args' from command line to 'None'
[1.052s] Level 5:colcon.colcon_core.verb:set package 'dobot_description' build argument 'catkin_cmake_args' from command line to 'None'
[1.052s] Level 5:colcon.colcon_core.verb:set package 'dobot_description' build argument 'catkin_skip_building_tests' from command line to 'False'
[1.052s] DEBUG:colcon.colcon_core.verb:Building package 'dobot_description' with the following arguments: {'ament_cmake_args': None, 'build_base': '/home/bbcontact/magician_ros2/build/dobot_description', 'catkin_cmake_args': None, 'catkin_skip_building_tests': False, 'cmake_args': None, 'cmake_clean_cache': False, 'cmake_clean_first': False, 'cmake_force_configure': False, 'cmake_target': None, 'cmake_target_skip_unavailable': False, 'install_base': '/home/bbcontact/magician_ros2/install/dobot_description', 'merge_install': False, 'path': '/home/bbcontact/magician_ros2/src/magician_ros2/dobot_description', 'symlink_install': True, 'test_result_base': None}
[1.053s] Level 5:colcon.colcon_core.verb:set package 'dobot_driver' build argument 'cmake_args' from command line to 'None'
[1.053s] Level 5:colcon.colcon_core.verb:set package 'dobot_driver' build argument 'cmake_target' from command line to 'None'
[1.053s] Level 5:colcon.colcon_core.verb:set package 'dobot_driver' build argument 'cmake_target_skip_unavailable' from command line to 'False'
[1.054s] Level 5:colcon.colcon_core.verb:set package 'dobot_driver' build argument 'cmake_clean_cache' from command line to 'False'
[1.054s] Level 5:colcon.colcon_core.verb:set package 'dobot_driver' build argument 'cmake_clean_first' from command line to 'False'
[1.054s] Level 5:colcon.colcon_core.verb:set package 'dobot_driver' build argument 'cmake_force_configure' from command line to 'False'
[1.054s] Level 5:colcon.colcon_core.verb:set package 'dobot_driver' build argument 'ament_cmake_args' from command line to 'None'
[1.054s] Level 5:colcon.colcon_core.verb:set package 'dobot_driver' build argument 'catkin_cmake_args' from command line to 'None'
[1.054s] Level 5:colcon.colcon_core.verb:set package 'dobot_driver' build argument 'catkin_skip_building_tests' from command line to 'False'
[1.054s] DEBUG:colcon.colcon_core.verb:Building package 'dobot_driver' with the following arguments: {'ament_cmake_args': None, 'build_base': '/home/bbcontact/magician_ros2/build/dobot_driver', 'catkin_cmake_args': None, 'catkin_skip_building_tests': False, 'cmake_args': None, 'cmake_clean_cache': False, 'cmake_clean_first': False, 'cmake_force_configure': False, 'cmake_target': None, 'cmake_target_skip_unavailable': False, 'install_base': '/home/bbcontact/magician_ros2/install/dobot_driver', 'merge_install': False, 'path': '/home/bbcontact/magician_ros2/src/magician_ros2/dobot_driver', 'symlink_install': True, 'test_result_base': None}
[1.055s] Level 5:colcon.colcon_core.verb:set package 'dobot_msgs' build argument 'cmake_args' from command line to 'None'
[1.055s] Level 5:colcon.colcon_core.verb:set package 'dobot_msgs' build argument 'cmake_target' from command line to 'None'
[1.055s] Level 5:colcon.colcon_core.verb:set package 'dobot_msgs' build argument 'cmake_target_skip_unavailable' from command line to 'False'
[1.055s] Level 5:colcon.colcon_core.verb:set package 'dobot_msgs' build argument 'cmake_clean_cache' from command line to 'False'
[1.055s] Level 5:colcon.colcon_core.verb:set package 'dobot_msgs' build argument 'cmake_clean_first' from command line to 'False'
[1.055s] Level 5:colcon.colcon_core.verb:set package 'dobot_msgs' build argument 'cmake_force_configure' from command line to 'False'
[1.056s] Level 5:colcon.colcon_core.verb:set package 'dobot_msgs' build argument 'ament_cmake_args' from command line to 'None'
[1.056s] Level 5:colcon.colcon_core.verb:set package 'dobot_msgs' build argument 'catkin_cmake_args' from command line to 'None'
[1.056s] Level 5:colcon.colcon_core.verb:set package 'dobot_msgs' build argument 'catkin_skip_building_tests' from command line to 'False'
[1.056s] DEBUG:colcon.colcon_core.verb:Building package 'dobot_msgs' with the following arguments: {'ament_cmake_args': None, 'build_base': '/home/bbcontact/magician_ros2/build/dobot_msgs', 'catkin_cmake_args': None, 'catkin_skip_building_tests': False, 'cmake_args': None, 'cmake_clean_cache': False, 'cmake_clean_first': False, 'cmake_force_configure': False, 'cmake_target': None, 'cmake_target_skip_unavailable': False, 'install_base': '/home/bbcontact/magician_ros2/install/dobot_msgs', 'merge_install': False, 'path': '/home/bbcontact/magician_ros2/src/magician_ros2/dobot_msgs', 'symlink_install': True, 'test_result_base': None}
[1.056s] Level 5:colcon.colcon_core.verb:set package 'dobot_vision_yolo' build argument 'cmake_args' from command line to 'None'
[1.056s] Level 5:colcon.colcon_core.verb:set package 'dobot_vision_yolo' build argument 'cmake_target' from command line to 'None'
[1.056s] Level 5:colcon.colcon_core.verb:set package 'dobot_vision_yolo' build argument 'cmake_target_skip_unavailable' from command line to 'False'
[1.057s] Level 5:colcon.colcon_core.verb:set package 'dobot_vision_yolo' build argument 'cmake_clean_cache' from command line to 'False'
[1.057s] Level 5:colcon.colcon_core.verb:set package 'dobot_vision_yolo' build argument 'cmake_clean_first' from command line to 'False'
[1.057s] Level 5:colcon.colcon_core.verb:set package 'dobot_vision_yolo' build argument 'cmake_force_configure' from command line to 'False'
[1.057s] Level 5:colcon.colcon_core.verb:set package 'dobot_vision_yolo' build argument 'ament_cmake_args' from command line to 'None'
[1.057s] Level 5:colcon.colcon_core.verb:set package 'dobot_vision_yolo' build argument 'catkin_cmake_args' from command line to 'None'
[1.057s] Level 5:colcon.colcon_core.verb:set package 'dobot_vision_yolo' build argument 'catkin_skip_building_tests' from command line to 'False'
[1.057s] DEBUG:colcon.colcon_core.verb:Building package 'dobot_vision_yolo' with the following arguments: {'ament_cmake_args': None, 'build_base': '/home/bbcontact/magician_ros2/build/dobot_vision_yolo', 'catkin_cmake_args': None, 'catkin_skip_building_tests': False, 'cmake_args': None, 'cmake_clean_cache': False, 'cmake_clean_first': False, 'cmake_force_configure': False, 'cmake_target': None, 'cmake_target_skip_unavailable': False, 'install_base': '/home/bbcontact/magician_ros2/install/dobot_vision_yolo', 'merge_install': False, 'path': '/home/bbcontact/magician_ros2/src/magician_ros2/dobot_vision_yolo', 'symlink_install': True, 'test_result_base': None}
[1.057s] Level 5:colcon.colcon_core.verb:set package 'dobot_visualization_tools' build argument 'cmake_args' from command line to 'None'
[1.058s] Level 5:colcon.colcon_core.verb:set package 'dobot_visualization_tools' build argument 'cmake_target' from command line to 'None'
[1.058s] Level 5:colcon.colcon_core.verb:set package 'dobot_visualization_tools' build argument 'cmake_target_skip_unavailable' from command line to 'False'
[1.058s] Level 5:colcon.colcon_core.verb:set package 'dobot_visualization_tools' build argument 'cmake_clean_cache' from command line to 'False'
[1.058s] Level 5:colcon.colcon_core.verb:set package 'dobot_visualization_tools' build argument 'cmake_clean_first' from command line to 'False'
[1.058s] Level 5:colcon.colcon_core.verb:set package 'dobot_visualization_tools' build argument 'cmake_force_configure' from command line to 'False'
[1.058s] Level 5:colcon.colcon_core.verb:set package 'dobot_visualization_tools' build argument 'ament_cmake_args' from command line to 'None'
[1.058s] Level 5:colcon.colcon_core.verb:set package 'dobot_visualization_tools' build argument 'catkin_cmake_args' from command line to 'None'
[1.058s] Level 5:colcon.colcon_core.verb:set package 'dobot_visualization_tools' build argument 'catkin_skip_building_tests' from command line to 'False'
[1.058s] DEBUG:colcon.colcon_core.verb:Building package 'dobot_visualization_tools' with the following arguments: {'ament_cmake_args': None, 'build_base': '/home/bbcontact/magician_ros2/build/dobot_visualization_tools', 'catkin_cmake_args': None, 'catkin_skip_building_tests': False, 'cmake_args': None, 'cmake_clean_cache': False, 'cmake_clean_first': False, 'cmake_force_configure': False, 'cmake_target': None, 'cmake_target_skip_unavailable': False, 'install_base': '/home/bbcontact/magician_ros2/install/dobot_visualization_tools', 'merge_install': False, 'path': '/home/bbcontact/magician_ros2/src/magician_ros2/dobot_visualization_tools', 'symlink_install': True, 'test_result_base': None}
[1.059s] Level 5:colcon.colcon_core.verb:set package 'orbbec_camera_msgs' build argument 'cmake_args' from command line to 'None'
[1.059s] Level 5:colcon.colcon_core.verb:set package 'orbbec_camera_msgs' build argument 'cmake_target' from command line to 'None'
[1.059s] Level 5:colcon.colcon_core.verb:set package 'orbbec_camera_msgs' build argument 'cmake_target_skip_unavailable' from command line to 'False'
[1.059s] Level 5:colcon.colcon_core.verb:set package 'orbbec_camera_msgs' build argument 'cmake_clean_cache' from command line to 'False'
[1.059s] Level 5:colcon.colcon_core.verb:set package 'orbbec_camera_msgs' build argument 'cmake_clean_first' from command line to 'False'
[1.059s] Level 5:colcon.colcon_core.verb:set package 'orbbec_camera_msgs' build argument 'cmake_force_configure' from command line to 'False'
[1.059s] Level 5:colcon.colcon_core.verb:set package 'orbbec_camera_msgs' build argument 'ament_cmake_args' from command line to 'None'
[1.059s] Level 5:colcon.colcon_core.verb:set package 'orbbec_camera_msgs' build argument 'catkin_cmake_args' from command line to 'None'
[1.059s] Level 5:colcon.colcon_core.verb:set package 'orbbec_camera_msgs' build argument 'catkin_skip_building_tests' from command line to 'False'
[1.059s] DEBUG:colcon.colcon_core.verb:Building package 'orbbec_camera_msgs' with the following arguments: {'ament_cmake_args': None, 'build_base': '/home/bbcontact/magician_ros2/build/orbbec_camera_msgs', 'catkin_cmake_args': None, 'catkin_skip_building_tests': False, 'cmake_args': None, 'cmake_clean_cache': False, 'cmake_clean_first': False, 'cmake_force_configure': False, 'cmake_target': None, 'cmake_target_skip_unavailable': False, 'install_base': '/home/bbcontact/magician_ros2/install/orbbec_camera_msgs', 'merge_install': False, 'path': '/home/bbcontact/magician_ros2/src/OrbbecSDK_ROS2/orbbec_camera_msgs', 'symlink_install': True, 'test_result_base': None}
[1.060s] Level 5:colcon.colcon_core.verb:set package 'orbbec_description' build argument 'cmake_args' from command line to 'None'
[1.060s] Level 5:colcon.colcon_core.verb:set package 'orbbec_description' build argument 'cmake_target' from command line to 'None'
[1.060s] Level 5:colcon.colcon_core.verb:set package 'orbbec_description' build argument 'cmake_target_skip_unavailable' from command line to 'False'
[1.060s] Level 5:colcon.colcon_core.verb:set package 'orbbec_description' build argument 'cmake_clean_cache' from command line to 'False'
[1.060s] Level 5:colcon.colcon_core.verb:set package 'orbbec_description' build argument 'cmake_clean_first' from command line to 'False'
[1.060s] Level 5:colcon.colcon_core.verb:set package 'orbbec_description' build argument 'cmake_force_configure' from command line to 'False'
[1.060s] Level 5:colcon.colcon_core.verb:set package 'orbbec_description' build argument 'ament_cmake_args' from command line to 'None'
[1.060s] Level 5:colcon.colcon_core.verb:set package 'orbbec_description' build argument 'catkin_cmake_args' from command line to 'None'
[1.060s] Level 5:colcon.colcon_core.verb:set package 'orbbec_description' build argument 'catkin_skip_building_tests' from command line to 'False'
[1.060s] DEBUG:colcon.colcon_core.verb:Building package 'orbbec_description' with the following arguments: {'ament_cmake_args': None, 'build_base': '/home/bbcontact/magician_ros2/build/orbbec_description', 'catkin_cmake_args': None, 'catkin_skip_building_tests': False, 'cmake_args': None, 'cmake_clean_cache': False, 'cmake_clean_first': False, 'cmake_force_configure': False, 'cmake_target': None, 'cmake_target_skip_unavailable': False, 'install_base': '/home/bbcontact/magician_ros2/install/orbbec_description', 'merge_install': False, 'path': '/home/bbcontact/magician_ros2/src/OrbbecSDK_ROS2/orbbec_description', 'symlink_install': True, 'test_result_base': None}
[1.061s] Level 5:colcon.colcon_core.verb:set package 'dobot_calibration' build argument 'cmake_args' from command line to 'None'
[1.061s] Level 5:colcon.colcon_core.verb:set package 'dobot_calibration' build argument 'cmake_target' from command line to 'None'
[1.061s] Level 5:colcon.colcon_core.verb:set package 'dobot_calibration' build argument 'cmake_target_skip_unavailable' from command line to 'False'
[1.061s] Level 5:colcon.colcon_core.verb:set package 'dobot_calibration' build argument 'cmake_clean_cache' from command line to 'False'
[1.061s] Level 5:colcon.colcon_core.verb:set package 'dobot_calibration' build argument 'cmake_clean_first' from command line to 'False'
[1.061s] Level 5:colcon.colcon_core.verb:set package 'dobot_calibration' build argument 'cmake_force_configure' from command line to 'False'
[1.061s] Level 5:colcon.colcon_core.verb:set package 'dobot_calibration' build argument 'ament_cmake_args' from command line to 'None'
[1.061s] Level 5:colcon.colcon_core.verb:set package 'dobot_calibration' build argument 'catkin_cmake_args' from command line to 'None'
[1.061s] Level 5:colcon.colcon_core.verb:set package 'dobot_calibration' build argument 'catkin_skip_building_tests' from command line to 'False'
[1.061s] DEBUG:colcon.colcon_core.verb:Building package 'dobot_calibration' with the following arguments: {'ament_cmake_args': None, 'build_base': '/home/bbcontact/magician_ros2/build/dobot_calibration', 'catkin_cmake_args': None, 'catkin_skip_building_tests': False, 'cmake_args': None, 'cmake_clean_cache': False, 'cmake_clean_first': False, 'cmake_force_configure': False, 'cmake_target': None, 'cmake_target_skip_unavailable': False, 'install_base': '/home/bbcontact/magician_ros2/install/dobot_calibration', 'merge_install': False, 'path': '/home/bbcontact/magician_ros2/src/magician_ros2/dobot_calibration', 'symlink_install': True, 'test_result_base': None}
[1.062s] Level 5:colcon.colcon_core.verb:set package 'dobot_control_panel' build argument 'cmake_args' from command line to 'None'
[1.062s] Level 5:colcon.colcon_core.verb:set package 'dobot_control_panel' build argument 'cmake_target' from command line to 'None'
[1.062s] Level 5:colcon.colcon_core.verb:set package 'dobot_control_panel' build argument 'cmake_target_skip_unavailable' from command line to 'False'
[1.062s] Level 5:colcon.colcon_core.verb:set package 'dobot_control_panel' build argument 'cmake_clean_cache' from command line to 'False'
[1.062s] Level 5:colcon.colcon_core.verb:set package 'dobot_control_panel' build argument 'cmake_clean_first' from command line to 'False'
[1.062s] Level 5:colcon.colcon_core.verb:set package 'dobot_control_panel' build argument 'cmake_force_configure' from command line to 'False'
[1.062s] Level 5:colcon.colcon_core.verb:set package 'dobot_control_panel' build argument 'ament_cmake_args' from command line to 'None'
[1.062s] Level 5:colcon.colcon_core.verb:set package 'dobot_control_panel' build argument 'catkin_cmake_args' from command line to 'None'
[1.063s] Level 5:colcon.colcon_core.verb:set package 'dobot_control_panel' build argument 'catkin_skip_building_tests' from command line to 'False'
[1.063s] DEBUG:colcon.colcon_core.verb:Building package 'dobot_control_panel' with the following arguments: {'ament_cmake_args': None, 'build_base': '/home/bbcontact/magician_ros2/build/dobot_control_panel', 'catkin_cmake_args': None, 'catkin_skip_building_tests': False, 'cmake_args': None, 'cmake_clean_cache': False, 'cmake_clean_first': False, 'cmake_force_configure': False, 'cmake_target': None, 'cmake_target_skip_unavailable': False, 'install_base': '/home/bbcontact/magician_ros2/install/dobot_control_panel', 'merge_install': False, 'path': '/home/bbcontact/magician_ros2/src/magician_ros2/dobot_control_panel', 'symlink_install': True, 'test_result_base': None}
[1.063s] Level 5:colcon.colcon_core.verb:set package 'dobot_diagnostics' build argument 'cmake_args' from command line to 'None'
[1.063s] Level 5:colcon.colcon_core.verb:set package 'dobot_diagnostics' build argument 'cmake_target' from command line to 'None'
[1.063s] Level 5:colcon.colcon_core.verb:set package 'dobot_diagnostics' build argument 'cmake_target_skip_unavailable' from command line to 'False'
[1.063s] Level 5:colcon.colcon_core.verb:set package 'dobot_diagnostics' build argument 'cmake_clean_cache' from command line to 'False'
[1.063s] Level 5:colcon.colcon_core.verb:set package 'dobot_diagnostics' build argument 'cmake_clean_first' from command line to 'False'
[1.063s] Level 5:colcon.colcon_core.verb:set package 'dobot_diagnostics' build argument 'cmake_force_configure' from command line to 'False'
[1.064s] Level 5:colcon.colcon_core.verb:set package 'dobot_diagnostics' build argument 'ament_cmake_args' from command line to 'None'
[1.064s] Level 5:colcon.colcon_core.verb:set package 'dobot_diagnostics' build argument 'catkin_cmake_args' from command line to 'None'
[1.064s] Level 5:colcon.colcon_core.verb:set package 'dobot_diagnostics' build argument 'catkin_skip_building_tests' from command line to 'False'
[1.064s] DEBUG:colcon.colcon_core.verb:Building package 'dobot_diagnostics' with the following arguments: {'ament_cmake_args': None, 'build_base': '/home/bbcontact/magician_ros2/build/dobot_diagnostics', 'catkin_cmake_args': None, 'catkin_skip_building_tests': False, 'cmake_args': None, 'cmake_clean_cache': False, 'cmake_clean_first': False, 'cmake_force_configure': False, 'cmake_target': None, 'cmake_target_skip_unavailable': False, 'install_base': '/home/bbcontact/magician_ros2/install/dobot_diagnostics', 'merge_install': False, 'path': '/home/bbcontact/magician_ros2/src/magician_ros2/dobot_diagnostics', 'symlink_install': True, 'test_result_base': None}
[1.064s] Level 5:colcon.colcon_core.verb:set package 'dobot_end_effector' build argument 'cmake_args' from command line to 'None'
[1.064s] Level 5:colcon.colcon_core.verb:set package 'dobot_end_effector' build argument 'cmake_target' from command line to 'None'
[1.064s] Level 5:colcon.colcon_core.verb:set package 'dobot_end_effector' build argument 'cmake_target_skip_unavailable' from command line to 'False'
[1.064s] Level 5:colcon.colcon_core.verb:set package 'dobot_end_effector' build argument 'cmake_clean_cache' from command line to 'False'
[1.065s] Level 5:colcon.colcon_core.verb:set package 'dobot_end_effector' build argument 'cmake_clean_first' from command line to 'False'
[1.065s] Level 5:colcon.colcon_core.verb:set package 'dobot_end_effector' build argument 'cmake_force_configure' from command line to 'False'
[1.065s] Level 5:colcon.colcon_core.verb:set package 'dobot_end_effector' build argument 'ament_cmake_args' from command line to 'None'
[1.065s] Level 5:colcon.colcon_core.verb:set package 'dobot_end_effector' build argument 'catkin_cmake_args' from command line to 'None'
[1.065s] Level 5:colcon.colcon_core.verb:set package 'dobot_end_effector' build argument 'catkin_skip_building_tests' from command line to 'False'
[1.065s] DEBUG:colcon.colcon_core.verb:Building package 'dobot_end_effector' with the following arguments: {'ament_cmake_args': None, 'build_base': '/home/bbcontact/magician_ros2/build/dobot_end_effector', 'catkin_cmake_args': None, 'catkin_skip_building_tests': False, 'cmake_args': None, 'cmake_clean_cache': False, 'cmake_clean_first': False, 'cmake_force_configure': False, 'cmake_target': None, 'cmake_target_skip_unavailable': False, 'install_base': '/home/bbcontact/magician_ros2/install/dobot_end_effector', 'merge_install': False, 'path': '/home/bbcontact/magician_ros2/src/magician_ros2/dobot_end_effector', 'symlink_install': True, 'test_result_base': None}
[1.065s] Level 5:colcon.colcon_core.verb:set package 'dobot_homing' build argument 'cmake_args' from command line to 'None'
[1.065s] Level 5:colcon.colcon_core.verb:set package 'dobot_homing' build argument 'cmake_target' from command line to 'None'
[1.066s] Level 5:colcon.colcon_core.verb:set package 'dobot_homing' build argument 'cmake_target_skip_unavailable' from command line to 'False'
[1.066s] Level 5:colcon.colcon_core.verb:set package 'dobot_homing' build argument 'cmake_clean_cache' from command line to 'False'
[1.066s] Level 5:colcon.colcon_core.verb:set package 'dobot_homing' build argument 'cmake_clean_first' from command line to 'False'
[1.066s] Level 5:colcon.colcon_core.verb:set package 'dobot_homing' build argument 'cmake_force_configure' from command line to 'False'
[1.066s] Level 5:colcon.colcon_core.verb:set package 'dobot_homing' build argument 'ament_cmake_args' from command line to 'None'
[1.066s] Level 5:colcon.colcon_core.verb:set package 'dobot_homing' build argument 'catkin_cmake_args' from command line to 'None'
[1.066s] Level 5:colcon.colcon_core.verb:set package 'dobot_homing' build argument 'catkin_skip_building_tests' from command line to 'False'
[1.066s] DEBUG:colcon.colcon_core.verb:Building package 'dobot_homing' with the following arguments: {'ament_cmake_args': None, 'build_base': '/home/bbcontact/magician_ros2/build/dobot_homing', 'catkin_cmake_args': None, 'catkin_skip_building_tests': False, 'cmake_args': None, 'cmake_clean_cache': False, 'cmake_clean_first': False, 'cmake_force_configure': False, 'cmake_target': None, 'cmake_target_skip_unavailable': False, 'install_base': '/home/bbcontact/magician_ros2/install/dobot_homing', 'merge_install': False, 'path': '/home/bbcontact/magician_ros2/src/magician_ros2/dobot_homing', 'symlink_install': True, 'test_result_base': None}
[1.067s] Level 5:colcon.colcon_core.verb:set package 'dobot_kinematics' build argument 'cmake_args' from command line to 'None'
[1.067s] Level 5:colcon.colcon_core.verb:set package 'dobot_kinematics' build argument 'cmake_target' from command line to 'None'
[1.067s] Level 5:colcon.colcon_core.verb:set package 'dobot_kinematics' build argument 'cmake_target_skip_unavailable' from command line to 'False'
[1.067s] Level 5:colcon.colcon_core.verb:set package 'dobot_kinematics' build argument 'cmake_clean_cache' from command line to 'False'
[1.067s] Level 5:colcon.colcon_core.verb:set package 'dobot_kinematics' build argument 'cmake_clean_first' from command line to 'False'
[1.067s] Level 5:colcon.colcon_core.verb:set package 'dobot_kinematics' build argument 'cmake_force_configure' from command line to 'False'
[1.067s] Level 5:colcon.colcon_core.verb:set package 'dobot_kinematics' build argument 'ament_cmake_args' from command line to 'None'
[1.067s] Level 5:colcon.colcon_core.verb:set package 'dobot_kinematics' build argument 'catkin_cmake_args' from command line to 'None'
[1.067s] Level 5:colcon.colcon_core.verb:set package 'dobot_kinematics' build argument 'catkin_skip_building_tests' from command line to 'False'
[1.067s] DEBUG:colcon.colcon_core.verb:Building package 'dobot_kinematics' with the following arguments: {'ament_cmake_args': None, 'build_base': '/home/bbcontact/magician_ros2/build/dobot_kinematics', 'catkin_cmake_args': None, 'catkin_skip_building_tests': False, 'cmake_args': None, 'cmake_clean_cache': False, 'cmake_clean_first': False, 'cmake_force_configure': False, 'cmake_target': None, 'cmake_target_skip_unavailable': False, 'install_base': '/home/bbcontact/magician_ros2/install/dobot_kinematics', 'merge_install': False, 'path': '/home/bbcontact/magician_ros2/src/magician_ros2/dobot_kinematics', 'symlink_install': True, 'test_result_base': None}
[1.068s] Level 5:colcon.colcon_core.verb:set package 'dobot_motion' build argument 'cmake_args' from command line to 'None'
[1.068s] Level 5:colcon.colcon_core.verb:set package 'dobot_motion' build argument 'cmake_target' from command line to 'None'
[1.068s] Level 5:colcon.colcon_core.verb:set package 'dobot_motion' build argument 'cmake_target_skip_unavailable' from command line to 'False'
[1.068s] Level 5:colcon.colcon_core.verb:set package 'dobot_motion' build argument 'cmake_clean_cache' from command line to 'False'
[1.068s] Level 5:colcon.colcon_core.verb:set package 'dobot_motion' build argument 'cmake_clean_first' from command line to 'False'
[1.068s] Level 5:colcon.colcon_core.verb:set package 'dobot_motion' build argument 'cmake_force_configure' from command line to 'False'
[1.068s] Level 5:colcon.colcon_core.verb:set package 'dobot_motion' build argument 'ament_cmake_args' from command line to 'None'
[1.068s] Level 5:colcon.colcon_core.verb:set package 'dobot_motion' build argument 'catkin_cmake_args' from command line to 'None'
[1.068s] Level 5:colcon.colcon_core.verb:set package 'dobot_motion' build argument 'catkin_skip_building_tests' from command line to 'False'
[1.068s] DEBUG:colcon.colcon_core.verb:Building package 'dobot_motion' with the following arguments: {'ament_cmake_args': None, 'build_base': '/home/bbcontact/magician_ros2/build/dobot_motion', 'catkin_cmake_args': None, 'catkin_skip_building_tests': False, 'cmake_args': None, 'cmake_clean_cache': False, 'cmake_clean_first': False, 'cmake_force_configure': False, 'cmake_target': None, 'cmake_target_skip_unavailable': False, 'install_base': '/home/bbcontact/magician_ros2/install/dobot_motion', 'merge_install': False, 'path': '/home/bbcontact/magician_ros2/src/magician_ros2/dobot_motion', 'symlink_install': True, 'test_result_base': None}
[1.069s] Level 5:colcon.colcon_core.verb:set package 'dobot_object_vision' build argument 'cmake_args' from command line to 'None'
[1.069s] Level 5:colcon.colcon_core.verb:set package 'dobot_object_vision' build argument 'cmake_target' from command line to 'None'
[1.069s] Level 5:colcon.colcon_core.verb:set package 'dobot_object_vision' build argument 'cmake_target_skip_unavailable' from command line to 'False'
[1.069s] Level 5:colcon.colcon_core.verb:set package 'dobot_object_vision' build argument 'cmake_clean_cache' from command line to 'False'
[1.069s] Level 5:colcon.colcon_core.verb:set package 'dobot_object_vision' build argument 'cmake_clean_first' from command line to 'False'
[1.069s] Level 5:colcon.colcon_core.verb:set package 'dobot_object_vision' build argument 'cmake_force_configure' from command line to 'False'
[1.069s] Level 5:colcon.colcon_core.verb:set package 'dobot_object_vision' build argument 'ament_cmake_args' from command line to 'None'
[1.069s] Level 5:colcon.colcon_core.verb:set package 'dobot_object_vision' build argument 'catkin_cmake_args' from command line to 'None'
[1.069s] Level 5:colcon.colcon_core.verb:set package 'dobot_object_vision' build argument 'catkin_skip_building_tests' from command line to 'False'
[1.069s] DEBUG:colcon.colcon_core.verb:Building package 'dobot_object_vision' with the following arguments: {'ament_cmake_args': None, 'build_base': '/home/bbcontact/magician_ros2/build/dobot_object_vision', 'catkin_cmake_args': None, 'catkin_skip_building_tests': False, 'cmake_args': None, 'cmake_clean_cache': False, 'cmake_clean_first': False, 'cmake_force_configure': False, 'cmake_target': None, 'cmake_target_skip_unavailable': False, 'install_base': '/home/bbcontact/magician_ros2/install/dobot_object_vision', 'merge_install': False, 'path': '/home/bbcontact/magician_ros2/src/magician_ros2/dobot_object_vision', 'symlink_install': True, 'test_result_base': None}
[1.070s] Level 5:colcon.colcon_core.verb:set package 'dobot_state_updater' build argument 'cmake_args' from command line to 'None'
[1.070s] Level 5:colcon.colcon_core.verb:set package 'dobot_state_updater' build argument 'cmake_target' from command line to 'None'
[1.070s] Level 5:colcon.colcon_core.verb:set package 'dobot_state_updater' build argument 'cmake_target_skip_unavailable' from command line to 'False'
[1.070s] Level 5:colcon.colcon_core.verb:set package 'dobot_state_updater' build argument 'cmake_clean_cache' from command line to 'False'
[1.070s] Level 5:colcon.colcon_core.verb:set package 'dobot_state_updater' build argument 'cmake_clean_first' from command line to 'False'
[1.070s] Level 5:colcon.colcon_core.verb:set package 'dobot_state_updater' build argument 'cmake_force_configure' from command line to 'False'
[1.070s] Level 5:colcon.colcon_core.verb:set package 'dobot_state_updater' build argument 'ament_cmake_args' from command line to 'None'
[1.070s] Level 5:colcon.colcon_core.verb:set package 'dobot_state_updater' build argument 'catkin_cmake_args' from command line to 'None'
[1.070s] Level 5:colcon.colcon_core.verb:set package 'dobot_state_updater' build argument 'catkin_skip_building_tests' from command line to 'False'
[1.070s] DEBUG:colcon.colcon_core.verb:Building package 'dobot_state_updater' with the following arguments: {'ament_cmake_args': None, 'build_base': '/home/bbcontact/magician_ros2/build/dobot_state_updater', 'catkin_cmake_args': None, 'catkin_skip_building_tests': False, 'cmake_args': None, 'cmake_clean_cache': False, 'cmake_clean_first': False, 'cmake_force_configure': False, 'cmake_target': None, 'cmake_target_skip_unavailable': False, 'install_base': '/home/bbcontact/magician_ros2/install/dobot_state_updater', 'merge_install': False, 'path': '/home/bbcontact/magician_ros2/src/magician_ros2/dobot_state_updater', 'symlink_install': True, 'test_result_base': None}
[1.071s] Level 5:colcon.colcon_core.verb:set package 'dobot_vision_rgbd' build argument 'cmake_args' from command line to 'None'
[1.071s] Level 5:colcon.colcon_core.verb:set package 'dobot_vision_rgbd' build argument 'cmake_target' from command line to 'None'
[1.071s] Level 5:colcon.colcon_core.verb:set package 'dobot_vision_rgbd' build argument 'cmake_target_skip_unavailable' from command line to 'False'
[1.071s] Level 5:colcon.colcon_core.verb:set package 'dobot_vision_rgbd' build argument 'cmake_clean_cache' from command line to 'False'
[1.071s] Level 5:colcon.colcon_core.verb:set package 'dobot_vision_rgbd' build argument 'cmake_clean_first' from command line to 'False'
[1.071s] Level 5:colcon.colcon_core.verb:set package 'dobot_vision_rgbd' build argument 'cmake_force_configure' from command line to 'False'
[1.072s] Level 5:colcon.colcon_core.verb:set package 'dobot_vision_rgbd' build argument 'ament_cmake_args' from command line to 'None'
[1.072s] Level 5:colcon.colcon_core.verb:set package 'dobot_vision_rgbd' build argument 'catkin_cmake_args' from command line to 'None'
[1.072s] Level 5:colcon.colcon_core.verb:set package 'dobot_vision_rgbd' build argument 'catkin_skip_building_tests' from command line to 'False'
[1.072s] DEBUG:colcon.colcon_core.verb:Building package 'dobot_vision_rgbd' with the following arguments: {'ament_cmake_args': None, 'build_base': '/home/bbcontact/magician_ros2/build/dobot_vision_rgbd', 'catkin_cmake_args': None, 'catkin_skip_building_tests': False, 'cmake_args': None, 'cmake_clean_cache': False, 'cmake_clean_first': False, 'cmake_force_configure': False, 'cmake_target': None, 'cmake_target_skip_unavailable': False, 'install_base': '/home/bbcontact/magician_ros2/install/dobot_vision_rgbd', 'merge_install': False, 'path': '/home/bbcontact/magician_ros2/src/magician_ros2/dobot_vision_rgbd', 'symlink_install': True, 'test_result_base': None}
[1.073s] Level 5:colcon.colcon_core.verb:set package 'orbbec_camera' build argument 'cmake_args' from command line to 'None'
[1.073s] Level 5:colcon.colcon_core.verb:set package 'orbbec_camera' build argument 'cmake_target' from command line to 'None'
[1.073s] Level 5:colcon.colcon_core.verb:set package 'orbbec_camera' build argument 'cmake_target_skip_unavailable' from command line to 'False'
[1.073s] Level 5:colcon.colcon_core.verb:set package 'orbbec_camera' build argument 'cmake_clean_cache' from command line to 'False'
[1.073s] Level 5:colcon.colcon_core.verb:set package 'orbbec_camera' build argument 'cmake_clean_first' from command line to 'False'
[1.073s] Level 5:colcon.colcon_core.verb:set package 'orbbec_camera' build argument 'cmake_force_configure' from command line to 'False'
[1.073s] Level 5:colcon.colcon_core.verb:set package 'orbbec_camera' build argument 'ament_cmake_args' from command line to 'None'
[1.073s] Level 5:colcon.colcon_core.verb:set package 'orbbec_camera' build argument 'catkin_cmake_args' from command line to 'None'
[1.073s] Level 5:colcon.colcon_core.verb:set package 'orbbec_camera' build argument 'catkin_skip_building_tests' from command line to 'False'
[1.073s] DEBUG:colcon.colcon_core.verb:Building package 'orbbec_camera' with the following arguments: {'ament_cmake_args': None, 'build_base': '/home/bbcontact/magician_ros2/build/orbbec_camera', 'catkin_cmake_args': None, 'catkin_skip_building_tests': False, 'cmake_args': None, 'cmake_clean_cache': False, 'cmake_clean_first': False, 'cmake_force_configure': False, 'cmake_target': None, 'cmake_target_skip_unavailable': False, 'install_base': '/home/bbcontact/magician_ros2/install/orbbec_camera', 'merge_install': False, 'path': '/home/bbcontact/magician_ros2/src/OrbbecSDK_ROS2/orbbec_camera', 'symlink_install': True, 'test_result_base': None}
[1.074s] Level 5:colcon.colcon_core.verb:set package 'dobot_bringup' build argument 'cmake_args' from command line to 'None'
[1.074s] Level 5:colcon.colcon_core.verb:set package 'dobot_bringup' build argument 'cmake_target' from command line to 'None'
[1.074s] Level 5:colcon.colcon_core.verb:set package 'dobot_bringup' build argument 'cmake_target_skip_unavailable' from command line to 'False'
[1.074s] Level 5:colcon.colcon_core.verb:set package 'dobot_bringup' build argument 'cmake_clean_cache' from command line to 'False'
[1.074s] Level 5:colcon.colcon_core.verb:set package 'dobot_bringup' build argument 'cmake_clean_first' from command line to 'False'
[1.074s] Level 5:colcon.colcon_core.verb:set package 'dobot_bringup' build argument 'cmake_force_configure' from command line to 'False'
[1.074s] Level 5:colcon.colcon_core.verb:set package 'dobot_bringup' build argument 'ament_cmake_args' from command line to 'None'
[1.074s] Level 5:colcon.colcon_core.verb:set package 'dobot_bringup' build argument 'catkin_cmake_args' from command line to 'None'
[1.074s] Level 5:colcon.colcon_core.verb:set package 'dobot_bringup' build argument 'catkin_skip_building_tests' from command line to 'False'
[1.074s] DEBUG:colcon.colcon_core.verb:Building package 'dobot_bringup' with the following arguments: {'ament_cmake_args': None, 'build_base': '/home/bbcontact/magician_ros2/build/dobot_bringup', 'catkin_cmake_args': None, 'catkin_skip_building_tests': False, 'cmake_args': None, 'cmake_clean_cache': False, 'cmake_clean_first': False, 'cmake_force_configure': False, 'cmake_target': None, 'cmake_target_skip_unavailable': False, 'install_base': '/home/bbcontact/magician_ros2/install/dobot_bringup', 'merge_install': False, 'path': '/home/bbcontact/magician_ros2/src/magician_ros2/dobot_bringup', 'symlink_install': True, 'test_result_base': None}
[1.075s] Level 5:colcon.colcon_core.verb:set package 'dobot_demos' build argument 'cmake_args' from command line to 'None'
[1.075s] Level 5:colcon.colcon_core.verb:set package 'dobot_demos' build argument 'cmake_target' from command line to 'None'
[1.075s] Level 5:colcon.colcon_core.verb:set package 'dobot_demos' build argument 'cmake_target_skip_unavailable' from command line to 'False'
[1.075s] Level 5:colcon.colcon_core.verb:set package 'dobot_demos' build argument 'cmake_clean_cache' from command line to 'False'
[1.075s] Level 5:colcon.colcon_core.verb:set package 'dobot_demos' build argument 'cmake_clean_first' from command line to 'False'
[1.075s] Level 5:colcon.colcon_core.verb:set package 'dobot_demos' build argument 'cmake_force_configure' from command line to 'False'
[1.075s] Level 5:colcon.colcon_core.verb:set package 'dobot_demos' build argument 'ament_cmake_args' from command line to 'None'
[1.075s] Level 5:colcon.colcon_core.verb:set package 'dobot_demos' build argument 'catkin_cmake_args' from command line to 'None'
[1.075s] Level 5:colcon.colcon_core.verb:set package 'dobot_demos' build argument 'catkin_skip_building_tests' from command line to 'False'
[1.075s] DEBUG:colcon.colcon_core.verb:Building package 'dobot_demos' with the following arguments: {'ament_cmake_args': None, 'build_base': '/home/bbcontact/magician_ros2/build/dobot_demos', 'catkin_cmake_args': None, 'catkin_skip_building_tests': False, 'cmake_args': None, 'cmake_clean_cache': False, 'cmake_clean_first': False, 'cmake_force_configure': False, 'cmake_target': None, 'cmake_target_skip_unavailable': False, 'install_base': '/home/bbcontact/magician_ros2/install/dobot_demos', 'merge_install': False, 'path': '/home/bbcontact/magician_ros2/src/magician_ros2/dobot_demos', 'symlink_install': True, 'test_result_base': None}
[1.076s] Level 5:colcon.colcon_core.verb:set package 'dobot_web_interface' build argument 'cmake_args' from command line to 'None'
[1.076s] Level 5:colcon.colcon_core.verb:set package 'dobot_web_interface' build argument 'cmake_target' from command line to 'None'
[1.076s] Level 5:colcon.colcon_core.verb:set package 'dobot_web_interface' build argument 'cmake_target_skip_unavailable' from command line to 'False'
[1.076s] Level 5:colcon.colcon_core.verb:set package 'dobot_web_interface' build argument 'cmake_clean_cache' from command line to 'False'
[1.076s] Level 5:colcon.colcon_core.verb:set package 'dobot_web_interface' build argument 'cmake_clean_first' from command line to 'False'
[1.076s] Level 5:colcon.colcon_core.verb:set package 'dobot_web_interface' build argument 'cmake_force_configure' from command line to 'False'
[1.076s] Level 5:colcon.colcon_core.verb:set package 'dobot_web_interface' build argument 'ament_cmake_args' from command line to 'None'
[1.077s] Level 5:colcon.colcon_core.verb:set package 'dobot_web_interface' build argument 'catkin_cmake_args' from command line to 'None'
[1.077s] Level 5:colcon.colcon_core.verb:set package 'dobot_web_interface' build argument 'catkin_skip_building_tests' from command line to 'False'
[1.077s] DEBUG:colcon.colcon_core.verb:Building package 'dobot_web_interface' with the following arguments: {'ament_cmake_args': None, 'build_base': '/home/bbcontact/magician_ros2/build/dobot_web_interface', 'catkin_cmake_args': None, 'catkin_skip_building_tests': False, 'cmake_args': None, 'cmake_clean_cache': False, 'cmake_clean_first': False, 'cmake_force_configure': False, 'cmake_target': None, 'cmake_target_skip_unavailable': False, 'install_base': '/home/bbcontact/magician_ros2/install/dobot_web_interface', 'merge_install': False, 'path': '/home/bbcontact/magician_ros2/src/magician_ros2/dobot_web_interface', 'symlink_install': True, 'test_result_base': None}
[1.077s] INFO:colcon.colcon_core.executor:Executing jobs using 'parallel' executor
[1.079s] DEBUG:colcon.colcon_parallel_executor.executor.parallel:run_until_complete
[1.080s] INFO:colcon.colcon_ros.task.ament_cmake.build:Building ROS package in '/home/bbcontact/magician_ros2/src/magician_ros2/dobot_msgs' with build type 'ament_cmake'
[1.081s] INFO:colcon.colcon_cmake.task.cmake.build:Building CMake package in '/home/bbcontact/magician_ros2/src/magician_ros2/dobot_msgs'
[1.097s] INFO:colcon.colcon_core.plugin_system:Skipping extension 'colcon_core.shell.bat': Not used on non-Windows systems
[1.097s] INFO:colcon.colcon_core.shell:Skip shell extension 'powershell' for command environment: Not usable outside of PowerShell
[1.098s] DEBUG:colcon.colcon_core.shell:Skip shell extension 'dsv' for command environment
[1.104s] INFO:colcon.colcon_ros.task.ament_cmake.build:Building ROS package in '/home/bbcontact/magician_ros2/src/magician_ros2/dobot_driver' with build type 'ament_cmake'
[1.104s] INFO:colcon.colcon_cmake.task.cmake.build:Building CMake package in '/home/bbcontact/magician_ros2/src/magician_ros2/dobot_driver'
[1.105s] INFO:colcon.colcon_core.shell:Skip shell extension 'powershell' for command environment: Not usable outside of PowerShell
[1.105s] DEBUG:colcon.colcon_core.shell:Skip shell extension 'dsv' for command environment
[1.113s] INFO:colcon.colcon_ros.task.ament_cmake.build:Building ROS package in '/home/bbcontact/magician_ros2/src/magician_ros2/dobot_description' with build type 'ament_cmake'
[1.113s] INFO:colcon.colcon_cmake.task.cmake.build:Building CMake package in '/home/bbcontact/magician_ros2/src/magician_ros2/dobot_description'
[1.114s] INFO:colcon.colcon_core.shell:Skip shell extension 'powershell' for command environment: Not usable outside of PowerShell
[1.114s] DEBUG:colcon.colcon_core.shell:Skip shell extension 'dsv' for command environment
[1.122s] INFO:colcon.colcon_ros.task.ament_cmake.build:Building ROS package in '/home/bbcontact/magician_ros2/src/OrbbecSDK_ROS2/orbbec_camera_msgs' with build type 'ament_cmake'
[1.122s] INFO:colcon.colcon_cmake.task.cmake.build:Building CMake package in '/home/bbcontact/magician_ros2/src/OrbbecSDK_ROS2/orbbec_camera_msgs'
[1.123s] INFO:colcon.colcon_core.shell:Skip shell extension 'powershell' for command environment: Not usable outside of PowerShell
[1.123s] DEBUG:colcon.colcon_core.shell:Skip shell extension 'dsv' for command environment
[1.129s] INFO:colcon.colcon_ros.task.ament_python.build:Building ROS package in '/home/bbcontact/magician_ros2/src/magician_ros2/dobot_vision_yolo' with build type 'ament_python'
[1.130s] Level 1:colcon.colcon_core.shell:create_environment_hook('dobot_vision_yolo', 'ament_prefix_path')
[1.130s] INFO:colcon.colcon_core.shell:Creating environment hook '/home/bbcontact/magician_ros2/install/dobot_vision_yolo/share/dobot_vision_yolo/hook/ament_prefix_path.ps1'
[1.132s] INFO:colcon.colcon_core.shell:Creating environment descriptor '/home/bbcontact/magician_ros2/install/dobot_vision_yolo/share/dobot_vision_yolo/hook/ament_prefix_path.dsv'
[1.133s] INFO:colcon.colcon_core.shell:Creating environment hook '/home/bbcontact/magician_ros2/install/dobot_vision_yolo/share/dobot_vision_yolo/hook/ament_prefix_path.sh'
[1.135s] INFO:colcon.colcon_core.shell:Skip shell extension 'powershell' for command environment: Not usable outside of PowerShell
[1.135s] DEBUG:colcon.colcon_core.shell:Skip shell extension 'dsv' for command environment
[1.142s] INFO:colcon.colcon_ros.task.ament_python.build:Building ROS package in '/home/bbcontact/magician_ros2/src/magician_ros2/dobot_visualization_tools' with build type 'ament_python'
[1.142s] Level 1:colcon.colcon_core.shell:create_environment_hook('dobot_visualization_tools', 'ament_prefix_path')
[1.142s] INFO:colcon.colcon_core.shell:Creating environment hook '/home/bbcontact/magician_ros2/install/dobot_visualization_tools/share/dobot_visualization_tools/hook/ament_prefix_path.ps1'
[1.144s] INFO:colcon.colcon_core.shell:Creating environment descriptor '/home/bbcontact/magician_ros2/install/dobot_visualization_tools/share/dobot_visualization_tools/hook/ament_prefix_path.dsv'
[1.145s] INFO:colcon.colcon_core.shell:Creating environment hook '/home/bbcontact/magician_ros2/install/dobot_visualization_tools/share/dobot_visualization_tools/hook/ament_prefix_path.sh'
[1.146s] INFO:colcon.colcon_core.shell:Skip shell extension 'powershell' for command environment: Not usable outside of PowerShell
[1.146s] DEBUG:colcon.colcon_core.shell:Skip shell extension 'dsv' for command environment
[1.153s] INFO:colcon.colcon_ros.task.ament_cmake.build:Building ROS package in '/home/bbcontact/magician_ros2/src/OrbbecSDK_ROS2/orbbec_description' with build type 'ament_cmake'
[1.153s] INFO:colcon.colcon_cmake.task.cmake.build:Building CMake package in '/home/bbcontact/magician_ros2/src/OrbbecSDK_ROS2/orbbec_description'
[1.154s] INFO:colcon.colcon_core.shell:Skip shell extension 'powershell' for command environment: Not usable outside of PowerShell
[1.154s] DEBUG:colcon.colcon_core.shell:Skip shell extension 'dsv' for command environment
[1.170s] DEBUG:colcon.colcon_core.event_handler.log_command:Invoking command in '/home/bbcontact/magician_ros2/build/dobot_msgs': CMAKE_PREFIX_PATH=${CMAKE_PREFIX_PATH}:/opt/ros/jazzy DEBUGINFOD_URLS=https://debuginfod.ubuntu.com /usr/bin/cmake /home/bbcontact/magician_ros2/src/magician_ros2/dobot_msgs -DAMENT_CMAKE_SYMLINK_INSTALL=1 -DCMAKE_INSTALL_PREFIX=/home/bbcontact/magician_ros2/install/dobot_msgs
[1.176s] DEBUG:colcon.colcon_core.event_handler.log_command:Invoking command in '/home/bbcontact/magician_ros2/build/dobot_driver': CMAKE_PREFIX_PATH=${CMAKE_PREFIX_PATH}:/opt/ros/jazzy DEBUGINFOD_URLS=https://debuginfod.ubuntu.com /usr/bin/cmake /home/bbcontact/magician_ros2/src/magician_ros2/dobot_driver -DAMENT_CMAKE_SYMLINK_INSTALL=1 -DCMAKE_INSTALL_PREFIX=/home/bbcontact/magician_ros2/install/dobot_driver
[1.180s] DEBUG:colcon.colcon_core.event_handler.log_command:Invoking command in '/home/bbcontact/magician_ros2/build/dobot_description': CMAKE_PREFIX_PATH=${CMAKE_PREFIX_PATH}:/opt/ros/jazzy DEBUGINFOD_URLS=https://debuginfod.ubuntu.com /usr/bin/cmake /home/bbcontact/magician_ros2/src/magician_ros2/dobot_description -DAMENT_CMAKE_SYMLINK_INSTALL=1 -DCMAKE_INSTALL_PREFIX=/home/bbcontact/magician_ros2/install/dobot_description
[1.188s] DEBUG:colcon.colcon_core.event_handler.log_command:Invoking command in '/home/bbcontact/magician_ros2/build/orbbec_camera_msgs': CMAKE_PREFIX_PATH=${CMAKE_PREFIX_PATH}:/opt/ros/jazzy DEBUGINFOD_URLS=https://debuginfod.ubuntu.com /usr/bin/cmake /home/bbcontact/magician_ros2/src/OrbbecSDK_ROS2/orbbec_camera_msgs -DAMENT_CMAKE_SYMLINK_INSTALL=1 -DCMAKE_INSTALL_PREFIX=/home/bbcontact/magician_ros2/install/orbbec_camera_msgs
[2.247s] INFO:colcon.colcon_core.task.python.build:Building Python package in '/home/bbcontact/magician_ros2/src/magician_ros2/dobot_vision_yolo'
[2.248s] INFO:colcon.colcon_core.shell:Skip shell extension 'powershell' for command environment: Not usable outside of PowerShell
[2.248s] DEBUG:colcon.colcon_core.shell:Skip shell extension 'dsv' for command environment
[3.166s] INFO:colcon.colcon_core.task.python.build:Building Python package in '/home/bbcontact/magician_ros2/src/magician_ros2/dobot_visualization_tools'
[3.167s] INFO:colcon.colcon_core.shell:Skip shell extension 'powershell' for command environment: Not usable outside of PowerShell
[3.167s] DEBUG:colcon.colcon_core.shell:Skip shell extension 'dsv' for command environment
[3.252s] DEBUG:colcon.colcon_core.event_handler.log_command:Invoking command in '/home/bbcontact/magician_ros2/build/orbbec_description': CMAKE_PREFIX_PATH=${CMAKE_PREFIX_PATH}:/opt/ros/jazzy DEBUGINFOD_URLS=https://debuginfod.ubuntu.com /usr/bin/cmake /home/bbcontact/magician_ros2/src/OrbbecSDK_ROS2/orbbec_description -DAMENT_CMAKE_SYMLINK_INSTALL=1 -DCMAKE_INSTALL_PREFIX=/home/bbcontact/magician_ros2/install/orbbec_description
[4.638s] DEBUG:colcon.colcon_core.event_handler.log_command:Invoked command in '/home/bbcontact/magician_ros2/build/dobot_driver' returned '0': CMAKE_PREFIX_PATH=${CMAKE_PREFIX_PATH}:/opt/ros/jazzy DEBUGINFOD_URLS=https://debuginfod.ubuntu.com /usr/bin/cmake /home/bbcontact/magician_ros2/src/magician_ros2/dobot_driver -DAMENT_CMAKE_SYMLINK_INSTALL=1 -DCMAKE_INSTALL_PREFIX=/home/bbcontact/magician_ros2/install/dobot_driver
[4.641s] DEBUG:colcon.colcon_core.event_handler.log_command:Invoking command in '/home/bbcontact/magician_ros2/build/dobot_driver': CMAKE_PREFIX_PATH=${CMAKE_PREFIX_PATH}:/opt/ros/jazzy DEBUGINFOD_URLS=https://debuginfod.ubuntu.com /usr/bin/cmake --build /home/bbcontact/magician_ros2/build/dobot_driver -- -j8 -l8
[6.111s] DEBUG:colcon.colcon_core.event_handler.log_command:Invoked command in '/home/bbcontact/magician_ros2/build/orbbec_description' returned '0': CMAKE_PREFIX_PATH=${CMAKE_PREFIX_PATH}:/opt/ros/jazzy DEBUGINFOD_URLS=https://debuginfod.ubuntu.com /usr/bin/cmake /home/bbcontact/magician_ros2/src/OrbbecSDK_ROS2/orbbec_description -DAMENT_CMAKE_SYMLINK_INSTALL=1 -DCMAKE_INSTALL_PREFIX=/home/bbcontact/magician_ros2/install/orbbec_description
[6.114s] DEBUG:colcon.colcon_core.event_handler.log_command:Invoking command in '/home/bbcontact/magician_ros2/build/orbbec_description': CMAKE_PREFIX_PATH=${CMAKE_PREFIX_PATH}:/opt/ros/jazzy DEBUGINFOD_URLS=https://debuginfod.ubuntu.com /usr/bin/cmake --build /home/bbcontact/magician_ros2/build/orbbec_description -- -j8 -l8
[6.265s] DEBUG:colcon.colcon_core.event_handler.log_command:Invoked command in '/home/bbcontact/magician_ros2/build/orbbec_description' returned '0': CMAKE_PREFIX_PATH=${CMAKE_PREFIX_PATH}:/opt/ros/jazzy DEBUGINFOD_URLS=https://debuginfod.ubuntu.com /usr/bin/cmake --build /home/bbcontact/magician_ros2/build/orbbec_description -- -j8 -l8
[6.297s] DEBUG:colcon.colcon_core.event_handler.log_command:Invoking command in '/home/bbcontact/magician_ros2/build/orbbec_description': CMAKE_PREFIX_PATH=${CMAKE_PREFIX_PATH}:/opt/ros/jazzy DEBUGINFOD_URLS=https://debuginfod.ubuntu.com /usr/bin/cmake --install /home/bbcontact/magician_ros2/build/orbbec_description
[6.620s] DEBUG:colcon.colcon_core.task.python.build:Available setuptools commands: bdist, register, editable_wheel, build_scripts, setopt, check, clean, bdist_wheel, install, install_headers, build, extract_messages, update_catalog, compile_catalog, install_scripts, build_py, saveopts, install_egg_info, egg_info, alias, upload_docs, install_data, rotate, test, symlink_data, upload, dist_info, init_catalog, easy_install, bdist_dumb, bdist_rpm, build_clib, bdist_egg, build_ext, develop, install_lib, sdist
[6.766s] DEBUG:colcon.colcon_core.task.python.build:Available setuptools commands: bdist, register, editable_wheel, build_scripts, setopt, check, clean, bdist_wheel, install, install_headers, build, extract_messages, update_catalog, compile_catalog, install_scripts, build_py, saveopts, install_egg_info, egg_info, alias, upload_docs, install_data, rotate, test, symlink_data, upload, dist_info, init_catalog, easy_install, bdist_dumb, bdist_rpm, build_clib, bdist_egg, build_ext, develop, install_lib, sdist
[7.008s] DEBUG:colcon.colcon_core.event_handler.log_command:Invoked command in '/home/bbcontact/magician_ros2/build/dobot_driver' returned '0': CMAKE_PREFIX_PATH=${CMAKE_PREFIX_PATH}:/opt/ros/jazzy DEBUGINFOD_URLS=https://debuginfod.ubuntu.com /usr/bin/cmake --build /home/bbcontact/magician_ros2/build/dobot_driver -- -j8 -l8
[7.009s] DEBUG:colcon.colcon_core.event_handler.log_command:Invoking command in '/home/bbcontact/magician_ros2/build/dobot_driver': CMAKE_PREFIX_PATH=${CMAKE_PREFIX_PATH}:/opt/ros/jazzy DEBUGINFOD_URLS=https://debuginfod.ubuntu.com /usr/bin/cmake --install /home/bbcontact/magician_ros2/build/dobot_driver
[8.194s] Level 1:colcon.colcon_core.environment:create_environment_scripts_only(dobot_driver)
[8.199s] DEBUG:colcon.colcon_core.event_handler.log_command:Invoked command in '/home/bbcontact/magician_ros2/build/dobot_driver' returned '0': CMAKE_PREFIX_PATH=${CMAKE_PREFIX_PATH}:/opt/ros/jazzy DEBUGINFOD_URLS=https://debuginfod.ubuntu.com /usr/bin/cmake --install /home/bbcontact/magician_ros2/build/dobot_driver
[8.212s] Level 1:colcon.colcon_core.environment:checking '/home/bbcontact/magician_ros2/install/dobot_driver' for CMake module files
[8.214s] Level 1:colcon.colcon_core.environment:checking '/home/bbcontact/magician_ros2/install/dobot_driver' for CMake config files
[8.215s] Level 1:colcon.colcon_core.shell:create_environment_hook('dobot_driver', 'cmake_prefix_path')
[8.216s] INFO:colcon.colcon_core.shell:Creating environment hook '/home/bbcontact/magician_ros2/install/dobot_driver/share/dobot_driver/hook/cmake_prefix_path.ps1'
[8.217s] INFO:colcon.colcon_core.shell:Creating environment descriptor '/home/bbcontact/magician_ros2/install/dobot_driver/share/dobot_driver/hook/cmake_prefix_path.dsv'
[8.218s] INFO:colcon.colcon_core.shell:Creating environment hook '/home/bbcontact/magician_ros2/install/dobot_driver/share/dobot_driver/hook/cmake_prefix_path.sh'
[8.220s] Level 1:colcon.colcon_core.environment:checking '/home/bbcontact/magician_ros2/install/dobot_driver/lib'
[8.221s] Level 1:colcon.colcon_core.environment:checking '/home/bbcontact/magician_ros2/install/dobot_driver/bin'
[8.221s] Level 1:colcon.colcon_core.environment:checking '/home/bbcontact/magician_ros2/install/dobot_driver/lib/pkgconfig/dobot_driver.pc'
[8.222s] Level 1:colcon.colcon_core.environment:checking '/home/bbcontact/magician_ros2/install/dobot_driver/lib/python3.12/site-packages'
[8.222s] Level 1:colcon.colcon_core.shell:create_environment_hook('dobot_driver', 'pythonpath')
[8.223s] INFO:colcon.colcon_core.shell:Creating environment hook '/home/bbcontact/magician_ros2/install/dobot_driver/share/dobot_driver/hook/pythonpath.ps1'
[8.224s] INFO:colcon.colcon_core.shell:Creating environment descriptor '/home/bbcontact/magician_ros2/install/dobot_driver/share/dobot_driver/hook/pythonpath.dsv'
[8.226s] INFO:colcon.colcon_core.shell:Creating environment hook '/home/bbcontact/magician_ros2/install/dobot_driver/share/dobot_driver/hook/pythonpath.sh'
[8.228s] Level 1:colcon.colcon_core.environment:checking '/home/bbcontact/magician_ros2/install/dobot_driver/bin'
[8.229s] INFO:colcon.colcon_core.shell:Creating package script '/home/bbcontact/magician_ros2/install/dobot_driver/share/dobot_driver/package.ps1'
[8.233s] INFO:colcon.colcon_core.shell:Creating package descriptor '/home/bbcontact/magician_ros2/install/dobot_driver/share/dobot_driver/package.dsv'
[8.235s] INFO:colcon.colcon_core.shell:Creating package script '/home/bbcontact/magician_ros2/install/dobot_driver/share/dobot_driver/package.sh'
[8.237s] INFO:colcon.colcon_core.shell:Creating package script '/home/bbcontact/magician_ros2/install/dobot_driver/share/dobot_driver/package.bash'
[8.240s] INFO:colcon.colcon_core.shell:Creating package script '/home/bbcontact/magician_ros2/install/dobot_driver/share/dobot_driver/package.zsh'
[8.242s] Level 1:colcon.colcon_core.environment:create_file_with_runtime_dependencies(/home/bbcontact/magician_ros2/install/dobot_driver/share/colcon-core/packages/dobot_driver)
[8.244s] Level 1:colcon.colcon_core.environment:create_environment_scripts_only(dobot_driver)
[8.244s] Level 1:colcon.colcon_core.environment:checking '/home/bbcontact/magician_ros2/install/dobot_driver' for CMake module files
[8.246s] Level 1:colcon.colcon_core.environment:checking '/home/bbcontact/magician_ros2/install/dobot_driver' for CMake config files
[8.247s] Level 1:colcon.colcon_core.shell:create_environment_hook('dobot_driver', 'cmake_prefix_path')
[8.248s] INFO:colcon.colcon_core.shell:Creating environment hook '/home/bbcontact/magician_ros2/install/dobot_driver/share/dobot_driver/hook/cmake_prefix_path.ps1'
[8.249s] INFO:colcon.colcon_core.shell:Creating environment descriptor '/home/bbcontact/magician_ros2/install/dobot_driver/share/dobot_driver/hook/cmake_prefix_path.dsv'
[8.250s] INFO:colcon.colcon_core.shell:Creating environment hook '/home/bbcontact/magician_ros2/install/dobot_driver/share/dobot_driver/hook/cmake_prefix_path.sh'
[8.252s] Level 1:colcon.colcon_core.environment:checking '/home/bbcontact/magician_ros2/install/dobot_driver/lib'
[8.252s] Level 1:colcon.colcon_core.environment:checking '/home/bbcontact/magician_ros2/install/dobot_driver/bin'
[8.253s] Level 1:colcon.colcon_core.environment:checking '/home/bbcontact/magician_ros2/install/dobot_driver/lib/pkgconfig/dobot_driver.pc'
[8.253s] Level 1:colcon.colcon_core.environment:checking '/home/bbcontact/magician_ros2/install/dobot_driver/lib/python3.12/site-packages'
[8.254s] Level 1:colcon.colcon_core.shell:create_environment_hook('dobot_driver', 'pythonpath')
[8.255s] INFO:colcon.colcon_core.shell:Creating environment hook '/home/bbcontact/magician_ros2/install/dobot_driver/share/dobot_driver/hook/pythonpath.ps1'
[8.256s] INFO:colcon.colcon_core.shell:Creating environment descriptor '/home/bbcontact/magician_ros2/install/dobot_driver/share/dobot_driver/hook/pythonpath.dsv'
[8.258s] INFO:colcon.colcon_core.shell:Creating environment hook '/home/bbcontact/magician_ros2/install/dobot_driver/share/dobot_driver/hook/pythonpath.sh'
[8.261s] Level 1:colcon.colcon_core.environment:checking '/home/bbcontact/magician_ros2/install/dobot_driver/bin'
[8.265s] INFO:colcon.colcon_core.shell:Creating package script '/home/bbcontact/magician_ros2/install/dobot_driver/share/dobot_driver/package.ps1'
[8.267s] INFO:colcon.colcon_core.shell:Creating package descriptor '/home/bbcontact/magician_ros2/install/dobot_driver/share/dobot_driver/package.dsv'
[8.271s] INFO:colcon.colcon_core.shell:Creating package script '/home/bbcontact/magician_ros2/install/dobot_driver/share/dobot_driver/package.sh'
[8.273s] INFO:colcon.colcon_core.shell:Creating package script '/home/bbcontact/magician_ros2/install/dobot_driver/share/dobot_driver/package.bash'
[8.274s] INFO:colcon.colcon_core.shell:Creating package script '/home/bbcontact/magician_ros2/install/dobot_driver/share/dobot_driver/package.zsh'
[8.275s] Level 1:colcon.colcon_core.environment:create_file_with_runtime_dependencies(/home/bbcontact/magician_ros2/install/dobot_driver/share/colcon-core/packages/dobot_driver)
[8.276s] INFO:colcon.colcon_ros.task.ament_python.build:Building ROS package in '/home/bbcontact/magician_ros2/src/magician_ros2/dobot_control_panel' with build type 'ament_python'
[8.276s] Level 1:colcon.colcon_core.shell:create_environment_hook('dobot_control_panel', 'ament_prefix_path')
[8.277s] INFO:colcon.colcon_core.shell:Creating environment hook '/home/bbcontact/magician_ros2/install/dobot_control_panel/share/dobot_control_panel/hook/ament_prefix_path.ps1'
[8.279s] INFO:colcon.colcon_core.shell:Creating environment descriptor '/home/bbcontact/magician_ros2/install/dobot_control_panel/share/dobot_control_panel/hook/ament_prefix_path.dsv'
[8.279s] INFO:colcon.colcon_core.shell:Creating environment hook '/home/bbcontact/magician_ros2/install/dobot_control_panel/share/dobot_control_panel/hook/ament_prefix_path.sh'
[8.282s] INFO:colcon.colcon_core.shell:Skip shell extension 'powershell' for command environment: Not usable outside of PowerShell
[8.282s] DEBUG:colcon.colcon_core.shell:Skip shell extension 'dsv' for command environment
[9.296s] INFO:colcon.colcon_core.task.python.build:Building Python package in '/home/bbcontact/magician_ros2/src/magician_ros2/dobot_control_panel'
[9.297s] INFO:colcon.colcon_core.shell:Skip shell extension 'powershell' for command environment: Not usable outside of PowerShell
[9.297s] DEBUG:colcon.colcon_core.shell:Skip shell extension 'dsv' for command environment
[9.312s] DEBUG:colcon.colcon_core.task.python.build:Available setuptools 'develop' options: --upgrade, --record, --local-snapshots-ok, --zip-ok, --prefix, --no-deps, --force-installation-into-system-dir, --exclude-scripts, --dry-run, --allow-hosts, --find-links, --editable, --site-dirs, --install-dir, --install-layout, --always-copy, --no-user-cfg, --uninstall, --version, --always-unzip, --index-url, --optimize, --script-dir, --no-find-links, --egg-path, --help, --user, --verbose, --multi-version, --build-directory, --quiet
[9.316s] DEBUG:colcon.colcon_core.task.python.build:Available setuptools 'develop' options: --upgrade, --record, --local-snapshots-ok, --zip-ok, --prefix, --no-deps, --force-installation-into-system-dir, --exclude-scripts, --dry-run, --allow-hosts, --find-links, --editable, --site-dirs, --install-dir, --install-layout, --always-copy, --no-user-cfg, --uninstall, --version, --always-unzip, --index-url, --optimize, --script-dir, --no-find-links, --egg-path, --help, --user, --verbose, --multi-version, --build-directory, --quiet
[9.318s] DEBUG:colcon.colcon_core.event_handler.log_command:Invoking command in '/home/bbcontact/magician_ros2/build/dobot_visualization_tools': DEBUGINFOD_URLS=https://debuginfod.ubuntu.com PYTHONPATH=/home/bbcontact/magician_ros2/build/dobot_visualization_tools/prefix_override:/usr/lib/python3/dist-packages/colcon_core/task/python/colcon_distutils_commands:/home/bbcontact/magician_ros2/install/dobot_visualization_tools/lib/python3.12/site-packages:${PYTHONPATH} /usr/bin/python3 -W ignore:setup.py install is deprecated -W ignore:easy_install command is deprecated setup.py develop --editable --build-directory /home/bbcontact/magician_ros2/build/dobot_visualization_tools/build --no-deps symlink_data
[9.326s] DEBUG:colcon.colcon_core.event_handler.log_command:Invoking command in '/home/bbcontact/magician_ros2/build/dobot_vision_yolo': DEBUGINFOD_URLS=https://debuginfod.ubuntu.com PYTHONPATH=/home/bbcontact/magician_ros2/build/dobot_vision_yolo/prefix_override:/usr/lib/python3/dist-packages/colcon_core/task/python/colcon_distutils_commands:/home/bbcontact/magician_ros2/install/dobot_vision_yolo/lib/python3.12/site-packages:${PYTHONPATH} /usr/bin/python3 -W ignore:setup.py install is deprecated -W ignore:easy_install command is deprecated setup.py develop --editable --build-directory /home/bbcontact/magician_ros2/build/dobot_vision_yolo/build --no-deps symlink_data
[9.326s] Level 1:colcon.colcon_core.environment:create_environment_scripts_only(orbbec_description)
[9.327s] Level 1:colcon.colcon_core.environment:checking '/home/bbcontact/magician_ros2/install/orbbec_description' for CMake module files
[9.332s] DEBUG:colcon.colcon_core.event_handler.log_command:Invoked command in '/home/bbcontact/magician_ros2/build/orbbec_description' returned '0': CMAKE_PREFIX_PATH=${CMAKE_PREFIX_PATH}:/opt/ros/jazzy DEBUGINFOD_URLS=https://debuginfod.ubuntu.com /usr/bin/cmake --install /home/bbcontact/magician_ros2/build/orbbec_description
[9.338s] Level 1:colcon.colcon_core.environment:checking '/home/bbcontact/magician_ros2/install/orbbec_description' for CMake config files
[9.353s] Level 1:colcon.colcon_core.shell:create_environment_hook('orbbec_description', 'cmake_prefix_path')
[9.354s] INFO:colcon.colcon_core.shell:Creating environment hook '/home/bbcontact/magician_ros2/install/orbbec_description/share/orbbec_description/hook/cmake_prefix_path.ps1'
[9.355s] INFO:colcon.colcon_core.shell:Creating environment descriptor '/home/bbcontact/magician_ros2/install/orbbec_description/share/orbbec_description/hook/cmake_prefix_path.dsv'
[9.356s] INFO:colcon.colcon_core.shell:Creating environment hook '/home/bbcontact/magician_ros2/install/orbbec_description/share/orbbec_description/hook/cmake_prefix_path.sh'
[9.359s] Level 1:colcon.colcon_core.environment:checking '/home/bbcontact/magician_ros2/install/orbbec_description/bin'
[9.359s] Level 1:colcon.colcon_core.environment:checking '/home/bbcontact/magician_ros2/install/orbbec_description/lib/pkgconfig/orbbec_description.pc'
[9.360s] Level 1:colcon.colcon_core.environment:checking '/home/bbcontact/magician_ros2/install/orbbec_description/lib/python3.12/site-packages'
[9.362s] Level 1:colcon.colcon_core.environment:checking '/home/bbcontact/magician_ros2/install/orbbec_description/bin'
[9.363s] INFO:colcon.colcon_core.shell:Creating package script '/home/bbcontact/magician_ros2/install/orbbec_description/share/orbbec_description/package.ps1'
[9.366s] INFO:colcon.colcon_core.shell:Creating package descriptor '/home/bbcontact/magician_ros2/install/orbbec_description/share/orbbec_description/package.dsv'
[9.367s] INFO:colcon.colcon_core.shell:Creating package script '/home/bbcontact/magician_ros2/install/orbbec_description/share/orbbec_description/package.sh'
[9.368s] INFO:colcon.colcon_core.shell:Creating package script '/home/bbcontact/magician_ros2/install/orbbec_description/share/orbbec_description/package.bash'
[9.370s] INFO:colcon.colcon_core.shell:Creating package script '/home/bbcontact/magician_ros2/install/orbbec_description/share/orbbec_description/package.zsh'
[9.371s] Level 1:colcon.colcon_core.environment:create_file_with_runtime_dependencies(/home/bbcontact/magician_ros2/install/orbbec_description/share/colcon-core/packages/orbbec_description)
[9.373s] Level 1:colcon.colcon_core.environment:create_environment_scripts_only(orbbec_description)
[9.373s] Level 1:colcon.colcon_core.environment:checking '/home/bbcontact/magician_ros2/install/orbbec_description' for CMake module files
[9.377s] Level 1:colcon.colcon_core.environment:checking '/home/bbcontact/magician_ros2/install/orbbec_description' for CMake config files
[9.394s] Level 1:colcon.colcon_core.shell:create_environment_hook('orbbec_description', 'cmake_prefix_path')
[9.394s] INFO:colcon.colcon_core.shell:Creating environment hook '/home/bbcontact/magician_ros2/install/orbbec_description/share/orbbec_description/hook/cmake_prefix_path.ps1'
[9.398s] INFO:colcon.colcon_core.shell:Creating environment descriptor '/home/bbcontact/magician_ros2/install/orbbec_description/share/orbbec_description/hook/cmake_prefix_path.dsv'
[9.399s] INFO:colcon.colcon_core.shell:Creating environment hook '/home/bbcontact/magician_ros2/install/orbbec_description/share/orbbec_description/hook/cmake_prefix_path.sh'
[9.401s] Level 1:colcon.colcon_core.environment:checking '/home/bbcontact/magician_ros2/install/orbbec_description/bin'
[9.401s] Level 1:colcon.colcon_core.environment:checking '/home/bbcontact/magician_ros2/install/orbbec_description/lib/pkgconfig/orbbec_description.pc'
[9.402s] Level 1:colcon.colcon_core.environment:checking '/home/bbcontact/magician_ros2/install/orbbec_description/lib/python3.12/site-packages'
[9.404s] Level 1:colcon.colcon_core.environment:checking '/home/bbcontact/magician_ros2/install/orbbec_description/bin'
[9.406s] INFO:colcon.colcon_core.shell:Creating package script '/home/bbcontact/magician_ros2/install/orbbec_description/share/orbbec_description/package.ps1'
[9.408s] INFO:colcon.colcon_core.shell:Creating package descriptor '/home/bbcontact/magician_ros2/install/orbbec_description/share/orbbec_description/package.dsv'
[9.411s] INFO:colcon.colcon_core.shell:Creating package script '/home/bbcontact/magician_ros2/install/orbbec_description/share/orbbec_description/package.sh'
[9.413s] INFO:colcon.colcon_core.shell:Creating package script '/home/bbcontact/magician_ros2/install/orbbec_description/share/orbbec_description/package.bash'
[9.415s] INFO:colcon.colcon_core.shell:Creating package script '/home/bbcontact/magician_ros2/install/orbbec_description/share/orbbec_description/package.zsh'
[9.416s] Level 1:colcon.colcon_core.environment:create_file_with_runtime_dependencies(/home/bbcontact/magician_ros2/install/orbbec_description/share/colcon-core/packages/orbbec_description)
[10.296s] DEBUG:colcon.colcon_core.event_handler.log_command:Invoked command in '/home/bbcontact/magician_ros2/build/dobot_description' returned '0': CMAKE_PREFIX_PATH=${CMAKE_PREFIX_PATH}:/opt/ros/jazzy DEBUGINFOD_URLS=https://debuginfod.ubuntu.com /usr/bin/cmake /home/bbcontact/magician_ros2/src/magician_ros2/dobot_description -DAMENT_CMAKE_SYMLINK_INSTALL=1 -DCMAKE_INSTALL_PREFIX=/home/bbcontact/magician_ros2/install/dobot_description
[10.300s] DEBUG:colcon.colcon_core.event_handler.log_command:Invoking command in '/home/bbcontact/magician_ros2/build/dobot_description': CMAKE_PREFIX_PATH=${CMAKE_PREFIX_PATH}:/opt/ros/jazzy DEBUGINFOD_URLS=https://debuginfod.ubuntu.com /usr/bin/cmake --build /home/bbcontact/magician_ros2/build/dobot_description -- -j8 -l8
[10.624s] DEBUG:colcon.colcon_core.event_handler.log_command:Invoked command in '/home/bbcontact/magician_ros2/build/dobot_description' returned '0': CMAKE_PREFIX_PATH=${CMAKE_PREFIX_PATH}:/opt/ros/jazzy DEBUGINFOD_URLS=https://debuginfod.ubuntu.com /usr/bin/cmake --build /home/bbcontact/magician_ros2/build/dobot_description -- -j8 -l8
[10.635s] DEBUG:colcon.colcon_core.event_handler.log_command:Invoking command in '/home/bbcontact/magician_ros2/build/dobot_description': CMAKE_PREFIX_PATH=${CMAKE_PREFIX_PATH}:/opt/ros/jazzy DEBUGINFOD_URLS=https://debuginfod.ubuntu.com /usr/bin/cmake --install /home/bbcontact/magician_ros2/build/dobot_description
[14.181s] DEBUG:colcon.colcon_core.task.python.build:Available setuptools commands: bdist, register, editable_wheel, build_scripts, setopt, check, clean, bdist_wheel, install, install_headers, build, extract_messages, update_catalog, compile_catalog, install_scripts, build_py, saveopts, install_egg_info, egg_info, alias, upload_docs, install_data, rotate, test, symlink_data, upload, dist_info, init_catalog, easy_install, bdist_dumb, bdist_rpm, build_clib, bdist_egg, build_ext, develop, install_lib, sdist
[14.295s] Level 1:colcon.colcon_core.shell:create_environment_hook('dobot_visualization_tools', 'pythonpath_develop')
[14.299s] INFO:colcon.colcon_core.shell:Creating environment hook '/home/bbcontact/magician_ros2/build/dobot_visualization_tools/share/dobot_visualization_tools/hook/pythonpath_develop.ps1'
[14.305s] INFO:colcon.colcon_core.shell:Creating environment descriptor '/home/bbcontact/magician_ros2/build/dobot_visualization_tools/share/dobot_visualization_tools/hook/pythonpath_develop.dsv'
[14.307s] DEBUG:colcon.colcon_core.event_handler.log_command:Invoked command in '/home/bbcontact/magician_ros2/build/dobot_visualization_tools' returned '0': DEBUGINFOD_URLS=https://debuginfod.ubuntu.com PYTHONPATH=/home/bbcontact/magician_ros2/build/dobot_visualization_tools/prefix_override:/usr/lib/python3/dist-packages/colcon_core/task/python/colcon_distutils_commands:/home/bbcontact/magician_ros2/install/dobot_visualization_tools/lib/python3.12/site-packages:${PYTHONPATH} /usr/bin/python3 -W ignore:setup.py install is deprecated -W ignore:easy_install command is deprecated setup.py develop --editable --build-directory /home/bbcontact/magician_ros2/build/dobot_visualization_tools/build --no-deps symlink_data
[14.308s] INFO:colcon.colcon_core.shell:Creating environment hook '/home/bbcontact/magician_ros2/build/dobot_visualization_tools/share/dobot_visualization_tools/hook/pythonpath_develop.sh'
[14.310s] Level 1:colcon.colcon_core.environment:checking '/home/bbcontact/magician_ros2/install/dobot_visualization_tools' for CMake module files
[14.329s] Level 1:colcon.colcon_core.environment:checking '/home/bbcontact/magician_ros2/install/dobot_visualization_tools' for CMake config files
[14.345s] Level 1:colcon.colcon_core.environment:checking '/home/bbcontact/magician_ros2/install/dobot_visualization_tools/lib'
[14.346s] Level 1:colcon.colcon_core.environment:checking '/home/bbcontact/magician_ros2/install/dobot_visualization_tools/bin'
[14.346s] Level 1:colcon.colcon_core.environment:checking '/home/bbcontact/magician_ros2/install/dobot_visualization_tools/lib/pkgconfig/dobot_visualization_tools.pc'
[14.347s] Level 1:colcon.colcon_core.environment:checking '/home/bbcontact/magician_ros2/install/dobot_visualization_tools/lib/python3.12/site-packages'
[14.348s] Level 1:colcon.colcon_core.shell:create_environment_hook('dobot_visualization_tools', 'pythonpath')
[14.351s] INFO:colcon.colcon_core.shell:Creating environment hook '/home/bbcontact/magician_ros2/install/dobot_visualization_tools/share/dobot_visualization_tools/hook/pythonpath.ps1'
[14.359s] INFO:colcon.colcon_core.shell:Creating environment descriptor '/home/bbcontact/magician_ros2/install/dobot_visualization_tools/share/dobot_visualization_tools/hook/pythonpath.dsv'
[14.364s] INFO:colcon.colcon_core.shell:Creating environment hook '/home/bbcontact/magician_ros2/install/dobot_visualization_tools/share/dobot_visualization_tools/hook/pythonpath.sh'
[14.371s] Level 1:colcon.colcon_core.environment:checking '/home/bbcontact/magician_ros2/install/dobot_visualization_tools/bin'
[14.374s] Level 1:colcon.colcon_core.environment:create_environment_scripts_only(dobot_visualization_tools)
[14.376s] INFO:colcon.colcon_core.shell:Creating package script '/home/bbcontact/magician_ros2/install/dobot_visualization_tools/share/dobot_visualization_tools/package.ps1'
[14.383s] INFO:colcon.colcon_core.shell:Creating package descriptor '/home/bbcontact/magician_ros2/install/dobot_visualization_tools/share/dobot_visualization_tools/package.dsv'
[14.388s] INFO:colcon.colcon_core.shell:Creating package script '/home/bbcontact/magician_ros2/install/dobot_visualization_tools/share/dobot_visualization_tools/package.sh'
[14.391s] INFO:colcon.colcon_core.shell:Creating package script '/home/bbcontact/magician_ros2/install/dobot_visualization_tools/share/dobot_visualization_tools/package.bash'
[14.393s] INFO:colcon.colcon_core.shell:Creating package script '/home/bbcontact/magician_ros2/install/dobot_visualization_tools/share/dobot_visualization_tools/package.zsh'
[14.394s] Level 1:colcon.colcon_core.environment:create_file_with_runtime_dependencies(/home/bbcontact/magician_ros2/install/dobot_visualization_tools/share/colcon-core/packages/dobot_visualization_tools)
[14.484s] Level 1:colcon.colcon_core.shell:create_environment_hook('dobot_vision_yolo', 'pythonpath_develop')
[14.485s] INFO:colcon.colcon_core.shell:Creating environment hook '/home/bbcontact/magician_ros2/build/dobot_vision_yolo/share/dobot_vision_yolo/hook/pythonpath_develop.ps1'
[14.486s] INFO:colcon.colcon_core.shell:Creating environment descriptor '/home/bbcontact/magician_ros2/build/dobot_vision_yolo/share/dobot_vision_yolo/hook/pythonpath_develop.dsv'
[14.492s] DEBUG:colcon.colcon_core.event_handler.log_command:Invoked command in '/home/bbcontact/magician_ros2/build/dobot_vision_yolo' returned '0': DEBUGINFOD_URLS=https://debuginfod.ubuntu.com PYTHONPATH=/home/bbcontact/magician_ros2/build/dobot_vision_yolo/prefix_override:/usr/lib/python3/dist-packages/colcon_core/task/python/colcon_distutils_commands:/home/bbcontact/magician_ros2/install/dobot_vision_yolo/lib/python3.12/site-packages:${PYTHONPATH} /usr/bin/python3 -W ignore:setup.py install is deprecated -W ignore:easy_install command is deprecated setup.py develop --editable --build-directory /home/bbcontact/magician_ros2/build/dobot_vision_yolo/build --no-deps symlink_data
[14.492s] INFO:colcon.colcon_core.shell:Creating environment hook '/home/bbcontact/magician_ros2/build/dobot_vision_yolo/share/dobot_vision_yolo/hook/pythonpath_develop.sh'
[14.494s] Level 1:colcon.colcon_core.environment:checking '/home/bbcontact/magician_ros2/install/dobot_vision_yolo' for CMake module files
[14.500s] Level 1:colcon.colcon_core.environment:checking '/home/bbcontact/magician_ros2/install/dobot_vision_yolo' for CMake config files
[14.505s] Level 1:colcon.colcon_core.environment:checking '/home/bbcontact/magician_ros2/install/dobot_vision_yolo/lib'
[14.505s] Level 1:colcon.colcon_core.environment:checking '/home/bbcontact/magician_ros2/install/dobot_vision_yolo/bin'
[14.505s] Level 1:colcon.colcon_core.environment:checking '/home/bbcontact/magician_ros2/install/dobot_vision_yolo/lib/pkgconfig/dobot_vision_yolo.pc'
[14.506s] Level 1:colcon.colcon_core.environment:checking '/home/bbcontact/magician_ros2/install/dobot_vision_yolo/lib/python3.12/site-packages'
[14.507s] Level 1:colcon.colcon_core.shell:create_environment_hook('dobot_vision_yolo', 'pythonpath')
[14.510s] INFO:colcon.colcon_core.shell:Creating environment hook '/home/bbcontact/magician_ros2/install/dobot_vision_yolo/share/dobot_vision_yolo/hook/pythonpath.ps1'
[14.512s] INFO:colcon.colcon_core.shell:Creating environment descriptor '/home/bbcontact/magician_ros2/install/dobot_vision_yolo/share/dobot_vision_yolo/hook/pythonpath.dsv'
[14.513s] INFO:colcon.colcon_core.shell:Creating environment hook '/home/bbcontact/magician_ros2/install/dobot_vision_yolo/share/dobot_vision_yolo/hook/pythonpath.sh'
[14.516s] Level 1:colcon.colcon_core.environment:checking '/home/bbcontact/magician_ros2/install/dobot_vision_yolo/bin'
[14.516s] Level 1:colcon.colcon_core.environment:create_environment_scripts_only(dobot_vision_yolo)
[14.517s] INFO:colcon.colcon_core.shell:Creating package script '/home/bbcontact/magician_ros2/install/dobot_vision_yolo/share/dobot_vision_yolo/package.ps1'
[14.519s] INFO:colcon.colcon_core.shell:Creating package descriptor '/home/bbcontact/magician_ros2/install/dobot_vision_yolo/share/dobot_vision_yolo/package.dsv'
[14.523s] INFO:colcon.colcon_core.shell:Creating package script '/home/bbcontact/magician_ros2/install/dobot_vision_yolo/share/dobot_vision_yolo/package.sh'
[14.527s] INFO:colcon.colcon_core.shell:Creating package script '/home/bbcontact/magician_ros2/install/dobot_vision_yolo/share/dobot_vision_yolo/package.bash'
[14.532s] INFO:colcon.colcon_core.shell:Creating package script '/home/bbcontact/magician_ros2/install/dobot_vision_yolo/share/dobot_vision_yolo/package.zsh'
[14.533s] Level 1:colcon.colcon_core.environment:create_file_with_runtime_dependencies(/home/bbcontact/magician_ros2/install/dobot_vision_yolo/share/colcon-core/packages/dobot_vision_yolo)
[14.737s] Level 1:colcon.colcon_core.environment:create_environment_scripts_only(dobot_description)
[14.737s] Level 1:colcon.colcon_core.environment:checking '/home/bbcontact/magician_ros2/install/dobot_description' for CMake module files
[14.739s] DEBUG:colcon.colcon_core.event_handler.log_command:Invoked command in '/home/bbcontact/magician_ros2/build/dobot_description' returned '0': CMAKE_PREFIX_PATH=${CMAKE_PREFIX_PATH}:/opt/ros/jazzy DEBUGINFOD_URLS=https://debuginfod.ubuntu.com /usr/bin/cmake --install /home/bbcontact/magician_ros2/build/dobot_description
[14.741s] Level 1:colcon.colcon_core.environment:checking '/home/bbcontact/magician_ros2/install/dobot_description' for CMake config files
[14.745s] Level 1:colcon.colcon_core.shell:create_environment_hook('dobot_description', 'cmake_prefix_path')
[14.746s] INFO:colcon.colcon_core.shell:Creating environment hook '/home/bbcontact/magician_ros2/install/dobot_description/share/dobot_description/hook/cmake_prefix_path.ps1'
[14.747s] INFO:colcon.colcon_core.shell:Creating environment descriptor '/home/bbcontact/magician_ros2/install/dobot_description/share/dobot_description/hook/cmake_prefix_path.dsv'
[14.749s] INFO:colcon.colcon_core.shell:Creating environment hook '/home/bbcontact/magician_ros2/install/dobot_description/share/dobot_description/hook/cmake_prefix_path.sh'
[14.751s] Level 1:colcon.colcon_core.environment:checking '/home/bbcontact/magician_ros2/install/dobot_description/bin'
[14.751s] Level 1:colcon.colcon_core.environment:checking '/home/bbcontact/magician_ros2/install/dobot_description/lib/pkgconfig/dobot_description.pc'
[14.752s] Level 1:colcon.colcon_core.environment:checking '/home/bbcontact/magician_ros2/install/dobot_description/lib/python3.12/site-packages'
[14.754s] Level 1:colcon.colcon_core.environment:checking '/home/bbcontact/magician_ros2/install/dobot_description/bin'
[14.755s] INFO:colcon.colcon_core.shell:Creating package script '/home/bbcontact/magician_ros2/install/dobot_description/share/dobot_description/package.ps1'
[14.758s] INFO:colcon.colcon_core.shell:Creating package descriptor '/home/bbcontact/magician_ros2/install/dobot_description/share/dobot_description/package.dsv'
[14.760s] INFO:colcon.colcon_core.shell:Creating package script '/home/bbcontact/magician_ros2/install/dobot_description/share/dobot_description/package.sh'
[14.761s] INFO:colcon.colcon_core.shell:Creating package script '/home/bbcontact/magician_ros2/install/dobot_description/share/dobot_description/package.bash'
[14.762s] INFO:colcon.colcon_core.shell:Creating package script '/home/bbcontact/magician_ros2/install/dobot_description/share/dobot_description/package.zsh'
[14.763s] Level 1:colcon.colcon_core.environment:create_file_with_runtime_dependencies(/home/bbcontact/magician_ros2/install/dobot_description/share/colcon-core/packages/dobot_description)
[14.765s] Level 1:colcon.colcon_core.environment:create_environment_scripts_only(dobot_description)
[14.766s] Level 1:colcon.colcon_core.environment:checking '/home/bbcontact/magician_ros2/install/dobot_description' for CMake module files
[14.768s] Level 1:colcon.colcon_core.environment:checking '/home/bbcontact/magician_ros2/install/dobot_description' for CMake config files
[14.772s] Level 1:colcon.colcon_core.shell:create_environment_hook('dobot_description', 'cmake_prefix_path')
[14.773s] INFO:colcon.colcon_core.shell:Creating environment hook '/home/bbcontact/magician_ros2/install/dobot_description/share/dobot_description/hook/cmake_prefix_path.ps1'
[14.774s] INFO:colcon.colcon_core.shell:Creating environment descriptor '/home/bbcontact/magician_ros2/install/dobot_description/share/dobot_description/hook/cmake_prefix_path.dsv'
[14.775s] INFO:colcon.colcon_core.shell:Creating environment hook '/home/bbcontact/magician_ros2/install/dobot_description/share/dobot_description/hook/cmake_prefix_path.sh'
[14.777s] Level 1:colcon.colcon_core.environment:checking '/home/bbcontact/magician_ros2/install/dobot_description/bin'
[14.778s] Level 1:colcon.colcon_core.environment:checking '/home/bbcontact/magician_ros2/install/dobot_description/lib/pkgconfig/dobot_description.pc'
[14.779s] Level 1:colcon.colcon_core.environment:checking '/home/bbcontact/magician_ros2/install/dobot_description/lib/python3.12/site-packages'
[14.780s] Level 1:colcon.colcon_core.environment:checking '/home/bbcontact/magician_ros2/install/dobot_description/bin'
[14.781s] INFO:colcon.colcon_core.shell:Creating package script '/home/bbcontact/magician_ros2/install/dobot_description/share/dobot_description/package.ps1'
[14.784s] INFO:colcon.colcon_core.shell:Creating package descriptor '/home/bbcontact/magician_ros2/install/dobot_description/share/dobot_description/package.dsv'
[14.785s] INFO:colcon.colcon_core.shell:Creating package script '/home/bbcontact/magician_ros2/install/dobot_description/share/dobot_description/package.sh'
[14.787s] INFO:colcon.colcon_core.shell:Creating package script '/home/bbcontact/magician_ros2/install/dobot_description/share/dobot_description/package.bash'
[14.789s] INFO:colcon.colcon_core.shell:Creating package script '/home/bbcontact/magician_ros2/install/dobot_description/share/dobot_description/package.zsh'
[14.790s] Level 1:colcon.colcon_core.environment:create_file_with_runtime_dependencies(/home/bbcontact/magician_ros2/install/dobot_description/share/colcon-core/packages/dobot_description)
[16.109s] DEBUG:colcon.colcon_core.task.python.build:Available setuptools 'develop' options: --upgrade, --record, --local-snapshots-ok, --zip-ok, --prefix, --no-deps, --force-installation-into-system-dir, --exclude-scripts, --dry-run, --allow-hosts, --find-links, --editable, --site-dirs, --install-dir, --install-layout, --always-copy, --no-user-cfg, --uninstall, --version, --always-unzip, --index-url, --optimize, --script-dir, --no-find-links, --egg-path, --help, --user, --verbose, --multi-version, --build-directory, --quiet
[16.116s] DEBUG:colcon.colcon_core.event_handler.log_command:Invoking command in '/home/bbcontact/magician_ros2/build/dobot_control_panel': AMENT_PREFIX_PATH=/home/bbcontact/magician_ros2/install/dobot_driver:${AMENT_PREFIX_PATH} CMAKE_PREFIX_PATH=/home/bbcontact/magician_ros2/install/dobot_driver:${CMAKE_PREFIX_PATH} DEBUGINFOD_URLS=https://debuginfod.ubuntu.com PYTHONPATH=/home/bbcontact/magician_ros2/build/dobot_control_panel/prefix_override:/usr/lib/python3/dist-packages/colcon_core/task/python/colcon_distutils_commands:/home/bbcontact/magician_ros2/install/dobot_control_panel/lib/python3.12/site-packages:/home/bbcontact/magician_ros2/install/dobot_driver/lib/python3.12/site-packages:${PYTHONPATH} /usr/bin/python3 -W ignore:setup.py install is deprecated -W ignore:easy_install command is deprecated setup.py develop --editable --build-directory /home/bbcontact/magician_ros2/build/dobot_control_panel/build --no-deps symlink_data
[17.367s] DEBUG:colcon.colcon_core.event_handler.log_command:Invoked command in '/home/bbcontact/magician_ros2/build/dobot_msgs' returned '0': CMAKE_PREFIX_PATH=${CMAKE_PREFIX_PATH}:/opt/ros/jazzy DEBUGINFOD_URLS=https://debuginfod.ubuntu.com /usr/bin/cmake /home/bbcontact/magician_ros2/src/magician_ros2/dobot_msgs -DAMENT_CMAKE_SYMLINK_INSTALL=1 -DCMAKE_INSTALL_PREFIX=/home/bbcontact/magician_ros2/install/dobot_msgs
[17.368s] DEBUG:colcon.colcon_core.event_handler.log_command:Invoking command in '/home/bbcontact/magician_ros2/build/dobot_msgs': CMAKE_PREFIX_PATH=${CMAKE_PREFIX_PATH}:/opt/ros/jazzy DEBUGINFOD_URLS=https://debuginfod.ubuntu.com /usr/bin/cmake --build /home/bbcontact/magician_ros2/build/dobot_msgs -- -j8 -l8
[18.730s] DEBUG:colcon.colcon_core.event_handler.log_command:Invoked command in '/home/bbcontact/magician_ros2/build/orbbec_camera_msgs' returned '0': CMAKE_PREFIX_PATH=${CMAKE_PREFIX_PATH}:/opt/ros/jazzy DEBUGINFOD_URLS=https://debuginfod.ubuntu.com /usr/bin/cmake /home/bbcontact/magician_ros2/src/OrbbecSDK_ROS2/orbbec_camera_msgs -DAMENT_CMAKE_SYMLINK_INSTALL=1 -DCMAKE_INSTALL_PREFIX=/home/bbcontact/magician_ros2/install/orbbec_camera_msgs
[18.734s] DEBUG:colcon.colcon_core.event_handler.log_command:Invoking command in '/home/bbcontact/magician_ros2/build/orbbec_camera_msgs': CMAKE_PREFIX_PATH=${CMAKE_PREFIX_PATH}:/opt/ros/jazzy DEBUGINFOD_URLS=https://debuginfod.ubuntu.com /usr/bin/cmake --build /home/bbcontact/magician_ros2/build/orbbec_camera_msgs -- -j8 -l8
[20.054s] Level 1:colcon.colcon_core.shell:create_environment_hook('dobot_control_panel', 'pythonpath_develop')
[20.055s] INFO:colcon.colcon_core.shell:Creating environment hook '/home/bbcontact/magician_ros2/build/dobot_control_panel/share/dobot_control_panel/hook/pythonpath_develop.ps1'
[20.057s] DEBUG:colcon.colcon_core.event_handler.log_command:Invoked command in '/home/bbcontact/magician_ros2/build/dobot_control_panel' returned '0': AMENT_PREFIX_PATH=/home/bbcontact/magician_ros2/install/dobot_driver:${AMENT_PREFIX_PATH} CMAKE_PREFIX_PATH=/home/bbcontact/magician_ros2/install/dobot_driver:${CMAKE_PREFIX_PATH} DEBUGINFOD_URLS=https://debuginfod.ubuntu.com PYTHONPATH=/home/bbcontact/magician_ros2/build/dobot_control_panel/prefix_override:/usr/lib/python3/dist-packages/colcon_core/task/python/colcon_distutils_commands:/home/bbcontact/magician_ros2/install/dobot_control_panel/lib/python3.12/site-packages:/home/bbcontact/magician_ros2/install/dobot_driver/lib/python3.12/site-packages:${PYTHONPATH} /usr/bin/python3 -W ignore:setup.py install is deprecated -W ignore:easy_install command is deprecated setup.py develop --editable --build-directory /home/bbcontact/magician_ros2/build/dobot_control_panel/build --no-deps symlink_data
[20.057s] INFO:colcon.colcon_core.shell:Creating environment descriptor '/home/bbcontact/magician_ros2/build/dobot_control_panel/share/dobot_control_panel/hook/pythonpath_develop.dsv'
[20.058s] INFO:colcon.colcon_core.shell:Creating environment hook '/home/bbcontact/magician_ros2/build/dobot_control_panel/share/dobot_control_panel/hook/pythonpath_develop.sh'
[20.060s] Level 1:colcon.colcon_core.environment:checking '/home/bbcontact/magician_ros2/install/dobot_control_panel' for CMake module files
[20.062s] Level 1:colcon.colcon_core.environment:checking '/home/bbcontact/magician_ros2/install/dobot_control_panel' for CMake config files
[20.064s] Level 1:colcon.colcon_core.environment:checking '/home/bbcontact/magician_ros2/install/dobot_control_panel/lib'
[20.064s] Level 1:colcon.colcon_core.environment:checking '/home/bbcontact/magician_ros2/install/dobot_control_panel/bin'
[20.064s] Level 1:colcon.colcon_core.environment:checking '/home/bbcontact/magician_ros2/install/dobot_control_panel/lib/pkgconfig/dobot_control_panel.pc'
[20.065s] Level 1:colcon.colcon_core.environment:checking '/home/bbcontact/magician_ros2/install/dobot_control_panel/lib/python3.12/site-packages'
[20.065s] Level 1:colcon.colcon_core.shell:create_environment_hook('dobot_control_panel', 'pythonpath')
[20.066s] INFO:colcon.colcon_core.shell:Creating environment hook '/home/bbcontact/magician_ros2/install/dobot_control_panel/share/dobot_control_panel/hook/pythonpath.ps1'
[20.068s] INFO:colcon.colcon_core.shell:Creating environment descriptor '/home/bbcontact/magician_ros2/install/dobot_control_panel/share/dobot_control_panel/hook/pythonpath.dsv'
[20.068s] INFO:colcon.colcon_core.shell:Creating environment hook '/home/bbcontact/magician_ros2/install/dobot_control_panel/share/dobot_control_panel/hook/pythonpath.sh'
[20.071s] Level 1:colcon.colcon_core.environment:checking '/home/bbcontact/magician_ros2/install/dobot_control_panel/bin'
[20.072s] Level 1:colcon.colcon_core.environment:create_environment_scripts_only(dobot_control_panel)
[20.073s] INFO:colcon.colcon_core.shell:Creating package script '/home/bbcontact/magician_ros2/install/dobot_control_panel/share/dobot_control_panel/package.ps1'
[20.075s] INFO:colcon.colcon_core.shell:Creating package descriptor '/home/bbcontact/magician_ros2/install/dobot_control_panel/share/dobot_control_panel/package.dsv'
[20.076s] INFO:colcon.colcon_core.shell:Creating package script '/home/bbcontact/magician_ros2/install/dobot_control_panel/share/dobot_control_panel/package.sh'
[20.077s] INFO:colcon.colcon_core.shell:Creating package script '/home/bbcontact/magician_ros2/install/dobot_control_panel/share/dobot_control_panel/package.bash'
[20.078s] INFO:colcon.colcon_core.shell:Creating package script '/home/bbcontact/magician_ros2/install/dobot_control_panel/share/dobot_control_panel/package.zsh'
[20.079s] Level 1:colcon.colcon_core.environment:create_file_with_runtime_dependencies(/home/bbcontact/magician_ros2/install/dobot_control_panel/share/colcon-core/packages/dobot_control_panel)
[90.870s] DEBUG:colcon.colcon_core.event_handler.log_command:Invoked command in '/home/bbcontact/magician_ros2/build/dobot_msgs' returned '0': CMAKE_PREFIX_PATH=${CMAKE_PREFIX_PATH}:/opt/ros/jazzy DEBUGINFOD_URLS=https://debuginfod.ubuntu.com /usr/bin/cmake --build /home/bbcontact/magician_ros2/build/dobot_msgs -- -j8 -l8
[90.873s] DEBUG:colcon.colcon_core.event_handler.log_command:Invoking command in '/home/bbcontact/magician_ros2/build/dobot_msgs': CMAKE_PREFIX_PATH=${CMAKE_PREFIX_PATH}:/opt/ros/jazzy DEBUGINFOD_URLS=https://debuginfod.ubuntu.com /usr/bin/cmake --install /home/bbcontact/magician_ros2/build/dobot_msgs
[93.219s] DEBUG:colcon.colcon_core.event_handler.log_command:Invoked command in '/home/bbcontact/magician_ros2/build/orbbec_camera_msgs' returned '0': CMAKE_PREFIX_PATH=${CMAKE_PREFIX_PATH}:/opt/ros/jazzy DEBUGINFOD_URLS=https://debuginfod.ubuntu.com /usr/bin/cmake --build /home/bbcontact/magician_ros2/build/orbbec_camera_msgs -- -j8 -l8
[93.223s] DEBUG:colcon.colcon_core.event_handler.log_command:Invoking command in '/home/bbcontact/magician_ros2/build/orbbec_camera_msgs': CMAKE_PREFIX_PATH=${CMAKE_PREFIX_PATH}:/opt/ros/jazzy DEBUGINFOD_URLS=https://debuginfod.ubuntu.com /usr/bin/cmake --install /home/bbcontact/magician_ros2/build/orbbec_camera_msgs
[95.638s] Level 1:colcon.colcon_core.environment:create_environment_scripts_only(dobot_msgs)
[95.638s] Level 1:colcon.colcon_core.environment:checking '/home/bbcontact/magician_ros2/install/dobot_msgs' for CMake module files
[95.640s] DEBUG:colcon.colcon_core.event_handler.log_command:Invoked command in '/home/bbcontact/magician_ros2/build/dobot_msgs' returned '0': CMAKE_PREFIX_PATH=${CMAKE_PREFIX_PATH}:/opt/ros/jazzy DEBUGINFOD_URLS=https://debuginfod.ubuntu.com /usr/bin/cmake --install /home/bbcontact/magician_ros2/build/dobot_msgs
[95.642s] Level 1:colcon.colcon_core.environment:checking '/home/bbcontact/magician_ros2/install/dobot_msgs' for CMake config files
[95.644s] Level 1:colcon.colcon_core.shell:create_environment_hook('dobot_msgs', 'cmake_prefix_path')
[95.645s] INFO:colcon.colcon_core.shell:Creating environment hook '/home/bbcontact/magician_ros2/install/dobot_msgs/share/dobot_msgs/hook/cmake_prefix_path.ps1'
[95.646s] INFO:colcon.colcon_core.shell:Creating environment descriptor '/home/bbcontact/magician_ros2/install/dobot_msgs/share/dobot_msgs/hook/cmake_prefix_path.dsv'
[95.647s] INFO:colcon.colcon_core.shell:Creating environment hook '/home/bbcontact/magician_ros2/install/dobot_msgs/share/dobot_msgs/hook/cmake_prefix_path.sh'
[95.648s] Level 1:colcon.colcon_core.environment:checking '/home/bbcontact/magician_ros2/install/dobot_msgs/lib'
[95.649s] Level 1:colcon.colcon_core.shell:create_environment_hook('dobot_msgs', 'ld_library_path_lib')
[95.649s] INFO:colcon.colcon_core.shell:Creating environment hook '/home/bbcontact/magician_ros2/install/dobot_msgs/share/dobot_msgs/hook/ld_library_path_lib.ps1'
[95.650s] INFO:colcon.colcon_core.shell:Creating environment descriptor '/home/bbcontact/magician_ros2/install/dobot_msgs/share/dobot_msgs/hook/ld_library_path_lib.dsv'
[95.651s] INFO:colcon.colcon_core.shell:Creating environment hook '/home/bbcontact/magician_ros2/install/dobot_msgs/share/dobot_msgs/hook/ld_library_path_lib.sh'
[95.652s] Level 1:colcon.colcon_core.environment:checking '/home/bbcontact/magician_ros2/install/dobot_msgs/bin'
[95.652s] Level 1:colcon.colcon_core.environment:checking '/home/bbcontact/magician_ros2/install/dobot_msgs/lib/pkgconfig/dobot_msgs.pc'
[95.652s] Level 1:colcon.colcon_core.environment:checking '/home/bbcontact/magician_ros2/install/dobot_msgs/lib/python3.12/site-packages'
[95.653s] Level 1:colcon.colcon_core.shell:create_environment_hook('dobot_msgs', 'pythonpath')
[95.653s] INFO:colcon.colcon_core.shell:Creating environment hook '/home/bbcontact/magician_ros2/install/dobot_msgs/share/dobot_msgs/hook/pythonpath.ps1'
[95.654s] INFO:colcon.colcon_core.shell:Creating environment descriptor '/home/bbcontact/magician_ros2/install/dobot_msgs/share/dobot_msgs/hook/pythonpath.dsv'
[95.654s] INFO:colcon.colcon_core.shell:Creating environment hook '/home/bbcontact/magician_ros2/install/dobot_msgs/share/dobot_msgs/hook/pythonpath.sh'
[95.656s] Level 1:colcon.colcon_core.environment:checking '/home/bbcontact/magician_ros2/install/dobot_msgs/bin'
[95.656s] INFO:colcon.colcon_core.shell:Creating package script '/home/bbcontact/magician_ros2/install/dobot_msgs/share/dobot_msgs/package.ps1'
[95.657s] INFO:colcon.colcon_core.shell:Creating package descriptor '/home/bbcontact/magician_ros2/install/dobot_msgs/share/dobot_msgs/package.dsv'
[95.658s] INFO:colcon.colcon_core.shell:Creating package script '/home/bbcontact/magician_ros2/install/dobot_msgs/share/dobot_msgs/package.sh'
[95.659s] INFO:colcon.colcon_core.shell:Creating package script '/home/bbcontact/magician_ros2/install/dobot_msgs/share/dobot_msgs/package.bash'
[95.660s] INFO:colcon.colcon_core.shell:Creating package script '/home/bbcontact/magician_ros2/install/dobot_msgs/share/dobot_msgs/package.zsh'
[95.660s] Level 1:colcon.colcon_core.environment:create_file_with_runtime_dependencies(/home/bbcontact/magician_ros2/install/dobot_msgs/share/colcon-core/packages/dobot_msgs)
[95.661s] Level 1:colcon.colcon_core.environment:create_environment_scripts_only(dobot_msgs)
[95.662s] Level 1:colcon.colcon_core.environment:checking '/home/bbcontact/magician_ros2/install/dobot_msgs' for CMake module files
[95.663s] Level 1:colcon.colcon_core.environment:checking '/home/bbcontact/magician_ros2/install/dobot_msgs' for CMake config files
[95.664s] Level 1:colcon.colcon_core.shell:create_environment_hook('dobot_msgs', 'cmake_prefix_path')
[95.664s] INFO:colcon.colcon_core.shell:Creating environment hook '/home/bbcontact/magician_ros2/install/dobot_msgs/share/dobot_msgs/hook/cmake_prefix_path.ps1'
[95.665s] INFO:colcon.colcon_core.shell:Creating environment descriptor '/home/bbcontact/magician_ros2/install/dobot_msgs/share/dobot_msgs/hook/cmake_prefix_path.dsv'
[95.666s] INFO:colcon.colcon_core.shell:Creating environment hook '/home/bbcontact/magician_ros2/install/dobot_msgs/share/dobot_msgs/hook/cmake_prefix_path.sh'
[95.667s] Level 1:colcon.colcon_core.environment:checking '/home/bbcontact/magician_ros2/install/dobot_msgs/lib'
[95.667s] Level 1:colcon.colcon_core.shell:create_environment_hook('dobot_msgs', 'ld_library_path_lib')
[95.668s] INFO:colcon.colcon_core.shell:Creating environment hook '/home/bbcontact/magician_ros2/install/dobot_msgs/share/dobot_msgs/hook/ld_library_path_lib.ps1'
[95.669s] INFO:colcon.colcon_core.shell:Creating environment descriptor '/home/bbcontact/magician_ros2/install/dobot_msgs/share/dobot_msgs/hook/ld_library_path_lib.dsv'
[95.669s] INFO:colcon.colcon_core.shell:Creating environment hook '/home/bbcontact/magician_ros2/install/dobot_msgs/share/dobot_msgs/hook/ld_library_path_lib.sh'
[95.670s] Level 1:colcon.colcon_core.environment:checking '/home/bbcontact/magician_ros2/install/dobot_msgs/bin'
[95.670s] Level 1:colcon.colcon_core.environment:checking '/home/bbcontact/magician_ros2/install/dobot_msgs/lib/pkgconfig/dobot_msgs.pc'
[95.671s] Level 1:colcon.colcon_core.environment:checking '/home/bbcontact/magician_ros2/install/dobot_msgs/lib/python3.12/site-packages'
[95.671s] Level 1:colcon.colcon_core.shell:create_environment_hook('dobot_msgs', 'pythonpath')
[95.671s] INFO:colcon.colcon_core.shell:Creating environment hook '/home/bbcontact/magician_ros2/install/dobot_msgs/share/dobot_msgs/hook/pythonpath.ps1'
[95.672s] INFO:colcon.colcon_core.shell:Creating environment descriptor '/home/bbcontact/magician_ros2/install/dobot_msgs/share/dobot_msgs/hook/pythonpath.dsv'
[95.673s] INFO:colcon.colcon_core.shell:Creating environment hook '/home/bbcontact/magician_ros2/install/dobot_msgs/share/dobot_msgs/hook/pythonpath.sh'
[95.674s] Level 1:colcon.colcon_core.environment:checking '/home/bbcontact/magician_ros2/install/dobot_msgs/bin'
[95.674s] INFO:colcon.colcon_core.shell:Creating package script '/home/bbcontact/magician_ros2/install/dobot_msgs/share/dobot_msgs/package.ps1'
[95.676s] INFO:colcon.colcon_core.shell:Creating package descriptor '/home/bbcontact/magician_ros2/install/dobot_msgs/share/dobot_msgs/package.dsv'
[95.677s] INFO:colcon.colcon_core.shell:Creating package script '/home/bbcontact/magician_ros2/install/dobot_msgs/share/dobot_msgs/package.sh'
[95.678s] INFO:colcon.colcon_core.shell:Creating package script '/home/bbcontact/magician_ros2/install/dobot_msgs/share/dobot_msgs/package.bash'
[95.679s] INFO:colcon.colcon_core.shell:Creating package script '/home/bbcontact/magician_ros2/install/dobot_msgs/share/dobot_msgs/package.zsh'
[95.679s] Level 1:colcon.colcon_core.environment:create_file_with_runtime_dependencies(/home/bbcontact/magician_ros2/install/dobot_msgs/share/colcon-core/packages/dobot_msgs)
[95.680s] INFO:colcon.colcon_ros.task.ament_python.build:Building ROS package in '/home/bbcontact/magician_ros2/src/magician_ros2/dobot_diagnostics' with build type 'ament_python'
[95.680s] Level 1:colcon.colcon_core.shell:create_environment_hook('dobot_diagnostics', 'ament_prefix_path')
[95.681s] INFO:colcon.colcon_core.shell:Creating environment hook '/home/bbcontact/magician_ros2/install/dobot_diagnostics/share/dobot_diagnostics/hook/ament_prefix_path.ps1'
[95.683s] INFO:colcon.colcon_core.shell:Creating environment descriptor '/home/bbcontact/magician_ros2/install/dobot_diagnostics/share/dobot_diagnostics/hook/ament_prefix_path.dsv'
[95.683s] INFO:colcon.colcon_core.shell:Creating environment hook '/home/bbcontact/magician_ros2/install/dobot_diagnostics/share/dobot_diagnostics/hook/ament_prefix_path.sh'
[95.684s] INFO:colcon.colcon_core.shell:Skip shell extension 'powershell' for command environment: Not usable outside of PowerShell
[95.684s] DEBUG:colcon.colcon_core.shell:Skip shell extension 'dsv' for command environment
[95.691s] INFO:colcon.colcon_ros.task.ament_python.build:Building ROS package in '/home/bbcontact/magician_ros2/src/magician_ros2/dobot_end_effector' with build type 'ament_python'
[95.692s] Level 1:colcon.colcon_core.shell:create_environment_hook('dobot_end_effector', 'ament_prefix_path')
[95.692s] INFO:colcon.colcon_core.shell:Creating environment hook '/home/bbcontact/magician_ros2/install/dobot_end_effector/share/dobot_end_effector/hook/ament_prefix_path.ps1'
[95.693s] INFO:colcon.colcon_core.shell:Creating environment descriptor '/home/bbcontact/magician_ros2/install/dobot_end_effector/share/dobot_end_effector/hook/ament_prefix_path.dsv'
[95.694s] INFO:colcon.colcon_core.shell:Creating environment hook '/home/bbcontact/magician_ros2/install/dobot_end_effector/share/dobot_end_effector/hook/ament_prefix_path.sh'
[95.695s] INFO:colcon.colcon_core.shell:Skip shell extension 'powershell' for command environment: Not usable outside of PowerShell
[95.695s] DEBUG:colcon.colcon_core.shell:Skip shell extension 'dsv' for command environment
[95.703s] INFO:colcon.colcon_ros.task.ament_python.build:Building ROS package in '/home/bbcontact/magician_ros2/src/magician_ros2/dobot_homing' with build type 'ament_python'
[95.703s] Level 1:colcon.colcon_core.shell:create_environment_hook('dobot_homing', 'ament_prefix_path')
[95.704s] INFO:colcon.colcon_core.shell:Creating environment hook '/home/bbcontact/magician_ros2/install/dobot_homing/share/dobot_homing/hook/ament_prefix_path.ps1'
[95.706s] INFO:colcon.colcon_core.shell:Creating environment descriptor '/home/bbcontact/magician_ros2/install/dobot_homing/share/dobot_homing/hook/ament_prefix_path.dsv'
[95.707s] INFO:colcon.colcon_core.shell:Creating environment hook '/home/bbcontact/magician_ros2/install/dobot_homing/share/dobot_homing/hook/ament_prefix_path.sh'
[95.708s] INFO:colcon.colcon_core.shell:Skip shell extension 'powershell' for command environment: Not usable outside of PowerShell
[95.708s] DEBUG:colcon.colcon_core.shell:Skip shell extension 'dsv' for command environment
[95.714s] INFO:colcon.colcon_ros.task.ament_python.build:Building ROS package in '/home/bbcontact/magician_ros2/src/magician_ros2/dobot_kinematics' with build type 'ament_python'
[95.715s] Level 1:colcon.colcon_core.shell:create_environment_hook('dobot_kinematics', 'ament_prefix_path')
[95.715s] INFO:colcon.colcon_core.shell:Creating environment hook '/home/bbcontact/magician_ros2/install/dobot_kinematics/share/dobot_kinematics/hook/ament_prefix_path.ps1'
[95.716s] INFO:colcon.colcon_core.shell:Creating environment descriptor '/home/bbcontact/magician_ros2/install/dobot_kinematics/share/dobot_kinematics/hook/ament_prefix_path.dsv'
[95.717s] INFO:colcon.colcon_core.shell:Creating environment hook '/home/bbcontact/magician_ros2/install/dobot_kinematics/share/dobot_kinematics/hook/ament_prefix_path.sh'
[95.718s] INFO:colcon.colcon_core.shell:Skip shell extension 'powershell' for command environment: Not usable outside of PowerShell
[95.718s] DEBUG:colcon.colcon_core.shell:Skip shell extension 'dsv' for command environment
[95.725s] INFO:colcon.colcon_ros.task.ament_python.build:Building ROS package in '/home/bbcontact/magician_ros2/src/magician_ros2/dobot_motion' with build type 'ament_python'
[95.725s] Level 1:colcon.colcon_core.shell:create_environment_hook('dobot_motion', 'ament_prefix_path')
[95.726s] INFO:colcon.colcon_core.shell:Creating environment hook '/home/bbcontact/magician_ros2/install/dobot_motion/share/dobot_motion/hook/ament_prefix_path.ps1'
[95.728s] INFO:colcon.colcon_core.shell:Creating environment descriptor '/home/bbcontact/magician_ros2/install/dobot_motion/share/dobot_motion/hook/ament_prefix_path.dsv'
[95.728s] INFO:colcon.colcon_core.shell:Creating environment hook '/home/bbcontact/magician_ros2/install/dobot_motion/share/dobot_motion/hook/ament_prefix_path.sh'
[95.729s] INFO:colcon.colcon_core.shell:Skip shell extension 'powershell' for command environment: Not usable outside of PowerShell
[95.729s] DEBUG:colcon.colcon_core.shell:Skip shell extension 'dsv' for command environment
[95.738s] INFO:colcon.colcon_ros.task.ament_python.build:Building ROS package in '/home/bbcontact/magician_ros2/src/magician_ros2/dobot_state_updater' with build type 'ament_python'
[95.739s] Level 1:colcon.colcon_core.shell:create_environment_hook('dobot_state_updater', 'ament_prefix_path')
[95.739s] INFO:colcon.colcon_core.shell:Creating environment hook '/home/bbcontact/magician_ros2/install/dobot_state_updater/share/dobot_state_updater/hook/ament_prefix_path.ps1'
[95.741s] INFO:colcon.colcon_core.shell:Creating environment descriptor '/home/bbcontact/magician_ros2/install/dobot_state_updater/share/dobot_state_updater/hook/ament_prefix_path.dsv'
[95.742s] INFO:colcon.colcon_core.shell:Creating environment hook '/home/bbcontact/magician_ros2/install/dobot_state_updater/share/dobot_state_updater/hook/ament_prefix_path.sh'
[95.743s] INFO:colcon.colcon_core.shell:Skip shell extension 'powershell' for command environment: Not usable outside of PowerShell
[95.744s] DEBUG:colcon.colcon_core.shell:Skip shell extension 'dsv' for command environment
[95.752s] INFO:colcon.colcon_ros.task.ament_python.build:Building ROS package in '/home/bbcontact/magician_ros2/src/magician_ros2/dobot_calibration' with build type 'ament_python'
[95.753s] Level 1:colcon.colcon_core.shell:create_environment_hook('dobot_calibration', 'ament_prefix_path')
[95.753s] INFO:colcon.colcon_core.shell:Creating environment hook '/home/bbcontact/magician_ros2/install/dobot_calibration/share/dobot_calibration/hook/ament_prefix_path.ps1'
[95.754s] INFO:colcon.colcon_core.shell:Creating environment descriptor '/home/bbcontact/magician_ros2/install/dobot_calibration/share/dobot_calibration/hook/ament_prefix_path.dsv'
[95.755s] INFO:colcon.colcon_core.shell:Creating environment hook '/home/bbcontact/magician_ros2/install/dobot_calibration/share/dobot_calibration/hook/ament_prefix_path.sh'
[95.756s] INFO:colcon.colcon_core.shell:Skip shell extension 'powershell' for command environment: Not usable outside of PowerShell
[95.756s] DEBUG:colcon.colcon_core.shell:Skip shell extension 'dsv' for command environment
[96.391s] INFO:colcon.colcon_core.task.python.build:Building Python package in '/home/bbcontact/magician_ros2/src/magician_ros2/dobot_diagnostics'
[96.391s] INFO:colcon.colcon_core.shell:Skip shell extension 'powershell' for command environment: Not usable outside of PowerShell
[96.391s] DEBUG:colcon.colcon_core.shell:Skip shell extension 'dsv' for command environment
[97.024s] INFO:colcon.colcon_core.task.python.build:Building Python package in '/home/bbcontact/magician_ros2/src/magician_ros2/dobot_end_effector'
[97.024s] INFO:colcon.colcon_core.shell:Skip shell extension 'powershell' for command environment: Not usable outside of PowerShell
[97.024s] DEBUG:colcon.colcon_core.shell:Skip shell extension 'dsv' for command environment
[97.671s] INFO:colcon.colcon_core.task.python.build:Building Python package in '/home/bbcontact/magician_ros2/src/magician_ros2/dobot_homing'
[97.672s] INFO:colcon.colcon_core.shell:Skip shell extension 'powershell' for command environment: Not usable outside of PowerShell
[97.672s] DEBUG:colcon.colcon_core.shell:Skip shell extension 'dsv' for command environment
[98.301s] INFO:colcon.colcon_core.task.python.build:Building Python package in '/home/bbcontact/magician_ros2/src/magician_ros2/dobot_kinematics'
[98.301s] INFO:colcon.colcon_core.shell:Skip shell extension 'powershell' for command environment: Not usable outside of PowerShell
[98.301s] DEBUG:colcon.colcon_core.shell:Skip shell extension 'dsv' for command environment
[98.931s] INFO:colcon.colcon_core.task.python.build:Building Python package in '/home/bbcontact/magician_ros2/src/magician_ros2/dobot_motion'
[98.931s] INFO:colcon.colcon_core.shell:Skip shell extension 'powershell' for command environment: Not usable outside of PowerShell
[98.931s] DEBUG:colcon.colcon_core.shell:Skip shell extension 'dsv' for command environment
[99.534s] INFO:colcon.colcon_core.task.python.build:Building Python package in '/home/bbcontact/magician_ros2/src/magician_ros2/dobot_state_updater'
[99.535s] INFO:colcon.colcon_core.shell:Skip shell extension 'powershell' for command environment: Not usable outside of PowerShell
[99.535s] DEBUG:colcon.colcon_core.shell:Skip shell extension 'dsv' for command environment
[100.117s] INFO:colcon.colcon_core.task.python.build:Building Python package in '/home/bbcontact/magician_ros2/src/magician_ros2/dobot_calibration'
[100.117s] INFO:colcon.colcon_core.shell:Skip shell extension 'powershell' for command environment: Not usable outside of PowerShell
[100.117s] DEBUG:colcon.colcon_core.shell:Skip shell extension 'dsv' for command environment
[100.123s] Level 1:colcon.colcon_core.environment:create_environment_scripts_only(orbbec_camera_msgs)
[100.123s] Level 1:colcon.colcon_core.environment:checking '/home/bbcontact/magician_ros2/install/orbbec_camera_msgs' for CMake module files
[100.124s] DEBUG:colcon.colcon_core.event_handler.log_command:Invoked command in '/home/bbcontact/magician_ros2/build/orbbec_camera_msgs' returned '0': CMAKE_PREFIX_PATH=${CMAKE_PREFIX_PATH}:/opt/ros/jazzy DEBUGINFOD_URLS=https://debuginfod.ubuntu.com /usr/bin/cmake --install /home/bbcontact/magician_ros2/build/orbbec_camera_msgs
[100.125s] Level 1:colcon.colcon_core.environment:checking '/home/bbcontact/magician_ros2/install/orbbec_camera_msgs' for CMake config files
[100.127s] Level 1:colcon.colcon_core.shell:create_environment_hook('orbbec_camera_msgs', 'cmake_prefix_path')
[100.127s] INFO:colcon.colcon_core.shell:Creating environment hook '/home/bbcontact/magician_ros2/install/orbbec_camera_msgs/share/orbbec_camera_msgs/hook/cmake_prefix_path.ps1'
[100.128s] INFO:colcon.colcon_core.shell:Creating environment descriptor '/home/bbcontact/magician_ros2/install/orbbec_camera_msgs/share/orbbec_camera_msgs/hook/cmake_prefix_path.dsv'
[100.128s] INFO:colcon.colcon_core.shell:Creating environment hook '/home/bbcontact/magician_ros2/install/orbbec_camera_msgs/share/orbbec_camera_msgs/hook/cmake_prefix_path.sh'
[100.129s] Level 1:colcon.colcon_core.environment:checking '/home/bbcontact/magician_ros2/install/orbbec_camera_msgs/lib'
[100.130s] Level 1:colcon.colcon_core.shell:create_environment_hook('orbbec_camera_msgs', 'ld_library_path_lib')
[100.130s] INFO:colcon.colcon_core.shell:Creating environment hook '/home/bbcontact/magician_ros2/install/orbbec_camera_msgs/share/orbbec_camera_msgs/hook/ld_library_path_lib.ps1'
[100.131s] INFO:colcon.colcon_core.shell:Creating environment descriptor '/home/bbcontact/magician_ros2/install/orbbec_camera_msgs/share/orbbec_camera_msgs/hook/ld_library_path_lib.dsv'
[100.132s] INFO:colcon.colcon_core.shell:Creating environment hook '/home/bbcontact/magician_ros2/install/orbbec_camera_msgs/share/orbbec_camera_msgs/hook/ld_library_path_lib.sh'
[100.132s] Level 1:colcon.colcon_core.environment:checking '/home/bbcontact/magician_ros2/install/orbbec_camera_msgs/bin'
[100.133s] Level 1:colcon.colcon_core.environment:checking '/home/bbcontact/magician_ros2/install/orbbec_camera_msgs/lib/pkgconfig/orbbec_camera_msgs.pc'
[100.133s] Level 1:colcon.colcon_core.environment:checking '/home/bbcontact/magician_ros2/install/orbbec_camera_msgs/lib/python3.12/site-packages'
[100.134s] Level 1:colcon.colcon_core.shell:create_environment_hook('orbbec_camera_msgs', 'pythonpath')
[100.134s] INFO:colcon.colcon_core.shell:Creating environment hook '/home/bbcontact/magician_ros2/install/orbbec_camera_msgs/share/orbbec_camera_msgs/hook/pythonpath.ps1'
[100.135s] INFO:colcon.colcon_core.shell:Creating environment descriptor '/home/bbcontact/magician_ros2/install/orbbec_camera_msgs/share/orbbec_camera_msgs/hook/pythonpath.dsv'
[100.135s] INFO:colcon.colcon_core.shell:Creating environment hook '/home/bbcontact/magician_ros2/install/orbbec_camera_msgs/share/orbbec_camera_msgs/hook/pythonpath.sh'
[100.136s] Level 1:colcon.colcon_core.environment:checking '/home/bbcontact/magician_ros2/install/orbbec_camera_msgs/bin'
[100.137s] INFO:colcon.colcon_core.shell:Creating package script '/home/bbcontact/magician_ros2/install/orbbec_camera_msgs/share/orbbec_camera_msgs/package.ps1'
[100.138s] INFO:colcon.colcon_core.shell:Creating package descriptor '/home/bbcontact/magician_ros2/install/orbbec_camera_msgs/share/orbbec_camera_msgs/package.dsv'
[100.139s] INFO:colcon.colcon_core.shell:Creating package script '/home/bbcontact/magician_ros2/install/orbbec_camera_msgs/share/orbbec_camera_msgs/package.sh'
[100.140s] INFO:colcon.colcon_core.shell:Creating package script '/home/bbcontact/magician_ros2/install/orbbec_camera_msgs/share/orbbec_camera_msgs/package.bash'
[100.141s] INFO:colcon.colcon_core.shell:Creating package script '/home/bbcontact/magician_ros2/install/orbbec_camera_msgs/share/orbbec_camera_msgs/package.zsh'
[100.142s] Level 1:colcon.colcon_core.environment:create_file_with_runtime_dependencies(/home/bbcontact/magician_ros2/install/orbbec_camera_msgs/share/colcon-core/packages/orbbec_camera_msgs)
[100.143s] Level 1:colcon.colcon_core.environment:create_environment_scripts_only(orbbec_camera_msgs)
[100.143s] Level 1:colcon.colcon_core.environment:checking '/home/bbcontact/magician_ros2/install/orbbec_camera_msgs' for CMake module files
[100.144s] Level 1:colcon.colcon_core.environment:checking '/home/bbcontact/magician_ros2/install/orbbec_camera_msgs' for CMake config files
[100.145s] Level 1:colcon.colcon_core.shell:create_environment_hook('orbbec_camera_msgs', 'cmake_prefix_path')
[100.145s] INFO:colcon.colcon_core.shell:Creating environment hook '/home/bbcontact/magician_ros2/install/orbbec_camera_msgs/share/orbbec_camera_msgs/hook/cmake_prefix_path.ps1'
[100.146s] INFO:colcon.colcon_core.shell:Creating environment descriptor '/home/bbcontact/magician_ros2/install/orbbec_camera_msgs/share/orbbec_camera_msgs/hook/cmake_prefix_path.dsv'
[100.147s] INFO:colcon.colcon_core.shell:Creating environment hook '/home/bbcontact/magician_ros2/install/orbbec_camera_msgs/share/orbbec_camera_msgs/hook/cmake_prefix_path.sh'
[100.148s] Level 1:colcon.colcon_core.environment:checking '/home/bbcontact/magician_ros2/install/orbbec_camera_msgs/lib'
[100.148s] Level 1:colcon.colcon_core.shell:create_environment_hook('orbbec_camera_msgs', 'ld_library_path_lib')
[100.148s] INFO:colcon.colcon_core.shell:Creating environment hook '/home/bbcontact/magician_ros2/install/orbbec_camera_msgs/share/orbbec_camera_msgs/hook/ld_library_path_lib.ps1'
[100.149s] INFO:colcon.colcon_core.shell:Creating environment descriptor '/home/bbcontact/magician_ros2/install/orbbec_camera_msgs/share/orbbec_camera_msgs/hook/ld_library_path_lib.dsv'
[100.149s] INFO:colcon.colcon_core.shell:Creating environment hook '/home/bbcontact/magician_ros2/install/orbbec_camera_msgs/share/orbbec_camera_msgs/hook/ld_library_path_lib.sh'
[100.150s] Level 1:colcon.colcon_core.environment:checking '/home/bbcontact/magician_ros2/install/orbbec_camera_msgs/bin'
[100.150s] Level 1:colcon.colcon_core.environment:checking '/home/bbcontact/magician_ros2/install/orbbec_camera_msgs/lib/pkgconfig/orbbec_camera_msgs.pc'
[100.151s] Level 1:colcon.colcon_core.environment:checking '/home/bbcontact/magician_ros2/install/orbbec_camera_msgs/lib/python3.12/site-packages'
[100.151s] Level 1:colcon.colcon_core.shell:create_environment_hook('orbbec_camera_msgs', 'pythonpath')
[100.151s] INFO:colcon.colcon_core.shell:Creating environment hook '/home/bbcontact/magician_ros2/install/orbbec_camera_msgs/share/orbbec_camera_msgs/hook/pythonpath.ps1'
[100.152s] INFO:colcon.colcon_core.shell:Creating environment descriptor '/home/bbcontact/magician_ros2/install/orbbec_camera_msgs/share/orbbec_camera_msgs/hook/pythonpath.dsv'
[100.152s] INFO:colcon.colcon_core.shell:Creating environment hook '/home/bbcontact/magician_ros2/install/orbbec_camera_msgs/share/orbbec_camera_msgs/hook/pythonpath.sh'
[100.154s] Level 1:colcon.colcon_core.environment:checking '/home/bbcontact/magician_ros2/install/orbbec_camera_msgs/bin'
[100.154s] INFO:colcon.colcon_core.shell:Creating package script '/home/bbcontact/magician_ros2/install/orbbec_camera_msgs/share/orbbec_camera_msgs/package.ps1'
[100.155s] INFO:colcon.colcon_core.shell:Creating package descriptor '/home/bbcontact/magician_ros2/install/orbbec_camera_msgs/share/orbbec_camera_msgs/package.dsv'
[100.156s] INFO:colcon.colcon_core.shell:Creating package script '/home/bbcontact/magician_ros2/install/orbbec_camera_msgs/share/orbbec_camera_msgs/package.sh'
[100.157s] INFO:colcon.colcon_core.shell:Creating package script '/home/bbcontact/magician_ros2/install/orbbec_camera_msgs/share/orbbec_camera_msgs/package.bash'
[100.158s] INFO:colcon.colcon_core.shell:Creating package script '/home/bbcontact/magician_ros2/install/orbbec_camera_msgs/share/orbbec_camera_msgs/package.zsh'
[100.158s] Level 1:colcon.colcon_core.environment:create_file_with_runtime_dependencies(/home/bbcontact/magician_ros2/install/orbbec_camera_msgs/share/colcon-core/packages/orbbec_camera_msgs)
[100.174s] INFO:colcon.colcon_ros.task.ament_python.build:Building ROS package in '/home/bbcontact/magician_ros2/src/magician_ros2/dobot_vision_rgbd' with build type 'ament_python'
[100.175s] Level 1:colcon.colcon_core.shell:create_environment_hook('dobot_vision_rgbd', 'ament_prefix_path')
[100.175s] INFO:colcon.colcon_core.shell:Creating environment hook '/home/bbcontact/magician_ros2/install/dobot_vision_rgbd/share/dobot_vision_rgbd/hook/ament_prefix_path.ps1'
[100.177s] INFO:colcon.colcon_core.shell:Creating environment descriptor '/home/bbcontact/magician_ros2/install/dobot_vision_rgbd/share/dobot_vision_rgbd/hook/ament_prefix_path.dsv'
[100.178s] INFO:colcon.colcon_core.shell:Creating environment hook '/home/bbcontact/magician_ros2/install/dobot_vision_rgbd/share/dobot_vision_rgbd/hook/ament_prefix_path.sh'
[100.179s] INFO:colcon.colcon_core.shell:Skip shell extension 'powershell' for command environment: Not usable outside of PowerShell
[100.179s] DEBUG:colcon.colcon_core.shell:Skip shell extension 'dsv' for command environment
[101.527s] INFO:colcon.colcon_core.task.python.build:Building Python package in '/home/bbcontact/magician_ros2/src/magician_ros2/dobot_vision_rgbd'
[101.527s] INFO:colcon.colcon_core.shell:Skip shell extension 'powershell' for command environment: Not usable outside of PowerShell
[101.528s] DEBUG:colcon.colcon_core.shell:Skip shell extension 'dsv' for command environment
[103.160s] DEBUG:colcon.colcon_core.task.python.build:Available setuptools commands: bdist, register, editable_wheel, build_scripts, setopt, check, clean, bdist_wheel, install, install_headers, build, extract_messages, update_catalog, compile_catalog, install_scripts, build_py, saveopts, install_egg_info, egg_info, alias, upload_docs, install_data, rotate, test, symlink_data, upload, dist_info, init_catalog, easy_install, bdist_dumb, bdist_rpm, build_clib, bdist_egg, build_ext, develop, install_lib, sdist
[103.324s] DEBUG:colcon.colcon_core.task.python.build:Available setuptools commands: bdist, register, editable_wheel, build_scripts, setopt, check, clean, bdist_wheel, install, install_headers, build, extract_messages, update_catalog, compile_catalog, install_scripts, build_py, saveopts, install_egg_info, egg_info, alias, upload_docs, install_data, rotate, test, symlink_data, upload, dist_info, init_catalog, easy_install, bdist_dumb, bdist_rpm, build_clib, bdist_egg, build_ext, develop, install_lib, sdist
[103.358s] DEBUG:colcon.colcon_core.task.python.build:Available setuptools commands: bdist, register, editable_wheel, build_scripts, setopt, check, clean, bdist_wheel, install, install_headers, build, extract_messages, update_catalog, compile_catalog, install_scripts, build_py, saveopts, install_egg_info, egg_info, alias, upload_docs, install_data, rotate, test, symlink_data, upload, dist_info, init_catalog, easy_install, bdist_dumb, bdist_rpm, build_clib, bdist_egg, build_ext, develop, install_lib, sdist
[103.399s] DEBUG:colcon.colcon_core.task.python.build:Available setuptools commands: bdist, register, editable_wheel, build_scripts, setopt, check, clean, bdist_wheel, install, install_headers, build, extract_messages, update_catalog, compile_catalog, install_scripts, build_py, saveopts, install_egg_info, egg_info, alias, upload_docs, install_data, rotate, test, symlink_data, upload, dist_info, init_catalog, easy_install, bdist_dumb, bdist_rpm, build_clib, bdist_egg, build_ext, develop, install_lib, sdist
[103.501s] DEBUG:colcon.colcon_core.task.python.build:Available setuptools commands: bdist, register, editable_wheel, build_scripts, setopt, check, clean, bdist_wheel, install, install_headers, build, extract_messages, update_catalog, compile_catalog, install_scripts, build_py, saveopts, install_egg_info, egg_info, alias, upload_docs, install_data, rotate, test, symlink_data, upload, dist_info, init_catalog, easy_install, bdist_dumb, bdist_rpm, build_clib, bdist_egg, build_ext, develop, install_lib, sdist
[103.764s] DEBUG:colcon.colcon_core.task.python.build:Available setuptools commands: bdist, register, editable_wheel, build_scripts, setopt, check, clean, bdist_wheel, install, install_headers, build, extract_messages, update_catalog, compile_catalog, install_scripts, build_py, saveopts, install_egg_info, egg_info, alias, upload_docs, install_data, rotate, test, symlink_data, upload, dist_info, init_catalog, easy_install, bdist_dumb, bdist_rpm, build_clib, bdist_egg, build_ext, develop, install_lib, sdist
[103.886s] DEBUG:colcon.colcon_core.task.python.build:Available setuptools commands: bdist, register, editable_wheel, build_scripts, setopt, check, clean, bdist_wheel, install, install_headers, build, extract_messages, update_catalog, compile_catalog, install_scripts, build_py, saveopts, install_egg_info, egg_info, alias, upload_docs, install_data, rotate, test, symlink_data, upload, dist_info, init_catalog, easy_install, bdist_dumb, bdist_rpm, build_clib, bdist_egg, build_ext, develop, install_lib, sdist
[105.097s] DEBUG:colcon.colcon_core.task.python.build:Available setuptools 'develop' options: --upgrade, --record, --local-snapshots-ok, --zip-ok, --prefix, --no-deps, --force-installation-into-system-dir, --exclude-scripts, --dry-run, --allow-hosts, --find-links, --editable, --site-dirs, --install-dir, --install-layout, --always-copy, --no-user-cfg, --uninstall, --version, --always-unzip, --index-url, --optimize, --script-dir, --no-find-links, --egg-path, --help, --user, --verbose, --multi-version, --build-directory, --quiet
[105.106s] DEBUG:colcon.colcon_core.event_handler.log_command:Invoking command in '/home/bbcontact/magician_ros2/build/dobot_kinematics': AMENT_PREFIX_PATH=/home/bbcontact/magician_ros2/install/dobot_msgs:/home/bbcontact/magician_ros2/install/dobot_description:${AMENT_PREFIX_PATH} CMAKE_PREFIX_PATH=/home/bbcontact/magician_ros2/install/dobot_msgs:/home/bbcontact/magician_ros2/install/dobot_description:${CMAKE_PREFIX_PATH} DEBUGINFOD_URLS=https://debuginfod.ubuntu.com LD_LIBRARY_PATH=/home/bbcontact/magician_ros2/install/dobot_msgs/lib:${LD_LIBRARY_PATH} PYTHONPATH=/home/bbcontact/magician_ros2/build/dobot_kinematics/prefix_override:/usr/lib/python3/dist-packages/colcon_core/task/python/colcon_distutils_commands:/home/bbcontact/magician_ros2/install/dobot_kinematics/lib/python3.12/site-packages:/home/bbcontact/magician_ros2/install/dobot_msgs/lib/python3.12/site-packages:${PYTHONPATH} /usr/bin/python3 -W ignore:setup.py install is deprecated -W ignore:easy_install command is deprecated setup.py develop --editable --build-directory /home/bbcontact/magician_ros2/build/dobot_kinematics/build --no-deps symlink_data
[105.119s] DEBUG:colcon.colcon_core.task.python.build:Available setuptools 'develop' options: --upgrade, --record, --local-snapshots-ok, --zip-ok, --prefix, --no-deps, --force-installation-into-system-dir, --exclude-scripts, --dry-run, --allow-hosts, --find-links, --editable, --site-dirs, --install-dir, --install-layout, --always-copy, --no-user-cfg, --uninstall, --version, --always-unzip, --index-url, --optimize, --script-dir, --no-find-links, --egg-path, --help, --user, --verbose, --multi-version, --build-directory, --quiet
[105.128s] DEBUG:colcon.colcon_core.event_handler.log_command:Invoking command in '/home/bbcontact/magician_ros2/build/dobot_motion': AMENT_PREFIX_PATH=/home/bbcontact/magician_ros2/install/dobot_msgs:/home/bbcontact/magician_ros2/install/dobot_driver:${AMENT_PREFIX_PATH} CMAKE_PREFIX_PATH=/home/bbcontact/magician_ros2/install/dobot_msgs:/home/bbcontact/magician_ros2/install/dobot_driver:${CMAKE_PREFIX_PATH} DEBUGINFOD_URLS=https://debuginfod.ubuntu.com LD_LIBRARY_PATH=/home/bbcontact/magician_ros2/install/dobot_msgs/lib:${LD_LIBRARY_PATH} PYTHONPATH=/home/bbcontact/magician_ros2/build/dobot_motion/prefix_override:/usr/lib/python3/dist-packages/colcon_core/task/python/colcon_distutils_commands:/home/bbcontact/magician_ros2/install/dobot_motion/lib/python3.12/site-packages:/home/bbcontact/magician_ros2/install/dobot_msgs/lib/python3.12/site-packages:/home/bbcontact/magician_ros2/install/dobot_driver/lib/python3.12/site-packages:${PYTHONPATH} /usr/bin/python3 -W ignore:setup.py install is deprecated -W ignore:easy_install command is deprecated setup.py develop --editable --build-directory /home/bbcontact/magician_ros2/build/dobot_motion/build --no-deps symlink_data
[105.224s] DEBUG:colcon.colcon_core.task.python.build:Available setuptools 'develop' options: --upgrade, --record, --local-snapshots-ok, --zip-ok, --prefix, --no-deps, --force-installation-into-system-dir, --exclude-scripts, --dry-run, --allow-hosts, --find-links, --editable, --site-dirs, --install-dir, --install-layout, --always-copy, --no-user-cfg, --uninstall, --version, --always-unzip, --index-url, --optimize, --script-dir, --no-find-links, --egg-path, --help, --user, --verbose, --multi-version, --build-directory, --quiet
[105.242s] DEBUG:colcon.colcon_core.event_handler.log_command:Invoking command in '/home/bbcontact/magician_ros2/build/dobot_calibration': AMENT_PREFIX_PATH=/home/bbcontact/magician_ros2/install/dobot_msgs:${AMENT_PREFIX_PATH} CMAKE_PREFIX_PATH=/home/bbcontact/magician_ros2/install/dobot_msgs:${CMAKE_PREFIX_PATH} DEBUGINFOD_URLS=https://debuginfod.ubuntu.com LD_LIBRARY_PATH=/home/bbcontact/magician_ros2/install/dobot_msgs/lib:${LD_LIBRARY_PATH} PYTHONPATH=/home/bbcontact/magician_ros2/build/dobot_calibration/prefix_override:/usr/lib/python3/dist-packages/colcon_core/task/python/colcon_distutils_commands:/home/bbcontact/magician_ros2/install/dobot_calibration/lib/python3.12/site-packages:/home/bbcontact/magician_ros2/install/dobot_msgs/lib/python3.12/site-packages:${PYTHONPATH} /usr/bin/python3 -W ignore:setup.py install is deprecated -W ignore:easy_install command is deprecated setup.py develop --editable --build-directory /home/bbcontact/magician_ros2/build/dobot_calibration/build --no-deps symlink_data
[105.528s] DEBUG:colcon.colcon_core.task.python.build:Available setuptools commands: bdist, register, editable_wheel, build_scripts, setopt, check, clean, bdist_wheel, install, install_headers, build, extract_messages, update_catalog, compile_catalog, install_scripts, build_py, saveopts, install_egg_info, egg_info, alias, upload_docs, install_data, rotate, test, symlink_data, upload, dist_info, init_catalog, easy_install, bdist_dumb, bdist_rpm, build_clib, bdist_egg, build_ext, develop, install_lib, sdist
[105.574s] DEBUG:colcon.colcon_core.task.python.build:Available setuptools 'develop' options: --upgrade, --record, --local-snapshots-ok, --zip-ok, --prefix, --no-deps, --force-installation-into-system-dir, --exclude-scripts, --dry-run, --allow-hosts, --find-links, --editable, --site-dirs, --install-dir, --install-layout, --always-copy, --no-user-cfg, --uninstall, --version, --always-unzip, --index-url, --optimize, --script-dir, --no-find-links, --egg-path, --help, --user, --verbose, --multi-version, --build-directory, --quiet
[105.578s] DEBUG:colcon.colcon_core.event_handler.log_command:Invoking command in '/home/bbcontact/magician_ros2/build/dobot_homing': AMENT_PREFIX_PATH=/home/bbcontact/magician_ros2/install/dobot_msgs:/home/bbcontact/magician_ros2/install/dobot_driver:${AMENT_PREFIX_PATH} CMAKE_PREFIX_PATH=/home/bbcontact/magician_ros2/install/dobot_msgs:/home/bbcontact/magician_ros2/install/dobot_driver:${CMAKE_PREFIX_PATH} DEBUGINFOD_URLS=https://debuginfod.ubuntu.com LD_LIBRARY_PATH=/home/bbcontact/magician_ros2/install/dobot_msgs/lib:${LD_LIBRARY_PATH} PYTHONPATH=/home/bbcontact/magician_ros2/build/dobot_homing/prefix_override:/usr/lib/python3/dist-packages/colcon_core/task/python/colcon_distutils_commands:/home/bbcontact/magician_ros2/install/dobot_homing/lib/python3.12/site-packages:/home/bbcontact/magician_ros2/install/dobot_msgs/lib/python3.12/site-packages:/home/bbcontact/magician_ros2/install/dobot_driver/lib/python3.12/site-packages:${PYTHONPATH} /usr/bin/python3 -W ignore:setup.py install is deprecated -W ignore:easy_install command is deprecated setup.py develop --editable --build-directory /home/bbcontact/magician_ros2/build/dobot_homing/build --no-deps symlink_data
[105.710s] DEBUG:colcon.colcon_core.task.python.build:Available setuptools 'develop' options: --upgrade, --record, --local-snapshots-ok, --zip-ok, --prefix, --no-deps, --force-installation-into-system-dir, --exclude-scripts, --dry-run, --allow-hosts, --find-links, --editable, --site-dirs, --install-dir, --install-layout, --always-copy, --no-user-cfg, --uninstall, --version, --always-unzip, --index-url, --optimize, --script-dir, --no-find-links, --egg-path, --help, --user, --verbose, --multi-version, --build-directory, --quiet
[105.718s] DEBUG:colcon.colcon_core.task.python.build:Available setuptools 'develop' options: --upgrade, --record, --local-snapshots-ok, --zip-ok, --prefix, --no-deps, --force-installation-into-system-dir, --exclude-scripts, --dry-run, --allow-hosts, --find-links, --editable, --site-dirs, --install-dir, --install-layout, --always-copy, --no-user-cfg, --uninstall, --version, --always-unzip, --index-url, --optimize, --script-dir, --no-find-links, --egg-path, --help, --user, --verbose, --multi-version, --build-directory, --quiet
[105.719s] DEBUG:colcon.colcon_core.event_handler.log_command:Invoking command in '/home/bbcontact/magician_ros2/build/dobot_state_updater': AMENT_PREFIX_PATH=/home/bbcontact/magician_ros2/install/dobot_msgs:/home/bbcontact/magician_ros2/install/dobot_driver:${AMENT_PREFIX_PATH} CMAKE_PREFIX_PATH=/home/bbcontact/magician_ros2/install/dobot_msgs:/home/bbcontact/magician_ros2/install/dobot_driver:${CMAKE_PREFIX_PATH} DEBUGINFOD_URLS=https://debuginfod.ubuntu.com LD_LIBRARY_PATH=/home/bbcontact/magician_ros2/install/dobot_msgs/lib:${LD_LIBRARY_PATH} PYTHONPATH=/home/bbcontact/magician_ros2/build/dobot_state_updater/prefix_override:/usr/lib/python3/dist-packages/colcon_core/task/python/colcon_distutils_commands:/home/bbcontact/magician_ros2/install/dobot_state_updater/lib/python3.12/site-packages:/home/bbcontact/magician_ros2/install/dobot_msgs/lib/python3.12/site-packages:/home/bbcontact/magician_ros2/install/dobot_driver/lib/python3.12/site-packages:${PYTHONPATH} /usr/bin/python3 -W ignore:setup.py install is deprecated -W ignore:easy_install command is deprecated setup.py develop --editable --build-directory /home/bbcontact/magician_ros2/build/dobot_state_updater/build --no-deps symlink_data
[105.726s] DEBUG:colcon.colcon_core.event_handler.log_command:Invoking command in '/home/bbcontact/magician_ros2/build/dobot_diagnostics': AMENT_PREFIX_PATH=/home/bbcontact/magician_ros2/install/dobot_msgs:${AMENT_PREFIX_PATH} CMAKE_PREFIX_PATH=/home/bbcontact/magician_ros2/install/dobot_msgs:${CMAKE_PREFIX_PATH} DEBUGINFOD_URLS=https://debuginfod.ubuntu.com LD_LIBRARY_PATH=/home/bbcontact/magician_ros2/install/dobot_msgs/lib:${LD_LIBRARY_PATH} PYTHONPATH=/home/bbcontact/magician_ros2/build/dobot_diagnostics/prefix_override:/usr/lib/python3/dist-packages/colcon_core/task/python/colcon_distutils_commands:/home/bbcontact/magician_ros2/install/dobot_diagnostics/lib/python3.12/site-packages:/home/bbcontact/magician_ros2/install/dobot_msgs/lib/python3.12/site-packages:${PYTHONPATH} /usr/bin/python3 -W ignore:setup.py install is deprecated -W ignore:easy_install command is deprecated setup.py develop --editable --build-directory /home/bbcontact/magician_ros2/build/dobot_diagnostics/build --no-deps symlink_data
[106.061s] DEBUG:colcon.colcon_core.task.python.build:Available setuptools 'develop' options: --upgrade, --record, --local-snapshots-ok, --zip-ok, --prefix, --no-deps, --force-installation-into-system-dir, --exclude-scripts, --dry-run, --allow-hosts, --find-links, --editable, --site-dirs, --install-dir, --install-layout, --always-copy, --no-user-cfg, --uninstall, --version, --always-unzip, --index-url, --optimize, --script-dir, --no-find-links, --egg-path, --help, --user, --verbose, --multi-version, --build-directory, --quiet
[106.070s] DEBUG:colcon.colcon_core.event_handler.log_command:Invoking command in '/home/bbcontact/magician_ros2/build/dobot_end_effector': AMENT_PREFIX_PATH=/home/bbcontact/magician_ros2/install/dobot_msgs:/home/bbcontact/magician_ros2/install/dobot_driver:${AMENT_PREFIX_PATH} CMAKE_PREFIX_PATH=/home/bbcontact/magician_ros2/install/dobot_msgs:/home/bbcontact/magician_ros2/install/dobot_driver:${CMAKE_PREFIX_PATH} DEBUGINFOD_URLS=https://debuginfod.ubuntu.com LD_LIBRARY_PATH=/home/bbcontact/magician_ros2/install/dobot_msgs/lib:${LD_LIBRARY_PATH} PYTHONPATH=/home/bbcontact/magician_ros2/build/dobot_end_effector/prefix_override:/usr/lib/python3/dist-packages/colcon_core/task/python/colcon_distutils_commands:/home/bbcontact/magician_ros2/install/dobot_end_effector/lib/python3.12/site-packages:/home/bbcontact/magician_ros2/install/dobot_msgs/lib/python3.12/site-packages:/home/bbcontact/magician_ros2/install/dobot_driver/lib/python3.12/site-packages:${PYTHONPATH} /usr/bin/python3 -W ignore:setup.py install is deprecated -W ignore:easy_install command is deprecated setup.py develop --editable --build-directory /home/bbcontact/magician_ros2/build/dobot_end_effector/build --no-deps symlink_data
[108.689s] DEBUG:colcon.colcon_core.task.python.build:Available setuptools 'develop' options: --upgrade, --record, --local-snapshots-ok, --zip-ok, --prefix, --no-deps, --force-installation-into-system-dir, --exclude-scripts, --dry-run, --allow-hosts, --find-links, --editable, --site-dirs, --install-dir, --install-layout, --always-copy, --no-user-cfg, --uninstall, --version, --always-unzip, --index-url, --optimize, --script-dir, --no-find-links, --egg-path, --help, --user, --verbose, --multi-version, --build-directory, --quiet
[108.697s] DEBUG:colcon.colcon_core.event_handler.log_command:Invoking command in '/home/bbcontact/magician_ros2/build/dobot_vision_rgbd': AMENT_PREFIX_PATH=/home/bbcontact/magician_ros2/install/orbbec_camera_msgs:${AMENT_PREFIX_PATH} CMAKE_PREFIX_PATH=/home/bbcontact/magician_ros2/install/orbbec_camera_msgs:${CMAKE_PREFIX_PATH} DEBUGINFOD_URLS=https://debuginfod.ubuntu.com LD_LIBRARY_PATH=/home/bbcontact/magician_ros2/install/orbbec_camera_msgs/lib:${LD_LIBRARY_PATH} PYTHONPATH=/home/bbcontact/magician_ros2/build/dobot_vision_rgbd/prefix_override:/usr/lib/python3/dist-packages/colcon_core/task/python/colcon_distutils_commands:/home/bbcontact/magician_ros2/install/dobot_vision_rgbd/lib/python3.12/site-packages:/home/bbcontact/magician_ros2/install/orbbec_camera_msgs/lib/python3.12/site-packages:${PYTHONPATH} /usr/bin/python3 -W ignore:setup.py install is deprecated -W ignore:easy_install command is deprecated setup.py develop --editable --build-directory /home/bbcontact/magician_ros2/build/dobot_vision_rgbd/build --no-deps symlink_data
[110.517s] Level 1:colcon.colcon_core.shell:create_environment_hook('dobot_calibration', 'pythonpath_develop')
[110.518s] INFO:colcon.colcon_core.shell:Creating environment hook '/home/bbcontact/magician_ros2/build/dobot_calibration/share/dobot_calibration/hook/pythonpath_develop.ps1'
[110.520s] INFO:colcon.colcon_core.shell:Creating environment descriptor '/home/bbcontact/magician_ros2/build/dobot_calibration/share/dobot_calibration/hook/pythonpath_develop.dsv'
[110.518s] DEBUG:colcon.colcon_core.event_handler.log_command:Invoked command in '/home/bbcontact/magician_ros2/build/dobot_calibration' returned '0': AMENT_PREFIX_PATH=/home/bbcontact/magician_ros2/install/dobot_msgs:${AMENT_PREFIX_PATH} CMAKE_PREFIX_PATH=/home/bbcontact/magician_ros2/install/dobot_msgs:${CMAKE_PREFIX_PATH} DEBUGINFOD_URLS=https://debuginfod.ubuntu.com LD_LIBRARY_PATH=/home/bbcontact/magician_ros2/install/dobot_msgs/lib:${LD_LIBRARY_PATH} PYTHONPATH=/home/bbcontact/magician_ros2/build/dobot_calibration/prefix_override:/usr/lib/python3/dist-packages/colcon_core/task/python/colcon_distutils_commands:/home/bbcontact/magician_ros2/install/dobot_calibration/lib/python3.12/site-packages:/home/bbcontact/magician_ros2/install/dobot_msgs/lib/python3.12/site-packages:${PYTHONPATH} /usr/bin/python3 -W ignore:setup.py install is deprecated -W ignore:easy_install command is deprecated setup.py develop --editable --build-directory /home/bbcontact/magician_ros2/build/dobot_calibration/build --no-deps symlink_data
[110.524s] INFO:colcon.colcon_core.shell:Creating environment hook '/home/bbcontact/magician_ros2/build/dobot_calibration/share/dobot_calibration/hook/pythonpath_develop.sh'
[110.531s] Level 1:colcon.colcon_core.environment:checking '/home/bbcontact/magician_ros2/install/dobot_calibration' for CMake module files
[110.533s] Level 1:colcon.colcon_core.environment:checking '/home/bbcontact/magician_ros2/install/dobot_calibration' for CMake config files
[110.539s] Level 1:colcon.colcon_core.environment:checking '/home/bbcontact/magician_ros2/install/dobot_calibration/lib'
[110.541s] Level 1:colcon.colcon_core.environment:checking '/home/bbcontact/magician_ros2/install/dobot_calibration/bin'
[110.541s] Level 1:colcon.colcon_core.environment:checking '/home/bbcontact/magician_ros2/install/dobot_calibration/lib/pkgconfig/dobot_calibration.pc'
[110.545s] Level 1:colcon.colcon_core.environment:checking '/home/bbcontact/magician_ros2/install/dobot_calibration/lib/python3.12/site-packages'
[110.546s] Level 1:colcon.colcon_core.shell:create_environment_hook('dobot_calibration', 'pythonpath')
[110.548s] INFO:colcon.colcon_core.shell:Creating environment hook '/home/bbcontact/magician_ros2/install/dobot_calibration/share/dobot_calibration/hook/pythonpath.ps1'
[110.549s] INFO:colcon.colcon_core.shell:Creating environment descriptor '/home/bbcontact/magician_ros2/install/dobot_calibration/share/dobot_calibration/hook/pythonpath.dsv'
[110.551s] INFO:colcon.colcon_core.shell:Creating environment hook '/home/bbcontact/magician_ros2/install/dobot_calibration/share/dobot_calibration/hook/pythonpath.sh'
[110.556s] Level 1:colcon.colcon_core.environment:checking '/home/bbcontact/magician_ros2/install/dobot_calibration/bin'
[110.558s] Level 1:colcon.colcon_core.environment:create_environment_scripts_only(dobot_calibration)
[110.560s] INFO:colcon.colcon_core.shell:Creating package script '/home/bbcontact/magician_ros2/install/dobot_calibration/share/dobot_calibration/package.ps1'
[110.566s] INFO:colcon.colcon_core.shell:Creating package descriptor '/home/bbcontact/magician_ros2/install/dobot_calibration/share/dobot_calibration/package.dsv'
[110.574s] INFO:colcon.colcon_core.shell:Creating package script '/home/bbcontact/magician_ros2/install/dobot_calibration/share/dobot_calibration/package.sh'
[110.579s] INFO:colcon.colcon_core.shell:Creating package script '/home/bbcontact/magician_ros2/install/dobot_calibration/share/dobot_calibration/package.bash'
[110.582s] INFO:colcon.colcon_core.shell:Creating package script '/home/bbcontact/magician_ros2/install/dobot_calibration/share/dobot_calibration/package.zsh'
[110.585s] Level 1:colcon.colcon_core.environment:create_file_with_runtime_dependencies(/home/bbcontact/magician_ros2/install/dobot_calibration/share/colcon-core/packages/dobot_calibration)
[110.589s] INFO:colcon.colcon_ros.task.ament_cmake.build:Building ROS package in '/home/bbcontact/magician_ros2/src/OrbbecSDK_ROS2/orbbec_camera' with build type 'ament_cmake'
[110.589s] INFO:colcon.colcon_cmake.task.cmake.build:Building CMake package in '/home/bbcontact/magician_ros2/src/OrbbecSDK_ROS2/orbbec_camera'
[110.590s] INFO:colcon.colcon_core.shell:Skip shell extension 'powershell' for command environment: Not usable outside of PowerShell
[110.590s] DEBUG:colcon.colcon_core.shell:Skip shell extension 'dsv' for command environment
[110.642s] DEBUG:colcon.colcon_core.event_handler.log_command:Invoking command in '/home/bbcontact/magician_ros2/build/orbbec_camera': AMENT_PREFIX_PATH=/home/bbcontact/magician_ros2/install/orbbec_camera_msgs:${AMENT_PREFIX_PATH} CMAKE_PREFIX_PATH=/home/bbcontact/magician_ros2/install/orbbec_camera_msgs:/opt/ros/jazzy/opt/gz_sim_vendor:/opt/ros/jazzy/opt/gz_sensors_vendor:/opt/ros/jazzy/opt/gz_physics_vendor:/opt/ros/jazzy/opt/sdformat_vendor:/opt/ros/jazzy/opt/gz_gui_vendor:/opt/ros/jazzy/opt/gz_transport_vendor:/opt/ros/jazzy/opt/gz_rendering_vendor:/opt/ros/jazzy/opt/gz_plugin_vendor:/opt/ros/jazzy/opt/gz_fuel_tools_vendor:/opt/ros/jazzy/opt/gz_msgs_vendor:/opt/ros/jazzy/opt/gz_common_vendor:/opt/ros/jazzy/opt/gz_math_vendor:/opt/ros/jazzy/opt/gz_utils_vendor:/opt/ros/jazzy/opt/gz_tools_vendor:/opt/ros/jazzy/opt/gz_ogre_next_vendor:/opt/ros/jazzy/opt/gz_dartsim_vendor:/opt/ros/jazzy/opt/gz_cmake_vendor:/opt/ros/jazzy DEBUGINFOD_URLS=https://debuginfod.ubuntu.com LD_LIBRARY_PATH=/home/bbcontact/magician_ros2/install/orbbec_camera_msgs/lib:${LD_LIBRARY_PATH} PYTHONPATH=/home/bbcontact/magician_ros2/install/orbbec_camera_msgs/lib/python3.12/site-packages:${PYTHONPATH} /usr/bin/cmake /home/bbcontact/magician_ros2/src/OrbbecSDK_ROS2/orbbec_camera -DAMENT_CMAKE_SYMLINK_INSTALL=1 -DCMAKE_INSTALL_PREFIX=/home/bbcontact/magician_ros2/install/orbbec_camera
[111.597s] Level 1:colcon.colcon_core.shell:create_environment_hook('dobot_kinematics', 'pythonpath_develop')
[111.599s] INFO:colcon.colcon_core.shell:Creating environment hook '/home/bbcontact/magician_ros2/build/dobot_kinematics/share/dobot_kinematics/hook/pythonpath_develop.ps1'
[111.600s] INFO:colcon.colcon_core.shell:Creating environment descriptor '/home/bbcontact/magician_ros2/build/dobot_kinematics/share/dobot_kinematics/hook/pythonpath_develop.dsv'
[111.598s] DEBUG:colcon.colcon_core.event_handler.log_command:Invoked command in '/home/bbcontact/magician_ros2/build/dobot_kinematics' returned '0': AMENT_PREFIX_PATH=/home/bbcontact/magician_ros2/install/dobot_msgs:/home/bbcontact/magician_ros2/install/dobot_description:${AMENT_PREFIX_PATH} CMAKE_PREFIX_PATH=/home/bbcontact/magician_ros2/install/dobot_msgs:/home/bbcontact/magician_ros2/install/dobot_description:${CMAKE_PREFIX_PATH} DEBUGINFOD_URLS=https://debuginfod.ubuntu.com LD_LIBRARY_PATH=/home/bbcontact/magician_ros2/install/dobot_msgs/lib:${LD_LIBRARY_PATH} PYTHONPATH=/home/bbcontact/magician_ros2/build/dobot_kinematics/prefix_override:/usr/lib/python3/dist-packages/colcon_core/task/python/colcon_distutils_commands:/home/bbcontact/magician_ros2/install/dobot_kinematics/lib/python3.12/site-packages:/home/bbcontact/magician_ros2/install/dobot_msgs/lib/python3.12/site-packages:${PYTHONPATH} /usr/bin/python3 -W ignore:setup.py install is deprecated -W ignore:easy_install command is deprecated setup.py develop --editable --build-directory /home/bbcontact/magician_ros2/build/dobot_kinematics/build --no-deps symlink_data
[111.602s] INFO:colcon.colcon_core.shell:Creating environment hook '/home/bbcontact/magician_ros2/build/dobot_kinematics/share/dobot_kinematics/hook/pythonpath_develop.sh'
[111.604s] Level 1:colcon.colcon_core.environment:checking '/home/bbcontact/magician_ros2/install/dobot_kinematics' for CMake module files
[111.606s] Level 1:colcon.colcon_core.environment:checking '/home/bbcontact/magician_ros2/install/dobot_kinematics' for CMake config files
[111.608s] Level 1:colcon.colcon_core.environment:checking '/home/bbcontact/magician_ros2/install/dobot_kinematics/lib'
[111.609s] Level 1:colcon.colcon_core.environment:checking '/home/bbcontact/magician_ros2/install/dobot_kinematics/bin'
[111.609s] Level 1:colcon.colcon_core.environment:checking '/home/bbcontact/magician_ros2/install/dobot_kinematics/lib/pkgconfig/dobot_kinematics.pc'
[111.610s] Level 1:colcon.colcon_core.environment:checking '/home/bbcontact/magician_ros2/install/dobot_kinematics/lib/python3.12/site-packages'
[111.611s] Level 1:colcon.colcon_core.shell:create_environment_hook('dobot_kinematics', 'pythonpath')
[111.611s] INFO:colcon.colcon_core.shell:Creating environment hook '/home/bbcontact/magician_ros2/install/dobot_kinematics/share/dobot_kinematics/hook/pythonpath.ps1'
[111.613s] INFO:colcon.colcon_core.shell:Creating environment descriptor '/home/bbcontact/magician_ros2/install/dobot_kinematics/share/dobot_kinematics/hook/pythonpath.dsv'
[111.614s] INFO:colcon.colcon_core.shell:Creating environment hook '/home/bbcontact/magician_ros2/install/dobot_kinematics/share/dobot_kinematics/hook/pythonpath.sh'
[111.616s] Level 1:colcon.colcon_core.environment:checking '/home/bbcontact/magician_ros2/install/dobot_kinematics/bin'
[111.616s] Level 1:colcon.colcon_core.environment:create_environment_scripts_only(dobot_kinematics)
[111.617s] INFO:colcon.colcon_core.shell:Creating package script '/home/bbcontact/magician_ros2/install/dobot_kinematics/share/dobot_kinematics/package.ps1'
[111.620s] INFO:colcon.colcon_core.shell:Creating package descriptor '/home/bbcontact/magician_ros2/install/dobot_kinematics/share/dobot_kinematics/package.dsv'
[111.621s] INFO:colcon.colcon_core.shell:Creating package script '/home/bbcontact/magician_ros2/install/dobot_kinematics/share/dobot_kinematics/package.sh'
[111.623s] INFO:colcon.colcon_core.shell:Creating package script '/home/bbcontact/magician_ros2/install/dobot_kinematics/share/dobot_kinematics/package.bash'
[111.624s] INFO:colcon.colcon_core.shell:Creating package script '/home/bbcontact/magician_ros2/install/dobot_kinematics/share/dobot_kinematics/package.zsh'
[111.625s] Level 1:colcon.colcon_core.environment:create_file_with_runtime_dependencies(/home/bbcontact/magician_ros2/install/dobot_kinematics/share/colcon-core/packages/dobot_kinematics)
[111.628s] INFO:colcon.colcon_ros.task.ament_python.build:Building ROS package in '/home/bbcontact/magician_ros2/src/magician_ros2/dobot_object_vision' with build type 'ament_python'
[111.628s] Level 1:colcon.colcon_core.shell:create_environment_hook('dobot_object_vision', 'ament_prefix_path')
[111.629s] INFO:colcon.colcon_core.shell:Creating environment hook '/home/bbcontact/magician_ros2/install/dobot_object_vision/share/dobot_object_vision/hook/ament_prefix_path.ps1'
[111.643s] INFO:colcon.colcon_core.shell:Creating environment descriptor '/home/bbcontact/magician_ros2/install/dobot_object_vision/share/dobot_object_vision/hook/ament_prefix_path.dsv'
[111.648s] INFO:colcon.colcon_core.shell:Creating environment hook '/home/bbcontact/magician_ros2/install/dobot_object_vision/share/dobot_object_vision/hook/ament_prefix_path.sh'
[111.650s] INFO:colcon.colcon_core.shell:Skip shell extension 'powershell' for command environment: Not usable outside of PowerShell
[111.650s] DEBUG:colcon.colcon_core.shell:Skip shell extension 'dsv' for command environment
[111.676s] Level 1:colcon.colcon_core.shell:create_environment_hook('dobot_state_updater', 'pythonpath_develop')
[111.678s] INFO:colcon.colcon_core.shell:Creating environment hook '/home/bbcontact/magician_ros2/build/dobot_state_updater/share/dobot_state_updater/hook/pythonpath_develop.ps1'
[111.678s] DEBUG:colcon.colcon_core.event_handler.log_command:Invoked command in '/home/bbcontact/magician_ros2/build/dobot_state_updater' returned '0': AMENT_PREFIX_PATH=/home/bbcontact/magician_ros2/install/dobot_msgs:/home/bbcontact/magician_ros2/install/dobot_driver:${AMENT_PREFIX_PATH} CMAKE_PREFIX_PATH=/home/bbcontact/magician_ros2/install/dobot_msgs:/home/bbcontact/magician_ros2/install/dobot_driver:${CMAKE_PREFIX_PATH} DEBUGINFOD_URLS=https://debuginfod.ubuntu.com LD_LIBRARY_PATH=/home/bbcontact/magician_ros2/install/dobot_msgs/lib:${LD_LIBRARY_PATH} PYTHONPATH=/home/bbcontact/magician_ros2/build/dobot_state_updater/prefix_override:/usr/lib/python3/dist-packages/colcon_core/task/python/colcon_distutils_commands:/home/bbcontact/magician_ros2/install/dobot_state_updater/lib/python3.12/site-packages:/home/bbcontact/magician_ros2/install/dobot_msgs/lib/python3.12/site-packages:/home/bbcontact/magician_ros2/install/dobot_driver/lib/python3.12/site-packages:${PYTHONPATH} /usr/bin/python3 -W ignore:setup.py install is deprecated -W ignore:easy_install command is deprecated setup.py develop --editable --build-directory /home/bbcontact/magician_ros2/build/dobot_state_updater/build --no-deps symlink_data
[111.688s] INFO:colcon.colcon_core.shell:Creating environment descriptor '/home/bbcontact/magician_ros2/build/dobot_state_updater/share/dobot_state_updater/hook/pythonpath_develop.dsv'
[111.689s] INFO:colcon.colcon_core.shell:Creating environment hook '/home/bbcontact/magician_ros2/build/dobot_state_updater/share/dobot_state_updater/hook/pythonpath_develop.sh'
[111.702s] Level 1:colcon.colcon_core.environment:checking '/home/bbcontact/magician_ros2/install/dobot_state_updater' for CMake module files
[111.704s] Level 1:colcon.colcon_core.environment:checking '/home/bbcontact/magician_ros2/install/dobot_state_updater' for CMake config files
[111.706s] Level 1:colcon.colcon_core.environment:checking '/home/bbcontact/magician_ros2/install/dobot_state_updater/lib'
[111.707s] Level 1:colcon.colcon_core.environment:checking '/home/bbcontact/magician_ros2/install/dobot_state_updater/bin'
[111.710s] Level 1:colcon.colcon_core.environment:checking '/home/bbcontact/magician_ros2/install/dobot_state_updater/lib/pkgconfig/dobot_state_updater.pc'
[111.711s] Level 1:colcon.colcon_core.environment:checking '/home/bbcontact/magician_ros2/install/dobot_state_updater/lib/python3.12/site-packages'
[111.714s] Level 1:colcon.colcon_core.shell:create_environment_hook('dobot_state_updater', 'pythonpath')
[111.714s] INFO:colcon.colcon_core.shell:Creating environment hook '/home/bbcontact/magician_ros2/install/dobot_state_updater/share/dobot_state_updater/hook/pythonpath.ps1'
[111.716s] INFO:colcon.colcon_core.shell:Creating environment descriptor '/home/bbcontact/magician_ros2/install/dobot_state_updater/share/dobot_state_updater/hook/pythonpath.dsv'
[111.717s] INFO:colcon.colcon_core.shell:Creating environment hook '/home/bbcontact/magician_ros2/install/dobot_state_updater/share/dobot_state_updater/hook/pythonpath.sh'
[111.719s] Level 1:colcon.colcon_core.environment:checking '/home/bbcontact/magician_ros2/install/dobot_state_updater/bin'
[111.719s] Level 1:colcon.colcon_core.environment:create_environment_scripts_only(dobot_state_updater)
[111.721s] INFO:colcon.colcon_core.shell:Creating package script '/home/bbcontact/magician_ros2/install/dobot_state_updater/share/dobot_state_updater/package.ps1'
[111.724s] INFO:colcon.colcon_core.shell:Creating package descriptor '/home/bbcontact/magician_ros2/install/dobot_state_updater/share/dobot_state_updater/package.dsv'
[111.726s] INFO:colcon.colcon_core.shell:Creating package script '/home/bbcontact/magician_ros2/install/dobot_state_updater/share/dobot_state_updater/package.sh'
[111.728s] INFO:colcon.colcon_core.shell:Creating package script '/home/bbcontact/magician_ros2/install/dobot_state_updater/share/dobot_state_updater/package.bash'
[111.741s] INFO:colcon.colcon_core.shell:Creating package script '/home/bbcontact/magician_ros2/install/dobot_state_updater/share/dobot_state_updater/package.zsh'
[111.746s] Level 1:colcon.colcon_core.environment:create_file_with_runtime_dependencies(/home/bbcontact/magician_ros2/install/dobot_state_updater/share/colcon-core/packages/dobot_state_updater)
[111.751s] INFO:colcon.colcon_ros.task.ament_python.build:Building ROS package in '/home/bbcontact/magician_ros2/src/magician_ros2/dobot_demos' with build type 'ament_python'
[111.751s] Level 1:colcon.colcon_core.shell:create_environment_hook('dobot_demos', 'ament_prefix_path')
[111.752s] INFO:colcon.colcon_core.shell:Creating environment hook '/home/bbcontact/magician_ros2/install/dobot_demos/share/dobot_demos/hook/ament_prefix_path.ps1'
[111.757s] INFO:colcon.colcon_core.shell:Creating environment descriptor '/home/bbcontact/magician_ros2/install/dobot_demos/share/dobot_demos/hook/ament_prefix_path.dsv'
[111.758s] INFO:colcon.colcon_core.shell:Creating environment hook '/home/bbcontact/magician_ros2/install/dobot_demos/share/dobot_demos/hook/ament_prefix_path.sh'
[111.760s] INFO:colcon.colcon_core.shell:Skip shell extension 'powershell' for command environment: Not usable outside of PowerShell
[111.761s] DEBUG:colcon.colcon_core.shell:Skip shell extension 'dsv' for command environment
[113.067s] INFO:colcon.colcon_core.task.python.build:Building Python package in '/home/bbcontact/magician_ros2/src/magician_ros2/dobot_object_vision'
[113.068s] INFO:colcon.colcon_core.shell:Skip shell extension 'powershell' for command environment: Not usable outside of PowerShell
[113.068s] DEBUG:colcon.colcon_core.shell:Skip shell extension 'dsv' for command environment
[113.089s] Level 1:colcon.colcon_core.shell:create_environment_hook('dobot_homing', 'pythonpath_develop')
[113.091s] INFO:colcon.colcon_core.shell:Creating environment hook '/home/bbcontact/magician_ros2/build/dobot_homing/share/dobot_homing/hook/pythonpath_develop.ps1'
[113.093s] INFO:colcon.colcon_core.shell:Creating environment descriptor '/home/bbcontact/magician_ros2/build/dobot_homing/share/dobot_homing/hook/pythonpath_develop.dsv'
[113.095s] DEBUG:colcon.colcon_core.event_handler.log_command:Invoked command in '/home/bbcontact/magician_ros2/build/dobot_homing' returned '0': AMENT_PREFIX_PATH=/home/bbcontact/magician_ros2/install/dobot_msgs:/home/bbcontact/magician_ros2/install/dobot_driver:${AMENT_PREFIX_PATH} CMAKE_PREFIX_PATH=/home/bbcontact/magician_ros2/install/dobot_msgs:/home/bbcontact/magician_ros2/install/dobot_driver:${CMAKE_PREFIX_PATH} DEBUGINFOD_URLS=https://debuginfod.ubuntu.com LD_LIBRARY_PATH=/home/bbcontact/magician_ros2/install/dobot_msgs/lib:${LD_LIBRARY_PATH} PYTHONPATH=/home/bbcontact/magician_ros2/build/dobot_homing/prefix_override:/usr/lib/python3/dist-packages/colcon_core/task/python/colcon_distutils_commands:/home/bbcontact/magician_ros2/install/dobot_homing/lib/python3.12/site-packages:/home/bbcontact/magician_ros2/install/dobot_msgs/lib/python3.12/site-packages:/home/bbcontact/magician_ros2/install/dobot_driver/lib/python3.12/site-packages:${PYTHONPATH} /usr/bin/python3 -W ignore:setup.py install is deprecated -W ignore:easy_install command is deprecated setup.py develop --editable --build-directory /home/bbcontact/magician_ros2/build/dobot_homing/build --no-deps symlink_data
[113.096s] INFO:colcon.colcon_core.shell:Creating environment hook '/home/bbcontact/magician_ros2/build/dobot_homing/share/dobot_homing/hook/pythonpath_develop.sh'
[113.098s] Level 1:colcon.colcon_core.environment:checking '/home/bbcontact/magician_ros2/install/dobot_homing' for CMake module files
[113.100s] Level 1:colcon.colcon_core.environment:checking '/home/bbcontact/magician_ros2/install/dobot_homing' for CMake config files
[113.102s] Level 1:colcon.colcon_core.environment:checking '/home/bbcontact/magician_ros2/install/dobot_homing/lib'
[113.103s] Level 1:colcon.colcon_core.environment:checking '/home/bbcontact/magician_ros2/install/dobot_homing/bin'
[113.103s] Level 1:colcon.colcon_core.environment:checking '/home/bbcontact/magician_ros2/install/dobot_homing/lib/pkgconfig/dobot_homing.pc'
[113.104s] Level 1:colcon.colcon_core.environment:checking '/home/bbcontact/magician_ros2/install/dobot_homing/lib/python3.12/site-packages'
[113.104s] Level 1:colcon.colcon_core.shell:create_environment_hook('dobot_homing', 'pythonpath')
[113.105s] INFO:colcon.colcon_core.shell:Creating environment hook '/home/bbcontact/magician_ros2/install/dobot_homing/share/dobot_homing/hook/pythonpath.ps1'
[113.106s] INFO:colcon.colcon_core.shell:Creating environment descriptor '/home/bbcontact/magician_ros2/install/dobot_homing/share/dobot_homing/hook/pythonpath.dsv'
[113.107s] INFO:colcon.colcon_core.shell:Creating environment hook '/home/bbcontact/magician_ros2/install/dobot_homing/share/dobot_homing/hook/pythonpath.sh'
[113.110s] Level 1:colcon.colcon_core.environment:checking '/home/bbcontact/magician_ros2/install/dobot_homing/bin'
[113.110s] Level 1:colcon.colcon_core.environment:create_environment_scripts_only(dobot_homing)
[113.111s] INFO:colcon.colcon_core.shell:Creating package script '/home/bbcontact/magician_ros2/install/dobot_homing/share/dobot_homing/package.ps1'
[113.113s] INFO:colcon.colcon_core.shell:Creating package descriptor '/home/bbcontact/magician_ros2/install/dobot_homing/share/dobot_homing/package.dsv'
[113.115s] INFO:colcon.colcon_core.shell:Creating package script '/home/bbcontact/magician_ros2/install/dobot_homing/share/dobot_homing/package.sh'
[113.116s] INFO:colcon.colcon_core.shell:Creating package script '/home/bbcontact/magician_ros2/install/dobot_homing/share/dobot_homing/package.bash'
[113.118s] INFO:colcon.colcon_core.shell:Creating package script '/home/bbcontact/magician_ros2/install/dobot_homing/share/dobot_homing/package.zsh'
[113.119s] Level 1:colcon.colcon_core.environment:create_file_with_runtime_dependencies(/home/bbcontact/magician_ros2/install/dobot_homing/share/colcon-core/packages/dobot_homing)
[113.120s] Level 1:colcon.colcon_core.shell:create_environment_hook('dobot_diagnostics', 'pythonpath_develop')
[113.120s] INFO:colcon.colcon_core.shell:Creating environment hook '/home/bbcontact/magician_ros2/build/dobot_diagnostics/share/dobot_diagnostics/hook/pythonpath_develop.ps1'
[113.124s] INFO:colcon.colcon_core.shell:Creating environment descriptor '/home/bbcontact/magician_ros2/build/dobot_diagnostics/share/dobot_diagnostics/hook/pythonpath_develop.dsv'
[113.125s] INFO:colcon.colcon_core.shell:Creating environment hook '/home/bbcontact/magician_ros2/build/dobot_diagnostics/share/dobot_diagnostics/hook/pythonpath_develop.sh'
[113.122s] DEBUG:colcon.colcon_core.event_handler.log_command:Invoked command in '/home/bbcontact/magician_ros2/build/dobot_diagnostics' returned '0': AMENT_PREFIX_PATH=/home/bbcontact/magician_ros2/install/dobot_msgs:${AMENT_PREFIX_PATH} CMAKE_PREFIX_PATH=/home/bbcontact/magician_ros2/install/dobot_msgs:${CMAKE_PREFIX_PATH} DEBUGINFOD_URLS=https://debuginfod.ubuntu.com LD_LIBRARY_PATH=/home/bbcontact/magician_ros2/install/dobot_msgs/lib:${LD_LIBRARY_PATH} PYTHONPATH=/home/bbcontact/magician_ros2/build/dobot_diagnostics/prefix_override:/usr/lib/python3/dist-packages/colcon_core/task/python/colcon_distutils_commands:/home/bbcontact/magician_ros2/install/dobot_diagnostics/lib/python3.12/site-packages:/home/bbcontact/magician_ros2/install/dobot_msgs/lib/python3.12/site-packages:${PYTHONPATH} /usr/bin/python3 -W ignore:setup.py install is deprecated -W ignore:easy_install command is deprecated setup.py develop --editable --build-directory /home/bbcontact/magician_ros2/build/dobot_diagnostics/build --no-deps symlink_data
[113.127s] Level 1:colcon.colcon_core.environment:checking '/home/bbcontact/magician_ros2/install/dobot_diagnostics' for CMake module files
[113.129s] Level 1:colcon.colcon_core.environment:checking '/home/bbcontact/magician_ros2/install/dobot_diagnostics' for CMake config files
[113.131s] Level 1:colcon.colcon_core.environment:checking '/home/bbcontact/magician_ros2/install/dobot_diagnostics/lib'
[113.131s] Level 1:colcon.colcon_core.environment:checking '/home/bbcontact/magician_ros2/install/dobot_diagnostics/bin'
[113.132s] Level 1:colcon.colcon_core.environment:checking '/home/bbcontact/magician_ros2/install/dobot_diagnostics/lib/pkgconfig/dobot_diagnostics.pc'
[113.132s] Level 1:colcon.colcon_core.environment:checking '/home/bbcontact/magician_ros2/install/dobot_diagnostics/lib/python3.12/site-packages'
[113.133s] Level 1:colcon.colcon_core.shell:create_environment_hook('dobot_diagnostics', 'pythonpath')
[113.133s] INFO:colcon.colcon_core.shell:Creating environment hook '/home/bbcontact/magician_ros2/install/dobot_diagnostics/share/dobot_diagnostics/hook/pythonpath.ps1'
[113.134s] INFO:colcon.colcon_core.shell:Creating environment descriptor '/home/bbcontact/magician_ros2/install/dobot_diagnostics/share/dobot_diagnostics/hook/pythonpath.dsv'
[113.135s] INFO:colcon.colcon_core.shell:Creating environment hook '/home/bbcontact/magician_ros2/install/dobot_diagnostics/share/dobot_diagnostics/hook/pythonpath.sh'
[113.137s] Level 1:colcon.colcon_core.environment:checking '/home/bbcontact/magician_ros2/install/dobot_diagnostics/bin'
[113.137s] Level 1:colcon.colcon_core.environment:create_environment_scripts_only(dobot_diagnostics)
[113.138s] INFO:colcon.colcon_core.shell:Creating package script '/home/bbcontact/magician_ros2/install/dobot_diagnostics/share/dobot_diagnostics/package.ps1'
[113.141s] INFO:colcon.colcon_core.shell:Creating package descriptor '/home/bbcontact/magician_ros2/install/dobot_diagnostics/share/dobot_diagnostics/package.dsv'
[113.143s] INFO:colcon.colcon_core.shell:Creating package script '/home/bbcontact/magician_ros2/install/dobot_diagnostics/share/dobot_diagnostics/package.sh'
[113.144s] INFO:colcon.colcon_core.shell:Creating package script '/home/bbcontact/magician_ros2/install/dobot_diagnostics/share/dobot_diagnostics/package.bash'
[113.145s] INFO:colcon.colcon_core.shell:Creating package script '/home/bbcontact/magician_ros2/install/dobot_diagnostics/share/dobot_diagnostics/package.zsh'
[113.146s] Level 1:colcon.colcon_core.environment:create_file_with_runtime_dependencies(/home/bbcontact/magician_ros2/install/dobot_diagnostics/share/colcon-core/packages/dobot_diagnostics)
[114.172s] INFO:colcon.colcon_core.task.python.build:Building Python package in '/home/bbcontact/magician_ros2/src/magician_ros2/dobot_demos'
[114.173s] INFO:colcon.colcon_core.shell:Skip shell extension 'powershell' for command environment: Not usable outside of PowerShell
[114.173s] DEBUG:colcon.colcon_core.shell:Skip shell extension 'dsv' for command environment
[114.193s] Level 1:colcon.colcon_core.shell:create_environment_hook('dobot_motion', 'pythonpath_develop')
[114.194s] INFO:colcon.colcon_core.shell:Creating environment hook '/home/bbcontact/magician_ros2/build/dobot_motion/share/dobot_motion/hook/pythonpath_develop.ps1'
[114.195s] DEBUG:colcon.colcon_core.event_handler.log_command:Invoked command in '/home/bbcontact/magician_ros2/build/dobot_motion' returned '0': AMENT_PREFIX_PATH=/home/bbcontact/magician_ros2/install/dobot_msgs:/home/bbcontact/magician_ros2/install/dobot_driver:${AMENT_PREFIX_PATH} CMAKE_PREFIX_PATH=/home/bbcontact/magician_ros2/install/dobot_msgs:/home/bbcontact/magician_ros2/install/dobot_driver:${CMAKE_PREFIX_PATH} DEBUGINFOD_URLS=https://debuginfod.ubuntu.com LD_LIBRARY_PATH=/home/bbcontact/magician_ros2/install/dobot_msgs/lib:${LD_LIBRARY_PATH} PYTHONPATH=/home/bbcontact/magician_ros2/build/dobot_motion/prefix_override:/usr/lib/python3/dist-packages/colcon_core/task/python/colcon_distutils_commands:/home/bbcontact/magician_ros2/install/dobot_motion/lib/python3.12/site-packages:/home/bbcontact/magician_ros2/install/dobot_msgs/lib/python3.12/site-packages:/home/bbcontact/magician_ros2/install/dobot_driver/lib/python3.12/site-packages:${PYTHONPATH} /usr/bin/python3 -W ignore:setup.py install is deprecated -W ignore:easy_install command is deprecated setup.py develop --editable --build-directory /home/bbcontact/magician_ros2/build/dobot_motion/build --no-deps symlink_data
[114.197s] INFO:colcon.colcon_core.shell:Creating environment descriptor '/home/bbcontact/magician_ros2/build/dobot_motion/share/dobot_motion/hook/pythonpath_develop.dsv'
[114.198s] INFO:colcon.colcon_core.shell:Creating environment hook '/home/bbcontact/magician_ros2/build/dobot_motion/share/dobot_motion/hook/pythonpath_develop.sh'
[114.201s] Level 1:colcon.colcon_core.environment:checking '/home/bbcontact/magician_ros2/install/dobot_motion' for CMake module files
[114.203s] Level 1:colcon.colcon_core.environment:checking '/home/bbcontact/magician_ros2/install/dobot_motion' for CMake config files
[114.205s] Level 1:colcon.colcon_core.environment:checking '/home/bbcontact/magician_ros2/install/dobot_motion/lib'
[114.205s] Level 1:colcon.colcon_core.environment:checking '/home/bbcontact/magician_ros2/install/dobot_motion/bin'
[114.206s] Level 1:colcon.colcon_core.environment:checking '/home/bbcontact/magician_ros2/install/dobot_motion/lib/pkgconfig/dobot_motion.pc'
[114.207s] Level 1:colcon.colcon_core.environment:checking '/home/bbcontact/magician_ros2/install/dobot_motion/lib/python3.12/site-packages'
[114.207s] Level 1:colcon.colcon_core.shell:create_environment_hook('dobot_motion', 'pythonpath')
[114.208s] INFO:colcon.colcon_core.shell:Creating environment hook '/home/bbcontact/magician_ros2/install/dobot_motion/share/dobot_motion/hook/pythonpath.ps1'
[114.209s] INFO:colcon.colcon_core.shell:Creating environment descriptor '/home/bbcontact/magician_ros2/install/dobot_motion/share/dobot_motion/hook/pythonpath.dsv'
[114.210s] INFO:colcon.colcon_core.shell:Creating environment hook '/home/bbcontact/magician_ros2/install/dobot_motion/share/dobot_motion/hook/pythonpath.sh'
[114.213s] Level 1:colcon.colcon_core.environment:checking '/home/bbcontact/magician_ros2/install/dobot_motion/bin'
[114.214s] Level 1:colcon.colcon_core.environment:create_environment_scripts_only(dobot_motion)
[114.214s] INFO:colcon.colcon_core.shell:Creating package script '/home/bbcontact/magician_ros2/install/dobot_motion/share/dobot_motion/package.ps1'
[114.216s] INFO:colcon.colcon_core.shell:Creating package descriptor '/home/bbcontact/magician_ros2/install/dobot_motion/share/dobot_motion/package.dsv'
[114.218s] INFO:colcon.colcon_core.shell:Creating package script '/home/bbcontact/magician_ros2/install/dobot_motion/share/dobot_motion/package.sh'
[114.220s] INFO:colcon.colcon_core.shell:Creating package script '/home/bbcontact/magician_ros2/install/dobot_motion/share/dobot_motion/package.bash'
[114.221s] INFO:colcon.colcon_core.shell:Creating package script '/home/bbcontact/magician_ros2/install/dobot_motion/share/dobot_motion/package.zsh'
[114.222s] Level 1:colcon.colcon_core.environment:create_file_with_runtime_dependencies(/home/bbcontact/magician_ros2/install/dobot_motion/share/colcon-core/packages/dobot_motion)
[114.223s] Level 1:colcon.colcon_core.shell:create_environment_hook('dobot_end_effector', 'pythonpath_develop')
[114.224s] INFO:colcon.colcon_core.shell:Creating environment hook '/home/bbcontact/magician_ros2/build/dobot_end_effector/share/dobot_end_effector/hook/pythonpath_develop.ps1'
[114.226s] INFO:colcon.colcon_core.shell:Creating environment descriptor '/home/bbcontact/magician_ros2/build/dobot_end_effector/share/dobot_end_effector/hook/pythonpath_develop.dsv'
[114.228s] DEBUG:colcon.colcon_core.event_handler.log_command:Invoked command in '/home/bbcontact/magician_ros2/build/dobot_end_effector' returned '0': AMENT_PREFIX_PATH=/home/bbcontact/magician_ros2/install/dobot_msgs:/home/bbcontact/magician_ros2/install/dobot_driver:${AMENT_PREFIX_PATH} CMAKE_PREFIX_PATH=/home/bbcontact/magician_ros2/install/dobot_msgs:/home/bbcontact/magician_ros2/install/dobot_driver:${CMAKE_PREFIX_PATH} DEBUGINFOD_URLS=https://debuginfod.ubuntu.com LD_LIBRARY_PATH=/home/bbcontact/magician_ros2/install/dobot_msgs/lib:${LD_LIBRARY_PATH} PYTHONPATH=/home/bbcontact/magician_ros2/build/dobot_end_effector/prefix_override:/usr/lib/python3/dist-packages/colcon_core/task/python/colcon_distutils_commands:/home/bbcontact/magician_ros2/install/dobot_end_effector/lib/python3.12/site-packages:/home/bbcontact/magician_ros2/install/dobot_msgs/lib/python3.12/site-packages:/home/bbcontact/magician_ros2/install/dobot_driver/lib/python3.12/site-packages:${PYTHONPATH} /usr/bin/python3 -W ignore:setup.py install is deprecated -W ignore:easy_install command is deprecated setup.py develop --editable --build-directory /home/bbcontact/magician_ros2/build/dobot_end_effector/build --no-deps symlink_data
[114.229s] INFO:colcon.colcon_core.shell:Creating environment hook '/home/bbcontact/magician_ros2/build/dobot_end_effector/share/dobot_end_effector/hook/pythonpath_develop.sh'
[114.230s] Level 1:colcon.colcon_core.environment:checking '/home/bbcontact/magician_ros2/install/dobot_end_effector' for CMake module files
[114.232s] Level 1:colcon.colcon_core.environment:checking '/home/bbcontact/magician_ros2/install/dobot_end_effector' for CMake config files
[114.234s] Level 1:colcon.colcon_core.environment:checking '/home/bbcontact/magician_ros2/install/dobot_end_effector/lib'
[114.234s] Level 1:colcon.colcon_core.environment:checking '/home/bbcontact/magician_ros2/install/dobot_end_effector/bin'
[114.234s] Level 1:colcon.colcon_core.environment:checking '/home/bbcontact/magician_ros2/install/dobot_end_effector/lib/pkgconfig/dobot_end_effector.pc'
[114.235s] Level 1:colcon.colcon_core.environment:checking '/home/bbcontact/magician_ros2/install/dobot_end_effector/lib/python3.12/site-packages'
[114.235s] Level 1:colcon.colcon_core.shell:create_environment_hook('dobot_end_effector', 'pythonpath')
[114.236s] INFO:colcon.colcon_core.shell:Creating environment hook '/home/bbcontact/magician_ros2/install/dobot_end_effector/share/dobot_end_effector/hook/pythonpath.ps1'
[114.238s] INFO:colcon.colcon_core.shell:Creating environment descriptor '/home/bbcontact/magician_ros2/install/dobot_end_effector/share/dobot_end_effector/hook/pythonpath.dsv'
[114.238s] INFO:colcon.colcon_core.shell:Creating environment hook '/home/bbcontact/magician_ros2/install/dobot_end_effector/share/dobot_end_effector/hook/pythonpath.sh'
[114.241s] Level 1:colcon.colcon_core.environment:checking '/home/bbcontact/magician_ros2/install/dobot_end_effector/bin'
[114.241s] Level 1:colcon.colcon_core.environment:create_environment_scripts_only(dobot_end_effector)
[114.242s] INFO:colcon.colcon_core.shell:Creating package script '/home/bbcontact/magician_ros2/install/dobot_end_effector/share/dobot_end_effector/package.ps1'
[114.244s] INFO:colcon.colcon_core.shell:Creating package descriptor '/home/bbcontact/magician_ros2/install/dobot_end_effector/share/dobot_end_effector/package.dsv'
[114.246s] INFO:colcon.colcon_core.shell:Creating package script '/home/bbcontact/magician_ros2/install/dobot_end_effector/share/dobot_end_effector/package.sh'
[114.248s] INFO:colcon.colcon_core.shell:Creating package script '/home/bbcontact/magician_ros2/install/dobot_end_effector/share/dobot_end_effector/package.bash'
[114.249s] INFO:colcon.colcon_core.shell:Creating package script '/home/bbcontact/magician_ros2/install/dobot_end_effector/share/dobot_end_effector/package.zsh'
[114.250s] Level 1:colcon.colcon_core.environment:create_file_with_runtime_dependencies(/home/bbcontact/magician_ros2/install/dobot_end_effector/share/colcon-core/packages/dobot_end_effector)
[114.253s] INFO:colcon.colcon_ros.task.ament_python.build:Building ROS package in '/home/bbcontact/magician_ros2/src/magician_ros2/dobot_bringup' with build type 'ament_python'
[114.253s] Level 1:colcon.colcon_core.shell:create_environment_hook('dobot_bringup', 'ament_prefix_path')
[114.254s] INFO:colcon.colcon_core.shell:Creating environment hook '/home/bbcontact/magician_ros2/install/dobot_bringup/share/dobot_bringup/hook/ament_prefix_path.ps1'
[114.256s] INFO:colcon.colcon_core.shell:Creating environment descriptor '/home/bbcontact/magician_ros2/install/dobot_bringup/share/dobot_bringup/hook/ament_prefix_path.dsv'
[114.257s] INFO:colcon.colcon_core.shell:Creating environment hook '/home/bbcontact/magician_ros2/install/dobot_bringup/share/dobot_bringup/hook/ament_prefix_path.sh'
[114.259s] INFO:colcon.colcon_core.shell:Skip shell extension 'powershell' for command environment: Not usable outside of PowerShell
[114.259s] DEBUG:colcon.colcon_core.shell:Skip shell extension 'dsv' for command environment
[114.278s] Level 1:colcon.colcon_core.shell:create_environment_hook('dobot_vision_rgbd', 'pythonpath_develop')
[114.278s] INFO:colcon.colcon_core.shell:Creating environment hook '/home/bbcontact/magician_ros2/build/dobot_vision_rgbd/share/dobot_vision_rgbd/hook/pythonpath_develop.ps1'
[114.280s] INFO:colcon.colcon_core.shell:Creating environment descriptor '/home/bbcontact/magician_ros2/build/dobot_vision_rgbd/share/dobot_vision_rgbd/hook/pythonpath_develop.dsv'
[114.292s] DEBUG:colcon.colcon_core.event_handler.log_command:Invoked command in '/home/bbcontact/magician_ros2/build/dobot_vision_rgbd' returned '0': AMENT_PREFIX_PATH=/home/bbcontact/magician_ros2/install/orbbec_camera_msgs:${AMENT_PREFIX_PATH} CMAKE_PREFIX_PATH=/home/bbcontact/magician_ros2/install/orbbec_camera_msgs:${CMAKE_PREFIX_PATH} DEBUGINFOD_URLS=https://debuginfod.ubuntu.com LD_LIBRARY_PATH=/home/bbcontact/magician_ros2/install/orbbec_camera_msgs/lib:${LD_LIBRARY_PATH} PYTHONPATH=/home/bbcontact/magician_ros2/build/dobot_vision_rgbd/prefix_override:/usr/lib/python3/dist-packages/colcon_core/task/python/colcon_distutils_commands:/home/bbcontact/magician_ros2/install/dobot_vision_rgbd/lib/python3.12/site-packages:/home/bbcontact/magician_ros2/install/orbbec_camera_msgs/lib/python3.12/site-packages:${PYTHONPATH} /usr/bin/python3 -W ignore:setup.py install is deprecated -W ignore:easy_install command is deprecated setup.py develop --editable --build-directory /home/bbcontact/magician_ros2/build/dobot_vision_rgbd/build --no-deps symlink_data
[114.292s] INFO:colcon.colcon_core.shell:Creating environment hook '/home/bbcontact/magician_ros2/build/dobot_vision_rgbd/share/dobot_vision_rgbd/hook/pythonpath_develop.sh'
[114.297s] Level 1:colcon.colcon_core.environment:checking '/home/bbcontact/magician_ros2/install/dobot_vision_rgbd' for CMake module files
[114.299s] Level 1:colcon.colcon_core.environment:checking '/home/bbcontact/magician_ros2/install/dobot_vision_rgbd' for CMake config files
[114.303s] Level 1:colcon.colcon_core.environment:checking '/home/bbcontact/magician_ros2/install/dobot_vision_rgbd/lib'
[114.304s] Level 1:colcon.colcon_core.environment:checking '/home/bbcontact/magician_ros2/install/dobot_vision_rgbd/bin'
[114.304s] Level 1:colcon.colcon_core.environment:checking '/home/bbcontact/magician_ros2/install/dobot_vision_rgbd/lib/pkgconfig/dobot_vision_rgbd.pc'
[114.305s] Level 1:colcon.colcon_core.environment:checking '/home/bbcontact/magician_ros2/install/dobot_vision_rgbd/lib/python3.12/site-packages'
[114.305s] Level 1:colcon.colcon_core.shell:create_environment_hook('dobot_vision_rgbd', 'pythonpath')
[114.306s] INFO:colcon.colcon_core.shell:Creating environment hook '/home/bbcontact/magician_ros2/install/dobot_vision_rgbd/share/dobot_vision_rgbd/hook/pythonpath.ps1'
[114.307s] INFO:colcon.colcon_core.shell:Creating environment descriptor '/home/bbcontact/magician_ros2/install/dobot_vision_rgbd/share/dobot_vision_rgbd/hook/pythonpath.dsv'
[114.308s] INFO:colcon.colcon_core.shell:Creating environment hook '/home/bbcontact/magician_ros2/install/dobot_vision_rgbd/share/dobot_vision_rgbd/hook/pythonpath.sh'
[114.316s] Level 1:colcon.colcon_core.environment:checking '/home/bbcontact/magician_ros2/install/dobot_vision_rgbd/bin'
[114.316s] Level 1:colcon.colcon_core.environment:create_environment_scripts_only(dobot_vision_rgbd)
[114.317s] INFO:colcon.colcon_core.shell:Creating package script '/home/bbcontact/magician_ros2/install/dobot_vision_rgbd/share/dobot_vision_rgbd/package.ps1'
[114.321s] INFO:colcon.colcon_core.shell:Creating package descriptor '/home/bbcontact/magician_ros2/install/dobot_vision_rgbd/share/dobot_vision_rgbd/package.dsv'
[114.323s] INFO:colcon.colcon_core.shell:Creating package script '/home/bbcontact/magician_ros2/install/dobot_vision_rgbd/share/dobot_vision_rgbd/package.sh'
[114.324s] INFO:colcon.colcon_core.shell:Creating package script '/home/bbcontact/magician_ros2/install/dobot_vision_rgbd/share/dobot_vision_rgbd/package.bash'
[114.326s] INFO:colcon.colcon_core.shell:Creating package script '/home/bbcontact/magician_ros2/install/dobot_vision_rgbd/share/dobot_vision_rgbd/package.zsh'
[114.327s] Level 1:colcon.colcon_core.environment:create_file_with_runtime_dependencies(/home/bbcontact/magician_ros2/install/dobot_vision_rgbd/share/colcon-core/packages/dobot_vision_rgbd)
[115.283s] INFO:colcon.colcon_core.task.python.build:Building Python package in '/home/bbcontact/magician_ros2/src/magician_ros2/dobot_bringup'
[115.283s] INFO:colcon.colcon_core.shell:Skip shell extension 'powershell' for command environment: Not usable outside of PowerShell
[115.283s] DEBUG:colcon.colcon_core.shell:Skip shell extension 'dsv' for command environment
[117.370s] DEBUG:colcon.colcon_core.task.python.build:Available setuptools commands: bdist, register, editable_wheel, build_scripts, setopt, check, clean, bdist_wheel, install, install_headers, build, extract_messages, update_catalog, compile_catalog, install_scripts, build_py, saveopts, install_egg_info, egg_info, alias, upload_docs, install_data, rotate, test, symlink_data, upload, dist_info, init_catalog, easy_install, bdist_dumb, bdist_rpm, build_clib, bdist_egg, build_ext, develop, install_lib, sdist
[117.432s] DEBUG:colcon.colcon_core.task.python.build:Available setuptools commands: bdist, register, editable_wheel, build_scripts, setopt, check, clean, bdist_wheel, install, install_headers, build, extract_messages, update_catalog, compile_catalog, install_scripts, build_py, saveopts, install_egg_info, egg_info, alias, upload_docs, install_data, rotate, test, symlink_data, upload, dist_info, init_catalog, easy_install, bdist_dumb, bdist_rpm, build_clib, bdist_egg, build_ext, develop, install_lib, sdist
[118.492s] DEBUG:colcon.colcon_core.event_handler.log_command:Invoked command in '/home/bbcontact/magician_ros2/build/orbbec_camera' returned '0': AMENT_PREFIX_PATH=/home/bbcontact/magician_ros2/install/orbbec_camera_msgs:${AMENT_PREFIX_PATH} CMAKE_PREFIX_PATH=/home/bbcontact/magician_ros2/install/orbbec_camera_msgs:/opt/ros/jazzy/opt/gz_sim_vendor:/opt/ros/jazzy/opt/gz_sensors_vendor:/opt/ros/jazzy/opt/gz_physics_vendor:/opt/ros/jazzy/opt/sdformat_vendor:/opt/ros/jazzy/opt/gz_gui_vendor:/opt/ros/jazzy/opt/gz_transport_vendor:/opt/ros/jazzy/opt/gz_rendering_vendor:/opt/ros/jazzy/opt/gz_plugin_vendor:/opt/ros/jazzy/opt/gz_fuel_tools_vendor:/opt/ros/jazzy/opt/gz_msgs_vendor:/opt/ros/jazzy/opt/gz_common_vendor:/opt/ros/jazzy/opt/gz_math_vendor:/opt/ros/jazzy/opt/gz_utils_vendor:/opt/ros/jazzy/opt/gz_tools_vendor:/opt/ros/jazzy/opt/gz_ogre_next_vendor:/opt/ros/jazzy/opt/gz_dartsim_vendor:/opt/ros/jazzy/opt/gz_cmake_vendor:/opt/ros/jazzy DEBUGINFOD_URLS=https://debuginfod.ubuntu.com LD_LIBRARY_PATH=/home/bbcontact/magician_ros2/install/orbbec_camera_msgs/lib:${LD_LIBRARY_PATH} PYTHONPATH=/home/bbcontact/magician_ros2/install/orbbec_camera_msgs/lib/python3.12/site-packages:${PYTHONPATH} /usr/bin/cmake /home/bbcontact/magician_ros2/src/OrbbecSDK_ROS2/orbbec_camera -DAMENT_CMAKE_SYMLINK_INSTALL=1 -DCMAKE_INSTALL_PREFIX=/home/bbcontact/magician_ros2/install/orbbec_camera
[118.498s] DEBUG:colcon.colcon_core.event_handler.log_command:Invoking command in '/home/bbcontact/magician_ros2/build/orbbec_camera': AMENT_PREFIX_PATH=/home/bbcontact/magician_ros2/install/orbbec_camera_msgs:${AMENT_PREFIX_PATH} CMAKE_PREFIX_PATH=/home/bbcontact/magician_ros2/install/orbbec_camera_msgs:/opt/ros/jazzy/opt/gz_sim_vendor:/opt/ros/jazzy/opt/gz_sensors_vendor:/opt/ros/jazzy/opt/gz_physics_vendor:/opt/ros/jazzy/opt/sdformat_vendor:/opt/ros/jazzy/opt/gz_gui_vendor:/opt/ros/jazzy/opt/gz_transport_vendor:/opt/ros/jazzy/opt/gz_rendering_vendor:/opt/ros/jazzy/opt/gz_plugin_vendor:/opt/ros/jazzy/opt/gz_fuel_tools_vendor:/opt/ros/jazzy/opt/gz_msgs_vendor:/opt/ros/jazzy/opt/gz_common_vendor:/opt/ros/jazzy/opt/gz_math_vendor:/opt/ros/jazzy/opt/gz_utils_vendor:/opt/ros/jazzy/opt/gz_tools_vendor:/opt/ros/jazzy/opt/gz_ogre_next_vendor:/opt/ros/jazzy/opt/gz_dartsim_vendor:/opt/ros/jazzy/opt/gz_cmake_vendor:/opt/ros/jazzy DEBUGINFOD_URLS=https://debuginfod.ubuntu.com LD_LIBRARY_PATH=/home/bbcontact/magician_ros2/install/orbbec_camera_msgs/lib:${LD_LIBRARY_PATH} PYTHONPATH=/home/bbcontact/magician_ros2/install/orbbec_camera_msgs/lib/python3.12/site-packages:${PYTHONPATH} /usr/bin/cmake --build /home/bbcontact/magician_ros2/build/orbbec_camera -- -j8 -l8
[118.666s] DEBUG:colcon.colcon_core.task.python.build:Available setuptools commands: bdist, register, editable_wheel, build_scripts, setopt, check, clean, bdist_wheel, install, install_headers, build, extract_messages, update_catalog, compile_catalog, install_scripts, build_py, saveopts, install_egg_info, egg_info, alias, upload_docs, install_data, rotate, test, symlink_data, upload, dist_info, init_catalog, easy_install, bdist_dumb, bdist_rpm, build_clib, bdist_egg, build_ext, develop, install_lib, sdist
[119.076s] DEBUG:colcon.colcon_core.task.python.build:Available setuptools 'develop' options: --upgrade, --record, --local-snapshots-ok, --zip-ok, --prefix, --no-deps, --force-installation-into-system-dir, --exclude-scripts, --dry-run, --allow-hosts, --find-links, --editable, --site-dirs, --install-dir, --install-layout, --always-copy, --no-user-cfg, --uninstall, --version, --always-unzip, --index-url, --optimize, --script-dir, --no-find-links, --egg-path, --help, --user, --verbose, --multi-version, --build-directory, --quiet
[119.086s] DEBUG:colcon.colcon_core.event_handler.log_command:Invoking command in '/home/bbcontact/magician_ros2/build/dobot_object_vision': AMENT_PREFIX_PATH=/home/bbcontact/magician_ros2/install/dobot_msgs:${AMENT_PREFIX_PATH} CMAKE_PREFIX_PATH=/home/bbcontact/magician_ros2/install/dobot_msgs:${CMAKE_PREFIX_PATH} DEBUGINFOD_URLS=https://debuginfod.ubuntu.com LD_LIBRARY_PATH=/home/bbcontact/magician_ros2/install/dobot_msgs/lib:${LD_LIBRARY_PATH} PYTHONPATH=/home/bbcontact/magician_ros2/build/dobot_object_vision/prefix_override:/usr/lib/python3/dist-packages/colcon_core/task/python/colcon_distutils_commands:/home/bbcontact/magician_ros2/install/dobot_object_vision/lib/python3.12/site-packages:/home/bbcontact/magician_ros2/install/dobot_msgs/lib/python3.12/site-packages:${PYTHONPATH} /usr/bin/python3 -W ignore:setup.py install is deprecated -W ignore:easy_install command is deprecated setup.py develop --editable --build-directory /home/bbcontact/magician_ros2/build/dobot_object_vision/build --no-deps symlink_data
[119.265s] DEBUG:colcon.colcon_core.task.python.build:Available setuptools 'develop' options: --upgrade, --record, --local-snapshots-ok, --zip-ok, --prefix, --no-deps, --force-installation-into-system-dir, --exclude-scripts, --dry-run, --allow-hosts, --find-links, --editable, --site-dirs, --install-dir, --install-layout, --always-copy, --no-user-cfg, --uninstall, --version, --always-unzip, --index-url, --optimize, --script-dir, --no-find-links, --egg-path, --help, --user, --verbose, --multi-version, --build-directory, --quiet
[119.273s] DEBUG:colcon.colcon_core.event_handler.log_command:Invoking command in '/home/bbcontact/magician_ros2/build/dobot_demos': AMENT_PREFIX_PATH=/home/bbcontact/magician_ros2/install/dobot_calibration:/home/bbcontact/magician_ros2/install/dobot_msgs:${AMENT_PREFIX_PATH} CMAKE_PREFIX_PATH=/home/bbcontact/magician_ros2/install/dobot_msgs:${CMAKE_PREFIX_PATH} DEBUGINFOD_URLS=https://debuginfod.ubuntu.com LD_LIBRARY_PATH=/home/bbcontact/magician_ros2/install/dobot_msgs/lib:${LD_LIBRARY_PATH} PYTHONPATH=/home/bbcontact/magician_ros2/build/dobot_demos/prefix_override:/usr/lib/python3/dist-packages/colcon_core/task/python/colcon_distutils_commands:/home/bbcontact/magician_ros2/install/dobot_demos/lib/python3.12/site-packages:/home/bbcontact/magician_ros2/build/dobot_calibration:/home/bbcontact/magician_ros2/install/dobot_calibration/lib/python3.12/site-packages:/home/bbcontact/magician_ros2/install/dobot_msgs/lib/python3.12/site-packages:${PYTHONPATH} /usr/bin/python3 -W ignore:setup.py install is deprecated -W ignore:easy_install command is deprecated setup.py develop --editable --build-directory /home/bbcontact/magician_ros2/build/dobot_demos/build --no-deps symlink_data
[120.415s] DEBUG:colcon.colcon_core.task.python.build:Available setuptools 'develop' options: --upgrade, --record, --local-snapshots-ok, --zip-ok, --prefix, --no-deps, --force-installation-into-system-dir, --exclude-scripts, --dry-run, --allow-hosts, --find-links, --editable, --site-dirs, --install-dir, --install-layout, --always-copy, --no-user-cfg, --uninstall, --version, --always-unzip, --index-url, --optimize, --script-dir, --no-find-links, --egg-path, --help, --user, --verbose, --multi-version, --build-directory, --quiet
[120.420s] DEBUG:colcon.colcon_core.event_handler.log_command:Invoking command in '/home/bbcontact/magician_ros2/build/dobot_bringup': AMENT_PREFIX_PATH=/home/bbcontact/magician_ros2/install/dobot_state_updater:/home/bbcontact/magician_ros2/install/dobot_motion:/home/bbcontact/magician_ros2/install/dobot_kinematics:/home/bbcontact/magician_ros2/install/dobot_homing:/home/bbcontact/magician_ros2/install/dobot_end_effector:/home/bbcontact/magician_ros2/install/dobot_diagnostics:/home/bbcontact/magician_ros2/install/dobot_msgs:/home/bbcontact/magician_ros2/install/dobot_driver:/home/bbcontact/magician_ros2/install/dobot_description:${AMENT_PREFIX_PATH} CMAKE_PREFIX_PATH=/home/bbcontact/magician_ros2/install/dobot_msgs:/home/bbcontact/magician_ros2/install/dobot_driver:/home/bbcontact/magician_ros2/install/dobot_description:${CMAKE_PREFIX_PATH} DEBUGINFOD_URLS=https://debuginfod.ubuntu.com LD_LIBRARY_PATH=/home/bbcontact/magician_ros2/install/dobot_msgs/lib:${LD_LIBRARY_PATH} PYTHONPATH=/home/bbcontact/magician_ros2/build/dobot_bringup/prefix_override:/usr/lib/python3/dist-packages/colcon_core/task/python/colcon_distutils_commands:/home/bbcontact/magician_ros2/install/dobot_bringup/lib/python3.12/site-packages:/home/bbcontact/magician_ros2/build/dobot_state_updater:/home/bbcontact/magician_ros2/install/dobot_state_updater/lib/python3.12/site-packages:/home/bbcontact/magician_ros2/build/dobot_motion:/home/bbcontact/magician_ros2/install/dobot_motion/lib/python3.12/site-packages:/home/bbcontact/magician_ros2/build/dobot_kinematics:/home/bbcontact/magician_ros2/install/dobot_kinematics/lib/python3.12/site-packages:/home/bbcontact/magician_ros2/build/dobot_homing:/home/bbcontact/magician_ros2/install/dobot_homing/lib/python3.12/site-packages:/home/bbcontact/magician_ros2/build/dobot_end_effector:/home/bbcontact/magician_ros2/install/dobot_end_effector/lib/python3.12/site-packages:/home/bbcontact/magician_ros2/build/dobot_diagnostics:/home/bbcontact/magician_ros2/install/dobot_diagnostics/lib/python3.12/site-packages:/home/bbcontact/magician_ros2/install/dobot_msgs/lib/python3.12/site-packages:/home/bbcontact/magician_ros2/install/dobot_driver/lib/python3.12/site-packages:${PYTHONPATH} /usr/bin/python3 -W ignore:setup.py install is deprecated -W ignore:easy_install command is deprecated setup.py develop --editable --build-directory /home/bbcontact/magician_ros2/build/dobot_bringup/build --no-deps symlink_data
[122.864s] Level 1:colcon.colcon_core.shell:create_environment_hook('dobot_demos', 'pythonpath_develop')
[122.865s] DEBUG:colcon.colcon_core.event_handler.log_command:Invoked command in '/home/bbcontact/magician_ros2/build/dobot_demos' returned '0': AMENT_PREFIX_PATH=/home/bbcontact/magician_ros2/install/dobot_calibration:/home/bbcontact/magician_ros2/install/dobot_msgs:${AMENT_PREFIX_PATH} CMAKE_PREFIX_PATH=/home/bbcontact/magician_ros2/install/dobot_msgs:${CMAKE_PREFIX_PATH} DEBUGINFOD_URLS=https://debuginfod.ubuntu.com LD_LIBRARY_PATH=/home/bbcontact/magician_ros2/install/dobot_msgs/lib:${LD_LIBRARY_PATH} PYTHONPATH=/home/bbcontact/magician_ros2/build/dobot_demos/prefix_override:/usr/lib/python3/dist-packages/colcon_core/task/python/colcon_distutils_commands:/home/bbcontact/magician_ros2/install/dobot_demos/lib/python3.12/site-packages:/home/bbcontact/magician_ros2/build/dobot_calibration:/home/bbcontact/magician_ros2/install/dobot_calibration/lib/python3.12/site-packages:/home/bbcontact/magician_ros2/install/dobot_msgs/lib/python3.12/site-packages:${PYTHONPATH} /usr/bin/python3 -W ignore:setup.py install is deprecated -W ignore:easy_install command is deprecated setup.py develop --editable --build-directory /home/bbcontact/magician_ros2/build/dobot_demos/build --no-deps symlink_data
[122.866s] INFO:colcon.colcon_core.shell:Creating environment hook '/home/bbcontact/magician_ros2/build/dobot_demos/share/dobot_demos/hook/pythonpath_develop.ps1'
[122.868s] INFO:colcon.colcon_core.shell:Creating environment descriptor '/home/bbcontact/magician_ros2/build/dobot_demos/share/dobot_demos/hook/pythonpath_develop.dsv'
[122.870s] INFO:colcon.colcon_core.shell:Creating environment hook '/home/bbcontact/magician_ros2/build/dobot_demos/share/dobot_demos/hook/pythonpath_develop.sh'
[122.872s] Level 1:colcon.colcon_core.environment:checking '/home/bbcontact/magician_ros2/install/dobot_demos' for CMake module files
[122.875s] Level 1:colcon.colcon_core.environment:checking '/home/bbcontact/magician_ros2/install/dobot_demos' for CMake config files
[122.877s] Level 1:colcon.colcon_core.environment:checking '/home/bbcontact/magician_ros2/install/dobot_demos/lib'
[122.877s] Level 1:colcon.colcon_core.environment:checking '/home/bbcontact/magician_ros2/install/dobot_demos/bin'
[122.878s] Level 1:colcon.colcon_core.environment:checking '/home/bbcontact/magician_ros2/install/dobot_demos/lib/pkgconfig/dobot_demos.pc'
[122.879s] Level 1:colcon.colcon_core.environment:checking '/home/bbcontact/magician_ros2/install/dobot_demos/lib/python3.12/site-packages'
[122.879s] Level 1:colcon.colcon_core.shell:create_environment_hook('dobot_demos', 'pythonpath')
[122.880s] INFO:colcon.colcon_core.shell:Creating environment hook '/home/bbcontact/magician_ros2/install/dobot_demos/share/dobot_demos/hook/pythonpath.ps1'
[122.884s] INFO:colcon.colcon_core.shell:Creating environment descriptor '/home/bbcontact/magician_ros2/install/dobot_demos/share/dobot_demos/hook/pythonpath.dsv'
[122.886s] INFO:colcon.colcon_core.shell:Creating environment hook '/home/bbcontact/magician_ros2/install/dobot_demos/share/dobot_demos/hook/pythonpath.sh'
[122.897s] Level 1:colcon.colcon_core.environment:checking '/home/bbcontact/magician_ros2/install/dobot_demos/bin'
[122.897s] Level 1:colcon.colcon_core.environment:create_environment_scripts_only(dobot_demos)
[122.898s] INFO:colcon.colcon_core.shell:Creating package script '/home/bbcontact/magician_ros2/install/dobot_demos/share/dobot_demos/package.ps1'
[122.901s] INFO:colcon.colcon_core.shell:Creating package descriptor '/home/bbcontact/magician_ros2/install/dobot_demos/share/dobot_demos/package.dsv'
[122.903s] INFO:colcon.colcon_core.shell:Creating package script '/home/bbcontact/magician_ros2/install/dobot_demos/share/dobot_demos/package.sh'
[122.905s] INFO:colcon.colcon_core.shell:Creating package script '/home/bbcontact/magician_ros2/install/dobot_demos/share/dobot_demos/package.bash'
[122.906s] INFO:colcon.colcon_core.shell:Creating package script '/home/bbcontact/magician_ros2/install/dobot_demos/share/dobot_demos/package.zsh'
[122.907s] Level 1:colcon.colcon_core.environment:create_file_with_runtime_dependencies(/home/bbcontact/magician_ros2/install/dobot_demos/share/colcon-core/packages/dobot_demos)
[122.911s] Level 1:colcon.colcon_core.shell:create_environment_hook('dobot_object_vision', 'pythonpath_develop')
[122.912s] INFO:colcon.colcon_core.shell:Creating environment hook '/home/bbcontact/magician_ros2/build/dobot_object_vision/share/dobot_object_vision/hook/pythonpath_develop.ps1'
[122.914s] DEBUG:colcon.colcon_core.event_handler.log_command:Invoked command in '/home/bbcontact/magician_ros2/build/dobot_object_vision' returned '0': AMENT_PREFIX_PATH=/home/bbcontact/magician_ros2/install/dobot_msgs:${AMENT_PREFIX_PATH} CMAKE_PREFIX_PATH=/home/bbcontact/magician_ros2/install/dobot_msgs:${CMAKE_PREFIX_PATH} DEBUGINFOD_URLS=https://debuginfod.ubuntu.com LD_LIBRARY_PATH=/home/bbcontact/magician_ros2/install/dobot_msgs/lib:${LD_LIBRARY_PATH} PYTHONPATH=/home/bbcontact/magician_ros2/build/dobot_object_vision/prefix_override:/usr/lib/python3/dist-packages/colcon_core/task/python/colcon_distutils_commands:/home/bbcontact/magician_ros2/install/dobot_object_vision/lib/python3.12/site-packages:/home/bbcontact/magician_ros2/install/dobot_msgs/lib/python3.12/site-packages:${PYTHONPATH} /usr/bin/python3 -W ignore:setup.py install is deprecated -W ignore:easy_install command is deprecated setup.py develop --editable --build-directory /home/bbcontact/magician_ros2/build/dobot_object_vision/build --no-deps symlink_data
[122.915s] INFO:colcon.colcon_core.shell:Creating environment descriptor '/home/bbcontact/magician_ros2/build/dobot_object_vision/share/dobot_object_vision/hook/pythonpath_develop.dsv'
[122.916s] INFO:colcon.colcon_core.shell:Creating environment hook '/home/bbcontact/magician_ros2/build/dobot_object_vision/share/dobot_object_vision/hook/pythonpath_develop.sh'
[122.918s] Level 1:colcon.colcon_core.environment:checking '/home/bbcontact/magician_ros2/install/dobot_object_vision' for CMake module files
[122.919s] Level 1:colcon.colcon_core.environment:checking '/home/bbcontact/magician_ros2/install/dobot_object_vision' for CMake config files
[122.921s] Level 1:colcon.colcon_core.environment:checking '/home/bbcontact/magician_ros2/install/dobot_object_vision/lib'
[122.921s] Level 1:colcon.colcon_core.environment:checking '/home/bbcontact/magician_ros2/install/dobot_object_vision/bin'
[122.922s] Level 1:colcon.colcon_core.environment:checking '/home/bbcontact/magician_ros2/install/dobot_object_vision/lib/pkgconfig/dobot_object_vision.pc'
[122.922s] Level 1:colcon.colcon_core.environment:checking '/home/bbcontact/magician_ros2/install/dobot_object_vision/lib/python3.12/site-packages'
[122.923s] Level 1:colcon.colcon_core.shell:create_environment_hook('dobot_object_vision', 'pythonpath')
[122.924s] INFO:colcon.colcon_core.shell:Creating environment hook '/home/bbcontact/magician_ros2/install/dobot_object_vision/share/dobot_object_vision/hook/pythonpath.ps1'
[122.925s] INFO:colcon.colcon_core.shell:Creating environment descriptor '/home/bbcontact/magician_ros2/install/dobot_object_vision/share/dobot_object_vision/hook/pythonpath.dsv'
[122.926s] INFO:colcon.colcon_core.shell:Creating environment hook '/home/bbcontact/magician_ros2/install/dobot_object_vision/share/dobot_object_vision/hook/pythonpath.sh'
[122.929s] Level 1:colcon.colcon_core.environment:checking '/home/bbcontact/magician_ros2/install/dobot_object_vision/bin'
[122.929s] Level 1:colcon.colcon_core.environment:create_environment_scripts_only(dobot_object_vision)
[122.930s] INFO:colcon.colcon_core.shell:Creating package script '/home/bbcontact/magician_ros2/install/dobot_object_vision/share/dobot_object_vision/package.ps1'
[122.933s] INFO:colcon.colcon_core.shell:Creating package descriptor '/home/bbcontact/magician_ros2/install/dobot_object_vision/share/dobot_object_vision/package.dsv'
[122.935s] INFO:colcon.colcon_core.shell:Creating package script '/home/bbcontact/magician_ros2/install/dobot_object_vision/share/dobot_object_vision/package.sh'
[122.936s] INFO:colcon.colcon_core.shell:Creating package script '/home/bbcontact/magician_ros2/install/dobot_object_vision/share/dobot_object_vision/package.bash'
[122.937s] INFO:colcon.colcon_core.shell:Creating package script '/home/bbcontact/magician_ros2/install/dobot_object_vision/share/dobot_object_vision/package.zsh'
[122.939s] Level 1:colcon.colcon_core.environment:create_file_with_runtime_dependencies(/home/bbcontact/magician_ros2/install/dobot_object_vision/share/colcon-core/packages/dobot_object_vision)
[124.372s] Level 1:colcon.colcon_core.shell:create_environment_hook('dobot_bringup', 'pythonpath_develop')
[124.373s] INFO:colcon.colcon_core.shell:Creating environment hook '/home/bbcontact/magician_ros2/build/dobot_bringup/share/dobot_bringup/hook/pythonpath_develop.ps1'
[124.374s] DEBUG:colcon.colcon_core.event_handler.log_command:Invoked command in '/home/bbcontact/magician_ros2/build/dobot_bringup' returned '0': AMENT_PREFIX_PATH=/home/bbcontact/magician_ros2/install/dobot_state_updater:/home/bbcontact/magician_ros2/install/dobot_motion:/home/bbcontact/magician_ros2/install/dobot_kinematics:/home/bbcontact/magician_ros2/install/dobot_homing:/home/bbcontact/magician_ros2/install/dobot_end_effector:/home/bbcontact/magician_ros2/install/dobot_diagnostics:/home/bbcontact/magician_ros2/install/dobot_msgs:/home/bbcontact/magician_ros2/install/dobot_driver:/home/bbcontact/magician_ros2/install/dobot_description:${AMENT_PREFIX_PATH} CMAKE_PREFIX_PATH=/home/bbcontact/magician_ros2/install/dobot_msgs:/home/bbcontact/magician_ros2/install/dobot_driver:/home/bbcontact/magician_ros2/install/dobot_description:${CMAKE_PREFIX_PATH} DEBUGINFOD_URLS=https://debuginfod.ubuntu.com LD_LIBRARY_PATH=/home/bbcontact/magician_ros2/install/dobot_msgs/lib:${LD_LIBRARY_PATH} PYTHONPATH=/home/bbcontact/magician_ros2/build/dobot_bringup/prefix_override:/usr/lib/python3/dist-packages/colcon_core/task/python/colcon_distutils_commands:/home/bbcontact/magician_ros2/install/dobot_bringup/lib/python3.12/site-packages:/home/bbcontact/magician_ros2/build/dobot_state_updater:/home/bbcontact/magician_ros2/install/dobot_state_updater/lib/python3.12/site-packages:/home/bbcontact/magician_ros2/build/dobot_motion:/home/bbcontact/magician_ros2/install/dobot_motion/lib/python3.12/site-packages:/home/bbcontact/magician_ros2/build/dobot_kinematics:/home/bbcontact/magician_ros2/install/dobot_kinematics/lib/python3.12/site-packages:/home/bbcontact/magician_ros2/build/dobot_homing:/home/bbcontact/magician_ros2/install/dobot_homing/lib/python3.12/site-packages:/home/bbcontact/magician_ros2/build/dobot_end_effector:/home/bbcontact/magician_ros2/install/dobot_end_effector/lib/python3.12/site-packages:/home/bbcontact/magician_ros2/build/dobot_diagnostics:/home/bbcontact/magician_ros2/install/dobot_diagnostics/lib/python3.12/site-packages:/home/bbcontact/magician_ros2/install/dobot_msgs/lib/python3.12/site-packages:/home/bbcontact/magician_ros2/install/dobot_driver/lib/python3.12/site-packages:${PYTHONPATH} /usr/bin/python3 -W ignore:setup.py install is deprecated -W ignore:easy_install command is deprecated setup.py develop --editable --build-directory /home/bbcontact/magician_ros2/build/dobot_bringup/build --no-deps symlink_data
[124.376s] INFO:colcon.colcon_core.shell:Creating environment descriptor '/home/bbcontact/magician_ros2/build/dobot_bringup/share/dobot_bringup/hook/pythonpath_develop.dsv'
[124.378s] INFO:colcon.colcon_core.shell:Creating environment hook '/home/bbcontact/magician_ros2/build/dobot_bringup/share/dobot_bringup/hook/pythonpath_develop.sh'
[124.380s] Level 1:colcon.colcon_core.environment:checking '/home/bbcontact/magician_ros2/install/dobot_bringup' for CMake module files
[124.382s] Level 1:colcon.colcon_core.environment:checking '/home/bbcontact/magician_ros2/install/dobot_bringup' for CMake config files
[124.385s] Level 1:colcon.colcon_core.environment:checking '/home/bbcontact/magician_ros2/install/dobot_bringup/lib'
[124.386s] Level 1:colcon.colcon_core.environment:checking '/home/bbcontact/magician_ros2/install/dobot_bringup/bin'
[124.386s] Level 1:colcon.colcon_core.environment:checking '/home/bbcontact/magician_ros2/install/dobot_bringup/lib/pkgconfig/dobot_bringup.pc'
[124.387s] Level 1:colcon.colcon_core.environment:checking '/home/bbcontact/magician_ros2/install/dobot_bringup/lib/python3.12/site-packages'
[124.387s] Level 1:colcon.colcon_core.shell:create_environment_hook('dobot_bringup', 'pythonpath')
[124.388s] INFO:colcon.colcon_core.shell:Creating environment hook '/home/bbcontact/magician_ros2/install/dobot_bringup/share/dobot_bringup/hook/pythonpath.ps1'
[124.390s] INFO:colcon.colcon_core.shell:Creating environment descriptor '/home/bbcontact/magician_ros2/install/dobot_bringup/share/dobot_bringup/hook/pythonpath.dsv'
[124.391s] INFO:colcon.colcon_core.shell:Creating environment hook '/home/bbcontact/magician_ros2/install/dobot_bringup/share/dobot_bringup/hook/pythonpath.sh'
[124.394s] Level 1:colcon.colcon_core.environment:checking '/home/bbcontact/magician_ros2/install/dobot_bringup/bin'
[124.394s] Level 1:colcon.colcon_core.environment:create_environment_scripts_only(dobot_bringup)
[124.395s] INFO:colcon.colcon_core.shell:Creating package script '/home/bbcontact/magician_ros2/install/dobot_bringup/share/dobot_bringup/package.ps1'
[124.398s] INFO:colcon.colcon_core.shell:Creating package descriptor '/home/bbcontact/magician_ros2/install/dobot_bringup/share/dobot_bringup/package.dsv'
[124.400s] INFO:colcon.colcon_core.shell:Creating package script '/home/bbcontact/magician_ros2/install/dobot_bringup/share/dobot_bringup/package.sh'
[124.402s] INFO:colcon.colcon_core.shell:Creating package script '/home/bbcontact/magician_ros2/install/dobot_bringup/share/dobot_bringup/package.bash'
[124.403s] INFO:colcon.colcon_core.shell:Creating package script '/home/bbcontact/magician_ros2/install/dobot_bringup/share/dobot_bringup/package.zsh'
[124.403s] Level 1:colcon.colcon_core.environment:create_file_with_runtime_dependencies(/home/bbcontact/magician_ros2/install/dobot_bringup/share/colcon-core/packages/dobot_bringup)
[381.620s] DEBUG:colcon.colcon_core.event_handler.log_command:Invoked command in '/home/bbcontact/magician_ros2/build/orbbec_camera' returned '2': AMENT_PREFIX_PATH=/home/bbcontact/magician_ros2/install/orbbec_camera_msgs:${AMENT_PREFIX_PATH} CMAKE_PREFIX_PATH=/home/bbcontact/magician_ros2/install/orbbec_camera_msgs:/opt/ros/jazzy/opt/gz_sim_vendor:/opt/ros/jazzy/opt/gz_sensors_vendor:/opt/ros/jazzy/opt/gz_physics_vendor:/opt/ros/jazzy/opt/sdformat_vendor:/opt/ros/jazzy/opt/gz_gui_vendor:/opt/ros/jazzy/opt/gz_transport_vendor:/opt/ros/jazzy/opt/gz_rendering_vendor:/opt/ros/jazzy/opt/gz_plugin_vendor:/opt/ros/jazzy/opt/gz_fuel_tools_vendor:/opt/ros/jazzy/opt/gz_msgs_vendor:/opt/ros/jazzy/opt/gz_common_vendor:/opt/ros/jazzy/opt/gz_math_vendor:/opt/ros/jazzy/opt/gz_utils_vendor:/opt/ros/jazzy/opt/gz_tools_vendor:/opt/ros/jazzy/opt/gz_ogre_next_vendor:/opt/ros/jazzy/opt/gz_dartsim_vendor:/opt/ros/jazzy/opt/gz_cmake_vendor:/opt/ros/jazzy DEBUGINFOD_URLS=https://debuginfod.ubuntu.com LD_LIBRARY_PATH=/home/bbcontact/magician_ros2/install/orbbec_camera_msgs/lib:${LD_LIBRARY_PATH} PYTHONPATH=/home/bbcontact/magician_ros2/install/orbbec_camera_msgs/lib/python3.12/site-packages:${PYTHONPATH} /usr/bin/cmake --build /home/bbcontact/magician_ros2/build/orbbec_camera -- -j8 -l8
[381.621s] Level 1:colcon.colcon_core.environment:create_environment_scripts_only(orbbec_camera)
[381.622s] Level 1:colcon.colcon_core.environment:checking '/home/bbcontact/magician_ros2/install/orbbec_camera' for CMake module files
[381.622s] Level 1:colcon.colcon_core.environment:checking '/home/bbcontact/magician_ros2/install/orbbec_camera' for CMake config files
[381.623s] Level 1:colcon.colcon_core.environment:checking '/home/bbcontact/magician_ros2/install/orbbec_camera/bin'
[381.623s] Level 1:colcon.colcon_core.environment:checking '/home/bbcontact/magician_ros2/install/orbbec_camera/lib/pkgconfig/orbbec_camera.pc'
[381.623s] Level 1:colcon.colcon_core.environment:checking '/home/bbcontact/magician_ros2/install/orbbec_camera/lib/python3.12/site-packages'
[381.624s] Level 1:colcon.colcon_core.environment:checking '/home/bbcontact/magician_ros2/install/orbbec_camera/bin'
[381.624s] INFO:colcon.colcon_core.shell:Creating package script '/home/bbcontact/magician_ros2/install/orbbec_camera/share/orbbec_camera/package.ps1'
[381.626s] INFO:colcon.colcon_core.shell:Creating package descriptor '/home/bbcontact/magician_ros2/install/orbbec_camera/share/orbbec_camera/package.dsv'
[381.626s] INFO:colcon.colcon_core.shell:Creating package script '/home/bbcontact/magician_ros2/install/orbbec_camera/share/orbbec_camera/package.sh'
[381.627s] INFO:colcon.colcon_core.shell:Creating package script '/home/bbcontact/magician_ros2/install/orbbec_camera/share/orbbec_camera/package.bash'
[381.628s] INFO:colcon.colcon_core.shell:Creating package script '/home/bbcontact/magician_ros2/install/orbbec_camera/share/orbbec_camera/package.zsh'
[381.628s] Level 1:colcon.colcon_core.environment:create_file_with_runtime_dependencies(/home/bbcontact/magician_ros2/install/orbbec_camera/share/colcon-core/packages/orbbec_camera)
[381.639s] DEBUG:colcon.colcon_parallel_executor.executor.parallel:closing loop
[381.639s] DEBUG:colcon.colcon_parallel_executor.executor.parallel:loop closed
[381.639s] DEBUG:colcon.colcon_parallel_executor.executor.parallel:run_until_complete finished with '2'
[381.639s] DEBUG:colcon.colcon_core.event_reactor:joining thread
[381.642s] DEBUG:colcon.colcon_core.event_reactor:joined thread
[381.642s] INFO:colcon.colcon_core.shell:Creating prefix script '/home/bbcontact/magician_ros2/install/local_setup.ps1'
[381.644s] INFO:colcon.colcon_core.shell:Creating prefix util module '/home/bbcontact/magician_ros2/install/_local_setup_util_ps1.py'
[381.646s] INFO:colcon.colcon_core.shell:Creating prefix chain script '/home/bbcontact/magician_ros2/install/setup.ps1'
[381.647s] INFO:colcon.colcon_core.shell:Creating prefix script '/home/bbcontact/magician_ros2/install/local_setup.sh'
[381.648s] INFO:colcon.colcon_core.shell:Creating prefix util module '/home/bbcontact/magician_ros2/install/_local_setup_util_sh.py'
[381.649s] INFO:colcon.colcon_core.shell:Creating prefix chain script '/home/bbcontact/magician_ros2/install/setup.sh'
[381.651s] INFO:colcon.colcon_core.shell:Creating prefix script '/home/bbcontact/magician_ros2/install/local_setup.bash'
[381.652s] INFO:colcon.colcon_core.shell:Creating prefix chain script '/home/bbcontact/magician_ros2/install/setup.bash'
[381.653s] INFO:colcon.colcon_core.shell:Creating prefix script '/home/bbcontact/magician_ros2/install/local_setup.zsh'
[381.654s] INFO:colcon.colcon_core.shell:Creating prefix chain script '/home/bbcontact/magician_ros2/install/setup.zsh'
