[0.832s] DEBUG:colcon:Command line arguments: ['/usr/bin/colcon', 'build', '--symlink-install', '--packages-select', 'dobot_vision_rgbd', 'dobot_calibration', 'dobot_web_interface', '--event-handlers', 'console_cohesion+']
[0.833s] DEBUG:colcon:Parsed command line arguments: Namespace(log_base=None, log_level=None, verb_name='build', build_base='build', install_base='install', merge_install=False, symlink_install=True, test_result_base=None, continue_on_error=False, executor='parallel', parallel_workers=8, event_handlers=['console_cohesion+'], ignore_user_meta=False, metas=['./colcon.meta'], base_paths=['.'], packages_ignore=None, packages_ignore_regex=None, paths=None, packages_up_to=None, packages_up_to_regex=None, packages_above=None, packages_above_and_dependencies=None, packages_above_depth=None, packages_select_by_dep=None, packages_skip_by_dep=None, packages_skip_up_to=None, packages_select_build_failed=False, packages_skip_build_finished=False, packages_select_test_failures=False, packages_skip_test_passed=False, packages_select=['dobot_vision_rgbd', 'dobot_calibration', 'dobot_web_interface'], packages_skip=None, packages_select_regex=None, packages_skip_regex=None, packages_start=None, packages_end=None, allow_overriding=[], cmake_args=None, cmake_target=None, cmake_target_skip_unavailable=False, cmake_clean_cache=False, cmake_clean_first=False, cmake_force_configure=False, ament_cmake_args=None, catkin_cmake_args=None, catkin_skip_building_tests=False, mixin_files=None, mixin=None, verb_parser=<colcon_mixin.mixin.mixin_argument.MixinArgumentDecorator object at 0x714f27e55b80>, verb_extension=<colcon_core.verb.build.BuildVerb object at 0x714f27e55d00>, main=<bound method BuildVerb.main of <colcon_core.verb.build.BuildVerb object at 0x714f27e55d00>>, mixin_verb=('build',))
[1.003s] Level 1:colcon.colcon_core.package_discovery:discover_packages(colcon_meta) check parameters
[1.005s] INFO:colcon.colcon_metadata.package_discovery.colcon_meta:Using configuration from '/home/bbcontact/magician_ros2/colcon.meta'
[1.005s] Level 1:colcon.colcon_core.package_discovery:discover_packages(recursive) check parameters
[1.006s] Level 1:colcon.colcon_core.package_discovery:discover_packages(ignore) check parameters
[1.006s] Level 1:colcon.colcon_core.package_discovery:discover_packages(path) check parameters
[1.006s] Level 1:colcon.colcon_core.package_discovery:discover_packages(colcon_meta) discover
[1.006s] Level 1:colcon.colcon_core.package_discovery:discover_packages(recursive) discover
[1.006s] INFO:colcon.colcon_core.package_discovery:Crawling recursively for packages in '/home/bbcontact/magician_ros2'
[1.007s] Level 1:colcon.colcon_core.package_identification:_identify(.) by extensions ['ignore', 'ignore_ament_install']
[1.007s] Level 1:colcon.colcon_core.package_identification:_identify(.) by extension 'ignore'
[1.007s] Level 1:colcon.colcon_core.package_identification:_identify(.) by extension 'ignore_ament_install'
[1.007s] Level 1:colcon.colcon_core.package_identification:_identify(.) by extensions ['colcon_pkg']
[1.008s] Level 1:colcon.colcon_core.package_identification:_identify(.) by extension 'colcon_pkg'
[1.008s] Level 1:colcon.colcon_core.package_identification:_identify(.) by extensions ['colcon_meta']
[1.008s] Level 1:colcon.colcon_core.package_identification:_identify(.) by extension 'colcon_meta'
[1.008s] Level 1:colcon.colcon_core.package_identification:_identify(.) by extensions ['ros']
[1.008s] Level 1:colcon.colcon_core.package_identification:_identify(.) by extension 'ros'
[1.127s] Level 1:colcon.colcon_core.package_identification:_identify(.) by extensions ['cmake', 'python']
[1.127s] Level 1:colcon.colcon_core.package_identification:_identify(.) by extension 'cmake'
[1.127s] Level 1:colcon.colcon_core.package_identification:_identify(.) by extension 'python'
[1.127s] Level 1:colcon.colcon_core.package_identification:_identify(.) by extensions ['python_setup_py']
[1.127s] Level 1:colcon.colcon_core.package_identification:_identify(.) by extension 'python_setup_py'
[1.128s] Level 1:colcon.colcon_core.package_identification:_identify(Log) by extensions ['ignore', 'ignore_ament_install']
[1.128s] Level 1:colcon.colcon_core.package_identification:_identify(Log) by extension 'ignore'
[1.129s] Level 1:colcon.colcon_core.package_identification:_identify(Log) by extension 'ignore_ament_install'
[1.129s] Level 1:colcon.colcon_core.package_identification:_identify(Log) by extensions ['colcon_pkg']
[1.129s] Level 1:colcon.colcon_core.package_identification:_identify(Log) by extension 'colcon_pkg'
[1.129s] Level 1:colcon.colcon_core.package_identification:_identify(Log) by extensions ['colcon_meta']
[1.129s] Level 1:colcon.colcon_core.package_identification:_identify(Log) by extension 'colcon_meta'
[1.130s] Level 1:colcon.colcon_core.package_identification:_identify(Log) by extensions ['ros']
[1.130s] Level 1:colcon.colcon_core.package_identification:_identify(Log) by extension 'ros'
[1.130s] Level 1:colcon.colcon_core.package_identification:_identify(Log) by extensions ['cmake', 'python']
[1.130s] Level 1:colcon.colcon_core.package_identification:_identify(Log) by extension 'cmake'
[1.130s] Level 1:colcon.colcon_core.package_identification:_identify(Log) by extension 'python'
[1.131s] Level 1:colcon.colcon_core.package_identification:_identify(Log) by extensions ['python_setup_py']
[1.131s] Level 1:colcon.colcon_core.package_identification:_identify(Log) by extension 'python_setup_py'
[1.131s] Level 1:colcon.colcon_core.package_identification:_identify(build) by extensions ['ignore', 'ignore_ament_install']
[1.131s] Level 1:colcon.colcon_core.package_identification:_identify(build) by extension 'ignore'
[1.132s] Level 1:colcon.colcon_core.package_identification:_identify(build) ignored
[1.132s] Level 1:colcon.colcon_core.package_identification:_identify(config) by extensions ['ignore', 'ignore_ament_install']
[1.132s] Level 1:colcon.colcon_core.package_identification:_identify(config) by extension 'ignore'
[1.133s] Level 1:colcon.colcon_core.package_identification:_identify(config) by extension 'ignore_ament_install'
[1.133s] Level 1:colcon.colcon_core.package_identification:_identify(config) by extensions ['colcon_pkg']
[1.133s] Level 1:colcon.colcon_core.package_identification:_identify(config) by extension 'colcon_pkg'
[1.133s] Level 1:colcon.colcon_core.package_identification:_identify(config) by extensions ['colcon_meta']
[1.133s] Level 1:colcon.colcon_core.package_identification:_identify(config) by extension 'colcon_meta'
[1.134s] Level 1:colcon.colcon_core.package_identification:_identify(config) by extensions ['ros']
[1.134s] Level 1:colcon.colcon_core.package_identification:_identify(config) by extension 'ros'
[1.134s] Level 1:colcon.colcon_core.package_identification:_identify(config) by extensions ['cmake', 'python']
[1.134s] Level 1:colcon.colcon_core.package_identification:_identify(config) by extension 'cmake'
[1.134s] Level 1:colcon.colcon_core.package_identification:_identify(config) by extension 'python'
[1.134s] Level 1:colcon.colcon_core.package_identification:_identify(config) by extensions ['python_setup_py']
[1.135s] Level 1:colcon.colcon_core.package_identification:_identify(config) by extension 'python_setup_py'
[1.135s] Level 1:colcon.colcon_core.package_identification:_identify(docs) by extensions ['ignore', 'ignore_ament_install']
[1.135s] Level 1:colcon.colcon_core.package_identification:_identify(docs) by extension 'ignore'
[1.135s] Level 1:colcon.colcon_core.package_identification:_identify(docs) by extension 'ignore_ament_install'
[1.136s] Level 1:colcon.colcon_core.package_identification:_identify(docs) by extensions ['colcon_pkg']
[1.136s] Level 1:colcon.colcon_core.package_identification:_identify(docs) by extension 'colcon_pkg'
[1.136s] Level 1:colcon.colcon_core.package_identification:_identify(docs) by extensions ['colcon_meta']
[1.136s] Level 1:colcon.colcon_core.package_identification:_identify(docs) by extension 'colcon_meta'
[1.136s] Level 1:colcon.colcon_core.package_identification:_identify(docs) by extensions ['ros']
[1.136s] Level 1:colcon.colcon_core.package_identification:_identify(docs) by extension 'ros'
[1.137s] Level 1:colcon.colcon_core.package_identification:_identify(docs) by extensions ['cmake', 'python']
[1.137s] Level 1:colcon.colcon_core.package_identification:_identify(docs) by extension 'cmake'
[1.137s] Level 1:colcon.colcon_core.package_identification:_identify(docs) by extension 'python'
[1.137s] Level 1:colcon.colcon_core.package_identification:_identify(docs) by extensions ['python_setup_py']
[1.137s] Level 1:colcon.colcon_core.package_identification:_identify(docs) by extension 'python_setup_py'
[1.138s] Level 1:colcon.colcon_core.package_identification:_identify(install) by extensions ['ignore', 'ignore_ament_install']
[1.138s] Level 1:colcon.colcon_core.package_identification:_identify(install) by extension 'ignore'
[1.138s] Level 1:colcon.colcon_core.package_identification:_identify(install) ignored
[1.138s] Level 1:colcon.colcon_core.package_identification:_identify(log) by extensions ['ignore', 'ignore_ament_install']
[1.139s] Level 1:colcon.colcon_core.package_identification:_identify(log) by extension 'ignore'
[1.139s] Level 1:colcon.colcon_core.package_identification:_identify(log) ignored
[1.139s] Level 1:colcon.colcon_core.package_identification:_identify(scripts) by extensions ['ignore', 'ignore_ament_install']
[1.139s] Level 1:colcon.colcon_core.package_identification:_identify(scripts) by extension 'ignore'
[1.139s] Level 1:colcon.colcon_core.package_identification:_identify(scripts) by extension 'ignore_ament_install'
[1.140s] Level 1:colcon.colcon_core.package_identification:_identify(scripts) by extensions ['colcon_pkg']
[1.140s] Level 1:colcon.colcon_core.package_identification:_identify(scripts) by extension 'colcon_pkg'
[1.140s] Level 1:colcon.colcon_core.package_identification:_identify(scripts) by extensions ['colcon_meta']
[1.140s] Level 1:colcon.colcon_core.package_identification:_identify(scripts) by extension 'colcon_meta'
[1.140s] Level 1:colcon.colcon_core.package_identification:_identify(scripts) by extensions ['ros']
[1.140s] Level 1:colcon.colcon_core.package_identification:_identify(scripts) by extension 'ros'
[1.140s] Level 1:colcon.colcon_core.package_identification:_identify(scripts) by extensions ['cmake', 'python']
[1.140s] Level 1:colcon.colcon_core.package_identification:_identify(scripts) by extension 'cmake'
[1.140s] Level 1:colcon.colcon_core.package_identification:_identify(scripts) by extension 'python'
[1.141s] Level 1:colcon.colcon_core.package_identification:_identify(scripts) by extensions ['python_setup_py']
[1.141s] Level 1:colcon.colcon_core.package_identification:_identify(scripts) by extension 'python_setup_py'
[1.141s] Level 1:colcon.colcon_core.package_identification:_identify(scripts/__pycache__) by extensions ['ignore', 'ignore_ament_install']
[1.141s] Level 1:colcon.colcon_core.package_identification:_identify(scripts/__pycache__) by extension 'ignore'
[1.141s] Level 1:colcon.colcon_core.package_identification:_identify(scripts/__pycache__) by extension 'ignore_ament_install'
[1.141s] Level 1:colcon.colcon_core.package_identification:_identify(scripts/__pycache__) by extensions ['colcon_pkg']
[1.141s] Level 1:colcon.colcon_core.package_identification:_identify(scripts/__pycache__) by extension 'colcon_pkg'
[1.142s] Level 1:colcon.colcon_core.package_identification:_identify(scripts/__pycache__) by extensions ['colcon_meta']
[1.142s] Level 1:colcon.colcon_core.package_identification:_identify(scripts/__pycache__) by extension 'colcon_meta'
[1.142s] Level 1:colcon.colcon_core.package_identification:_identify(scripts/__pycache__) by extensions ['ros']
[1.142s] Level 1:colcon.colcon_core.package_identification:_identify(scripts/__pycache__) by extension 'ros'
[1.142s] Level 1:colcon.colcon_core.package_identification:_identify(scripts/__pycache__) by extensions ['cmake', 'python']
[1.142s] Level 1:colcon.colcon_core.package_identification:_identify(scripts/__pycache__) by extension 'cmake'
[1.142s] Level 1:colcon.colcon_core.package_identification:_identify(scripts/__pycache__) by extension 'python'
[1.142s] Level 1:colcon.colcon_core.package_identification:_identify(scripts/__pycache__) by extensions ['python_setup_py']
[1.142s] Level 1:colcon.colcon_core.package_identification:_identify(scripts/__pycache__) by extension 'python_setup_py'
[1.143s] Level 1:colcon.colcon_core.package_identification:_identify(src) by extensions ['ignore', 'ignore_ament_install']
[1.143s] Level 1:colcon.colcon_core.package_identification:_identify(src) by extension 'ignore'
[1.143s] Level 1:colcon.colcon_core.package_identification:_identify(src) by extension 'ignore_ament_install'
[1.143s] Level 1:colcon.colcon_core.package_identification:_identify(src) by extensions ['colcon_pkg']
[1.143s] Level 1:colcon.colcon_core.package_identification:_identify(src) by extension 'colcon_pkg'
[1.143s] Level 1:colcon.colcon_core.package_identification:_identify(src) by extensions ['colcon_meta']
[1.143s] Level 1:colcon.colcon_core.package_identification:_identify(src) by extension 'colcon_meta'
[1.143s] Level 1:colcon.colcon_core.package_identification:_identify(src) by extensions ['ros']
[1.144s] Level 1:colcon.colcon_core.package_identification:_identify(src) by extension 'ros'
[1.144s] Level 1:colcon.colcon_core.package_identification:_identify(src) by extensions ['cmake', 'python']
[1.144s] Level 1:colcon.colcon_core.package_identification:_identify(src) by extension 'cmake'
[1.144s] Level 1:colcon.colcon_core.package_identification:_identify(src) by extension 'python'
[1.144s] Level 1:colcon.colcon_core.package_identification:_identify(src) by extensions ['python_setup_py']
[1.144s] Level 1:colcon.colcon_core.package_identification:_identify(src) by extension 'python_setup_py'
[1.144s] Level 1:colcon.colcon_core.package_identification:_identify(src/OrbbecSDK_ROS2) by extensions ['ignore', 'ignore_ament_install']
[1.145s] Level 1:colcon.colcon_core.package_identification:_identify(src/OrbbecSDK_ROS2) by extension 'ignore'
[1.145s] Level 1:colcon.colcon_core.package_identification:_identify(src/OrbbecSDK_ROS2) by extension 'ignore_ament_install'
[1.145s] Level 1:colcon.colcon_core.package_identification:_identify(src/OrbbecSDK_ROS2) by extensions ['colcon_pkg']
[1.145s] Level 1:colcon.colcon_core.package_identification:_identify(src/OrbbecSDK_ROS2) by extension 'colcon_pkg'
[1.145s] Level 1:colcon.colcon_core.package_identification:_identify(src/OrbbecSDK_ROS2) by extensions ['colcon_meta']
[1.145s] Level 1:colcon.colcon_core.package_identification:_identify(src/OrbbecSDK_ROS2) by extension 'colcon_meta'
[1.145s] Level 1:colcon.colcon_core.package_identification:_identify(src/OrbbecSDK_ROS2) by extensions ['ros']
[1.145s] Level 1:colcon.colcon_core.package_identification:_identify(src/OrbbecSDK_ROS2) by extension 'ros'
[1.146s] Level 1:colcon.colcon_core.package_identification:_identify(src/OrbbecSDK_ROS2) by extensions ['cmake', 'python']
[1.146s] Level 1:colcon.colcon_core.package_identification:_identify(src/OrbbecSDK_ROS2) by extension 'cmake'
[1.146s] Level 1:colcon.colcon_core.package_identification:_identify(src/OrbbecSDK_ROS2) by extension 'python'
[1.146s] Level 1:colcon.colcon_core.package_identification:_identify(src/OrbbecSDK_ROS2) by extensions ['python_setup_py']
[1.146s] Level 1:colcon.colcon_core.package_identification:_identify(src/OrbbecSDK_ROS2) by extension 'python_setup_py'
[1.146s] Level 1:colcon.colcon_core.package_identification:_identify(src/OrbbecSDK_ROS2/docs) by extensions ['ignore', 'ignore_ament_install']
[1.147s] Level 1:colcon.colcon_core.package_identification:_identify(src/OrbbecSDK_ROS2/docs) by extension 'ignore'
[1.147s] Level 1:colcon.colcon_core.package_identification:_identify(src/OrbbecSDK_ROS2/docs) by extension 'ignore_ament_install'
[1.147s] Level 1:colcon.colcon_core.package_identification:_identify(src/OrbbecSDK_ROS2/docs) by extensions ['colcon_pkg']
[1.147s] Level 1:colcon.colcon_core.package_identification:_identify(src/OrbbecSDK_ROS2/docs) by extension 'colcon_pkg'
[1.147s] Level 1:colcon.colcon_core.package_identification:_identify(src/OrbbecSDK_ROS2/docs) by extensions ['colcon_meta']
[1.147s] Level 1:colcon.colcon_core.package_identification:_identify(src/OrbbecSDK_ROS2/docs) by extension 'colcon_meta'
[1.147s] Level 1:colcon.colcon_core.package_identification:_identify(src/OrbbecSDK_ROS2/docs) by extensions ['ros']
[1.147s] Level 1:colcon.colcon_core.package_identification:_identify(src/OrbbecSDK_ROS2/docs) by extension 'ros'
[1.148s] Level 1:colcon.colcon_core.package_identification:_identify(src/OrbbecSDK_ROS2/docs) by extensions ['cmake', 'python']
[1.148s] Level 1:colcon.colcon_core.package_identification:_identify(src/OrbbecSDK_ROS2/docs) by extension 'cmake'
[1.148s] Level 1:colcon.colcon_core.package_identification:_identify(src/OrbbecSDK_ROS2/docs) by extension 'python'
[1.148s] Level 1:colcon.colcon_core.package_identification:_identify(src/OrbbecSDK_ROS2/docs) by extensions ['python_setup_py']
[1.148s] Level 1:colcon.colcon_core.package_identification:_identify(src/OrbbecSDK_ROS2/docs) by extension 'python_setup_py'
[1.148s] Level 1:colcon.colcon_core.package_identification:_identify(src/OrbbecSDK_ROS2/docs/images) by extensions ['ignore', 'ignore_ament_install']
[1.149s] Level 1:colcon.colcon_core.package_identification:_identify(src/OrbbecSDK_ROS2/docs/images) by extension 'ignore'
[1.149s] Level 1:colcon.colcon_core.package_identification:_identify(src/OrbbecSDK_ROS2/docs/images) by extension 'ignore_ament_install'
[1.149s] Level 1:colcon.colcon_core.package_identification:_identify(src/OrbbecSDK_ROS2/docs/images) by extensions ['colcon_pkg']
[1.149s] Level 1:colcon.colcon_core.package_identification:_identify(src/OrbbecSDK_ROS2/docs/images) by extension 'colcon_pkg'
[1.149s] Level 1:colcon.colcon_core.package_identification:_identify(src/OrbbecSDK_ROS2/docs/images) by extensions ['colcon_meta']
[1.150s] Level 1:colcon.colcon_core.package_identification:_identify(src/OrbbecSDK_ROS2/docs/images) by extension 'colcon_meta'
[1.150s] Level 1:colcon.colcon_core.package_identification:_identify(src/OrbbecSDK_ROS2/docs/images) by extensions ['ros']
[1.150s] Level 1:colcon.colcon_core.package_identification:_identify(src/OrbbecSDK_ROS2/docs/images) by extension 'ros'
[1.150s] Level 1:colcon.colcon_core.package_identification:_identify(src/OrbbecSDK_ROS2/docs/images) by extensions ['cmake', 'python']
[1.150s] Level 1:colcon.colcon_core.package_identification:_identify(src/OrbbecSDK_ROS2/docs/images) by extension 'cmake'
[1.151s] Level 1:colcon.colcon_core.package_identification:_identify(src/OrbbecSDK_ROS2/docs/images) by extension 'python'
[1.151s] Level 1:colcon.colcon_core.package_identification:_identify(src/OrbbecSDK_ROS2/docs/images) by extensions ['python_setup_py']
[1.151s] Level 1:colcon.colcon_core.package_identification:_identify(src/OrbbecSDK_ROS2/docs/images) by extension 'python_setup_py'
[1.151s] Level 1:colcon.colcon_core.package_identification:_identify(src/OrbbecSDK_ROS2/orbbec_camera) by extensions ['ignore', 'ignore_ament_install']
[1.151s] Level 1:colcon.colcon_core.package_identification:_identify(src/OrbbecSDK_ROS2/orbbec_camera) by extension 'ignore'
[1.152s] Level 1:colcon.colcon_core.package_identification:_identify(src/OrbbecSDK_ROS2/orbbec_camera) by extension 'ignore_ament_install'
[1.152s] Level 1:colcon.colcon_core.package_identification:_identify(src/OrbbecSDK_ROS2/orbbec_camera) by extensions ['colcon_pkg']
[1.152s] Level 1:colcon.colcon_core.package_identification:_identify(src/OrbbecSDK_ROS2/orbbec_camera) by extension 'colcon_pkg'
[1.152s] Level 1:colcon.colcon_core.package_identification:_identify(src/OrbbecSDK_ROS2/orbbec_camera) by extensions ['colcon_meta']
[1.152s] Level 1:colcon.colcon_core.package_identification:_identify(src/OrbbecSDK_ROS2/orbbec_camera) by extension 'colcon_meta'
[1.152s] Level 1:colcon.colcon_core.package_identification:_identify(src/OrbbecSDK_ROS2/orbbec_camera) by extensions ['ros']
[1.152s] Level 1:colcon.colcon_core.package_identification:_identify(src/OrbbecSDK_ROS2/orbbec_camera) by extension 'ros'
[1.166s] DEBUG:colcon.colcon_core.package_identification:Package 'src/OrbbecSDK_ROS2/orbbec_camera' with type 'ros.ament_cmake' and name 'orbbec_camera'
[1.166s] Level 1:colcon.colcon_core.package_identification:_identify(src/OrbbecSDK_ROS2/orbbec_camera_msgs) by extensions ['ignore', 'ignore_ament_install']
[1.167s] Level 1:colcon.colcon_core.package_identification:_identify(src/OrbbecSDK_ROS2/orbbec_camera_msgs) by extension 'ignore'
[1.167s] Level 1:colcon.colcon_core.package_identification:_identify(src/OrbbecSDK_ROS2/orbbec_camera_msgs) by extension 'ignore_ament_install'
[1.167s] Level 1:colcon.colcon_core.package_identification:_identify(src/OrbbecSDK_ROS2/orbbec_camera_msgs) by extensions ['colcon_pkg']
[1.167s] Level 1:colcon.colcon_core.package_identification:_identify(src/OrbbecSDK_ROS2/orbbec_camera_msgs) by extension 'colcon_pkg'
[1.168s] Level 1:colcon.colcon_core.package_identification:_identify(src/OrbbecSDK_ROS2/orbbec_camera_msgs) by extensions ['colcon_meta']
[1.168s] Level 1:colcon.colcon_core.package_identification:_identify(src/OrbbecSDK_ROS2/orbbec_camera_msgs) by extension 'colcon_meta'
[1.168s] Level 1:colcon.colcon_core.package_identification:_identify(src/OrbbecSDK_ROS2/orbbec_camera_msgs) by extensions ['ros']
[1.168s] Level 1:colcon.colcon_core.package_identification:_identify(src/OrbbecSDK_ROS2/orbbec_camera_msgs) by extension 'ros'
[1.170s] DEBUG:colcon.colcon_core.package_identification:Package 'src/OrbbecSDK_ROS2/orbbec_camera_msgs' with type 'ros.ament_cmake' and name 'orbbec_camera_msgs'
[1.170s] Level 1:colcon.colcon_core.package_identification:_identify(src/OrbbecSDK_ROS2/orbbec_description) by extensions ['ignore', 'ignore_ament_install']
[1.171s] Level 1:colcon.colcon_core.package_identification:_identify(src/OrbbecSDK_ROS2/orbbec_description) by extension 'ignore'
[1.171s] Level 1:colcon.colcon_core.package_identification:_identify(src/OrbbecSDK_ROS2/orbbec_description) by extension 'ignore_ament_install'
[1.171s] Level 1:colcon.colcon_core.package_identification:_identify(src/OrbbecSDK_ROS2/orbbec_description) by extensions ['colcon_pkg']
[1.171s] Level 1:colcon.colcon_core.package_identification:_identify(src/OrbbecSDK_ROS2/orbbec_description) by extension 'colcon_pkg'
[1.171s] Level 1:colcon.colcon_core.package_identification:_identify(src/OrbbecSDK_ROS2/orbbec_description) by extensions ['colcon_meta']
[1.172s] Level 1:colcon.colcon_core.package_identification:_identify(src/OrbbecSDK_ROS2/orbbec_description) by extension 'colcon_meta'
[1.172s] Level 1:colcon.colcon_core.package_identification:_identify(src/OrbbecSDK_ROS2/orbbec_description) by extensions ['ros']
[1.172s] Level 1:colcon.colcon_core.package_identification:_identify(src/OrbbecSDK_ROS2/orbbec_description) by extension 'ros'
[1.173s] DEBUG:colcon.colcon_core.package_identification:Package 'src/OrbbecSDK_ROS2/orbbec_description' with type 'ros.ament_cmake' and name 'orbbec_description'
[1.173s] Level 1:colcon.colcon_core.package_identification:_identify(src/magician_ros2) by extensions ['ignore', 'ignore_ament_install']
[1.174s] Level 1:colcon.colcon_core.package_identification:_identify(src/magician_ros2) by extension 'ignore'
[1.174s] Level 1:colcon.colcon_core.package_identification:_identify(src/magician_ros2) by extension 'ignore_ament_install'
[1.174s] Level 1:colcon.colcon_core.package_identification:_identify(src/magician_ros2) by extensions ['colcon_pkg']
[1.174s] Level 1:colcon.colcon_core.package_identification:_identify(src/magician_ros2) by extension 'colcon_pkg'
[1.174s] Level 1:colcon.colcon_core.package_identification:_identify(src/magician_ros2) by extensions ['colcon_meta']
[1.174s] Level 1:colcon.colcon_core.package_identification:_identify(src/magician_ros2) by extension 'colcon_meta'
[1.174s] Level 1:colcon.colcon_core.package_identification:_identify(src/magician_ros2) by extensions ['ros']
[1.174s] Level 1:colcon.colcon_core.package_identification:_identify(src/magician_ros2) by extension 'ros'
[1.175s] Level 1:colcon.colcon_core.package_identification:_identify(src/magician_ros2) by extensions ['cmake', 'python']
[1.175s] Level 1:colcon.colcon_core.package_identification:_identify(src/magician_ros2) by extension 'cmake'
[1.175s] Level 1:colcon.colcon_core.package_identification:_identify(src/magician_ros2) by extension 'python'
[1.175s] Level 1:colcon.colcon_core.package_identification:_identify(src/magician_ros2) by extensions ['python_setup_py']
[1.175s] Level 1:colcon.colcon_core.package_identification:_identify(src/magician_ros2) by extension 'python_setup_py'
[1.175s] Level 1:colcon.colcon_core.package_identification:_identify(src/magician_ros2/dobot_bringup) by extensions ['ignore', 'ignore_ament_install']
[1.176s] Level 1:colcon.colcon_core.package_identification:_identify(src/magician_ros2/dobot_bringup) by extension 'ignore'
[1.176s] Level 1:colcon.colcon_core.package_identification:_identify(src/magician_ros2/dobot_bringup) by extension 'ignore_ament_install'
[1.176s] Level 1:colcon.colcon_core.package_identification:_identify(src/magician_ros2/dobot_bringup) by extensions ['colcon_pkg']
[1.176s] Level 1:colcon.colcon_core.package_identification:_identify(src/magician_ros2/dobot_bringup) by extension 'colcon_pkg'
[1.176s] Level 1:colcon.colcon_core.package_identification:_identify(src/magician_ros2/dobot_bringup) by extensions ['colcon_meta']
[1.176s] Level 1:colcon.colcon_core.package_identification:_identify(src/magician_ros2/dobot_bringup) by extension 'colcon_meta'
[1.176s] Level 1:colcon.colcon_core.package_identification:_identify(src/magician_ros2/dobot_bringup) by extensions ['ros']
[1.177s] Level 1:colcon.colcon_core.package_identification:_identify(src/magician_ros2/dobot_bringup) by extension 'ros'
[1.179s] DEBUG:colcon.colcon_core.package_identification:Package 'src/magician_ros2/dobot_bringup' with type 'ros.ament_python' and name 'dobot_bringup'
[1.179s] Level 1:colcon.colcon_core.package_identification:_identify(src/magician_ros2/dobot_calibration) by extensions ['ignore', 'ignore_ament_install']
[1.179s] Level 1:colcon.colcon_core.package_identification:_identify(src/magician_ros2/dobot_calibration) by extension 'ignore'
[1.180s] Level 1:colcon.colcon_core.package_identification:_identify(src/magician_ros2/dobot_calibration) by extension 'ignore_ament_install'
[1.180s] Level 1:colcon.colcon_core.package_identification:_identify(src/magician_ros2/dobot_calibration) by extensions ['colcon_pkg']
[1.180s] Level 1:colcon.colcon_core.package_identification:_identify(src/magician_ros2/dobot_calibration) by extension 'colcon_pkg'
[1.180s] Level 1:colcon.colcon_core.package_identification:_identify(src/magician_ros2/dobot_calibration) by extensions ['colcon_meta']
[1.180s] Level 1:colcon.colcon_core.package_identification:_identify(src/magician_ros2/dobot_calibration) by extension 'colcon_meta'
[1.180s] Level 1:colcon.colcon_core.package_identification:_identify(src/magician_ros2/dobot_calibration) by extensions ['ros']
[1.181s] Level 1:colcon.colcon_core.package_identification:_identify(src/magician_ros2/dobot_calibration) by extension 'ros'
[1.183s] DEBUG:colcon.colcon_core.package_identification:Package 'src/magician_ros2/dobot_calibration' with type 'ros.ament_python' and name 'dobot_calibration'
[1.183s] Level 1:colcon.colcon_core.package_identification:_identify(src/magician_ros2/dobot_control_panel) by extensions ['ignore', 'ignore_ament_install']
[1.183s] Level 1:colcon.colcon_core.package_identification:_identify(src/magician_ros2/dobot_control_panel) by extension 'ignore'
[1.184s] Level 1:colcon.colcon_core.package_identification:_identify(src/magician_ros2/dobot_control_panel) by extension 'ignore_ament_install'
[1.184s] Level 1:colcon.colcon_core.package_identification:_identify(src/magician_ros2/dobot_control_panel) by extensions ['colcon_pkg']
[1.184s] Level 1:colcon.colcon_core.package_identification:_identify(src/magician_ros2/dobot_control_panel) by extension 'colcon_pkg'
[1.184s] Level 1:colcon.colcon_core.package_identification:_identify(src/magician_ros2/dobot_control_panel) by extensions ['colcon_meta']
[1.184s] Level 1:colcon.colcon_core.package_identification:_identify(src/magician_ros2/dobot_control_panel) by extension 'colcon_meta'
[1.184s] Level 1:colcon.colcon_core.package_identification:_identify(src/magician_ros2/dobot_control_panel) by extensions ['ros']
[1.185s] Level 1:colcon.colcon_core.package_identification:_identify(src/magician_ros2/dobot_control_panel) by extension 'ros'
[1.186s] DEBUG:colcon.colcon_core.package_identification:Package 'src/magician_ros2/dobot_control_panel' with type 'ros.ament_python' and name 'dobot_control_panel'
[1.186s] Level 1:colcon.colcon_core.package_identification:_identify(src/magician_ros2/dobot_demos) by extensions ['ignore', 'ignore_ament_install']
[1.187s] Level 1:colcon.colcon_core.package_identification:_identify(src/magician_ros2/dobot_demos) by extension 'ignore'
[1.187s] Level 1:colcon.colcon_core.package_identification:_identify(src/magician_ros2/dobot_demos) by extension 'ignore_ament_install'
[1.187s] Level 1:colcon.colcon_core.package_identification:_identify(src/magician_ros2/dobot_demos) by extensions ['colcon_pkg']
[1.187s] Level 1:colcon.colcon_core.package_identification:_identify(src/magician_ros2/dobot_demos) by extension 'colcon_pkg'
[1.188s] Level 1:colcon.colcon_core.package_identification:_identify(src/magician_ros2/dobot_demos) by extensions ['colcon_meta']
[1.188s] Level 1:colcon.colcon_core.package_identification:_identify(src/magician_ros2/dobot_demos) by extension 'colcon_meta'
[1.188s] Level 1:colcon.colcon_core.package_identification:_identify(src/magician_ros2/dobot_demos) by extensions ['ros']
[1.188s] Level 1:colcon.colcon_core.package_identification:_identify(src/magician_ros2/dobot_demos) by extension 'ros'
[1.191s] DEBUG:colcon.colcon_core.package_identification:Package 'src/magician_ros2/dobot_demos' with type 'ros.ament_python' and name 'dobot_demos'
[1.191s] Level 1:colcon.colcon_core.package_identification:_identify(src/magician_ros2/dobot_description) by extensions ['ignore', 'ignore_ament_install']
[1.192s] Level 1:colcon.colcon_core.package_identification:_identify(src/magician_ros2/dobot_description) by extension 'ignore'
[1.192s] Level 1:colcon.colcon_core.package_identification:_identify(src/magician_ros2/dobot_description) by extension 'ignore_ament_install'
[1.192s] Level 1:colcon.colcon_core.package_identification:_identify(src/magician_ros2/dobot_description) by extensions ['colcon_pkg']
[1.192s] Level 1:colcon.colcon_core.package_identification:_identify(src/magician_ros2/dobot_description) by extension 'colcon_pkg'
[1.193s] Level 1:colcon.colcon_core.package_identification:_identify(src/magician_ros2/dobot_description) by extensions ['colcon_meta']
[1.193s] Level 1:colcon.colcon_core.package_identification:_identify(src/magician_ros2/dobot_description) by extension 'colcon_meta'
[1.193s] Level 1:colcon.colcon_core.package_identification:_identify(src/magician_ros2/dobot_description) by extensions ['ros']
[1.193s] Level 1:colcon.colcon_core.package_identification:_identify(src/magician_ros2/dobot_description) by extension 'ros'
[1.195s] DEBUG:colcon.colcon_core.package_identification:Package 'src/magician_ros2/dobot_description' with type 'ros.ament_cmake' and name 'dobot_description'
[1.196s] Level 1:colcon.colcon_core.package_identification:_identify(src/magician_ros2/dobot_diagnostics) by extensions ['ignore', 'ignore_ament_install']
[1.196s] Level 1:colcon.colcon_core.package_identification:_identify(src/magician_ros2/dobot_diagnostics) by extension 'ignore'
[1.196s] Level 1:colcon.colcon_core.package_identification:_identify(src/magician_ros2/dobot_diagnostics) by extension 'ignore_ament_install'
[1.196s] Level 1:colcon.colcon_core.package_identification:_identify(src/magician_ros2/dobot_diagnostics) by extensions ['colcon_pkg']
[1.196s] Level 1:colcon.colcon_core.package_identification:_identify(src/magician_ros2/dobot_diagnostics) by extension 'colcon_pkg'
[1.197s] Level 1:colcon.colcon_core.package_identification:_identify(src/magician_ros2/dobot_diagnostics) by extensions ['colcon_meta']
[1.197s] Level 1:colcon.colcon_core.package_identification:_identify(src/magician_ros2/dobot_diagnostics) by extension 'colcon_meta'
[1.197s] Level 1:colcon.colcon_core.package_identification:_identify(src/magician_ros2/dobot_diagnostics) by extensions ['ros']
[1.197s] Level 1:colcon.colcon_core.package_identification:_identify(src/magician_ros2/dobot_diagnostics) by extension 'ros'
[1.200s] DEBUG:colcon.colcon_core.package_identification:Package 'src/magician_ros2/dobot_diagnostics' with type 'ros.ament_python' and name 'dobot_diagnostics'
[1.201s] Level 1:colcon.colcon_core.package_identification:_identify(src/magician_ros2/dobot_driver) by extensions ['ignore', 'ignore_ament_install']
[1.201s] Level 1:colcon.colcon_core.package_identification:_identify(src/magician_ros2/dobot_driver) by extension 'ignore'
[1.201s] Level 1:colcon.colcon_core.package_identification:_identify(src/magician_ros2/dobot_driver) by extension 'ignore_ament_install'
[1.201s] Level 1:colcon.colcon_core.package_identification:_identify(src/magician_ros2/dobot_driver) by extensions ['colcon_pkg']
[1.201s] Level 1:colcon.colcon_core.package_identification:_identify(src/magician_ros2/dobot_driver) by extension 'colcon_pkg'
[1.202s] Level 1:colcon.colcon_core.package_identification:_identify(src/magician_ros2/dobot_driver) by extensions ['colcon_meta']
[1.202s] Level 1:colcon.colcon_core.package_identification:_identify(src/magician_ros2/dobot_driver) by extension 'colcon_meta'
[1.202s] Level 1:colcon.colcon_core.package_identification:_identify(src/magician_ros2/dobot_driver) by extensions ['ros']
[1.202s] Level 1:colcon.colcon_core.package_identification:_identify(src/magician_ros2/dobot_driver) by extension 'ros'
[1.203s] DEBUG:colcon.colcon_core.package_identification:Package 'src/magician_ros2/dobot_driver' with type 'ros.ament_cmake' and name 'dobot_driver'
[1.203s] Level 1:colcon.colcon_core.package_identification:_identify(src/magician_ros2/dobot_end_effector) by extensions ['ignore', 'ignore_ament_install']
[1.204s] Level 1:colcon.colcon_core.package_identification:_identify(src/magician_ros2/dobot_end_effector) by extension 'ignore'
[1.204s] Level 1:colcon.colcon_core.package_identification:_identify(src/magician_ros2/dobot_end_effector) by extension 'ignore_ament_install'
[1.204s] Level 1:colcon.colcon_core.package_identification:_identify(src/magician_ros2/dobot_end_effector) by extensions ['colcon_pkg']
[1.204s] Level 1:colcon.colcon_core.package_identification:_identify(src/magician_ros2/dobot_end_effector) by extension 'colcon_pkg'
[1.204s] Level 1:colcon.colcon_core.package_identification:_identify(src/magician_ros2/dobot_end_effector) by extensions ['colcon_meta']
[1.204s] Level 1:colcon.colcon_core.package_identification:_identify(src/magician_ros2/dobot_end_effector) by extension 'colcon_meta'
[1.205s] Level 1:colcon.colcon_core.package_identification:_identify(src/magician_ros2/dobot_end_effector) by extensions ['ros']
[1.205s] Level 1:colcon.colcon_core.package_identification:_identify(src/magician_ros2/dobot_end_effector) by extension 'ros'
[1.206s] DEBUG:colcon.colcon_core.package_identification:Package 'src/magician_ros2/dobot_end_effector' with type 'ros.ament_python' and name 'dobot_end_effector'
[1.207s] Level 1:colcon.colcon_core.package_identification:_identify(src/magician_ros2/dobot_homing) by extensions ['ignore', 'ignore_ament_install']
[1.207s] Level 1:colcon.colcon_core.package_identification:_identify(src/magician_ros2/dobot_homing) by extension 'ignore'
[1.207s] Level 1:colcon.colcon_core.package_identification:_identify(src/magician_ros2/dobot_homing) by extension 'ignore_ament_install'
[1.207s] Level 1:colcon.colcon_core.package_identification:_identify(src/magician_ros2/dobot_homing) by extensions ['colcon_pkg']
[1.207s] Level 1:colcon.colcon_core.package_identification:_identify(src/magician_ros2/dobot_homing) by extension 'colcon_pkg'
[1.208s] Level 1:colcon.colcon_core.package_identification:_identify(src/magician_ros2/dobot_homing) by extensions ['colcon_meta']
[1.208s] Level 1:colcon.colcon_core.package_identification:_identify(src/magician_ros2/dobot_homing) by extension 'colcon_meta'
[1.208s] Level 1:colcon.colcon_core.package_identification:_identify(src/magician_ros2/dobot_homing) by extensions ['ros']
[1.208s] Level 1:colcon.colcon_core.package_identification:_identify(src/magician_ros2/dobot_homing) by extension 'ros'
[1.209s] DEBUG:colcon.colcon_core.package_identification:Package 'src/magician_ros2/dobot_homing' with type 'ros.ament_python' and name 'dobot_homing'
[1.210s] Level 1:colcon.colcon_core.package_identification:_identify(src/magician_ros2/dobot_kinematics) by extensions ['ignore', 'ignore_ament_install']
[1.210s] Level 1:colcon.colcon_core.package_identification:_identify(src/magician_ros2/dobot_kinematics) by extension 'ignore'
[1.210s] Level 1:colcon.colcon_core.package_identification:_identify(src/magician_ros2/dobot_kinematics) by extension 'ignore_ament_install'
[1.210s] Level 1:colcon.colcon_core.package_identification:_identify(src/magician_ros2/dobot_kinematics) by extensions ['colcon_pkg']
[1.210s] Level 1:colcon.colcon_core.package_identification:_identify(src/magician_ros2/dobot_kinematics) by extension 'colcon_pkg'
[1.210s] Level 1:colcon.colcon_core.package_identification:_identify(src/magician_ros2/dobot_kinematics) by extensions ['colcon_meta']
[1.211s] Level 1:colcon.colcon_core.package_identification:_identify(src/magician_ros2/dobot_kinematics) by extension 'colcon_meta'
[1.211s] Level 1:colcon.colcon_core.package_identification:_identify(src/magician_ros2/dobot_kinematics) by extensions ['ros']
[1.211s] Level 1:colcon.colcon_core.package_identification:_identify(src/magician_ros2/dobot_kinematics) by extension 'ros'
[1.213s] DEBUG:colcon.colcon_core.package_identification:Package 'src/magician_ros2/dobot_kinematics' with type 'ros.ament_python' and name 'dobot_kinematics'
[1.213s] Level 1:colcon.colcon_core.package_identification:_identify(src/magician_ros2/dobot_motion) by extensions ['ignore', 'ignore_ament_install']
[1.213s] Level 1:colcon.colcon_core.package_identification:_identify(src/magician_ros2/dobot_motion) by extension 'ignore'
[1.213s] Level 1:colcon.colcon_core.package_identification:_identify(src/magician_ros2/dobot_motion) by extension 'ignore_ament_install'
[1.213s] Level 1:colcon.colcon_core.package_identification:_identify(src/magician_ros2/dobot_motion) by extensions ['colcon_pkg']
[1.214s] Level 1:colcon.colcon_core.package_identification:_identify(src/magician_ros2/dobot_motion) by extension 'colcon_pkg'
[1.214s] Level 1:colcon.colcon_core.package_identification:_identify(src/magician_ros2/dobot_motion) by extensions ['colcon_meta']
[1.214s] Level 1:colcon.colcon_core.package_identification:_identify(src/magician_ros2/dobot_motion) by extension 'colcon_meta'
[1.214s] Level 1:colcon.colcon_core.package_identification:_identify(src/magician_ros2/dobot_motion) by extensions ['ros']
[1.214s] Level 1:colcon.colcon_core.package_identification:_identify(src/magician_ros2/dobot_motion) by extension 'ros'
[1.216s] DEBUG:colcon.colcon_core.package_identification:Package 'src/magician_ros2/dobot_motion' with type 'ros.ament_python' and name 'dobot_motion'
[1.216s] Level 1:colcon.colcon_core.package_identification:_identify(src/magician_ros2/dobot_msgs) by extensions ['ignore', 'ignore_ament_install']
[1.217s] Level 1:colcon.colcon_core.package_identification:_identify(src/magician_ros2/dobot_msgs) by extension 'ignore'
[1.217s] Level 1:colcon.colcon_core.package_identification:_identify(src/magician_ros2/dobot_msgs) by extension 'ignore_ament_install'
[1.217s] Level 1:colcon.colcon_core.package_identification:_identify(src/magician_ros2/dobot_msgs) by extensions ['colcon_pkg']
[1.217s] Level 1:colcon.colcon_core.package_identification:_identify(src/magician_ros2/dobot_msgs) by extension 'colcon_pkg'
[1.218s] Level 1:colcon.colcon_core.package_identification:_identify(src/magician_ros2/dobot_msgs) by extensions ['colcon_meta']
[1.218s] Level 1:colcon.colcon_core.package_identification:_identify(src/magician_ros2/dobot_msgs) by extension 'colcon_meta'
[1.218s] Level 1:colcon.colcon_core.package_identification:_identify(src/magician_ros2/dobot_msgs) by extensions ['ros']
[1.218s] Level 1:colcon.colcon_core.package_identification:_identify(src/magician_ros2/dobot_msgs) by extension 'ros'
[1.221s] DEBUG:colcon.colcon_core.package_identification:Package 'src/magician_ros2/dobot_msgs' with type 'ros.ament_cmake' and name 'dobot_msgs'
[1.221s] Level 1:colcon.colcon_core.package_identification:_identify(src/magician_ros2/dobot_object_vision) by extensions ['ignore', 'ignore_ament_install']
[1.222s] Level 1:colcon.colcon_core.package_identification:_identify(src/magician_ros2/dobot_object_vision) by extension 'ignore'
[1.222s] Level 1:colcon.colcon_core.package_identification:_identify(src/magician_ros2/dobot_object_vision) by extension 'ignore_ament_install'
[1.222s] Level 1:colcon.colcon_core.package_identification:_identify(src/magician_ros2/dobot_object_vision) by extensions ['colcon_pkg']
[1.222s] Level 1:colcon.colcon_core.package_identification:_identify(src/magician_ros2/dobot_object_vision) by extension 'colcon_pkg'
[1.223s] Level 1:colcon.colcon_core.package_identification:_identify(src/magician_ros2/dobot_object_vision) by extensions ['colcon_meta']
[1.223s] Level 1:colcon.colcon_core.package_identification:_identify(src/magician_ros2/dobot_object_vision) by extension 'colcon_meta'
[1.223s] Level 1:colcon.colcon_core.package_identification:_identify(src/magician_ros2/dobot_object_vision) by extensions ['ros']
[1.223s] Level 1:colcon.colcon_core.package_identification:_identify(src/magician_ros2/dobot_object_vision) by extension 'ros'
[1.225s] DEBUG:colcon.colcon_core.package_identification:Package 'src/magician_ros2/dobot_object_vision' with type 'ros.ament_python' and name 'dobot_object_vision'
[1.226s] Level 1:colcon.colcon_core.package_identification:_identify(src/magician_ros2/dobot_state_updater) by extensions ['ignore', 'ignore_ament_install']
[1.226s] Level 1:colcon.colcon_core.package_identification:_identify(src/magician_ros2/dobot_state_updater) by extension 'ignore'
[1.226s] Level 1:colcon.colcon_core.package_identification:_identify(src/magician_ros2/dobot_state_updater) by extension 'ignore_ament_install'
[1.227s] Level 1:colcon.colcon_core.package_identification:_identify(src/magician_ros2/dobot_state_updater) by extensions ['colcon_pkg']
[1.227s] Level 1:colcon.colcon_core.package_identification:_identify(src/magician_ros2/dobot_state_updater) by extension 'colcon_pkg'
[1.227s] Level 1:colcon.colcon_core.package_identification:_identify(src/magician_ros2/dobot_state_updater) by extensions ['colcon_meta']
[1.227s] Level 1:colcon.colcon_core.package_identification:_identify(src/magician_ros2/dobot_state_updater) by extension 'colcon_meta'
[1.227s] Level 1:colcon.colcon_core.package_identification:_identify(src/magician_ros2/dobot_state_updater) by extensions ['ros']
[1.227s] Level 1:colcon.colcon_core.package_identification:_identify(src/magician_ros2/dobot_state_updater) by extension 'ros'
[1.231s] DEBUG:colcon.colcon_core.package_identification:Package 'src/magician_ros2/dobot_state_updater' with type 'ros.ament_python' and name 'dobot_state_updater'
[1.231s] Level 1:colcon.colcon_core.package_identification:_identify(src/magician_ros2/dobot_vision_rgbd) by extensions ['ignore', 'ignore_ament_install']
[1.232s] Level 1:colcon.colcon_core.package_identification:_identify(src/magician_ros2/dobot_vision_rgbd) by extension 'ignore'
[1.232s] Level 1:colcon.colcon_core.package_identification:_identify(src/magician_ros2/dobot_vision_rgbd) by extension 'ignore_ament_install'
[1.232s] Level 1:colcon.colcon_core.package_identification:_identify(src/magician_ros2/dobot_vision_rgbd) by extensions ['colcon_pkg']
[1.232s] Level 1:colcon.colcon_core.package_identification:_identify(src/magician_ros2/dobot_vision_rgbd) by extension 'colcon_pkg'
[1.233s] Level 1:colcon.colcon_core.package_identification:_identify(src/magician_ros2/dobot_vision_rgbd) by extensions ['colcon_meta']
[1.233s] Level 1:colcon.colcon_core.package_identification:_identify(src/magician_ros2/dobot_vision_rgbd) by extension 'colcon_meta'
[1.233s] Level 1:colcon.colcon_core.package_identification:_identify(src/magician_ros2/dobot_vision_rgbd) by extensions ['ros']
[1.233s] Level 1:colcon.colcon_core.package_identification:_identify(src/magician_ros2/dobot_vision_rgbd) by extension 'ros'
[1.236s] DEBUG:colcon.colcon_core.package_identification:Package 'src/magician_ros2/dobot_vision_rgbd' with type 'ros.ament_python' and name 'dobot_vision_rgbd'
[1.236s] Level 1:colcon.colcon_core.package_identification:_identify(src/magician_ros2/dobot_vision_yolo) by extensions ['ignore', 'ignore_ament_install']
[1.237s] Level 1:colcon.colcon_core.package_identification:_identify(src/magician_ros2/dobot_vision_yolo) by extension 'ignore'
[1.237s] Level 1:colcon.colcon_core.package_identification:_identify(src/magician_ros2/dobot_vision_yolo) by extension 'ignore_ament_install'
[1.237s] Level 1:colcon.colcon_core.package_identification:_identify(src/magician_ros2/dobot_vision_yolo) by extensions ['colcon_pkg']
[1.237s] Level 1:colcon.colcon_core.package_identification:_identify(src/magician_ros2/dobot_vision_yolo) by extension 'colcon_pkg'
[1.237s] Level 1:colcon.colcon_core.package_identification:_identify(src/magician_ros2/dobot_vision_yolo) by extensions ['colcon_meta']
[1.237s] Level 1:colcon.colcon_core.package_identification:_identify(src/magician_ros2/dobot_vision_yolo) by extension 'colcon_meta'
[1.237s] Level 1:colcon.colcon_core.package_identification:_identify(src/magician_ros2/dobot_vision_yolo) by extensions ['ros']
[1.237s] Level 1:colcon.colcon_core.package_identification:_identify(src/magician_ros2/dobot_vision_yolo) by extension 'ros'
[1.239s] DEBUG:colcon.colcon_core.package_identification:Package 'src/magician_ros2/dobot_vision_yolo' with type 'ros.ament_python' and name 'dobot_vision_yolo'
[1.240s] Level 1:colcon.colcon_core.package_identification:_identify(src/magician_ros2/dobot_visualization_tools) by extensions ['ignore', 'ignore_ament_install']
[1.240s] Level 1:colcon.colcon_core.package_identification:_identify(src/magician_ros2/dobot_visualization_tools) by extension 'ignore'
[1.240s] Level 1:colcon.colcon_core.package_identification:_identify(src/magician_ros2/dobot_visualization_tools) by extension 'ignore_ament_install'
[1.240s] Level 1:colcon.colcon_core.package_identification:_identify(src/magician_ros2/dobot_visualization_tools) by extensions ['colcon_pkg']
[1.240s] Level 1:colcon.colcon_core.package_identification:_identify(src/magician_ros2/dobot_visualization_tools) by extension 'colcon_pkg'
[1.240s] Level 1:colcon.colcon_core.package_identification:_identify(src/magician_ros2/dobot_visualization_tools) by extensions ['colcon_meta']
[1.241s] Level 1:colcon.colcon_core.package_identification:_identify(src/magician_ros2/dobot_visualization_tools) by extension 'colcon_meta'
[1.241s] Level 1:colcon.colcon_core.package_identification:_identify(src/magician_ros2/dobot_visualization_tools) by extensions ['ros']
[1.241s] Level 1:colcon.colcon_core.package_identification:_identify(src/magician_ros2/dobot_visualization_tools) by extension 'ros'
[1.242s] DEBUG:colcon.colcon_core.package_identification:Package 'src/magician_ros2/dobot_visualization_tools' with type 'ros.ament_python' and name 'dobot_visualization_tools'
[1.242s] Level 1:colcon.colcon_core.package_identification:_identify(src/magician_ros2/dobot_web_interface) by extensions ['ignore', 'ignore_ament_install']
[1.242s] Level 1:colcon.colcon_core.package_identification:_identify(src/magician_ros2/dobot_web_interface) by extension 'ignore'
[1.243s] Level 1:colcon.colcon_core.package_identification:_identify(src/magician_ros2/dobot_web_interface) by extension 'ignore_ament_install'
[1.243s] Level 1:colcon.colcon_core.package_identification:_identify(src/magician_ros2/dobot_web_interface) by extensions ['colcon_pkg']
[1.243s] Level 1:colcon.colcon_core.package_identification:_identify(src/magician_ros2/dobot_web_interface) by extension 'colcon_pkg'
[1.243s] Level 1:colcon.colcon_core.package_identification:_identify(src/magician_ros2/dobot_web_interface) by extensions ['colcon_meta']
[1.243s] Level 1:colcon.colcon_core.package_identification:_identify(src/magician_ros2/dobot_web_interface) by extension 'colcon_meta'
[1.243s] Level 1:colcon.colcon_core.package_identification:_identify(src/magician_ros2/dobot_web_interface) by extensions ['ros']
[1.243s] Level 1:colcon.colcon_core.package_identification:_identify(src/magician_ros2/dobot_web_interface) by extension 'ros'
[1.245s] DEBUG:colcon.colcon_core.package_identification:Package 'src/magician_ros2/dobot_web_interface' with type 'ros.ament_python' and name 'dobot_web_interface'
[1.246s] Level 1:colcon.colcon_core.package_identification:_identify(systemd) by extensions ['ignore', 'ignore_ament_install']
[1.246s] Level 1:colcon.colcon_core.package_identification:_identify(systemd) by extension 'ignore'
[1.246s] Level 1:colcon.colcon_core.package_identification:_identify(systemd) by extension 'ignore_ament_install'
[1.246s] Level 1:colcon.colcon_core.package_identification:_identify(systemd) by extensions ['colcon_pkg']
[1.246s] Level 1:colcon.colcon_core.package_identification:_identify(systemd) by extension 'colcon_pkg'
[1.246s] Level 1:colcon.colcon_core.package_identification:_identify(systemd) by extensions ['colcon_meta']
[1.247s] Level 1:colcon.colcon_core.package_identification:_identify(systemd) by extension 'colcon_meta'
[1.247s] Level 1:colcon.colcon_core.package_identification:_identify(systemd) by extensions ['ros']
[1.247s] Level 1:colcon.colcon_core.package_identification:_identify(systemd) by extension 'ros'
[1.247s] Level 1:colcon.colcon_core.package_identification:_identify(systemd) by extensions ['cmake', 'python']
[1.247s] Level 1:colcon.colcon_core.package_identification:_identify(systemd) by extension 'cmake'
[1.247s] Level 1:colcon.colcon_core.package_identification:_identify(systemd) by extension 'python'
[1.247s] Level 1:colcon.colcon_core.package_identification:_identify(systemd) by extensions ['python_setup_py']
[1.247s] Level 1:colcon.colcon_core.package_identification:_identify(systemd) by extension 'python_setup_py'
[1.247s] Level 1:colcon.colcon_core.package_discovery:discover_packages(recursive) using defaults
[1.248s] Level 1:colcon.colcon_core.package_discovery:discover_packages(ignore) discover
[1.248s] Level 1:colcon.colcon_core.package_discovery:discover_packages(ignore) using defaults
[1.248s] Level 1:colcon.colcon_core.package_discovery:discover_packages(path) discover
[1.248s] Level 1:colcon.colcon_core.package_discovery:discover_packages(path) using defaults
[1.350s] INFO:colcon.colcon_core.package_selection:Skipping not selected package 'dobot_description' in 'src/magician_ros2/dobot_description'
[1.351s] INFO:colcon.colcon_core.package_selection:Skipping not selected package 'dobot_driver' in 'src/magician_ros2/dobot_driver'
[1.351s] INFO:colcon.colcon_core.package_selection:Skipping not selected package 'dobot_msgs' in 'src/magician_ros2/dobot_msgs'
[1.351s] INFO:colcon.colcon_core.package_selection:Skipping not selected package 'dobot_vision_yolo' in 'src/magician_ros2/dobot_vision_yolo'
[1.351s] INFO:colcon.colcon_core.package_selection:Skipping not selected package 'dobot_visualization_tools' in 'src/magician_ros2/dobot_visualization_tools'
[1.351s] INFO:colcon.colcon_core.package_selection:Skipping not selected package 'orbbec_camera_msgs' in 'src/OrbbecSDK_ROS2/orbbec_camera_msgs'
[1.351s] INFO:colcon.colcon_core.package_selection:Skipping not selected package 'orbbec_description' in 'src/OrbbecSDK_ROS2/orbbec_description'
[1.351s] INFO:colcon.colcon_core.package_selection:Skipping not selected package 'dobot_control_panel' in 'src/magician_ros2/dobot_control_panel'
[1.351s] INFO:colcon.colcon_core.package_selection:Skipping not selected package 'dobot_diagnostics' in 'src/magician_ros2/dobot_diagnostics'
[1.351s] INFO:colcon.colcon_core.package_selection:Skipping not selected package 'dobot_end_effector' in 'src/magician_ros2/dobot_end_effector'
[1.351s] INFO:colcon.colcon_core.package_selection:Skipping not selected package 'dobot_homing' in 'src/magician_ros2/dobot_homing'
[1.351s] INFO:colcon.colcon_core.package_selection:Skipping not selected package 'dobot_kinematics' in 'src/magician_ros2/dobot_kinematics'
[1.351s] INFO:colcon.colcon_core.package_selection:Skipping not selected package 'dobot_motion' in 'src/magician_ros2/dobot_motion'
[1.352s] INFO:colcon.colcon_core.package_selection:Skipping not selected package 'dobot_object_vision' in 'src/magician_ros2/dobot_object_vision'
[1.352s] INFO:colcon.colcon_core.package_selection:Skipping not selected package 'dobot_state_updater' in 'src/magician_ros2/dobot_state_updater'
[1.352s] INFO:colcon.colcon_core.package_selection:Skipping not selected package 'orbbec_camera' in 'src/OrbbecSDK_ROS2/orbbec_camera'
[1.352s] INFO:colcon.colcon_core.package_selection:Skipping not selected package 'dobot_bringup' in 'src/magician_ros2/dobot_bringup'
[1.352s] INFO:colcon.colcon_core.package_selection:Skipping not selected package 'dobot_demos' in 'src/magician_ros2/dobot_demos'
[1.354s] Level 1:colcon.colcon_core.package_discovery:discover_packages(prefix_path) check parameters
[1.354s] Level 1:colcon.colcon_core.package_discovery:discover_packages(prefix_path) discover
[1.371s] DEBUG:colcon.colcon_installed_package_information.package_discovery:Found 21 installed packages in /home/bbcontact/magician_ros2/install
[1.376s] DEBUG:colcon.colcon_installed_package_information.package_discovery:Found 401 installed packages in /opt/ros/jazzy
[1.379s] Level 1:colcon.colcon_core.package_discovery:discover_packages(prefix_path) using defaults
[1.618s] WARNING:colcon.colcon_core.package_selection:Some selected packages are already built in one or more underlay workspaces:
	'dobot_calibration' is in: /home/bbcontact/magician_ros2/install/dobot_calibration
If a package in a merged underlay workspace is overridden and it installs headers, then all packages in the overlay must sort their include directories by workspace order. Failure to do so may result in build failures or undefined behavior at run time.
If the overridden package is used by another package in any underlay, then the overriding package in the overlay must be API and ABI compatible or undefined behavior at run time may occur.

If you understand the risks and want to override a package anyways, add the following to the command line:
	--allow-overriding dobot_calibration

This may be promoted to an error in a future release of colcon-override-check.
[1.623s] Level 5:colcon.colcon_core.verb:set package 'dobot_calibration' build argument 'cmake_args' from command line to 'None'
[1.623s] Level 5:colcon.colcon_core.verb:set package 'dobot_calibration' build argument 'cmake_target' from command line to 'None'
[1.623s] Level 5:colcon.colcon_core.verb:set package 'dobot_calibration' build argument 'cmake_target_skip_unavailable' from command line to 'False'
[1.624s] Level 5:colcon.colcon_core.verb:set package 'dobot_calibration' build argument 'cmake_clean_cache' from command line to 'False'
[1.624s] Level 5:colcon.colcon_core.verb:set package 'dobot_calibration' build argument 'cmake_clean_first' from command line to 'False'
[1.624s] Level 5:colcon.colcon_core.verb:set package 'dobot_calibration' build argument 'cmake_force_configure' from command line to 'False'
[1.624s] Level 5:colcon.colcon_core.verb:set package 'dobot_calibration' build argument 'ament_cmake_args' from command line to 'None'
[1.624s] Level 5:colcon.colcon_core.verb:set package 'dobot_calibration' build argument 'catkin_cmake_args' from command line to 'None'
[1.624s] Level 5:colcon.colcon_core.verb:set package 'dobot_calibration' build argument 'catkin_skip_building_tests' from command line to 'False'
[1.624s] DEBUG:colcon.colcon_core.verb:Building package 'dobot_calibration' with the following arguments: {'ament_cmake_args': None, 'build_base': '/home/bbcontact/magician_ros2/build/dobot_calibration', 'catkin_cmake_args': None, 'catkin_skip_building_tests': False, 'cmake_args': None, 'cmake_clean_cache': False, 'cmake_clean_first': False, 'cmake_force_configure': False, 'cmake_target': None, 'cmake_target_skip_unavailable': False, 'install_base': '/home/bbcontact/magician_ros2/install/dobot_calibration', 'merge_install': False, 'path': '/home/bbcontact/magician_ros2/src/magician_ros2/dobot_calibration', 'symlink_install': True, 'test_result_base': None}
[1.625s] Level 5:colcon.colcon_core.verb:set package 'dobot_vision_rgbd' build argument 'cmake_args' from command line to 'None'
[1.625s] Level 5:colcon.colcon_core.verb:set package 'dobot_vision_rgbd' build argument 'cmake_target' from command line to 'None'
[1.625s] Level 5:colcon.colcon_core.verb:set package 'dobot_vision_rgbd' build argument 'cmake_target_skip_unavailable' from command line to 'False'
[1.625s] Level 5:colcon.colcon_core.verb:set package 'dobot_vision_rgbd' build argument 'cmake_clean_cache' from command line to 'False'
[1.626s] Level 5:colcon.colcon_core.verb:set package 'dobot_vision_rgbd' build argument 'cmake_clean_first' from command line to 'False'
[1.626s] Level 5:colcon.colcon_core.verb:set package 'dobot_vision_rgbd' build argument 'cmake_force_configure' from command line to 'False'
[1.626s] Level 5:colcon.colcon_core.verb:set package 'dobot_vision_rgbd' build argument 'ament_cmake_args' from command line to 'None'
[1.626s] Level 5:colcon.colcon_core.verb:set package 'dobot_vision_rgbd' build argument 'catkin_cmake_args' from command line to 'None'
[1.626s] Level 5:colcon.colcon_core.verb:set package 'dobot_vision_rgbd' build argument 'catkin_skip_building_tests' from command line to 'False'
[1.626s] DEBUG:colcon.colcon_core.verb:Building package 'dobot_vision_rgbd' with the following arguments: {'ament_cmake_args': None, 'build_base': '/home/bbcontact/magician_ros2/build/dobot_vision_rgbd', 'catkin_cmake_args': None, 'catkin_skip_building_tests': False, 'cmake_args': None, 'cmake_clean_cache': False, 'cmake_clean_first': False, 'cmake_force_configure': False, 'cmake_target': None, 'cmake_target_skip_unavailable': False, 'install_base': '/home/bbcontact/magician_ros2/install/dobot_vision_rgbd', 'merge_install': False, 'path': '/home/bbcontact/magician_ros2/src/magician_ros2/dobot_vision_rgbd', 'symlink_install': True, 'test_result_base': None}
[1.627s] Level 5:colcon.colcon_core.verb:set package 'dobot_web_interface' build argument 'cmake_args' from command line to 'None'
[1.628s] Level 5:colcon.colcon_core.verb:set package 'dobot_web_interface' build argument 'cmake_target' from command line to 'None'
[1.628s] Level 5:colcon.colcon_core.verb:set package 'dobot_web_interface' build argument 'cmake_target_skip_unavailable' from command line to 'False'
[1.628s] Level 5:colcon.colcon_core.verb:set package 'dobot_web_interface' build argument 'cmake_clean_cache' from command line to 'False'
[1.628s] Level 5:colcon.colcon_core.verb:set package 'dobot_web_interface' build argument 'cmake_clean_first' from command line to 'False'
[1.628s] Level 5:colcon.colcon_core.verb:set package 'dobot_web_interface' build argument 'cmake_force_configure' from command line to 'False'
[1.628s] Level 5:colcon.colcon_core.verb:set package 'dobot_web_interface' build argument 'ament_cmake_args' from command line to 'None'
[1.628s] Level 5:colcon.colcon_core.verb:set package 'dobot_web_interface' build argument 'catkin_cmake_args' from command line to 'None'
[1.628s] Level 5:colcon.colcon_core.verb:set package 'dobot_web_interface' build argument 'catkin_skip_building_tests' from command line to 'False'
[1.629s] DEBUG:colcon.colcon_core.verb:Building package 'dobot_web_interface' with the following arguments: {'ament_cmake_args': None, 'build_base': '/home/bbcontact/magician_ros2/build/dobot_web_interface', 'catkin_cmake_args': None, 'catkin_skip_building_tests': False, 'cmake_args': None, 'cmake_clean_cache': False, 'cmake_clean_first': False, 'cmake_force_configure': False, 'cmake_target': None, 'cmake_target_skip_unavailable': False, 'install_base': '/home/bbcontact/magician_ros2/install/dobot_web_interface', 'merge_install': False, 'path': '/home/bbcontact/magician_ros2/src/magician_ros2/dobot_web_interface', 'symlink_install': True, 'test_result_base': None}
[1.629s] INFO:colcon.colcon_core.executor:Executing jobs using 'parallel' executor
[1.634s] DEBUG:colcon.colcon_parallel_executor.executor.parallel:run_until_complete
[1.634s] INFO:colcon.colcon_ros.task.ament_python.build:Building ROS package in '/home/bbcontact/magician_ros2/src/magician_ros2/dobot_calibration' with build type 'ament_python'
[1.635s] Level 1:colcon.colcon_core.shell:create_environment_hook('dobot_calibration', 'ament_prefix_path')
[1.658s] INFO:colcon.colcon_core.plugin_system:Skipping extension 'colcon_core.shell.bat': Not used on non-Windows systems
[1.658s] INFO:colcon.colcon_core.shell:Creating environment hook '/home/bbcontact/magician_ros2/install/dobot_calibration/share/dobot_calibration/hook/ament_prefix_path.ps1'
[1.660s] INFO:colcon.colcon_core.shell:Creating environment descriptor '/home/bbcontact/magician_ros2/install/dobot_calibration/share/dobot_calibration/hook/ament_prefix_path.dsv'
[1.662s] INFO:colcon.colcon_core.shell:Creating environment hook '/home/bbcontact/magician_ros2/install/dobot_calibration/share/dobot_calibration/hook/ament_prefix_path.sh'
[1.665s] INFO:colcon.colcon_core.shell:Skip shell extension 'powershell' for command environment: Not usable outside of PowerShell
[1.665s] DEBUG:colcon.colcon_core.shell:Skip shell extension 'dsv' for command environment
[1.689s] INFO:colcon.colcon_ros.task.ament_python.build:Building ROS package in '/home/bbcontact/magician_ros2/src/magician_ros2/dobot_vision_rgbd' with build type 'ament_python'
[1.689s] Level 1:colcon.colcon_core.shell:create_environment_hook('dobot_vision_rgbd', 'ament_prefix_path')
[1.690s] INFO:colcon.colcon_core.shell:Creating environment hook '/home/bbcontact/magician_ros2/install/dobot_vision_rgbd/share/dobot_vision_rgbd/hook/ament_prefix_path.ps1'
[1.692s] INFO:colcon.colcon_core.shell:Creating environment descriptor '/home/bbcontact/magician_ros2/install/dobot_vision_rgbd/share/dobot_vision_rgbd/hook/ament_prefix_path.dsv'
[1.697s] INFO:colcon.colcon_core.shell:Creating environment hook '/home/bbcontact/magician_ros2/install/dobot_vision_rgbd/share/dobot_vision_rgbd/hook/ament_prefix_path.sh'
[1.699s] INFO:colcon.colcon_core.shell:Skip shell extension 'powershell' for command environment: Not usable outside of PowerShell
[1.699s] DEBUG:colcon.colcon_core.shell:Skip shell extension 'dsv' for command environment
[2.917s] INFO:colcon.colcon_core.task.python.build:Building Python package in '/home/bbcontact/magician_ros2/src/magician_ros2/dobot_calibration'
[2.918s] INFO:colcon.colcon_core.shell:Skip shell extension 'powershell' for command environment: Not usable outside of PowerShell
[2.918s] DEBUG:colcon.colcon_core.shell:Skip shell extension 'dsv' for command environment
[4.132s] INFO:colcon.colcon_core.task.python.build:Building Python package in '/home/bbcontact/magician_ros2/src/magician_ros2/dobot_vision_rgbd'
[4.133s] INFO:colcon.colcon_core.shell:Skip shell extension 'powershell' for command environment: Not usable outside of PowerShell
[4.133s] DEBUG:colcon.colcon_core.shell:Skip shell extension 'dsv' for command environment
[7.452s] DEBUG:colcon.colcon_core.task.python.build:Available setuptools commands: init_catalog, upload, build_ext, install_scripts, clean, bdist_wheel, install_lib, rotate, check, sdist, install, install_data, bdist_egg, develop, extract_messages, dist_info, install_headers, register, editable_wheel, update_catalog, upload_docs, build, bdist_dumb, test, easy_install, install_egg_info, build_clib, saveopts, bdist, build_scripts, bdist_rpm, setopt, build_py, symlink_data, egg_info, compile_catalog, alias
[7.643s] DEBUG:colcon.colcon_core.task.python.build:Available setuptools commands: init_catalog, upload, build_ext, install_scripts, clean, bdist_wheel, install_lib, rotate, check, sdist, install, install_data, bdist_egg, develop, extract_messages, dist_info, install_headers, register, editable_wheel, update_catalog, upload_docs, build, bdist_dumb, test, easy_install, install_egg_info, build_clib, saveopts, bdist, build_scripts, bdist_rpm, setopt, build_py, symlink_data, egg_info, compile_catalog, alias
[9.200s] DEBUG:colcon.colcon_core.task.python.build:Available setuptools 'develop' options: --always-copy, --exclude-scripts, --user, --install-dir, --version, --no-deps, --upgrade, --force-installation-into-system-dir, --verbose, --no-user-cfg, --always-unzip, --allow-hosts, --uninstall, --dry-run, --help, --no-find-links, --install-layout, --optimize, --editable, --egg-path, --prefix, --script-dir, --site-dirs, --build-directory, --local-snapshots-ok, --find-links, --zip-ok, --record, --multi-version, --index-url, --quiet
[9.205s] DEBUG:colcon.colcon_core.event_handler.log_command:Invoking command in '/home/bbcontact/magician_ros2/build/dobot_calibration': CMAKE_PREFIX_PATH=/home/bbcontact/magician_ros2/install/dobot_msgs:/home/bbcontact/magician_ros2/install/orbbec_description:/home/bbcontact/magician_ros2/install/orbbec_camera:/home/bbcontact/magician_ros2/install/orbbec_camera_msgs:/home/bbcontact/magician_ros2/install/dobot_driver:/home/bbcontact/magician_ros2/install/dobot_description:/opt/ros/jazzy/opt/gz_sim_vendor:/opt/ros/jazzy/opt/gz_sensors_vendor:/opt/ros/jazzy/opt/gz_physics_vendor:/opt/ros/jazzy/opt/sdformat_vendor:/opt/ros/jazzy/opt/gz_gui_vendor:/opt/ros/jazzy/opt/gz_transport_vendor:/opt/ros/jazzy/opt/gz_rendering_vendor:/opt/ros/jazzy/opt/gz_plugin_vendor:/opt/ros/jazzy/opt/gz_fuel_tools_vendor:/opt/ros/jazzy/opt/gz_msgs_vendor:/opt/ros/jazzy/opt/gz_common_vendor:/opt/ros/jazzy/opt/gz_math_vendor:/opt/ros/jazzy/opt/gz_utils_vendor:/opt/ros/jazzy/opt/gz_tools_vendor:/opt/ros/jazzy/opt/gz_ogre_next_vendor:/opt/ros/jazzy/opt/gz_dartsim_vendor:/opt/ros/jazzy/opt/gz_cmake_vendor DEBUGINFOD_URLS=https://debuginfod.ubuntu.com LD_LIBRARY_PATH=/home/bbcontact/magician_ros2/install/dobot_msgs/lib:/home/bbcontact/magician_ros2/install/orbbec_camera/lib:/home/bbcontact/magician_ros2/install/orbbec_camera_msgs/lib:/opt/ros/jazzy/opt/gz_sim_vendor/lib:/opt/ros/jazzy/opt/gz_sensors_vendor/lib:/opt/ros/jazzy/opt/gz_physics_vendor/lib:/opt/ros/jazzy/opt/sdformat_vendor/lib:/opt/ros/jazzy/opt/rviz_ogre_vendor/lib:/opt/ros/jazzy/lib/x86_64-linux-gnu:/opt/ros/jazzy/opt/gz_gui_vendor/lib:/opt/ros/jazzy/opt/gz_transport_vendor/lib:/opt/ros/jazzy/opt/gz_rendering_vendor/lib:/opt/ros/jazzy/opt/gz_plugin_vendor/lib:/opt/ros/jazzy/opt/gz_fuel_tools_vendor/lib:/opt/ros/jazzy/opt/gz_msgs_vendor/lib:/opt/ros/jazzy/opt/gz_common_vendor/lib:/opt/ros/jazzy/opt/gz_math_vendor/lib:/opt/ros/jazzy/opt/gz_utils_vendor/lib:/opt/ros/jazzy/opt/gz_tools_vendor/lib:/opt/ros/jazzy/opt/gz_ogre_next_vendor/lib:/opt/ros/jazzy/opt/gz_dartsim_vendor/lib:/opt/ros/jazzy/opt/gz_cmake_vendor/lib:/opt/ros/jazzy/lib PYTHONPATH=/home/bbcontact/magician_ros2/build/dobot_calibration/prefix_override:/usr/lib/python3/dist-packages/colcon_core/task/python/colcon_distutils_commands:/home/bbcontact/magician_ros2/install/dobot_calibration/lib/python3.12/site-packages:/home/bbcontact/magician_ros2/install/dobot_msgs/lib/python3.12/site-packages:/home/bbcontact/magician_ros2/build/dobot_web_interface:/home/bbcontact/magician_ros2/install/dobot_web_interface/lib/python3.12/site-packages:/home/bbcontact/magician_ros2/build/dobot_vision_rgbd:/home/bbcontact/magician_ros2/install/dobot_vision_rgbd/lib/python3.12/site-packages:/home/bbcontact/magician_ros2/install/orbbec_camera_msgs/lib/python3.12/site-packages:/home/bbcontact/magician_ros2/build/dobot_visualization_tools:/home/bbcontact/magician_ros2/install/dobot_visualization_tools/lib/python3.12/site-packages:/home/bbcontact/magician_ros2/build/dobot_vision_yolo:/home/bbcontact/magician_ros2/install/dobot_vision_yolo/lib/python3.12/site-packages:/home/bbcontact/magician_ros2/build/dobot_bringup:/home/bbcontact/magician_ros2/install/dobot_bringup/lib/python3.12/site-packages:/home/bbcontact/magician_ros2/build/dobot_state_updater:/home/bbcontact/magician_ros2/install/dobot_state_updater/lib/python3.12/site-packages:/home/bbcontact/magician_ros2/build/dobot_object_vision:/home/bbcontact/magician_ros2/install/dobot_object_vision/lib/python3.12/site-packages:/home/bbcontact/magician_ros2/build/dobot_motion:/home/bbcontact/magician_ros2/install/dobot_motion/lib/python3.12/site-packages:/home/bbcontact/magician_ros2/build/dobot_kinematics:/home/bbcontact/magician_ros2/install/dobot_kinematics/lib/python3.12/site-packages:/home/bbcontact/magician_ros2/build/dobot_homing:/home/bbcontact/magician_ros2/install/dobot_homing/lib/python3.12/site-packages:/home/bbcontact/magician_ros2/build/dobot_end_effector:/home/bbcontact/magician_ros2/install/dobot_end_effector/lib/python3.12/site-packages:/home/bbcontact/magician_ros2/build/dobot_diagnostics:/home/bbcontact/magician_ros2/install/dobot_diagnostics/lib/python3.12/site-packages:/home/bbcontact/magician_ros2/build/dobot_demos:/home/bbcontact/magician_ros2/install/dobot_demos/lib/python3.12/site-packages:/home/bbcontact/magician_ros2/build/dobot_calibration:/home/bbcontact/magician_ros2/install/dobot_calibration/lib/python3.12/site-packages:/home/bbcontact/magician_ros2/build/dobot_control_panel:/home/bbcontact/magician_ros2/install/dobot_control_panel/lib/python3.12/site-packages:/home/bbcontact/magician_ros2/install/dobot_driver/lib/python3.12/site-packages:/opt/ros/jazzy/lib/python3.12/site-packages /usr/bin/python3 -W ignore:setup.py install is deprecated -W ignore:easy_install command is deprecated setup.py develop --editable --build-directory /home/bbcontact/magician_ros2/build/dobot_calibration/build --no-deps symlink_data
[9.413s] DEBUG:colcon.colcon_core.task.python.build:Available setuptools 'develop' options: --always-copy, --exclude-scripts, --user, --install-dir, --version, --no-deps, --upgrade, --force-installation-into-system-dir, --verbose, --no-user-cfg, --always-unzip, --allow-hosts, --uninstall, --dry-run, --help, --no-find-links, --install-layout, --optimize, --editable, --egg-path, --prefix, --script-dir, --site-dirs, --build-directory, --local-snapshots-ok, --find-links, --zip-ok, --record, --multi-version, --index-url, --quiet
[9.420s] DEBUG:colcon.colcon_core.event_handler.log_command:Invoking command in '/home/bbcontact/magician_ros2/build/dobot_vision_rgbd': CMAKE_PREFIX_PATH=/home/bbcontact/magician_ros2/install/orbbec_camera_msgs:/home/bbcontact/magician_ros2/install/orbbec_description:/home/bbcontact/magician_ros2/install/orbbec_camera:/home/bbcontact/magician_ros2/install/dobot_msgs:/home/bbcontact/magician_ros2/install/dobot_driver:/home/bbcontact/magician_ros2/install/dobot_description:/opt/ros/jazzy/opt/gz_sim_vendor:/opt/ros/jazzy/opt/gz_sensors_vendor:/opt/ros/jazzy/opt/gz_physics_vendor:/opt/ros/jazzy/opt/sdformat_vendor:/opt/ros/jazzy/opt/gz_gui_vendor:/opt/ros/jazzy/opt/gz_transport_vendor:/opt/ros/jazzy/opt/gz_rendering_vendor:/opt/ros/jazzy/opt/gz_plugin_vendor:/opt/ros/jazzy/opt/gz_fuel_tools_vendor:/opt/ros/jazzy/opt/gz_msgs_vendor:/opt/ros/jazzy/opt/gz_common_vendor:/opt/ros/jazzy/opt/gz_math_vendor:/opt/ros/jazzy/opt/gz_utils_vendor:/opt/ros/jazzy/opt/gz_tools_vendor:/opt/ros/jazzy/opt/gz_ogre_next_vendor:/opt/ros/jazzy/opt/gz_dartsim_vendor:/opt/ros/jazzy/opt/gz_cmake_vendor DEBUGINFOD_URLS=https://debuginfod.ubuntu.com LD_LIBRARY_PATH=/home/bbcontact/magician_ros2/install/orbbec_camera_msgs/lib:/home/bbcontact/magician_ros2/install/orbbec_camera/lib:/home/bbcontact/magician_ros2/install/dobot_msgs/lib:/opt/ros/jazzy/opt/gz_sim_vendor/lib:/opt/ros/jazzy/opt/gz_sensors_vendor/lib:/opt/ros/jazzy/opt/gz_physics_vendor/lib:/opt/ros/jazzy/opt/sdformat_vendor/lib:/opt/ros/jazzy/opt/rviz_ogre_vendor/lib:/opt/ros/jazzy/lib/x86_64-linux-gnu:/opt/ros/jazzy/opt/gz_gui_vendor/lib:/opt/ros/jazzy/opt/gz_transport_vendor/lib:/opt/ros/jazzy/opt/gz_rendering_vendor/lib:/opt/ros/jazzy/opt/gz_plugin_vendor/lib:/opt/ros/jazzy/opt/gz_fuel_tools_vendor/lib:/opt/ros/jazzy/opt/gz_msgs_vendor/lib:/opt/ros/jazzy/opt/gz_common_vendor/lib:/opt/ros/jazzy/opt/gz_math_vendor/lib:/opt/ros/jazzy/opt/gz_utils_vendor/lib:/opt/ros/jazzy/opt/gz_tools_vendor/lib:/opt/ros/jazzy/opt/gz_ogre_next_vendor/lib:/opt/ros/jazzy/opt/gz_dartsim_vendor/lib:/opt/ros/jazzy/opt/gz_cmake_vendor/lib:/opt/ros/jazzy/lib PYTHONPATH=/home/bbcontact/magician_ros2/build/dobot_vision_rgbd/prefix_override:/usr/lib/python3/dist-packages/colcon_core/task/python/colcon_distutils_commands:/home/bbcontact/magician_ros2/install/dobot_vision_rgbd/lib/python3.12/site-packages:/home/bbcontact/magician_ros2/install/orbbec_camera_msgs/lib/python3.12/site-packages:/home/bbcontact/magician_ros2/build/dobot_web_interface:/home/bbcontact/magician_ros2/install/dobot_web_interface/lib/python3.12/site-packages:/home/bbcontact/magician_ros2/build/dobot_vision_rgbd:/home/bbcontact/magician_ros2/install/dobot_vision_rgbd/lib/python3.12/site-packages:/home/bbcontact/magician_ros2/build/dobot_visualization_tools:/home/bbcontact/magician_ros2/install/dobot_visualization_tools/lib/python3.12/site-packages:/home/bbcontact/magician_ros2/build/dobot_vision_yolo:/home/bbcontact/magician_ros2/install/dobot_vision_yolo/lib/python3.12/site-packages:/home/bbcontact/magician_ros2/build/dobot_bringup:/home/bbcontact/magician_ros2/install/dobot_bringup/lib/python3.12/site-packages:/home/bbcontact/magician_ros2/build/dobot_state_updater:/home/bbcontact/magician_ros2/install/dobot_state_updater/lib/python3.12/site-packages:/home/bbcontact/magician_ros2/build/dobot_object_vision:/home/bbcontact/magician_ros2/install/dobot_object_vision/lib/python3.12/site-packages:/home/bbcontact/magician_ros2/build/dobot_motion:/home/bbcontact/magician_ros2/install/dobot_motion/lib/python3.12/site-packages:/home/bbcontact/magician_ros2/build/dobot_kinematics:/home/bbcontact/magician_ros2/install/dobot_kinematics/lib/python3.12/site-packages:/home/bbcontact/magician_ros2/build/dobot_homing:/home/bbcontact/magician_ros2/install/dobot_homing/lib/python3.12/site-packages:/home/bbcontact/magician_ros2/build/dobot_end_effector:/home/bbcontact/magician_ros2/install/dobot_end_effector/lib/python3.12/site-packages:/home/bbcontact/magician_ros2/build/dobot_diagnostics:/home/bbcontact/magician_ros2/install/dobot_diagnostics/lib/python3.12/site-packages:/home/bbcontact/magician_ros2/build/dobot_demos:/home/bbcontact/magician_ros2/install/dobot_demos/lib/python3.12/site-packages:/home/bbcontact/magician_ros2/build/dobot_calibration:/home/bbcontact/magician_ros2/install/dobot_calibration/lib/python3.12/site-packages:/home/bbcontact/magician_ros2/install/dobot_msgs/lib/python3.12/site-packages:/home/bbcontact/magician_ros2/build/dobot_control_panel:/home/bbcontact/magician_ros2/install/dobot_control_panel/lib/python3.12/site-packages:/home/bbcontact/magician_ros2/install/dobot_driver/lib/python3.12/site-packages:/opt/ros/jazzy/lib/python3.12/site-packages /usr/bin/python3 -W ignore:setup.py install is deprecated -W ignore:easy_install command is deprecated setup.py develop --editable --build-directory /home/bbcontact/magician_ros2/build/dobot_vision_rgbd/build --no-deps symlink_data
[13.611s] Level 1:colcon.colcon_core.shell:create_environment_hook('dobot_calibration', 'pythonpath_develop')
[13.612s] INFO:colcon.colcon_core.shell:Creating environment hook '/home/bbcontact/magician_ros2/build/dobot_calibration/share/dobot_calibration/hook/pythonpath_develop.ps1'
[13.614s] INFO:colcon.colcon_core.shell:Creating environment descriptor '/home/bbcontact/magician_ros2/build/dobot_calibration/share/dobot_calibration/hook/pythonpath_develop.dsv'
[13.617s] INFO:colcon.colcon_core.shell:Creating environment hook '/home/bbcontact/magician_ros2/build/dobot_calibration/share/dobot_calibration/hook/pythonpath_develop.sh'
[13.619s] DEBUG:colcon.colcon_core.event_handler.log_command:Invoked command in '/home/bbcontact/magician_ros2/build/dobot_calibration' returned '0': CMAKE_PREFIX_PATH=/home/bbcontact/magician_ros2/install/dobot_msgs:/home/bbcontact/magician_ros2/install/orbbec_description:/home/bbcontact/magician_ros2/install/orbbec_camera:/home/bbcontact/magician_ros2/install/orbbec_camera_msgs:/home/bbcontact/magician_ros2/install/dobot_driver:/home/bbcontact/magician_ros2/install/dobot_description:/opt/ros/jazzy/opt/gz_sim_vendor:/opt/ros/jazzy/opt/gz_sensors_vendor:/opt/ros/jazzy/opt/gz_physics_vendor:/opt/ros/jazzy/opt/sdformat_vendor:/opt/ros/jazzy/opt/gz_gui_vendor:/opt/ros/jazzy/opt/gz_transport_vendor:/opt/ros/jazzy/opt/gz_rendering_vendor:/opt/ros/jazzy/opt/gz_plugin_vendor:/opt/ros/jazzy/opt/gz_fuel_tools_vendor:/opt/ros/jazzy/opt/gz_msgs_vendor:/opt/ros/jazzy/opt/gz_common_vendor:/opt/ros/jazzy/opt/gz_math_vendor:/opt/ros/jazzy/opt/gz_utils_vendor:/opt/ros/jazzy/opt/gz_tools_vendor:/opt/ros/jazzy/opt/gz_ogre_next_vendor:/opt/ros/jazzy/opt/gz_dartsim_vendor:/opt/ros/jazzy/opt/gz_cmake_vendor DEBUGINFOD_URLS=https://debuginfod.ubuntu.com LD_LIBRARY_PATH=/home/bbcontact/magician_ros2/install/dobot_msgs/lib:/home/bbcontact/magician_ros2/install/orbbec_camera/lib:/home/bbcontact/magician_ros2/install/orbbec_camera_msgs/lib:/opt/ros/jazzy/opt/gz_sim_vendor/lib:/opt/ros/jazzy/opt/gz_sensors_vendor/lib:/opt/ros/jazzy/opt/gz_physics_vendor/lib:/opt/ros/jazzy/opt/sdformat_vendor/lib:/opt/ros/jazzy/opt/rviz_ogre_vendor/lib:/opt/ros/jazzy/lib/x86_64-linux-gnu:/opt/ros/jazzy/opt/gz_gui_vendor/lib:/opt/ros/jazzy/opt/gz_transport_vendor/lib:/opt/ros/jazzy/opt/gz_rendering_vendor/lib:/opt/ros/jazzy/opt/gz_plugin_vendor/lib:/opt/ros/jazzy/opt/gz_fuel_tools_vendor/lib:/opt/ros/jazzy/opt/gz_msgs_vendor/lib:/opt/ros/jazzy/opt/gz_common_vendor/lib:/opt/ros/jazzy/opt/gz_math_vendor/lib:/opt/ros/jazzy/opt/gz_utils_vendor/lib:/opt/ros/jazzy/opt/gz_tools_vendor/lib:/opt/ros/jazzy/opt/gz_ogre_next_vendor/lib:/opt/ros/jazzy/opt/gz_dartsim_vendor/lib:/opt/ros/jazzy/opt/gz_cmake_vendor/lib:/opt/ros/jazzy/lib PYTHONPATH=/home/bbcontact/magician_ros2/build/dobot_calibration/prefix_override:/usr/lib/python3/dist-packages/colcon_core/task/python/colcon_distutils_commands:/home/bbcontact/magician_ros2/install/dobot_calibration/lib/python3.12/site-packages:/home/bbcontact/magician_ros2/install/dobot_msgs/lib/python3.12/site-packages:/home/bbcontact/magician_ros2/build/dobot_web_interface:/home/bbcontact/magician_ros2/install/dobot_web_interface/lib/python3.12/site-packages:/home/bbcontact/magician_ros2/build/dobot_vision_rgbd:/home/bbcontact/magician_ros2/install/dobot_vision_rgbd/lib/python3.12/site-packages:/home/bbcontact/magician_ros2/install/orbbec_camera_msgs/lib/python3.12/site-packages:/home/bbcontact/magician_ros2/build/dobot_visualization_tools:/home/bbcontact/magician_ros2/install/dobot_visualization_tools/lib/python3.12/site-packages:/home/bbcontact/magician_ros2/build/dobot_vision_yolo:/home/bbcontact/magician_ros2/install/dobot_vision_yolo/lib/python3.12/site-packages:/home/bbcontact/magician_ros2/build/dobot_bringup:/home/bbcontact/magician_ros2/install/dobot_bringup/lib/python3.12/site-packages:/home/bbcontact/magician_ros2/build/dobot_state_updater:/home/bbcontact/magician_ros2/install/dobot_state_updater/lib/python3.12/site-packages:/home/bbcontact/magician_ros2/build/dobot_object_vision:/home/bbcontact/magician_ros2/install/dobot_object_vision/lib/python3.12/site-packages:/home/bbcontact/magician_ros2/build/dobot_motion:/home/bbcontact/magician_ros2/install/dobot_motion/lib/python3.12/site-packages:/home/bbcontact/magician_ros2/build/dobot_kinematics:/home/bbcontact/magician_ros2/install/dobot_kinematics/lib/python3.12/site-packages:/home/bbcontact/magician_ros2/build/dobot_homing:/home/bbcontact/magician_ros2/install/dobot_homing/lib/python3.12/site-packages:/home/bbcontact/magician_ros2/build/dobot_end_effector:/home/bbcontact/magician_ros2/install/dobot_end_effector/lib/python3.12/site-packages:/home/bbcontact/magician_ros2/build/dobot_diagnostics:/home/bbcontact/magician_ros2/install/dobot_diagnostics/lib/python3.12/site-packages:/home/bbcontact/magician_ros2/build/dobot_demos:/home/bbcontact/magician_ros2/install/dobot_demos/lib/python3.12/site-packages:/home/bbcontact/magician_ros2/build/dobot_calibration:/home/bbcontact/magician_ros2/install/dobot_calibration/lib/python3.12/site-packages:/home/bbcontact/magician_ros2/build/dobot_control_panel:/home/bbcontact/magician_ros2/install/dobot_control_panel/lib/python3.12/site-packages:/home/bbcontact/magician_ros2/install/dobot_driver/lib/python3.12/site-packages:/opt/ros/jazzy/lib/python3.12/site-packages /usr/bin/python3 -W ignore:setup.py install is deprecated -W ignore:easy_install command is deprecated setup.py develop --editable --build-directory /home/bbcontact/magician_ros2/build/dobot_calibration/build --no-deps symlink_data
[13.656s] Level 1:colcon.colcon_core.environment:checking '/home/bbcontact/magician_ros2/install/dobot_calibration' for CMake module files
[13.659s] Level 1:colcon.colcon_core.environment:checking '/home/bbcontact/magician_ros2/install/dobot_calibration' for CMake config files
[13.662s] Level 1:colcon.colcon_core.environment:checking '/home/bbcontact/magician_ros2/install/dobot_calibration/lib'
[13.663s] Level 1:colcon.colcon_core.environment:checking '/home/bbcontact/magician_ros2/install/dobot_calibration/bin'
[13.663s] Level 1:colcon.colcon_core.environment:checking '/home/bbcontact/magician_ros2/install/dobot_calibration/lib/pkgconfig/dobot_calibration.pc'
[13.664s] Level 1:colcon.colcon_core.environment:checking '/home/bbcontact/magician_ros2/install/dobot_calibration/lib/python3.12/site-packages'
[13.665s] Level 1:colcon.colcon_core.shell:create_environment_hook('dobot_calibration', 'pythonpath')
[13.666s] INFO:colcon.colcon_core.shell:Creating environment hook '/home/bbcontact/magician_ros2/install/dobot_calibration/share/dobot_calibration/hook/pythonpath.ps1'
[13.671s] INFO:colcon.colcon_core.shell:Creating environment descriptor '/home/bbcontact/magician_ros2/install/dobot_calibration/share/dobot_calibration/hook/pythonpath.dsv'
[13.673s] INFO:colcon.colcon_core.shell:Creating environment hook '/home/bbcontact/magician_ros2/install/dobot_calibration/share/dobot_calibration/hook/pythonpath.sh'
[13.677s] Level 1:colcon.colcon_core.environment:checking '/home/bbcontact/magician_ros2/install/dobot_calibration/bin'
[13.677s] Level 1:colcon.colcon_core.environment:create_environment_scripts_only(dobot_calibration)
[13.678s] INFO:colcon.colcon_core.shell:Creating package script '/home/bbcontact/magician_ros2/install/dobot_calibration/share/dobot_calibration/package.ps1'
[13.688s] INFO:colcon.colcon_core.shell:Creating package descriptor '/home/bbcontact/magician_ros2/install/dobot_calibration/share/dobot_calibration/package.dsv'
[13.694s] INFO:colcon.colcon_core.shell:Creating package script '/home/bbcontact/magician_ros2/install/dobot_calibration/share/dobot_calibration/package.sh'
[13.751s] INFO:colcon.colcon_core.shell:Creating package script '/home/bbcontact/magician_ros2/install/dobot_calibration/share/dobot_calibration/package.bash'
[13.757s] INFO:colcon.colcon_core.shell:Creating package script '/home/bbcontact/magician_ros2/install/dobot_calibration/share/dobot_calibration/package.zsh'
[13.764s] Level 1:colcon.colcon_core.environment:create_file_with_runtime_dependencies(/home/bbcontact/magician_ros2/install/dobot_calibration/share/colcon-core/packages/dobot_calibration)
[13.815s] Level 1:colcon.colcon_core.shell:create_environment_hook('dobot_vision_rgbd', 'pythonpath_develop')
[13.816s] INFO:colcon.colcon_core.shell:Creating environment hook '/home/bbcontact/magician_ros2/build/dobot_vision_rgbd/share/dobot_vision_rgbd/hook/pythonpath_develop.ps1'
[13.819s] DEBUG:colcon.colcon_core.event_handler.log_command:Invoked command in '/home/bbcontact/magician_ros2/build/dobot_vision_rgbd' returned '0': CMAKE_PREFIX_PATH=/home/bbcontact/magician_ros2/install/orbbec_camera_msgs:/home/bbcontact/magician_ros2/install/orbbec_description:/home/bbcontact/magician_ros2/install/orbbec_camera:/home/bbcontact/magician_ros2/install/dobot_msgs:/home/bbcontact/magician_ros2/install/dobot_driver:/home/bbcontact/magician_ros2/install/dobot_description:/opt/ros/jazzy/opt/gz_sim_vendor:/opt/ros/jazzy/opt/gz_sensors_vendor:/opt/ros/jazzy/opt/gz_physics_vendor:/opt/ros/jazzy/opt/sdformat_vendor:/opt/ros/jazzy/opt/gz_gui_vendor:/opt/ros/jazzy/opt/gz_transport_vendor:/opt/ros/jazzy/opt/gz_rendering_vendor:/opt/ros/jazzy/opt/gz_plugin_vendor:/opt/ros/jazzy/opt/gz_fuel_tools_vendor:/opt/ros/jazzy/opt/gz_msgs_vendor:/opt/ros/jazzy/opt/gz_common_vendor:/opt/ros/jazzy/opt/gz_math_vendor:/opt/ros/jazzy/opt/gz_utils_vendor:/opt/ros/jazzy/opt/gz_tools_vendor:/opt/ros/jazzy/opt/gz_ogre_next_vendor:/opt/ros/jazzy/opt/gz_dartsim_vendor:/opt/ros/jazzy/opt/gz_cmake_vendor DEBUGINFOD_URLS=https://debuginfod.ubuntu.com LD_LIBRARY_PATH=/home/bbcontact/magician_ros2/install/orbbec_camera_msgs/lib:/home/bbcontact/magician_ros2/install/orbbec_camera/lib:/home/bbcontact/magician_ros2/install/dobot_msgs/lib:/opt/ros/jazzy/opt/gz_sim_vendor/lib:/opt/ros/jazzy/opt/gz_sensors_vendor/lib:/opt/ros/jazzy/opt/gz_physics_vendor/lib:/opt/ros/jazzy/opt/sdformat_vendor/lib:/opt/ros/jazzy/opt/rviz_ogre_vendor/lib:/opt/ros/jazzy/lib/x86_64-linux-gnu:/opt/ros/jazzy/opt/gz_gui_vendor/lib:/opt/ros/jazzy/opt/gz_transport_vendor/lib:/opt/ros/jazzy/opt/gz_rendering_vendor/lib:/opt/ros/jazzy/opt/gz_plugin_vendor/lib:/opt/ros/jazzy/opt/gz_fuel_tools_vendor/lib:/opt/ros/jazzy/opt/gz_msgs_vendor/lib:/opt/ros/jazzy/opt/gz_common_vendor/lib:/opt/ros/jazzy/opt/gz_math_vendor/lib:/opt/ros/jazzy/opt/gz_utils_vendor/lib:/opt/ros/jazzy/opt/gz_tools_vendor/lib:/opt/ros/jazzy/opt/gz_ogre_next_vendor/lib:/opt/ros/jazzy/opt/gz_dartsim_vendor/lib:/opt/ros/jazzy/opt/gz_cmake_vendor/lib:/opt/ros/jazzy/lib PYTHONPATH=/home/bbcontact/magician_ros2/build/dobot_vision_rgbd/prefix_override:/usr/lib/python3/dist-packages/colcon_core/task/python/colcon_distutils_commands:/home/bbcontact/magician_ros2/install/dobot_vision_rgbd/lib/python3.12/site-packages:/home/bbcontact/magician_ros2/install/orbbec_camera_msgs/lib/python3.12/site-packages:/home/bbcontact/magician_ros2/build/dobot_web_interface:/home/bbcontact/magician_ros2/install/dobot_web_interface/lib/python3.12/site-packages:/home/bbcontact/magician_ros2/build/dobot_vision_rgbd:/home/bbcontact/magician_ros2/install/dobot_vision_rgbd/lib/python3.12/site-packages:/home/bbcontact/magician_ros2/build/dobot_visualization_tools:/home/bbcontact/magician_ros2/install/dobot_visualization_tools/lib/python3.12/site-packages:/home/bbcontact/magician_ros2/build/dobot_vision_yolo:/home/bbcontact/magician_ros2/install/dobot_vision_yolo/lib/python3.12/site-packages:/home/bbcontact/magician_ros2/build/dobot_bringup:/home/bbcontact/magician_ros2/install/dobot_bringup/lib/python3.12/site-packages:/home/bbcontact/magician_ros2/build/dobot_state_updater:/home/bbcontact/magician_ros2/install/dobot_state_updater/lib/python3.12/site-packages:/home/bbcontact/magician_ros2/build/dobot_object_vision:/home/bbcontact/magician_ros2/install/dobot_object_vision/lib/python3.12/site-packages:/home/bbcontact/magician_ros2/build/dobot_motion:/home/bbcontact/magician_ros2/install/dobot_motion/lib/python3.12/site-packages:/home/bbcontact/magician_ros2/build/dobot_kinematics:/home/bbcontact/magician_ros2/install/dobot_kinematics/lib/python3.12/site-packages:/home/bbcontact/magician_ros2/build/dobot_homing:/home/bbcontact/magician_ros2/install/dobot_homing/lib/python3.12/site-packages:/home/bbcontact/magician_ros2/build/dobot_end_effector:/home/bbcontact/magician_ros2/install/dobot_end_effector/lib/python3.12/site-packages:/home/bbcontact/magician_ros2/build/dobot_diagnostics:/home/bbcontact/magician_ros2/install/dobot_diagnostics/lib/python3.12/site-packages:/home/bbcontact/magician_ros2/build/dobot_demos:/home/bbcontact/magician_ros2/install/dobot_demos/lib/python3.12/site-packages:/home/bbcontact/magician_ros2/build/dobot_calibration:/home/bbcontact/magician_ros2/install/dobot_calibration/lib/python3.12/site-packages:/home/bbcontact/magician_ros2/install/dobot_msgs/lib/python3.12/site-packages:/home/bbcontact/magician_ros2/build/dobot_control_panel:/home/bbcontact/magician_ros2/install/dobot_control_panel/lib/python3.12/site-packages:/home/bbcontact/magician_ros2/install/dobot_driver/lib/python3.12/site-packages:/opt/ros/jazzy/lib/python3.12/site-packages /usr/bin/python3 -W ignore:setup.py install is deprecated -W ignore:easy_install command is deprecated setup.py develop --editable --build-directory /home/bbcontact/magician_ros2/build/dobot_vision_rgbd/build --no-deps symlink_data
[13.820s] INFO:colcon.colcon_core.shell:Creating environment descriptor '/home/bbcontact/magician_ros2/build/dobot_vision_rgbd/share/dobot_vision_rgbd/hook/pythonpath_develop.dsv'
[13.822s] INFO:colcon.colcon_core.shell:Creating environment hook '/home/bbcontact/magician_ros2/build/dobot_vision_rgbd/share/dobot_vision_rgbd/hook/pythonpath_develop.sh'
[13.824s] Level 1:colcon.colcon_core.environment:checking '/home/bbcontact/magician_ros2/install/dobot_vision_rgbd' for CMake module files
[13.827s] Level 1:colcon.colcon_core.environment:checking '/home/bbcontact/magician_ros2/install/dobot_vision_rgbd' for CMake config files
[13.831s] Level 1:colcon.colcon_core.environment:checking '/home/bbcontact/magician_ros2/install/dobot_vision_rgbd/lib'
[13.832s] Level 1:colcon.colcon_core.environment:checking '/home/bbcontact/magician_ros2/install/dobot_vision_rgbd/bin'
[13.832s] Level 1:colcon.colcon_core.environment:checking '/home/bbcontact/magician_ros2/install/dobot_vision_rgbd/lib/pkgconfig/dobot_vision_rgbd.pc'
[13.833s] Level 1:colcon.colcon_core.environment:checking '/home/bbcontact/magician_ros2/install/dobot_vision_rgbd/lib/python3.12/site-packages'
[13.834s] Level 1:colcon.colcon_core.shell:create_environment_hook('dobot_vision_rgbd', 'pythonpath')
[13.835s] INFO:colcon.colcon_core.shell:Creating environment hook '/home/bbcontact/magician_ros2/install/dobot_vision_rgbd/share/dobot_vision_rgbd/hook/pythonpath.ps1'
[13.837s] INFO:colcon.colcon_core.shell:Creating environment descriptor '/home/bbcontact/magician_ros2/install/dobot_vision_rgbd/share/dobot_vision_rgbd/hook/pythonpath.dsv'
[13.838s] INFO:colcon.colcon_core.shell:Creating environment hook '/home/bbcontact/magician_ros2/install/dobot_vision_rgbd/share/dobot_vision_rgbd/hook/pythonpath.sh'
[13.842s] Level 1:colcon.colcon_core.environment:checking '/home/bbcontact/magician_ros2/install/dobot_vision_rgbd/bin'
[13.842s] Level 1:colcon.colcon_core.environment:create_environment_scripts_only(dobot_vision_rgbd)
[13.843s] INFO:colcon.colcon_core.shell:Creating package script '/home/bbcontact/magician_ros2/install/dobot_vision_rgbd/share/dobot_vision_rgbd/package.ps1'
[13.845s] INFO:colcon.colcon_core.shell:Creating package descriptor '/home/bbcontact/magician_ros2/install/dobot_vision_rgbd/share/dobot_vision_rgbd/package.dsv'
[13.847s] INFO:colcon.colcon_core.shell:Creating package script '/home/bbcontact/magician_ros2/install/dobot_vision_rgbd/share/dobot_vision_rgbd/package.sh'
[13.848s] INFO:colcon.colcon_core.shell:Creating package script '/home/bbcontact/magician_ros2/install/dobot_vision_rgbd/share/dobot_vision_rgbd/package.bash'
[13.849s] INFO:colcon.colcon_core.shell:Creating package script '/home/bbcontact/magician_ros2/install/dobot_vision_rgbd/share/dobot_vision_rgbd/package.zsh'
[13.850s] Level 1:colcon.colcon_core.environment:create_file_with_runtime_dependencies(/home/bbcontact/magician_ros2/install/dobot_vision_rgbd/share/colcon-core/packages/dobot_vision_rgbd)
[13.852s] INFO:colcon.colcon_ros.task.ament_python.build:Building ROS package in '/home/bbcontact/magician_ros2/src/magician_ros2/dobot_web_interface' with build type 'ament_python'
[13.852s] Level 1:colcon.colcon_core.shell:create_environment_hook('dobot_web_interface', 'ament_prefix_path')
[13.853s] INFO:colcon.colcon_core.shell:Creating environment hook '/home/bbcontact/magician_ros2/install/dobot_web_interface/share/dobot_web_interface/hook/ament_prefix_path.ps1'
[13.859s] INFO:colcon.colcon_core.shell:Creating environment descriptor '/home/bbcontact/magician_ros2/install/dobot_web_interface/share/dobot_web_interface/hook/ament_prefix_path.dsv'
[13.861s] INFO:colcon.colcon_core.shell:Creating environment hook '/home/bbcontact/magician_ros2/install/dobot_web_interface/share/dobot_web_interface/hook/ament_prefix_path.sh'
[13.863s] INFO:colcon.colcon_core.shell:Skip shell extension 'powershell' for command environment: Not usable outside of PowerShell
[13.863s] DEBUG:colcon.colcon_core.shell:Skip shell extension 'dsv' for command environment
[15.103s] INFO:colcon.colcon_core.task.python.build:Building Python package in '/home/bbcontact/magician_ros2/src/magician_ros2/dobot_web_interface'
[15.104s] INFO:colcon.colcon_core.shell:Skip shell extension 'powershell' for command environment: Not usable outside of PowerShell
[15.104s] DEBUG:colcon.colcon_core.shell:Skip shell extension 'dsv' for command environment
[18.664s] DEBUG:colcon.colcon_core.task.python.build:Available setuptools commands: init_catalog, upload, build_ext, install_scripts, clean, bdist_wheel, install_lib, rotate, check, sdist, install, install_data, bdist_egg, develop, extract_messages, dist_info, install_headers, register, editable_wheel, update_catalog, upload_docs, build, bdist_dumb, test, easy_install, install_egg_info, build_clib, saveopts, bdist, build_scripts, bdist_rpm, setopt, build_py, symlink_data, egg_info, compile_catalog, alias
[20.549s] DEBUG:colcon.colcon_core.task.python.build:Available setuptools 'develop' options: --always-copy, --exclude-scripts, --user, --install-dir, --version, --no-deps, --upgrade, --force-installation-into-system-dir, --verbose, --no-user-cfg, --always-unzip, --allow-hosts, --uninstall, --dry-run, --help, --no-find-links, --install-layout, --optimize, --editable, --egg-path, --prefix, --script-dir, --site-dirs, --build-directory, --local-snapshots-ok, --find-links, --zip-ok, --record, --multi-version, --index-url, --quiet
[20.556s] DEBUG:colcon.colcon_core.event_handler.log_command:Invoking command in '/home/bbcontact/magician_ros2/build/dobot_web_interface': AMENT_PREFIX_PATH=/home/bbcontact/magician_ros2/install/dobot_bringup:/home/bbcontact/magician_ros2/install/dobot_vision_rgbd:/home/bbcontact/magician_ros2/install/dobot_state_updater:/home/bbcontact/magician_ros2/install/dobot_motion:/home/bbcontact/magician_ros2/install/dobot_kinematics:/home/bbcontact/magician_ros2/install/dobot_homing:/home/bbcontact/magician_ros2/install/dobot_end_effector:/home/bbcontact/magician_ros2/install/dobot_diagnostics:/home/bbcontact/magician_ros2/install/dobot_calibration:/home/bbcontact/magician_ros2/install/dobot_vision_yolo:/home/bbcontact/magician_ros2/install/orbbec_description:/home/bbcontact/magician_ros2/install/dobot_web_interface:/home/bbcontact/magician_ros2/install/orbbec_camera:/home/bbcontact/magician_ros2/install/orbbec_camera_msgs:/home/bbcontact/magician_ros2/install/dobot_visualization_tools:/home/bbcontact/magician_ros2/install/dobot_object_vision:/home/bbcontact/magician_ros2/install/dobot_demos:/home/bbcontact/magician_ros2/install/dobot_msgs:/home/bbcontact/magician_ros2/install/dobot_control_panel:/home/bbcontact/magician_ros2/install/dobot_driver:/home/bbcontact/magician_ros2/install/dobot_description:/opt/ros/jazzy CMAKE_PREFIX_PATH=/home/bbcontact/magician_ros2/install/orbbec_camera:/home/bbcontact/magician_ros2/install/orbbec_camera_msgs:/home/bbcontact/magician_ros2/install/dobot_msgs:/home/bbcontact/magician_ros2/install/dobot_driver:/home/bbcontact/magician_ros2/install/dobot_description:/home/bbcontact/magician_ros2/install/orbbec_description:/opt/ros/jazzy/opt/gz_sim_vendor:/opt/ros/jazzy/opt/gz_sensors_vendor:/opt/ros/jazzy/opt/gz_physics_vendor:/opt/ros/jazzy/opt/sdformat_vendor:/opt/ros/jazzy/opt/gz_gui_vendor:/opt/ros/jazzy/opt/gz_transport_vendor:/opt/ros/jazzy/opt/gz_rendering_vendor:/opt/ros/jazzy/opt/gz_plugin_vendor:/opt/ros/jazzy/opt/gz_fuel_tools_vendor:/opt/ros/jazzy/opt/gz_msgs_vendor:/opt/ros/jazzy/opt/gz_common_vendor:/opt/ros/jazzy/opt/gz_math_vendor:/opt/ros/jazzy/opt/gz_utils_vendor:/opt/ros/jazzy/opt/gz_tools_vendor:/opt/ros/jazzy/opt/gz_ogre_next_vendor:/opt/ros/jazzy/opt/gz_dartsim_vendor:/opt/ros/jazzy/opt/gz_cmake_vendor DEBUGINFOD_URLS=https://debuginfod.ubuntu.com PYTHONPATH=/home/bbcontact/magician_ros2/build/dobot_web_interface/prefix_override:/usr/lib/python3/dist-packages/colcon_core/task/python/colcon_distutils_commands:/home/bbcontact/magician_ros2/install/dobot_web_interface/lib/python3.12/site-packages:/home/bbcontact/magician_ros2/build/dobot_bringup:/home/bbcontact/magician_ros2/install/dobot_bringup/lib/python3.12/site-packages:/home/bbcontact/magician_ros2/build/dobot_vision_rgbd:/home/bbcontact/magician_ros2/install/dobot_vision_rgbd/lib/python3.12/site-packages:/home/bbcontact/magician_ros2/build/dobot_state_updater:/home/bbcontact/magician_ros2/install/dobot_state_updater/lib/python3.12/site-packages:/home/bbcontact/magician_ros2/build/dobot_motion:/home/bbcontact/magician_ros2/install/dobot_motion/lib/python3.12/site-packages:/home/bbcontact/magician_ros2/build/dobot_kinematics:/home/bbcontact/magician_ros2/install/dobot_kinematics/lib/python3.12/site-packages:/home/bbcontact/magician_ros2/build/dobot_homing:/home/bbcontact/magician_ros2/install/dobot_homing/lib/python3.12/site-packages:/home/bbcontact/magician_ros2/build/dobot_end_effector:/home/bbcontact/magician_ros2/install/dobot_end_effector/lib/python3.12/site-packages:/home/bbcontact/magician_ros2/build/dobot_diagnostics:/home/bbcontact/magician_ros2/install/dobot_diagnostics/lib/python3.12/site-packages:/home/bbcontact/magician_ros2/build/dobot_calibration:/home/bbcontact/magician_ros2/install/dobot_calibration/lib/python3.12/site-packages:/home/bbcontact/magician_ros2/install/orbbec_camera_msgs/lib/python3.12/site-packages:/home/bbcontact/magician_ros2/build/dobot_vision_yolo:/home/bbcontact/magician_ros2/install/dobot_vision_yolo/lib/python3.12/site-packages:/home/bbcontact/magician_ros2/install/dobot_msgs/lib/python3.12/site-packages:/home/bbcontact/magician_ros2/install/dobot_driver/lib/python3.12/site-packages:/home/bbcontact/magician_ros2/build/dobot_web_interface:/home/bbcontact/magician_ros2/install/dobot_web_interface/lib/python3.12/site-packages:/home/bbcontact/magician_ros2/build/dobot_visualization_tools:/home/bbcontact/magician_ros2/install/dobot_visualization_tools/lib/python3.12/site-packages:/home/bbcontact/magician_ros2/build/dobot_object_vision:/home/bbcontact/magician_ros2/install/dobot_object_vision/lib/python3.12/site-packages:/home/bbcontact/magician_ros2/build/dobot_demos:/home/bbcontact/magician_ros2/install/dobot_demos/lib/python3.12/site-packages:/home/bbcontact/magician_ros2/build/dobot_control_panel:/home/bbcontact/magician_ros2/install/dobot_control_panel/lib/python3.12/site-packages:/opt/ros/jazzy/lib/python3.12/site-packages /usr/bin/python3 -W ignore:setup.py install is deprecated -W ignore:easy_install command is deprecated setup.py develop --editable --build-directory /home/bbcontact/magician_ros2/build/dobot_web_interface/build --no-deps symlink_data
[24.531s] Level 1:colcon.colcon_core.shell:create_environment_hook('dobot_web_interface', 'pythonpath_develop')
[24.533s] INFO:colcon.colcon_core.shell:Creating environment hook '/home/bbcontact/magician_ros2/build/dobot_web_interface/share/dobot_web_interface/hook/pythonpath_develop.ps1'
[24.532s] DEBUG:colcon.colcon_core.event_handler.log_command:Invoked command in '/home/bbcontact/magician_ros2/build/dobot_web_interface' returned '0': AMENT_PREFIX_PATH=/home/bbcontact/magician_ros2/install/dobot_bringup:/home/bbcontact/magician_ros2/install/dobot_vision_rgbd:/home/bbcontact/magician_ros2/install/dobot_state_updater:/home/bbcontact/magician_ros2/install/dobot_motion:/home/bbcontact/magician_ros2/install/dobot_kinematics:/home/bbcontact/magician_ros2/install/dobot_homing:/home/bbcontact/magician_ros2/install/dobot_end_effector:/home/bbcontact/magician_ros2/install/dobot_diagnostics:/home/bbcontact/magician_ros2/install/dobot_calibration:/home/bbcontact/magician_ros2/install/dobot_vision_yolo:/home/bbcontact/magician_ros2/install/orbbec_description:/home/bbcontact/magician_ros2/install/dobot_web_interface:/home/bbcontact/magician_ros2/install/orbbec_camera:/home/bbcontact/magician_ros2/install/orbbec_camera_msgs:/home/bbcontact/magician_ros2/install/dobot_visualization_tools:/home/bbcontact/magician_ros2/install/dobot_object_vision:/home/bbcontact/magician_ros2/install/dobot_demos:/home/bbcontact/magician_ros2/install/dobot_msgs:/home/bbcontact/magician_ros2/install/dobot_control_panel:/home/bbcontact/magician_ros2/install/dobot_driver:/home/bbcontact/magician_ros2/install/dobot_description:/opt/ros/jazzy CMAKE_PREFIX_PATH=/home/bbcontact/magician_ros2/install/orbbec_camera:/home/bbcontact/magician_ros2/install/orbbec_camera_msgs:/home/bbcontact/magician_ros2/install/dobot_msgs:/home/bbcontact/magician_ros2/install/dobot_driver:/home/bbcontact/magician_ros2/install/dobot_description:/home/bbcontact/magician_ros2/install/orbbec_description:/opt/ros/jazzy/opt/gz_sim_vendor:/opt/ros/jazzy/opt/gz_sensors_vendor:/opt/ros/jazzy/opt/gz_physics_vendor:/opt/ros/jazzy/opt/sdformat_vendor:/opt/ros/jazzy/opt/gz_gui_vendor:/opt/ros/jazzy/opt/gz_transport_vendor:/opt/ros/jazzy/opt/gz_rendering_vendor:/opt/ros/jazzy/opt/gz_plugin_vendor:/opt/ros/jazzy/opt/gz_fuel_tools_vendor:/opt/ros/jazzy/opt/gz_msgs_vendor:/opt/ros/jazzy/opt/gz_common_vendor:/opt/ros/jazzy/opt/gz_math_vendor:/opt/ros/jazzy/opt/gz_utils_vendor:/opt/ros/jazzy/opt/gz_tools_vendor:/opt/ros/jazzy/opt/gz_ogre_next_vendor:/opt/ros/jazzy/opt/gz_dartsim_vendor:/opt/ros/jazzy/opt/gz_cmake_vendor DEBUGINFOD_URLS=https://debuginfod.ubuntu.com PYTHONPATH=/home/bbcontact/magician_ros2/build/dobot_web_interface/prefix_override:/usr/lib/python3/dist-packages/colcon_core/task/python/colcon_distutils_commands:/home/bbcontact/magician_ros2/install/dobot_web_interface/lib/python3.12/site-packages:/home/bbcontact/magician_ros2/build/dobot_bringup:/home/bbcontact/magician_ros2/install/dobot_bringup/lib/python3.12/site-packages:/home/bbcontact/magician_ros2/build/dobot_vision_rgbd:/home/bbcontact/magician_ros2/install/dobot_vision_rgbd/lib/python3.12/site-packages:/home/bbcontact/magician_ros2/build/dobot_state_updater:/home/bbcontact/magician_ros2/install/dobot_state_updater/lib/python3.12/site-packages:/home/bbcontact/magician_ros2/build/dobot_motion:/home/bbcontact/magician_ros2/install/dobot_motion/lib/python3.12/site-packages:/home/bbcontact/magician_ros2/build/dobot_kinematics:/home/bbcontact/magician_ros2/install/dobot_kinematics/lib/python3.12/site-packages:/home/bbcontact/magician_ros2/build/dobot_homing:/home/bbcontact/magician_ros2/install/dobot_homing/lib/python3.12/site-packages:/home/bbcontact/magician_ros2/build/dobot_end_effector:/home/bbcontact/magician_ros2/install/dobot_end_effector/lib/python3.12/site-packages:/home/bbcontact/magician_ros2/build/dobot_diagnostics:/home/bbcontact/magician_ros2/install/dobot_diagnostics/lib/python3.12/site-packages:/home/bbcontact/magician_ros2/build/dobot_calibration:/home/bbcontact/magician_ros2/install/dobot_calibration/lib/python3.12/site-packages:/home/bbcontact/magician_ros2/install/orbbec_camera_msgs/lib/python3.12/site-packages:/home/bbcontact/magician_ros2/build/dobot_vision_yolo:/home/bbcontact/magician_ros2/install/dobot_vision_yolo/lib/python3.12/site-packages:/home/bbcontact/magician_ros2/install/dobot_msgs/lib/python3.12/site-packages:/home/bbcontact/magician_ros2/install/dobot_driver/lib/python3.12/site-packages:/home/bbcontact/magician_ros2/build/dobot_web_interface:/home/bbcontact/magician_ros2/install/dobot_web_interface/lib/python3.12/site-packages:/home/bbcontact/magician_ros2/build/dobot_visualization_tools:/home/bbcontact/magician_ros2/install/dobot_visualization_tools/lib/python3.12/site-packages:/home/bbcontact/magician_ros2/build/dobot_object_vision:/home/bbcontact/magician_ros2/install/dobot_object_vision/lib/python3.12/site-packages:/home/bbcontact/magician_ros2/build/dobot_demos:/home/bbcontact/magician_ros2/install/dobot_demos/lib/python3.12/site-packages:/home/bbcontact/magician_ros2/build/dobot_control_panel:/home/bbcontact/magician_ros2/install/dobot_control_panel/lib/python3.12/site-packages:/opt/ros/jazzy/lib/python3.12/site-packages /usr/bin/python3 -W ignore:setup.py install is deprecated -W ignore:easy_install command is deprecated setup.py develop --editable --build-directory /home/bbcontact/magician_ros2/build/dobot_web_interface/build --no-deps symlink_data
[24.536s] INFO:colcon.colcon_core.shell:Creating environment descriptor '/home/bbcontact/magician_ros2/build/dobot_web_interface/share/dobot_web_interface/hook/pythonpath_develop.dsv'
[24.537s] INFO:colcon.colcon_core.shell:Creating environment hook '/home/bbcontact/magician_ros2/build/dobot_web_interface/share/dobot_web_interface/hook/pythonpath_develop.sh'
[24.539s] Level 1:colcon.colcon_core.environment:checking '/home/bbcontact/magician_ros2/install/dobot_web_interface' for CMake module files
[24.542s] Level 1:colcon.colcon_core.environment:checking '/home/bbcontact/magician_ros2/install/dobot_web_interface' for CMake config files
[24.544s] Level 1:colcon.colcon_core.environment:checking '/home/bbcontact/magician_ros2/install/dobot_web_interface/lib'
[24.545s] Level 1:colcon.colcon_core.environment:checking '/home/bbcontact/magician_ros2/install/dobot_web_interface/bin'
[24.545s] Level 1:colcon.colcon_core.environment:checking '/home/bbcontact/magician_ros2/install/dobot_web_interface/lib/pkgconfig/dobot_web_interface.pc'
[24.546s] Level 1:colcon.colcon_core.environment:checking '/home/bbcontact/magician_ros2/install/dobot_web_interface/lib/python3.12/site-packages'
[24.547s] Level 1:colcon.colcon_core.shell:create_environment_hook('dobot_web_interface', 'pythonpath')
[24.547s] INFO:colcon.colcon_core.shell:Creating environment hook '/home/bbcontact/magician_ros2/install/dobot_web_interface/share/dobot_web_interface/hook/pythonpath.ps1'
[24.549s] INFO:colcon.colcon_core.shell:Creating environment descriptor '/home/bbcontact/magician_ros2/install/dobot_web_interface/share/dobot_web_interface/hook/pythonpath.dsv'
[24.550s] INFO:colcon.colcon_core.shell:Creating environment hook '/home/bbcontact/magician_ros2/install/dobot_web_interface/share/dobot_web_interface/hook/pythonpath.sh'
[24.553s] Level 1:colcon.colcon_core.environment:checking '/home/bbcontact/magician_ros2/install/dobot_web_interface/bin'
[24.553s] Level 1:colcon.colcon_core.environment:create_environment_scripts_only(dobot_web_interface)
[24.554s] INFO:colcon.colcon_core.shell:Creating package script '/home/bbcontact/magician_ros2/install/dobot_web_interface/share/dobot_web_interface/package.ps1'
[24.557s] INFO:colcon.colcon_core.shell:Creating package descriptor '/home/bbcontact/magician_ros2/install/dobot_web_interface/share/dobot_web_interface/package.dsv'
[24.561s] INFO:colcon.colcon_core.shell:Creating package script '/home/bbcontact/magician_ros2/install/dobot_web_interface/share/dobot_web_interface/package.sh'
[24.565s] INFO:colcon.colcon_core.shell:Creating package script '/home/bbcontact/magician_ros2/install/dobot_web_interface/share/dobot_web_interface/package.bash'
[24.567s] INFO:colcon.colcon_core.shell:Creating package script '/home/bbcontact/magician_ros2/install/dobot_web_interface/share/dobot_web_interface/package.zsh'
[24.569s] Level 1:colcon.colcon_core.environment:create_file_with_runtime_dependencies(/home/bbcontact/magician_ros2/install/dobot_web_interface/share/colcon-core/packages/dobot_web_interface)
[24.572s] DEBUG:colcon.colcon_parallel_executor.executor.parallel:closing loop
[24.573s] DEBUG:colcon.colcon_parallel_executor.executor.parallel:loop closed
[24.574s] DEBUG:colcon.colcon_parallel_executor.executor.parallel:run_until_complete finished with '0'
[24.574s] DEBUG:colcon.colcon_core.event_reactor:joining thread
[24.575s] DEBUG:colcon.colcon_core.event_reactor:joined thread
[24.576s] INFO:colcon.colcon_core.shell:Creating prefix script '/home/bbcontact/magician_ros2/install/local_setup.ps1'
[24.581s] INFO:colcon.colcon_core.shell:Creating prefix util module '/home/bbcontact/magician_ros2/install/_local_setup_util_ps1.py'
[24.586s] INFO:colcon.colcon_core.shell:Creating prefix chain script '/home/bbcontact/magician_ros2/install/setup.ps1'
[24.595s] INFO:colcon.colcon_core.shell:Creating prefix script '/home/bbcontact/magician_ros2/install/local_setup.sh'
[24.597s] INFO:colcon.colcon_core.shell:Creating prefix util module '/home/bbcontact/magician_ros2/install/_local_setup_util_sh.py'
[24.602s] INFO:colcon.colcon_core.shell:Creating prefix chain script '/home/bbcontact/magician_ros2/install/setup.sh'
[24.609s] INFO:colcon.colcon_core.shell:Creating prefix script '/home/bbcontact/magician_ros2/install/local_setup.bash'
[24.610s] INFO:colcon.colcon_core.shell:Creating prefix chain script '/home/bbcontact/magician_ros2/install/setup.bash'
[24.616s] INFO:colcon.colcon_core.shell:Creating prefix script '/home/bbcontact/magician_ros2/install/local_setup.zsh'
[24.618s] INFO:colcon.colcon_core.shell:Creating prefix chain script '/home/bbcontact/magician_ros2/install/setup.zsh'
