[0.529s] DEBUG:colcon:Command line arguments: ['/usr/bin/colcon', 'build', '--packages-select', 'dobot_calibration', 'dobot_vision_rgbd', 'dobot_web_interface', '--symlink-install']
[0.529s] DEBUG:colcon:Parsed command line arguments: Namespace(log_base=None, log_level=None, verb_name='build', build_base='build', install_base='install', merge_install=False, symlink_install=True, test_result_base=None, continue_on_error=False, executor='parallel', parallel_workers=8, event_handlers=None, ignore_user_meta=False, metas=['./colcon.meta'], base_paths=['.'], packages_ignore=None, packages_ignore_regex=None, paths=None, packages_up_to=None, packages_up_to_regex=None, packages_above=None, packages_above_and_dependencies=None, packages_above_depth=None, packages_select_by_dep=None, packages_skip_by_dep=None, packages_skip_up_to=None, packages_select_build_failed=False, packages_skip_build_finished=False, packages_select_test_failures=False, packages_skip_test_passed=False, packages_select=['dobot_calibration', 'dobot_vision_rgbd', 'dobot_web_interface'], packages_skip=None, packages_select_regex=None, packages_skip_regex=None, packages_start=None, packages_end=None, allow_overriding=[], cmake_args=None, cmake_target=None, cmake_target_skip_unavailable=False, cmake_clean_cache=False, cmake_clean_first=False, cmake_force_configure=False, ament_cmake_args=None, catkin_cmake_args=None, catkin_skip_building_tests=False, mixin_files=None, mixin=None, verb_parser=<colcon_mixin.mixin.mixin_argument.MixinArgumentDecorator object at 0x7f2804a6a270>, verb_extension=<colcon_core.verb.build.BuildVerb object at 0x7f2804bbb290>, main=<bound method BuildVerb.main of <colcon_core.verb.build.BuildVerb object at 0x7f2804bbb290>>, mixin_verb=('build',))
[0.632s] Level 1:colcon.colcon_core.package_discovery:discover_packages(colcon_meta) check parameters
[0.633s] INFO:colcon.colcon_metadata.package_discovery.colcon_meta:Using configuration from '/home/bbcontact/magician_ros2/colcon.meta'
[0.634s] Level 1:colcon.colcon_core.package_discovery:discover_packages(recursive) check parameters
[0.634s] Level 1:colcon.colcon_core.package_discovery:discover_packages(ignore) check parameters
[0.634s] Level 1:colcon.colcon_core.package_discovery:discover_packages(path) check parameters
[0.634s] Level 1:colcon.colcon_core.package_discovery:discover_packages(colcon_meta) discover
[0.634s] Level 1:colcon.colcon_core.package_discovery:discover_packages(recursive) discover
[0.634s] INFO:colcon.colcon_core.package_discovery:Crawling recursively for packages in '/home/bbcontact/magician_ros2'
[0.634s] Level 1:colcon.colcon_core.package_identification:_identify(.) by extensions ['ignore', 'ignore_ament_install']
[0.635s] Level 1:colcon.colcon_core.package_identification:_identify(.) by extension 'ignore'
[0.635s] Level 1:colcon.colcon_core.package_identification:_identify(.) by extension 'ignore_ament_install'
[0.635s] Level 1:colcon.colcon_core.package_identification:_identify(.) by extensions ['colcon_pkg']
[0.635s] Level 1:colcon.colcon_core.package_identification:_identify(.) by extension 'colcon_pkg'
[0.635s] Level 1:colcon.colcon_core.package_identification:_identify(.) by extensions ['colcon_meta']
[0.635s] Level 1:colcon.colcon_core.package_identification:_identify(.) by extension 'colcon_meta'
[0.635s] Level 1:colcon.colcon_core.package_identification:_identify(.) by extensions ['ros']
[0.635s] Level 1:colcon.colcon_core.package_identification:_identify(.) by extension 'ros'
[0.698s] Level 1:colcon.colcon_core.package_identification:_identify(.) by extensions ['cmake', 'python']
[0.698s] Level 1:colcon.colcon_core.package_identification:_identify(.) by extension 'cmake'
[0.698s] Level 1:colcon.colcon_core.package_identification:_identify(.) by extension 'python'
[0.699s] Level 1:colcon.colcon_core.package_identification:_identify(.) by extensions ['python_setup_py']
[0.699s] Level 1:colcon.colcon_core.package_identification:_identify(.) by extension 'python_setup_py'
[0.699s] Level 1:colcon.colcon_core.package_identification:_identify(Log) by extensions ['ignore', 'ignore_ament_install']
[0.699s] Level 1:colcon.colcon_core.package_identification:_identify(Log) by extension 'ignore'
[0.699s] Level 1:colcon.colcon_core.package_identification:_identify(Log) by extension 'ignore_ament_install'
[0.699s] Level 1:colcon.colcon_core.package_identification:_identify(Log) by extensions ['colcon_pkg']
[0.699s] Level 1:colcon.colcon_core.package_identification:_identify(Log) by extension 'colcon_pkg'
[0.700s] Level 1:colcon.colcon_core.package_identification:_identify(Log) by extensions ['colcon_meta']
[0.700s] Level 1:colcon.colcon_core.package_identification:_identify(Log) by extension 'colcon_meta'
[0.700s] Level 1:colcon.colcon_core.package_identification:_identify(Log) by extensions ['ros']
[0.700s] Level 1:colcon.colcon_core.package_identification:_identify(Log) by extension 'ros'
[0.700s] Level 1:colcon.colcon_core.package_identification:_identify(Log) by extensions ['cmake', 'python']
[0.700s] Level 1:colcon.colcon_core.package_identification:_identify(Log) by extension 'cmake'
[0.700s] Level 1:colcon.colcon_core.package_identification:_identify(Log) by extension 'python'
[0.700s] Level 1:colcon.colcon_core.package_identification:_identify(Log) by extensions ['python_setup_py']
[0.700s] Level 1:colcon.colcon_core.package_identification:_identify(Log) by extension 'python_setup_py'
[0.700s] Level 1:colcon.colcon_core.package_identification:_identify(build) by extensions ['ignore', 'ignore_ament_install']
[0.701s] Level 1:colcon.colcon_core.package_identification:_identify(build) by extension 'ignore'
[0.701s] Level 1:colcon.colcon_core.package_identification:_identify(build) ignored
[0.701s] Level 1:colcon.colcon_core.package_identification:_identify(config) by extensions ['ignore', 'ignore_ament_install']
[0.701s] Level 1:colcon.colcon_core.package_identification:_identify(config) by extension 'ignore'
[0.701s] Level 1:colcon.colcon_core.package_identification:_identify(config) by extension 'ignore_ament_install'
[0.701s] Level 1:colcon.colcon_core.package_identification:_identify(config) by extensions ['colcon_pkg']
[0.701s] Level 1:colcon.colcon_core.package_identification:_identify(config) by extension 'colcon_pkg'
[0.702s] Level 1:colcon.colcon_core.package_identification:_identify(config) by extensions ['colcon_meta']
[0.702s] Level 1:colcon.colcon_core.package_identification:_identify(config) by extension 'colcon_meta'
[0.702s] Level 1:colcon.colcon_core.package_identification:_identify(config) by extensions ['ros']
[0.702s] Level 1:colcon.colcon_core.package_identification:_identify(config) by extension 'ros'
[0.702s] Level 1:colcon.colcon_core.package_identification:_identify(config) by extensions ['cmake', 'python']
[0.702s] Level 1:colcon.colcon_core.package_identification:_identify(config) by extension 'cmake'
[0.702s] Level 1:colcon.colcon_core.package_identification:_identify(config) by extension 'python'
[0.702s] Level 1:colcon.colcon_core.package_identification:_identify(config) by extensions ['python_setup_py']
[0.702s] Level 1:colcon.colcon_core.package_identification:_identify(config) by extension 'python_setup_py'
[0.702s] Level 1:colcon.colcon_core.package_identification:_identify(docs) by extensions ['ignore', 'ignore_ament_install']
[0.703s] Level 1:colcon.colcon_core.package_identification:_identify(docs) by extension 'ignore'
[0.703s] Level 1:colcon.colcon_core.package_identification:_identify(docs) by extension 'ignore_ament_install'
[0.703s] Level 1:colcon.colcon_core.package_identification:_identify(docs) by extensions ['colcon_pkg']
[0.703s] Level 1:colcon.colcon_core.package_identification:_identify(docs) by extension 'colcon_pkg'
[0.703s] Level 1:colcon.colcon_core.package_identification:_identify(docs) by extensions ['colcon_meta']
[0.703s] Level 1:colcon.colcon_core.package_identification:_identify(docs) by extension 'colcon_meta'
[0.703s] Level 1:colcon.colcon_core.package_identification:_identify(docs) by extensions ['ros']
[0.703s] Level 1:colcon.colcon_core.package_identification:_identify(docs) by extension 'ros'
[0.704s] Level 1:colcon.colcon_core.package_identification:_identify(docs) by extensions ['cmake', 'python']
[0.704s] Level 1:colcon.colcon_core.package_identification:_identify(docs) by extension 'cmake'
[0.704s] Level 1:colcon.colcon_core.package_identification:_identify(docs) by extension 'python'
[0.704s] Level 1:colcon.colcon_core.package_identification:_identify(docs) by extensions ['python_setup_py']
[0.704s] Level 1:colcon.colcon_core.package_identification:_identify(docs) by extension 'python_setup_py'
[0.704s] Level 1:colcon.colcon_core.package_identification:_identify(docs/evidence) by extensions ['ignore', 'ignore_ament_install']
[0.704s] Level 1:colcon.colcon_core.package_identification:_identify(docs/evidence) by extension 'ignore'
[0.704s] Level 1:colcon.colcon_core.package_identification:_identify(docs/evidence) by extension 'ignore_ament_install'
[0.705s] Level 1:colcon.colcon_core.package_identification:_identify(docs/evidence) by extensions ['colcon_pkg']
[0.705s] Level 1:colcon.colcon_core.package_identification:_identify(docs/evidence) by extension 'colcon_pkg'
[0.705s] Level 1:colcon.colcon_core.package_identification:_identify(docs/evidence) by extensions ['colcon_meta']
[0.705s] Level 1:colcon.colcon_core.package_identification:_identify(docs/evidence) by extension 'colcon_meta'
[0.705s] Level 1:colcon.colcon_core.package_identification:_identify(docs/evidence) by extensions ['ros']
[0.705s] Level 1:colcon.colcon_core.package_identification:_identify(docs/evidence) by extension 'ros'
[0.705s] Level 1:colcon.colcon_core.package_identification:_identify(docs/evidence) by extensions ['cmake', 'python']
[0.705s] Level 1:colcon.colcon_core.package_identification:_identify(docs/evidence) by extension 'cmake'
[0.705s] Level 1:colcon.colcon_core.package_identification:_identify(docs/evidence) by extension 'python'
[0.705s] Level 1:colcon.colcon_core.package_identification:_identify(docs/evidence) by extensions ['python_setup_py']
[0.705s] Level 1:colcon.colcon_core.package_identification:_identify(docs/evidence) by extension 'python_setup_py'
[0.706s] Level 1:colcon.colcon_core.package_identification:_identify(docs/evidence/depth-health-2026-09-12) by extensions ['ignore', 'ignore_ament_install']
[0.706s] Level 1:colcon.colcon_core.package_identification:_identify(docs/evidence/depth-health-2026-09-12) by extension 'ignore'
[0.706s] Level 1:colcon.colcon_core.package_identification:_identify(docs/evidence/depth-health-2026-09-12) by extension 'ignore_ament_install'
[0.706s] Level 1:colcon.colcon_core.package_identification:_identify(docs/evidence/depth-health-2026-09-12) by extensions ['colcon_pkg']
[0.706s] Level 1:colcon.colcon_core.package_identification:_identify(docs/evidence/depth-health-2026-09-12) by extension 'colcon_pkg'
[0.706s] Level 1:colcon.colcon_core.package_identification:_identify(docs/evidence/depth-health-2026-09-12) by extensions ['colcon_meta']
[0.706s] Level 1:colcon.colcon_core.package_identification:_identify(docs/evidence/depth-health-2026-09-12) by extension 'colcon_meta'
[0.706s] Level 1:colcon.colcon_core.package_identification:_identify(docs/evidence/depth-health-2026-09-12) by extensions ['ros']
[0.706s] Level 1:colcon.colcon_core.package_identification:_identify(docs/evidence/depth-health-2026-09-12) by extension 'ros'
[0.707s] Level 1:colcon.colcon_core.package_identification:_identify(docs/evidence/depth-health-2026-09-12) by extensions ['cmake', 'python']
[0.707s] Level 1:colcon.colcon_core.package_identification:_identify(docs/evidence/depth-health-2026-09-12) by extension 'cmake'
[0.707s] Level 1:colcon.colcon_core.package_identification:_identify(docs/evidence/depth-health-2026-09-12) by extension 'python'
[0.707s] Level 1:colcon.colcon_core.package_identification:_identify(docs/evidence/depth-health-2026-09-12) by extensions ['python_setup_py']
[0.707s] Level 1:colcon.colcon_core.package_identification:_identify(docs/evidence/depth-health-2026-09-12) by extension 'python_setup_py'
[0.707s] Level 1:colcon.colcon_core.package_identification:_identify(docs/evidence/mount-probe-2026-09-11) by extensions ['ignore', 'ignore_ament_install']
[0.707s] Level 1:colcon.colcon_core.package_identification:_identify(docs/evidence/mount-probe-2026-09-11) by extension 'ignore'
[0.707s] Level 1:colcon.colcon_core.package_identification:_identify(docs/evidence/mount-probe-2026-09-11) by extension 'ignore_ament_install'
[0.707s] Level 1:colcon.colcon_core.package_identification:_identify(docs/evidence/mount-probe-2026-09-11) by extensions ['colcon_pkg']
[0.708s] Level 1:colcon.colcon_core.package_identification:_identify(docs/evidence/mount-probe-2026-09-11) by extension 'colcon_pkg'
[0.708s] Level 1:colcon.colcon_core.package_identification:_identify(docs/evidence/mount-probe-2026-09-11) by extensions ['colcon_meta']
[0.708s] Level 1:colcon.colcon_core.package_identification:_identify(docs/evidence/mount-probe-2026-09-11) by extension 'colcon_meta'
[0.708s] Level 1:colcon.colcon_core.package_identification:_identify(docs/evidence/mount-probe-2026-09-11) by extensions ['ros']
[0.708s] Level 1:colcon.colcon_core.package_identification:_identify(docs/evidence/mount-probe-2026-09-11) by extension 'ros'
[0.708s] Level 1:colcon.colcon_core.package_identification:_identify(docs/evidence/mount-probe-2026-09-11) by extensions ['cmake', 'python']
[0.708s] Level 1:colcon.colcon_core.package_identification:_identify(docs/evidence/mount-probe-2026-09-11) by extension 'cmake'
[0.708s] Level 1:colcon.colcon_core.package_identification:_identify(docs/evidence/mount-probe-2026-09-11) by extension 'python'
[0.708s] Level 1:colcon.colcon_core.package_identification:_identify(docs/evidence/mount-probe-2026-09-11) by extensions ['python_setup_py']
[0.708s] Level 1:colcon.colcon_core.package_identification:_identify(docs/evidence/mount-probe-2026-09-11) by extension 'python_setup_py'
[0.709s] Level 1:colcon.colcon_core.package_identification:_identify(docs/evidence/official-dobot-magician) by extensions ['ignore', 'ignore_ament_install']
[0.709s] Level 1:colcon.colcon_core.package_identification:_identify(docs/evidence/official-dobot-magician) by extension 'ignore'
[0.709s] Level 1:colcon.colcon_core.package_identification:_identify(docs/evidence/official-dobot-magician) by extension 'ignore_ament_install'
[0.709s] Level 1:colcon.colcon_core.package_identification:_identify(docs/evidence/official-dobot-magician) by extensions ['colcon_pkg']
[0.709s] Level 1:colcon.colcon_core.package_identification:_identify(docs/evidence/official-dobot-magician) by extension 'colcon_pkg'
[0.709s] Level 1:colcon.colcon_core.package_identification:_identify(docs/evidence/official-dobot-magician) by extensions ['colcon_meta']
[0.709s] Level 1:colcon.colcon_core.package_identification:_identify(docs/evidence/official-dobot-magician) by extension 'colcon_meta'
[0.709s] Level 1:colcon.colcon_core.package_identification:_identify(docs/evidence/official-dobot-magician) by extensions ['ros']
[0.709s] Level 1:colcon.colcon_core.package_identification:_identify(docs/evidence/official-dobot-magician) by extension 'ros'
[0.709s] Level 1:colcon.colcon_core.package_identification:_identify(docs/evidence/official-dobot-magician) by extensions ['cmake', 'python']
[0.709s] Level 1:colcon.colcon_core.package_identification:_identify(docs/evidence/official-dobot-magician) by extension 'cmake'
[0.710s] Level 1:colcon.colcon_core.package_identification:_identify(docs/evidence/official-dobot-magician) by extension 'python'
[0.710s] Level 1:colcon.colcon_core.package_identification:_identify(docs/evidence/official-dobot-magician) by extensions ['python_setup_py']
[0.710s] Level 1:colcon.colcon_core.package_identification:_identify(docs/evidence/official-dobot-magician) by extension 'python_setup_py'
[0.710s] Level 1:colcon.colcon_core.package_identification:_identify(install) by extensions ['ignore', 'ignore_ament_install']
[0.710s] Level 1:colcon.colcon_core.package_identification:_identify(install) by extension 'ignore'
[0.710s] Level 1:colcon.colcon_core.package_identification:_identify(install) ignored
[0.710s] Level 1:colcon.colcon_core.package_identification:_identify(log) by extensions ['ignore', 'ignore_ament_install']
[0.711s] Level 1:colcon.colcon_core.package_identification:_identify(log) by extension 'ignore'
[0.711s] Level 1:colcon.colcon_core.package_identification:_identify(log) ignored
[0.711s] Level 1:colcon.colcon_core.package_identification:_identify(scripts) by extensions ['ignore', 'ignore_ament_install']
[0.711s] Level 1:colcon.colcon_core.package_identification:_identify(scripts) by extension 'ignore'
[0.711s] Level 1:colcon.colcon_core.package_identification:_identify(scripts) by extension 'ignore_ament_install'
[0.711s] Level 1:colcon.colcon_core.package_identification:_identify(scripts) by extensions ['colcon_pkg']
[0.711s] Level 1:colcon.colcon_core.package_identification:_identify(scripts) by extension 'colcon_pkg'
[0.711s] Level 1:colcon.colcon_core.package_identification:_identify(scripts) by extensions ['colcon_meta']
[0.712s] Level 1:colcon.colcon_core.package_identification:_identify(scripts) by extension 'colcon_meta'
[0.712s] Level 1:colcon.colcon_core.package_identification:_identify(scripts) by extensions ['ros']
[0.712s] Level 1:colcon.colcon_core.package_identification:_identify(scripts) by extension 'ros'
[0.712s] Level 1:colcon.colcon_core.package_identification:_identify(scripts) by extensions ['cmake', 'python']
[0.712s] Level 1:colcon.colcon_core.package_identification:_identify(scripts) by extension 'cmake'
[0.712s] Level 1:colcon.colcon_core.package_identification:_identify(scripts) by extension 'python'
[0.712s] Level 1:colcon.colcon_core.package_identification:_identify(scripts) by extensions ['python_setup_py']
[0.712s] Level 1:colcon.colcon_core.package_identification:_identify(scripts) by extension 'python_setup_py'
[0.712s] Level 1:colcon.colcon_core.package_identification:_identify(scripts/__pycache__) by extensions ['ignore', 'ignore_ament_install']
[0.712s] Level 1:colcon.colcon_core.package_identification:_identify(scripts/__pycache__) by extension 'ignore'
[0.713s] Level 1:colcon.colcon_core.package_identification:_identify(scripts/__pycache__) by extension 'ignore_ament_install'
[0.713s] Level 1:colcon.colcon_core.package_identification:_identify(scripts/__pycache__) by extensions ['colcon_pkg']
[0.713s] Level 1:colcon.colcon_core.package_identification:_identify(scripts/__pycache__) by extension 'colcon_pkg'
[0.713s] Level 1:colcon.colcon_core.package_identification:_identify(scripts/__pycache__) by extensions ['colcon_meta']
[0.713s] Level 1:colcon.colcon_core.package_identification:_identify(scripts/__pycache__) by extension 'colcon_meta'
[0.713s] Level 1:colcon.colcon_core.package_identification:_identify(scripts/__pycache__) by extensions ['ros']
[0.713s] Level 1:colcon.colcon_core.package_identification:_identify(scripts/__pycache__) by extension 'ros'
[0.713s] Level 1:colcon.colcon_core.package_identification:_identify(scripts/__pycache__) by extensions ['cmake', 'python']
[0.713s] Level 1:colcon.colcon_core.package_identification:_identify(scripts/__pycache__) by extension 'cmake'
[0.713s] Level 1:colcon.colcon_core.package_identification:_identify(scripts/__pycache__) by extension 'python'
[0.713s] Level 1:colcon.colcon_core.package_identification:_identify(scripts/__pycache__) by extensions ['python_setup_py']
[0.714s] Level 1:colcon.colcon_core.package_identification:_identify(scripts/__pycache__) by extension 'python_setup_py'
[0.714s] Level 1:colcon.colcon_core.package_identification:_identify(src) by extensions ['ignore', 'ignore_ament_install']
[0.714s] Level 1:colcon.colcon_core.package_identification:_identify(src) by extension 'ignore'
[0.714s] Level 1:colcon.colcon_core.package_identification:_identify(src) by extension 'ignore_ament_install'
[0.714s] Level 1:colcon.colcon_core.package_identification:_identify(src) by extensions ['colcon_pkg']
[0.714s] Level 1:colcon.colcon_core.package_identification:_identify(src) by extension 'colcon_pkg'
[0.714s] Level 1:colcon.colcon_core.package_identification:_identify(src) by extensions ['colcon_meta']
[0.714s] Level 1:colcon.colcon_core.package_identification:_identify(src) by extension 'colcon_meta'
[0.714s] Level 1:colcon.colcon_core.package_identification:_identify(src) by extensions ['ros']
[0.714s] Level 1:colcon.colcon_core.package_identification:_identify(src) by extension 'ros'
[0.715s] Level 1:colcon.colcon_core.package_identification:_identify(src) by extensions ['cmake', 'python']
[0.715s] Level 1:colcon.colcon_core.package_identification:_identify(src) by extension 'cmake'
[0.715s] Level 1:colcon.colcon_core.package_identification:_identify(src) by extension 'python'
[0.715s] Level 1:colcon.colcon_core.package_identification:_identify(src) by extensions ['python_setup_py']
[0.715s] Level 1:colcon.colcon_core.package_identification:_identify(src) by extension 'python_setup_py'
[0.715s] Level 1:colcon.colcon_core.package_identification:_identify(src/OrbbecSDK_ROS2) by extensions ['ignore', 'ignore_ament_install']
[0.715s] Level 1:colcon.colcon_core.package_identification:_identify(src/OrbbecSDK_ROS2) by extension 'ignore'
[0.715s] Level 1:colcon.colcon_core.package_identification:_identify(src/OrbbecSDK_ROS2) by extension 'ignore_ament_install'
[0.715s] Level 1:colcon.colcon_core.package_identification:_identify(src/OrbbecSDK_ROS2) by extensions ['colcon_pkg']
[0.716s] Level 1:colcon.colcon_core.package_identification:_identify(src/OrbbecSDK_ROS2) by extension 'colcon_pkg'
[0.716s] Level 1:colcon.colcon_core.package_identification:_identify(src/OrbbecSDK_ROS2) by extensions ['colcon_meta']
[0.716s] Level 1:colcon.colcon_core.package_identification:_identify(src/OrbbecSDK_ROS2) by extension 'colcon_meta'
[0.716s] Level 1:colcon.colcon_core.package_identification:_identify(src/OrbbecSDK_ROS2) by extensions ['ros']
[0.716s] Level 1:colcon.colcon_core.package_identification:_identify(src/OrbbecSDK_ROS2) by extension 'ros'
[0.716s] Level 1:colcon.colcon_core.package_identification:_identify(src/OrbbecSDK_ROS2) by extensions ['cmake', 'python']
[0.716s] Level 1:colcon.colcon_core.package_identification:_identify(src/OrbbecSDK_ROS2) by extension 'cmake'
[0.716s] Level 1:colcon.colcon_core.package_identification:_identify(src/OrbbecSDK_ROS2) by extension 'python'
[0.716s] Level 1:colcon.colcon_core.package_identification:_identify(src/OrbbecSDK_ROS2) by extensions ['python_setup_py']
[0.716s] Level 1:colcon.colcon_core.package_identification:_identify(src/OrbbecSDK_ROS2) by extension 'python_setup_py'
[0.716s] Level 1:colcon.colcon_core.package_identification:_identify(src/OrbbecSDK_ROS2/docs) by extensions ['ignore', 'ignore_ament_install']
[0.717s] Level 1:colcon.colcon_core.package_identification:_identify(src/OrbbecSDK_ROS2/docs) by extension 'ignore'
[0.717s] Level 1:colcon.colcon_core.package_identification:_identify(src/OrbbecSDK_ROS2/docs) by extension 'ignore_ament_install'
[0.717s] Level 1:colcon.colcon_core.package_identification:_identify(src/OrbbecSDK_ROS2/docs) by extensions ['colcon_pkg']
[0.717s] Level 1:colcon.colcon_core.package_identification:_identify(src/OrbbecSDK_ROS2/docs) by extension 'colcon_pkg'
[0.717s] Level 1:colcon.colcon_core.package_identification:_identify(src/OrbbecSDK_ROS2/docs) by extensions ['colcon_meta']
[0.717s] Level 1:colcon.colcon_core.package_identification:_identify(src/OrbbecSDK_ROS2/docs) by extension 'colcon_meta'
[0.717s] Level 1:colcon.colcon_core.package_identification:_identify(src/OrbbecSDK_ROS2/docs) by extensions ['ros']
[0.717s] Level 1:colcon.colcon_core.package_identification:_identify(src/OrbbecSDK_ROS2/docs) by extension 'ros'
[0.718s] Level 1:colcon.colcon_core.package_identification:_identify(src/OrbbecSDK_ROS2/docs) by extensions ['cmake', 'python']
[0.718s] Level 1:colcon.colcon_core.package_identification:_identify(src/OrbbecSDK_ROS2/docs) by extension 'cmake'
[0.718s] Level 1:colcon.colcon_core.package_identification:_identify(src/OrbbecSDK_ROS2/docs) by extension 'python'
[0.718s] Level 1:colcon.colcon_core.package_identification:_identify(src/OrbbecSDK_ROS2/docs) by extensions ['python_setup_py']
[0.718s] Level 1:colcon.colcon_core.package_identification:_identify(src/OrbbecSDK_ROS2/docs) by extension 'python_setup_py'
[0.718s] Level 1:colcon.colcon_core.package_identification:_identify(src/OrbbecSDK_ROS2/docs/images) by extensions ['ignore', 'ignore_ament_install']
[0.718s] Level 1:colcon.colcon_core.package_identification:_identify(src/OrbbecSDK_ROS2/docs/images) by extension 'ignore'
[0.719s] Level 1:colcon.colcon_core.package_identification:_identify(src/OrbbecSDK_ROS2/docs/images) by extension 'ignore_ament_install'
[0.719s] Level 1:colcon.colcon_core.package_identification:_identify(src/OrbbecSDK_ROS2/docs/images) by extensions ['colcon_pkg']
[0.719s] Level 1:colcon.colcon_core.package_identification:_identify(src/OrbbecSDK_ROS2/docs/images) by extension 'colcon_pkg'
[0.719s] Level 1:colcon.colcon_core.package_identification:_identify(src/OrbbecSDK_ROS2/docs/images) by extensions ['colcon_meta']
[0.719s] Level 1:colcon.colcon_core.package_identification:_identify(src/OrbbecSDK_ROS2/docs/images) by extension 'colcon_meta'
[0.719s] Level 1:colcon.colcon_core.package_identification:_identify(src/OrbbecSDK_ROS2/docs/images) by extensions ['ros']
[0.719s] Level 1:colcon.colcon_core.package_identification:_identify(src/OrbbecSDK_ROS2/docs/images) by extension 'ros'
[0.719s] Level 1:colcon.colcon_core.package_identification:_identify(src/OrbbecSDK_ROS2/docs/images) by extensions ['cmake', 'python']
[0.719s] Level 1:colcon.colcon_core.package_identification:_identify(src/OrbbecSDK_ROS2/docs/images) by extension 'cmake'
[0.719s] Level 1:colcon.colcon_core.package_identification:_identify(src/OrbbecSDK_ROS2/docs/images) by extension 'python'
[0.719s] Level 1:colcon.colcon_core.package_identification:_identify(src/OrbbecSDK_ROS2/docs/images) by extensions ['python_setup_py']
[0.719s] Level 1:colcon.colcon_core.package_identification:_identify(src/OrbbecSDK_ROS2/docs/images) by extension 'python_setup_py'
[0.720s] Level 1:colcon.colcon_core.package_identification:_identify(src/OrbbecSDK_ROS2/orbbec_camera) by extensions ['ignore', 'ignore_ament_install']
[0.720s] Level 1:colcon.colcon_core.package_identification:_identify(src/OrbbecSDK_ROS2/orbbec_camera) by extension 'ignore'
[0.720s] Level 1:colcon.colcon_core.package_identification:_identify(src/OrbbecSDK_ROS2/orbbec_camera) by extension 'ignore_ament_install'
[0.720s] Level 1:colcon.colcon_core.package_identification:_identify(src/OrbbecSDK_ROS2/orbbec_camera) by extensions ['colcon_pkg']
[0.720s] Level 1:colcon.colcon_core.package_identification:_identify(src/OrbbecSDK_ROS2/orbbec_camera) by extension 'colcon_pkg'
[0.720s] Level 1:colcon.colcon_core.package_identification:_identify(src/OrbbecSDK_ROS2/orbbec_camera) by extensions ['colcon_meta']
[0.720s] Level 1:colcon.colcon_core.package_identification:_identify(src/OrbbecSDK_ROS2/orbbec_camera) by extension 'colcon_meta'
[0.720s] Level 1:colcon.colcon_core.package_identification:_identify(src/OrbbecSDK_ROS2/orbbec_camera) by extensions ['ros']
[0.720s] Level 1:colcon.colcon_core.package_identification:_identify(src/OrbbecSDK_ROS2/orbbec_camera) by extension 'ros'
[0.731s] DEBUG:colcon.colcon_core.package_identification:Package 'src/OrbbecSDK_ROS2/orbbec_camera' with type 'ros.ament_cmake' and name 'orbbec_camera'
[0.731s] Level 1:colcon.colcon_core.package_identification:_identify(src/OrbbecSDK_ROS2/orbbec_camera_msgs) by extensions ['ignore', 'ignore_ament_install']
[0.731s] Level 1:colcon.colcon_core.package_identification:_identify(src/OrbbecSDK_ROS2/orbbec_camera_msgs) by extension 'ignore'
[0.731s] Level 1:colcon.colcon_core.package_identification:_identify(src/OrbbecSDK_ROS2/orbbec_camera_msgs) by extension 'ignore_ament_install'
[0.732s] Level 1:colcon.colcon_core.package_identification:_identify(src/OrbbecSDK_ROS2/orbbec_camera_msgs) by extensions ['colcon_pkg']
[0.732s] Level 1:colcon.colcon_core.package_identification:_identify(src/OrbbecSDK_ROS2/orbbec_camera_msgs) by extension 'colcon_pkg'
[0.732s] Level 1:colcon.colcon_core.package_identification:_identify(src/OrbbecSDK_ROS2/orbbec_camera_msgs) by extensions ['colcon_meta']
[0.732s] Level 1:colcon.colcon_core.package_identification:_identify(src/OrbbecSDK_ROS2/orbbec_camera_msgs) by extension 'colcon_meta'
[0.732s] Level 1:colcon.colcon_core.package_identification:_identify(src/OrbbecSDK_ROS2/orbbec_camera_msgs) by extensions ['ros']
[0.732s] Level 1:colcon.colcon_core.package_identification:_identify(src/OrbbecSDK_ROS2/orbbec_camera_msgs) by extension 'ros'
[0.733s] DEBUG:colcon.colcon_core.package_identification:Package 'src/OrbbecSDK_ROS2/orbbec_camera_msgs' with type 'ros.ament_cmake' and name 'orbbec_camera_msgs'
[0.733s] Level 1:colcon.colcon_core.package_identification:_identify(src/OrbbecSDK_ROS2/orbbec_description) by extensions ['ignore', 'ignore_ament_install']
[0.734s] Level 1:colcon.colcon_core.package_identification:_identify(src/OrbbecSDK_ROS2/orbbec_description) by extension 'ignore'
[0.734s] Level 1:colcon.colcon_core.package_identification:_identify(src/OrbbecSDK_ROS2/orbbec_description) by extension 'ignore_ament_install'
[0.734s] Level 1:colcon.colcon_core.package_identification:_identify(src/OrbbecSDK_ROS2/orbbec_description) by extensions ['colcon_pkg']
[0.734s] Level 1:colcon.colcon_core.package_identification:_identify(src/OrbbecSDK_ROS2/orbbec_description) by extension 'colcon_pkg'
[0.734s] Level 1:colcon.colcon_core.package_identification:_identify(src/OrbbecSDK_ROS2/orbbec_description) by extensions ['colcon_meta']
[0.734s] Level 1:colcon.colcon_core.package_identification:_identify(src/OrbbecSDK_ROS2/orbbec_description) by extension 'colcon_meta'
[0.734s] Level 1:colcon.colcon_core.package_identification:_identify(src/OrbbecSDK_ROS2/orbbec_description) by extensions ['ros']
[0.734s] Level 1:colcon.colcon_core.package_identification:_identify(src/OrbbecSDK_ROS2/orbbec_description) by extension 'ros'
[0.735s] DEBUG:colcon.colcon_core.package_identification:Package 'src/OrbbecSDK_ROS2/orbbec_description' with type 'ros.ament_cmake' and name 'orbbec_description'
[0.735s] Level 1:colcon.colcon_core.package_identification:_identify(src/magician_ros2) by extensions ['ignore', 'ignore_ament_install']
[0.736s] Level 1:colcon.colcon_core.package_identification:_identify(src/magician_ros2) by extension 'ignore'
[0.736s] Level 1:colcon.colcon_core.package_identification:_identify(src/magician_ros2) by extension 'ignore_ament_install'
[0.736s] Level 1:colcon.colcon_core.package_identification:_identify(src/magician_ros2) by extensions ['colcon_pkg']
[0.736s] Level 1:colcon.colcon_core.package_identification:_identify(src/magician_ros2) by extension 'colcon_pkg'
[0.736s] Level 1:colcon.colcon_core.package_identification:_identify(src/magician_ros2) by extensions ['colcon_meta']
[0.736s] Level 1:colcon.colcon_core.package_identification:_identify(src/magician_ros2) by extension 'colcon_meta'
[0.736s] Level 1:colcon.colcon_core.package_identification:_identify(src/magician_ros2) by extensions ['ros']
[0.736s] Level 1:colcon.colcon_core.package_identification:_identify(src/magician_ros2) by extension 'ros'
[0.736s] Level 1:colcon.colcon_core.package_identification:_identify(src/magician_ros2) by extensions ['cmake', 'python']
[0.737s] Level 1:colcon.colcon_core.package_identification:_identify(src/magician_ros2) by extension 'cmake'
[0.737s] Level 1:colcon.colcon_core.package_identification:_identify(src/magician_ros2) by extension 'python'
[0.737s] Level 1:colcon.colcon_core.package_identification:_identify(src/magician_ros2) by extensions ['python_setup_py']
[0.737s] Level 1:colcon.colcon_core.package_identification:_identify(src/magician_ros2) by extension 'python_setup_py'
[0.737s] Level 1:colcon.colcon_core.package_identification:_identify(src/magician_ros2/dobot_bringup) by extensions ['ignore', 'ignore_ament_install']
[0.737s] Level 1:colcon.colcon_core.package_identification:_identify(src/magician_ros2/dobot_bringup) by extension 'ignore'
[0.737s] Level 1:colcon.colcon_core.package_identification:_identify(src/magician_ros2/dobot_bringup) by extension 'ignore_ament_install'
[0.738s] Level 1:colcon.colcon_core.package_identification:_identify(src/magician_ros2/dobot_bringup) by extensions ['colcon_pkg']
[0.738s] Level 1:colcon.colcon_core.package_identification:_identify(src/magician_ros2/dobot_bringup) by extension 'colcon_pkg'
[0.738s] Level 1:colcon.colcon_core.package_identification:_identify(src/magician_ros2/dobot_bringup) by extensions ['colcon_meta']
[0.738s] Level 1:colcon.colcon_core.package_identification:_identify(src/magician_ros2/dobot_bringup) by extension 'colcon_meta'
[0.738s] Level 1:colcon.colcon_core.package_identification:_identify(src/magician_ros2/dobot_bringup) by extensions ['ros']
[0.738s] Level 1:colcon.colcon_core.package_identification:_identify(src/magician_ros2/dobot_bringup) by extension 'ros'
[0.740s] DEBUG:colcon.colcon_core.package_identification:Package 'src/magician_ros2/dobot_bringup' with type 'ros.ament_python' and name 'dobot_bringup'
[0.740s] Level 1:colcon.colcon_core.package_identification:_identify(src/magician_ros2/dobot_calibration) by extensions ['ignore', 'ignore_ament_install']
[0.740s] Level 1:colcon.colcon_core.package_identification:_identify(src/magician_ros2/dobot_calibration) by extension 'ignore'
[0.740s] Level 1:colcon.colcon_core.package_identification:_identify(src/magician_ros2/dobot_calibration) by extension 'ignore_ament_install'
[0.741s] Level 1:colcon.colcon_core.package_identification:_identify(src/magician_ros2/dobot_calibration) by extensions ['colcon_pkg']
[0.741s] Level 1:colcon.colcon_core.package_identification:_identify(src/magician_ros2/dobot_calibration) by extension 'colcon_pkg'
[0.741s] Level 1:colcon.colcon_core.package_identification:_identify(src/magician_ros2/dobot_calibration) by extensions ['colcon_meta']
[0.741s] Level 1:colcon.colcon_core.package_identification:_identify(src/magician_ros2/dobot_calibration) by extension 'colcon_meta'
[0.741s] Level 1:colcon.colcon_core.package_identification:_identify(src/magician_ros2/dobot_calibration) by extensions ['ros']
[0.741s] Level 1:colcon.colcon_core.package_identification:_identify(src/magician_ros2/dobot_calibration) by extension 'ros'
[0.742s] DEBUG:colcon.colcon_core.package_identification:Package 'src/magician_ros2/dobot_calibration' with type 'ros.ament_python' and name 'dobot_calibration'
[0.743s] Level 1:colcon.colcon_core.package_identification:_identify(src/magician_ros2/dobot_control_panel) by extensions ['ignore', 'ignore_ament_install']
[0.743s] Level 1:colcon.colcon_core.package_identification:_identify(src/magician_ros2/dobot_control_panel) by extension 'ignore'
[0.743s] Level 1:colcon.colcon_core.package_identification:_identify(src/magician_ros2/dobot_control_panel) by extension 'ignore_ament_install'
[0.743s] Level 1:colcon.colcon_core.package_identification:_identify(src/magician_ros2/dobot_control_panel) by extensions ['colcon_pkg']
[0.743s] Level 1:colcon.colcon_core.package_identification:_identify(src/magician_ros2/dobot_control_panel) by extension 'colcon_pkg'
[0.743s] Level 1:colcon.colcon_core.package_identification:_identify(src/magician_ros2/dobot_control_panel) by extensions ['colcon_meta']
[0.743s] Level 1:colcon.colcon_core.package_identification:_identify(src/magician_ros2/dobot_control_panel) by extension 'colcon_meta'
[0.744s] Level 1:colcon.colcon_core.package_identification:_identify(src/magician_ros2/dobot_control_panel) by extensions ['ros']
[0.744s] Level 1:colcon.colcon_core.package_identification:_identify(src/magician_ros2/dobot_control_panel) by extension 'ros'
[0.745s] DEBUG:colcon.colcon_core.package_identification:Package 'src/magician_ros2/dobot_control_panel' with type 'ros.ament_python' and name 'dobot_control_panel'
[0.745s] Level 1:colcon.colcon_core.package_identification:_identify(src/magician_ros2/dobot_demos) by extensions ['ignore', 'ignore_ament_install']
[0.745s] Level 1:colcon.colcon_core.package_identification:_identify(src/magician_ros2/dobot_demos) by extension 'ignore'
[0.745s] Level 1:colcon.colcon_core.package_identification:_identify(src/magician_ros2/dobot_demos) by extension 'ignore_ament_install'
[0.745s] Level 1:colcon.colcon_core.package_identification:_identify(src/magician_ros2/dobot_demos) by extensions ['colcon_pkg']
[0.746s] Level 1:colcon.colcon_core.package_identification:_identify(src/magician_ros2/dobot_demos) by extension 'colcon_pkg'
[0.746s] Level 1:colcon.colcon_core.package_identification:_identify(src/magician_ros2/dobot_demos) by extensions ['colcon_meta']
[0.746s] Level 1:colcon.colcon_core.package_identification:_identify(src/magician_ros2/dobot_demos) by extension 'colcon_meta'
[0.746s] Level 1:colcon.colcon_core.package_identification:_identify(src/magician_ros2/dobot_demos) by extensions ['ros']
[0.746s] Level 1:colcon.colcon_core.package_identification:_identify(src/magician_ros2/dobot_demos) by extension 'ros'
[0.747s] DEBUG:colcon.colcon_core.package_identification:Package 'src/magician_ros2/dobot_demos' with type 'ros.ament_python' and name 'dobot_demos'
[0.748s] Level 1:colcon.colcon_core.package_identification:_identify(src/magician_ros2/dobot_description) by extensions ['ignore', 'ignore_ament_install']
[0.748s] Level 1:colcon.colcon_core.package_identification:_identify(src/magician_ros2/dobot_description) by extension 'ignore'
[0.748s] Level 1:colcon.colcon_core.package_identification:_identify(src/magician_ros2/dobot_description) by extension 'ignore_ament_install'
[0.748s] Level 1:colcon.colcon_core.package_identification:_identify(src/magician_ros2/dobot_description) by extensions ['colcon_pkg']
[0.748s] Level 1:colcon.colcon_core.package_identification:_identify(src/magician_ros2/dobot_description) by extension 'colcon_pkg'
[0.748s] Level 1:colcon.colcon_core.package_identification:_identify(src/magician_ros2/dobot_description) by extensions ['colcon_meta']
[0.748s] Level 1:colcon.colcon_core.package_identification:_identify(src/magician_ros2/dobot_description) by extension 'colcon_meta'
[0.748s] Level 1:colcon.colcon_core.package_identification:_identify(src/magician_ros2/dobot_description) by extensions ['ros']
[0.749s] Level 1:colcon.colcon_core.package_identification:_identify(src/magician_ros2/dobot_description) by extension 'ros'
[0.750s] DEBUG:colcon.colcon_core.package_identification:Package 'src/magician_ros2/dobot_description' with type 'ros.ament_cmake' and name 'dobot_description'
[0.750s] Level 1:colcon.colcon_core.package_identification:_identify(src/magician_ros2/dobot_diagnostics) by extensions ['ignore', 'ignore_ament_install']
[0.750s] Level 1:colcon.colcon_core.package_identification:_identify(src/magician_ros2/dobot_diagnostics) by extension 'ignore'
[0.750s] Level 1:colcon.colcon_core.package_identification:_identify(src/magician_ros2/dobot_diagnostics) by extension 'ignore_ament_install'
[0.750s] Level 1:colcon.colcon_core.package_identification:_identify(src/magician_ros2/dobot_diagnostics) by extensions ['colcon_pkg']
[0.750s] Level 1:colcon.colcon_core.package_identification:_identify(src/magician_ros2/dobot_diagnostics) by extension 'colcon_pkg'
[0.750s] Level 1:colcon.colcon_core.package_identification:_identify(src/magician_ros2/dobot_diagnostics) by extensions ['colcon_meta']
[0.751s] Level 1:colcon.colcon_core.package_identification:_identify(src/magician_ros2/dobot_diagnostics) by extension 'colcon_meta'
[0.751s] Level 1:colcon.colcon_core.package_identification:_identify(src/magician_ros2/dobot_diagnostics) by extensions ['ros']
[0.751s] Level 1:colcon.colcon_core.package_identification:_identify(src/magician_ros2/dobot_diagnostics) by extension 'ros'
[0.752s] DEBUG:colcon.colcon_core.package_identification:Package 'src/magician_ros2/dobot_diagnostics' with type 'ros.ament_python' and name 'dobot_diagnostics'
[0.752s] Level 1:colcon.colcon_core.package_identification:_identify(src/magician_ros2/dobot_driver) by extensions ['ignore', 'ignore_ament_install']
[0.752s] Level 1:colcon.colcon_core.package_identification:_identify(src/magician_ros2/dobot_driver) by extension 'ignore'
[0.752s] Level 1:colcon.colcon_core.package_identification:_identify(src/magician_ros2/dobot_driver) by extension 'ignore_ament_install'
[0.753s] Level 1:colcon.colcon_core.package_identification:_identify(src/magician_ros2/dobot_driver) by extensions ['colcon_pkg']
[0.753s] Level 1:colcon.colcon_core.package_identification:_identify(src/magician_ros2/dobot_driver) by extension 'colcon_pkg'
[0.753s] Level 1:colcon.colcon_core.package_identification:_identify(src/magician_ros2/dobot_driver) by extensions ['colcon_meta']
[0.753s] Level 1:colcon.colcon_core.package_identification:_identify(src/magician_ros2/dobot_driver) by extension 'colcon_meta'
[0.753s] Level 1:colcon.colcon_core.package_identification:_identify(src/magician_ros2/dobot_driver) by extensions ['ros']
[0.753s] Level 1:colcon.colcon_core.package_identification:_identify(src/magician_ros2/dobot_driver) by extension 'ros'
[0.754s] DEBUG:colcon.colcon_core.package_identification:Package 'src/magician_ros2/dobot_driver' with type 'ros.ament_cmake' and name 'dobot_driver'
[0.754s] Level 1:colcon.colcon_core.package_identification:_identify(src/magician_ros2/dobot_end_effector) by extensions ['ignore', 'ignore_ament_install']
[0.755s] Level 1:colcon.colcon_core.package_identification:_identify(src/magician_ros2/dobot_end_effector) by extension 'ignore'
[0.755s] Level 1:colcon.colcon_core.package_identification:_identify(src/magician_ros2/dobot_end_effector) by extension 'ignore_ament_install'
[0.755s] Level 1:colcon.colcon_core.package_identification:_identify(src/magician_ros2/dobot_end_effector) by extensions ['colcon_pkg']
[0.755s] Level 1:colcon.colcon_core.package_identification:_identify(src/magician_ros2/dobot_end_effector) by extension 'colcon_pkg'
[0.755s] Level 1:colcon.colcon_core.package_identification:_identify(src/magician_ros2/dobot_end_effector) by extensions ['colcon_meta']
[0.755s] Level 1:colcon.colcon_core.package_identification:_identify(src/magician_ros2/dobot_end_effector) by extension 'colcon_meta'
[0.755s] Level 1:colcon.colcon_core.package_identification:_identify(src/magician_ros2/dobot_end_effector) by extensions ['ros']
[0.755s] Level 1:colcon.colcon_core.package_identification:_identify(src/magician_ros2/dobot_end_effector) by extension 'ros'
[0.757s] DEBUG:colcon.colcon_core.package_identification:Package 'src/magician_ros2/dobot_end_effector' with type 'ros.ament_python' and name 'dobot_end_effector'
[0.757s] Level 1:colcon.colcon_core.package_identification:_identify(src/magician_ros2/dobot_homing) by extensions ['ignore', 'ignore_ament_install']
[0.757s] Level 1:colcon.colcon_core.package_identification:_identify(src/magician_ros2/dobot_homing) by extension 'ignore'
[0.757s] Level 1:colcon.colcon_core.package_identification:_identify(src/magician_ros2/dobot_homing) by extension 'ignore_ament_install'
[0.757s] Level 1:colcon.colcon_core.package_identification:_identify(src/magician_ros2/dobot_homing) by extensions ['colcon_pkg']
[0.757s] Level 1:colcon.colcon_core.package_identification:_identify(src/magician_ros2/dobot_homing) by extension 'colcon_pkg'
[0.757s] Level 1:colcon.colcon_core.package_identification:_identify(src/magician_ros2/dobot_homing) by extensions ['colcon_meta']
[0.757s] Level 1:colcon.colcon_core.package_identification:_identify(src/magician_ros2/dobot_homing) by extension 'colcon_meta'
[0.758s] Level 1:colcon.colcon_core.package_identification:_identify(src/magician_ros2/dobot_homing) by extensions ['ros']
[0.758s] Level 1:colcon.colcon_core.package_identification:_identify(src/magician_ros2/dobot_homing) by extension 'ros'
[0.759s] DEBUG:colcon.colcon_core.package_identification:Package 'src/magician_ros2/dobot_homing' with type 'ros.ament_python' and name 'dobot_homing'
[0.759s] Level 1:colcon.colcon_core.package_identification:_identify(src/magician_ros2/dobot_kinematics) by extensions ['ignore', 'ignore_ament_install']
[0.759s] Level 1:colcon.colcon_core.package_identification:_identify(src/magician_ros2/dobot_kinematics) by extension 'ignore'
[0.760s] Level 1:colcon.colcon_core.package_identification:_identify(src/magician_ros2/dobot_kinematics) by extension 'ignore_ament_install'
[0.760s] Level 1:colcon.colcon_core.package_identification:_identify(src/magician_ros2/dobot_kinematics) by extensions ['colcon_pkg']
[0.760s] Level 1:colcon.colcon_core.package_identification:_identify(src/magician_ros2/dobot_kinematics) by extension 'colcon_pkg'
[0.760s] Level 1:colcon.colcon_core.package_identification:_identify(src/magician_ros2/dobot_kinematics) by extensions ['colcon_meta']
[0.760s] Level 1:colcon.colcon_core.package_identification:_identify(src/magician_ros2/dobot_kinematics) by extension 'colcon_meta'
[0.760s] Level 1:colcon.colcon_core.package_identification:_identify(src/magician_ros2/dobot_kinematics) by extensions ['ros']
[0.760s] Level 1:colcon.colcon_core.package_identification:_identify(src/magician_ros2/dobot_kinematics) by extension 'ros'
[0.761s] DEBUG:colcon.colcon_core.package_identification:Package 'src/magician_ros2/dobot_kinematics' with type 'ros.ament_python' and name 'dobot_kinematics'
[0.762s] Level 1:colcon.colcon_core.package_identification:_identify(src/magician_ros2/dobot_motion) by extensions ['ignore', 'ignore_ament_install']
[0.762s] Level 1:colcon.colcon_core.package_identification:_identify(src/magician_ros2/dobot_motion) by extension 'ignore'
[0.762s] Level 1:colcon.colcon_core.package_identification:_identify(src/magician_ros2/dobot_motion) by extension 'ignore_ament_install'
[0.762s] Level 1:colcon.colcon_core.package_identification:_identify(src/magician_ros2/dobot_motion) by extensions ['colcon_pkg']
[0.762s] Level 1:colcon.colcon_core.package_identification:_identify(src/magician_ros2/dobot_motion) by extension 'colcon_pkg'
[0.762s] Level 1:colcon.colcon_core.package_identification:_identify(src/magician_ros2/dobot_motion) by extensions ['colcon_meta']
[0.763s] Level 1:colcon.colcon_core.package_identification:_identify(src/magician_ros2/dobot_motion) by extension 'colcon_meta'
[0.763s] Level 1:colcon.colcon_core.package_identification:_identify(src/magician_ros2/dobot_motion) by extensions ['ros']
[0.763s] Level 1:colcon.colcon_core.package_identification:_identify(src/magician_ros2/dobot_motion) by extension 'ros'
[0.764s] DEBUG:colcon.colcon_core.package_identification:Package 'src/magician_ros2/dobot_motion' with type 'ros.ament_python' and name 'dobot_motion'
[0.765s] Level 1:colcon.colcon_core.package_identification:_identify(src/magician_ros2/dobot_msgs) by extensions ['ignore', 'ignore_ament_install']
[0.765s] Level 1:colcon.colcon_core.package_identification:_identify(src/magician_ros2/dobot_msgs) by extension 'ignore'
[0.765s] Level 1:colcon.colcon_core.package_identification:_identify(src/magician_ros2/dobot_msgs) by extension 'ignore_ament_install'
[0.765s] Level 1:colcon.colcon_core.package_identification:_identify(src/magician_ros2/dobot_msgs) by extensions ['colcon_pkg']
[0.765s] Level 1:colcon.colcon_core.package_identification:_identify(src/magician_ros2/dobot_msgs) by extension 'colcon_pkg'
[0.765s] Level 1:colcon.colcon_core.package_identification:_identify(src/magician_ros2/dobot_msgs) by extensions ['colcon_meta']
[0.765s] Level 1:colcon.colcon_core.package_identification:_identify(src/magician_ros2/dobot_msgs) by extension 'colcon_meta'
[0.765s] Level 1:colcon.colcon_core.package_identification:_identify(src/magician_ros2/dobot_msgs) by extensions ['ros']
[0.765s] Level 1:colcon.colcon_core.package_identification:_identify(src/magician_ros2/dobot_msgs) by extension 'ros'
[0.767s] DEBUG:colcon.colcon_core.package_identification:Package 'src/magician_ros2/dobot_msgs' with type 'ros.ament_cmake' and name 'dobot_msgs'
[0.767s] Level 1:colcon.colcon_core.package_identification:_identify(src/magician_ros2/dobot_object_vision) by extensions ['ignore', 'ignore_ament_install']
[0.767s] Level 1:colcon.colcon_core.package_identification:_identify(src/magician_ros2/dobot_object_vision) by extension 'ignore'
[0.767s] Level 1:colcon.colcon_core.package_identification:_identify(src/magician_ros2/dobot_object_vision) by extension 'ignore_ament_install'
[0.768s] Level 1:colcon.colcon_core.package_identification:_identify(src/magician_ros2/dobot_object_vision) by extensions ['colcon_pkg']
[0.768s] Level 1:colcon.colcon_core.package_identification:_identify(src/magician_ros2/dobot_object_vision) by extension 'colcon_pkg'
[0.768s] Level 1:colcon.colcon_core.package_identification:_identify(src/magician_ros2/dobot_object_vision) by extensions ['colcon_meta']
[0.768s] Level 1:colcon.colcon_core.package_identification:_identify(src/magician_ros2/dobot_object_vision) by extension 'colcon_meta'
[0.768s] Level 1:colcon.colcon_core.package_identification:_identify(src/magician_ros2/dobot_object_vision) by extensions ['ros']
[0.768s] Level 1:colcon.colcon_core.package_identification:_identify(src/magician_ros2/dobot_object_vision) by extension 'ros'
[0.770s] DEBUG:colcon.colcon_core.package_identification:Package 'src/magician_ros2/dobot_object_vision' with type 'ros.ament_python' and name 'dobot_object_vision'
[0.770s] Level 1:colcon.colcon_core.package_identification:_identify(src/magician_ros2/dobot_state_updater) by extensions ['ignore', 'ignore_ament_install']
[0.770s] Level 1:colcon.colcon_core.package_identification:_identify(src/magician_ros2/dobot_state_updater) by extension 'ignore'
[0.770s] Level 1:colcon.colcon_core.package_identification:_identify(src/magician_ros2/dobot_state_updater) by extension 'ignore_ament_install'
[0.771s] Level 1:colcon.colcon_core.package_identification:_identify(src/magician_ros2/dobot_state_updater) by extensions ['colcon_pkg']
[0.771s] Level 1:colcon.colcon_core.package_identification:_identify(src/magician_ros2/dobot_state_updater) by extension 'colcon_pkg'
[0.771s] Level 1:colcon.colcon_core.package_identification:_identify(src/magician_ros2/dobot_state_updater) by extensions ['colcon_meta']
[0.771s] Level 1:colcon.colcon_core.package_identification:_identify(src/magician_ros2/dobot_state_updater) by extension 'colcon_meta'
[0.771s] Level 1:colcon.colcon_core.package_identification:_identify(src/magician_ros2/dobot_state_updater) by extensions ['ros']
[0.771s] Level 1:colcon.colcon_core.package_identification:_identify(src/magician_ros2/dobot_state_updater) by extension 'ros'
[0.773s] DEBUG:colcon.colcon_core.package_identification:Package 'src/magician_ros2/dobot_state_updater' with type 'ros.ament_python' and name 'dobot_state_updater'
[0.773s] Level 1:colcon.colcon_core.package_identification:_identify(src/magician_ros2/dobot_vision_rgbd) by extensions ['ignore', 'ignore_ament_install']
[0.773s] Level 1:colcon.colcon_core.package_identification:_identify(src/magician_ros2/dobot_vision_rgbd) by extension 'ignore'
[0.774s] Level 1:colcon.colcon_core.package_identification:_identify(src/magician_ros2/dobot_vision_rgbd) by extension 'ignore_ament_install'
[0.774s] Level 1:colcon.colcon_core.package_identification:_identify(src/magician_ros2/dobot_vision_rgbd) by extensions ['colcon_pkg']
[0.774s] Level 1:colcon.colcon_core.package_identification:_identify(src/magician_ros2/dobot_vision_rgbd) by extension 'colcon_pkg'
[0.774s] Level 1:colcon.colcon_core.package_identification:_identify(src/magician_ros2/dobot_vision_rgbd) by extensions ['colcon_meta']
[0.774s] Level 1:colcon.colcon_core.package_identification:_identify(src/magician_ros2/dobot_vision_rgbd) by extension 'colcon_meta'
[0.774s] Level 1:colcon.colcon_core.package_identification:_identify(src/magician_ros2/dobot_vision_rgbd) by extensions ['ros']
[0.774s] Level 1:colcon.colcon_core.package_identification:_identify(src/magician_ros2/dobot_vision_rgbd) by extension 'ros'
[0.776s] DEBUG:colcon.colcon_core.package_identification:Package 'src/magician_ros2/dobot_vision_rgbd' with type 'ros.ament_python' and name 'dobot_vision_rgbd'
[0.776s] Level 1:colcon.colcon_core.package_identification:_identify(src/magician_ros2/dobot_vision_yolo) by extensions ['ignore', 'ignore_ament_install']
[0.776s] Level 1:colcon.colcon_core.package_identification:_identify(src/magician_ros2/dobot_vision_yolo) by extension 'ignore'
[0.777s] Level 1:colcon.colcon_core.package_identification:_identify(src/magician_ros2/dobot_vision_yolo) by extension 'ignore_ament_install'
[0.777s] Level 1:colcon.colcon_core.package_identification:_identify(src/magician_ros2/dobot_vision_yolo) by extensions ['colcon_pkg']
[0.777s] Level 1:colcon.colcon_core.package_identification:_identify(src/magician_ros2/dobot_vision_yolo) by extension 'colcon_pkg'
[0.777s] Level 1:colcon.colcon_core.package_identification:_identify(src/magician_ros2/dobot_vision_yolo) by extensions ['colcon_meta']
[0.777s] Level 1:colcon.colcon_core.package_identification:_identify(src/magician_ros2/dobot_vision_yolo) by extension 'colcon_meta'
[0.777s] Level 1:colcon.colcon_core.package_identification:_identify(src/magician_ros2/dobot_vision_yolo) by extensions ['ros']
[0.777s] Level 1:colcon.colcon_core.package_identification:_identify(src/magician_ros2/dobot_vision_yolo) by extension 'ros'
[0.779s] DEBUG:colcon.colcon_core.package_identification:Package 'src/magician_ros2/dobot_vision_yolo' with type 'ros.ament_python' and name 'dobot_vision_yolo'
[0.780s] Level 1:colcon.colcon_core.package_identification:_identify(src/magician_ros2/dobot_visualization_tools) by extensions ['ignore', 'ignore_ament_install']
[0.780s] Level 1:colcon.colcon_core.package_identification:_identify(src/magician_ros2/dobot_visualization_tools) by extension 'ignore'
[0.780s] Level 1:colcon.colcon_core.package_identification:_identify(src/magician_ros2/dobot_visualization_tools) by extension 'ignore_ament_install'
[0.780s] Level 1:colcon.colcon_core.package_identification:_identify(src/magician_ros2/dobot_visualization_tools) by extensions ['colcon_pkg']
[0.780s] Level 1:colcon.colcon_core.package_identification:_identify(src/magician_ros2/dobot_visualization_tools) by extension 'colcon_pkg'
[0.780s] Level 1:colcon.colcon_core.package_identification:_identify(src/magician_ros2/dobot_visualization_tools) by extensions ['colcon_meta']
[0.780s] Level 1:colcon.colcon_core.package_identification:_identify(src/magician_ros2/dobot_visualization_tools) by extension 'colcon_meta'
[0.781s] Level 1:colcon.colcon_core.package_identification:_identify(src/magician_ros2/dobot_visualization_tools) by extensions ['ros']
[0.781s] Level 1:colcon.colcon_core.package_identification:_identify(src/magician_ros2/dobot_visualization_tools) by extension 'ros'
[0.782s] DEBUG:colcon.colcon_core.package_identification:Package 'src/magician_ros2/dobot_visualization_tools' with type 'ros.ament_python' and name 'dobot_visualization_tools'
[0.782s] Level 1:colcon.colcon_core.package_identification:_identify(src/magician_ros2/dobot_web_interface) by extensions ['ignore', 'ignore_ament_install']
[0.782s] Level 1:colcon.colcon_core.package_identification:_identify(src/magician_ros2/dobot_web_interface) by extension 'ignore'
[0.783s] Level 1:colcon.colcon_core.package_identification:_identify(src/magician_ros2/dobot_web_interface) by extension 'ignore_ament_install'
[0.783s] Level 1:colcon.colcon_core.package_identification:_identify(src/magician_ros2/dobot_web_interface) by extensions ['colcon_pkg']
[0.783s] Level 1:colcon.colcon_core.package_identification:_identify(src/magician_ros2/dobot_web_interface) by extension 'colcon_pkg'
[0.783s] Level 1:colcon.colcon_core.package_identification:_identify(src/magician_ros2/dobot_web_interface) by extensions ['colcon_meta']
[0.783s] Level 1:colcon.colcon_core.package_identification:_identify(src/magician_ros2/dobot_web_interface) by extension 'colcon_meta'
[0.783s] Level 1:colcon.colcon_core.package_identification:_identify(src/magician_ros2/dobot_web_interface) by extensions ['ros']
[0.783s] Level 1:colcon.colcon_core.package_identification:_identify(src/magician_ros2/dobot_web_interface) by extension 'ros'
[0.785s] DEBUG:colcon.colcon_core.package_identification:Package 'src/magician_ros2/dobot_web_interface' with type 'ros.ament_python' and name 'dobot_web_interface'
[0.786s] Level 1:colcon.colcon_core.package_identification:_identify(systemd) by extensions ['ignore', 'ignore_ament_install']
[0.786s] Level 1:colcon.colcon_core.package_identification:_identify(systemd) by extension 'ignore'
[0.786s] Level 1:colcon.colcon_core.package_identification:_identify(systemd) by extension 'ignore_ament_install'
[0.787s] Level 1:colcon.colcon_core.package_identification:_identify(systemd) by extensions ['colcon_pkg']
[0.787s] Level 1:colcon.colcon_core.package_identification:_identify(systemd) by extension 'colcon_pkg'
[0.787s] Level 1:colcon.colcon_core.package_identification:_identify(systemd) by extensions ['colcon_meta']
[0.787s] Level 1:colcon.colcon_core.package_identification:_identify(systemd) by extension 'colcon_meta'
[0.787s] Level 1:colcon.colcon_core.package_identification:_identify(systemd) by extensions ['ros']
[0.787s] Level 1:colcon.colcon_core.package_identification:_identify(systemd) by extension 'ros'
[0.787s] Level 1:colcon.colcon_core.package_identification:_identify(systemd) by extensions ['cmake', 'python']
[0.787s] Level 1:colcon.colcon_core.package_identification:_identify(systemd) by extension 'cmake'
[0.788s] Level 1:colcon.colcon_core.package_identification:_identify(systemd) by extension 'python'
[0.788s] Level 1:colcon.colcon_core.package_identification:_identify(systemd) by extensions ['python_setup_py']
[0.788s] Level 1:colcon.colcon_core.package_identification:_identify(systemd) by extension 'python_setup_py'
[0.788s] Level 1:colcon.colcon_core.package_discovery:discover_packages(recursive) using defaults
[0.788s] Level 1:colcon.colcon_core.package_discovery:discover_packages(ignore) discover
[0.788s] Level 1:colcon.colcon_core.package_discovery:discover_packages(ignore) using defaults
[0.788s] Level 1:colcon.colcon_core.package_discovery:discover_packages(path) discover
[0.788s] Level 1:colcon.colcon_core.package_discovery:discover_packages(path) using defaults
[0.864s] INFO:colcon.colcon_core.package_selection:Skipping not selected package 'dobot_description' in 'src/magician_ros2/dobot_description'
[0.864s] INFO:colcon.colcon_core.package_selection:Skipping not selected package 'dobot_driver' in 'src/magician_ros2/dobot_driver'
[0.864s] INFO:colcon.colcon_core.package_selection:Skipping not selected package 'dobot_msgs' in 'src/magician_ros2/dobot_msgs'
[0.864s] INFO:colcon.colcon_core.package_selection:Skipping not selected package 'dobot_visualization_tools' in 'src/magician_ros2/dobot_visualization_tools'
[0.864s] INFO:colcon.colcon_core.package_selection:Skipping not selected package 'orbbec_camera_msgs' in 'src/OrbbecSDK_ROS2/orbbec_camera_msgs'
[0.864s] INFO:colcon.colcon_core.package_selection:Skipping not selected package 'orbbec_description' in 'src/OrbbecSDK_ROS2/orbbec_description'
[0.864s] INFO:colcon.colcon_core.package_selection:Skipping not selected package 'dobot_control_panel' in 'src/magician_ros2/dobot_control_panel'
[0.865s] INFO:colcon.colcon_core.package_selection:Skipping not selected package 'dobot_diagnostics' in 'src/magician_ros2/dobot_diagnostics'
[0.865s] INFO:colcon.colcon_core.package_selection:Skipping not selected package 'dobot_end_effector' in 'src/magician_ros2/dobot_end_effector'
[0.865s] INFO:colcon.colcon_core.package_selection:Skipping not selected package 'dobot_homing' in 'src/magician_ros2/dobot_homing'
[0.865s] INFO:colcon.colcon_core.package_selection:Skipping not selected package 'dobot_kinematics' in 'src/magician_ros2/dobot_kinematics'
[0.865s] INFO:colcon.colcon_core.package_selection:Skipping not selected package 'dobot_motion' in 'src/magician_ros2/dobot_motion'
[0.865s] INFO:colcon.colcon_core.package_selection:Skipping not selected package 'dobot_object_vision' in 'src/magician_ros2/dobot_object_vision'
[0.865s] INFO:colcon.colcon_core.package_selection:Skipping not selected package 'dobot_state_updater' in 'src/magician_ros2/dobot_state_updater'
[0.865s] INFO:colcon.colcon_core.package_selection:Skipping not selected package 'orbbec_camera' in 'src/OrbbecSDK_ROS2/orbbec_camera'
[0.865s] INFO:colcon.colcon_core.package_selection:Skipping not selected package 'dobot_bringup' in 'src/magician_ros2/dobot_bringup'
[0.865s] INFO:colcon.colcon_core.package_selection:Skipping not selected package 'dobot_demos' in 'src/magician_ros2/dobot_demos'
[0.865s] INFO:colcon.colcon_core.package_selection:Skipping not selected package 'dobot_vision_yolo' in 'src/magician_ros2/dobot_vision_yolo'
[0.867s] Level 1:colcon.colcon_core.package_discovery:discover_packages(prefix_path) check parameters
[0.867s] Level 1:colcon.colcon_core.package_discovery:discover_packages(prefix_path) discover
[0.877s] DEBUG:colcon.colcon_installed_package_information.package_discovery:Found 21 installed packages in /home/bbcontact/magician_ros2/install
[0.884s] DEBUG:colcon.colcon_installed_package_information.package_discovery:Found 401 installed packages in /opt/ros/jazzy
[0.887s] Level 1:colcon.colcon_core.package_discovery:discover_packages(prefix_path) using defaults
[1.035s] WARNING:colcon.colcon_core.package_selection:Some selected packages are already built in one or more underlay workspaces:
	'dobot_calibration' is in: /home/bbcontact/magician_ros2/install/dobot_calibration
If a package in a merged underlay workspace is overridden and it installs headers, then all packages in the overlay must sort their include directories by workspace order. Failure to do so may result in build failures or undefined behavior at run time.
If the overridden package is used by another package in any underlay, then the overriding package in the overlay must be API and ABI compatible or undefined behavior at run time may occur.

If you understand the risks and want to override a package anyways, add the following to the command line:
	--allow-overriding dobot_calibration

This may be promoted to an error in a future release of colcon-override-check.
[1.039s] Level 5:colcon.colcon_core.verb:set package 'dobot_calibration' build argument 'cmake_args' from command line to 'None'
[1.039s] Level 5:colcon.colcon_core.verb:set package 'dobot_calibration' build argument 'cmake_target' from command line to 'None'
[1.039s] Level 5:colcon.colcon_core.verb:set package 'dobot_calibration' build argument 'cmake_target_skip_unavailable' from command line to 'False'
[1.039s] Level 5:colcon.colcon_core.verb:set package 'dobot_calibration' build argument 'cmake_clean_cache' from command line to 'False'
[1.039s] Level 5:colcon.colcon_core.verb:set package 'dobot_calibration' build argument 'cmake_clean_first' from command line to 'False'
[1.039s] Level 5:colcon.colcon_core.verb:set package 'dobot_calibration' build argument 'cmake_force_configure' from command line to 'False'
[1.040s] Level 5:colcon.colcon_core.verb:set package 'dobot_calibration' build argument 'ament_cmake_args' from command line to 'None'
[1.040s] Level 5:colcon.colcon_core.verb:set package 'dobot_calibration' build argument 'catkin_cmake_args' from command line to 'None'
[1.040s] Level 5:colcon.colcon_core.verb:set package 'dobot_calibration' build argument 'catkin_skip_building_tests' from command line to 'False'
[1.040s] DEBUG:colcon.colcon_core.verb:Building package 'dobot_calibration' with the following arguments: {'ament_cmake_args': None, 'build_base': '/home/bbcontact/magician_ros2/build/dobot_calibration', 'catkin_cmake_args': None, 'catkin_skip_building_tests': False, 'cmake_args': None, 'cmake_clean_cache': False, 'cmake_clean_first': False, 'cmake_force_configure': False, 'cmake_target': None, 'cmake_target_skip_unavailable': False, 'install_base': '/home/bbcontact/magician_ros2/install/dobot_calibration', 'merge_install': False, 'path': '/home/bbcontact/magician_ros2/src/magician_ros2/dobot_calibration', 'symlink_install': True, 'test_result_base': None}
[1.041s] Level 5:colcon.colcon_core.verb:set package 'dobot_vision_rgbd' build argument 'cmake_args' from command line to 'None'
[1.041s] Level 5:colcon.colcon_core.verb:set package 'dobot_vision_rgbd' build argument 'cmake_target' from command line to 'None'
[1.041s] Level 5:colcon.colcon_core.verb:set package 'dobot_vision_rgbd' build argument 'cmake_target_skip_unavailable' from command line to 'False'
[1.041s] Level 5:colcon.colcon_core.verb:set package 'dobot_vision_rgbd' build argument 'cmake_clean_cache' from command line to 'False'
[1.041s] Level 5:colcon.colcon_core.verb:set package 'dobot_vision_rgbd' build argument 'cmake_clean_first' from command line to 'False'
[1.041s] Level 5:colcon.colcon_core.verb:set package 'dobot_vision_rgbd' build argument 'cmake_force_configure' from command line to 'False'
[1.041s] Level 5:colcon.colcon_core.verb:set package 'dobot_vision_rgbd' build argument 'ament_cmake_args' from command line to 'None'
[1.041s] Level 5:colcon.colcon_core.verb:set package 'dobot_vision_rgbd' build argument 'catkin_cmake_args' from command line to 'None'
[1.041s] Level 5:colcon.colcon_core.verb:set package 'dobot_vision_rgbd' build argument 'catkin_skip_building_tests' from command line to 'False'
[1.041s] DEBUG:colcon.colcon_core.verb:Building package 'dobot_vision_rgbd' with the following arguments: {'ament_cmake_args': None, 'build_base': '/home/bbcontact/magician_ros2/build/dobot_vision_rgbd', 'catkin_cmake_args': None, 'catkin_skip_building_tests': False, 'cmake_args': None, 'cmake_clean_cache': False, 'cmake_clean_first': False, 'cmake_force_configure': False, 'cmake_target': None, 'cmake_target_skip_unavailable': False, 'install_base': '/home/bbcontact/magician_ros2/install/dobot_vision_rgbd', 'merge_install': False, 'path': '/home/bbcontact/magician_ros2/src/magician_ros2/dobot_vision_rgbd', 'symlink_install': True, 'test_result_base': None}
[1.042s] Level 5:colcon.colcon_core.verb:set package 'dobot_web_interface' build argument 'cmake_args' from command line to 'None'
[1.042s] Level 5:colcon.colcon_core.verb:set package 'dobot_web_interface' build argument 'cmake_target' from command line to 'None'
[1.042s] Level 5:colcon.colcon_core.verb:set package 'dobot_web_interface' build argument 'cmake_target_skip_unavailable' from command line to 'False'
[1.042s] Level 5:colcon.colcon_core.verb:set package 'dobot_web_interface' build argument 'cmake_clean_cache' from command line to 'False'
[1.042s] Level 5:colcon.colcon_core.verb:set package 'dobot_web_interface' build argument 'cmake_clean_first' from command line to 'False'
[1.042s] Level 5:colcon.colcon_core.verb:set package 'dobot_web_interface' build argument 'cmake_force_configure' from command line to 'False'
[1.042s] Level 5:colcon.colcon_core.verb:set package 'dobot_web_interface' build argument 'ament_cmake_args' from command line to 'None'
[1.042s] Level 5:colcon.colcon_core.verb:set package 'dobot_web_interface' build argument 'catkin_cmake_args' from command line to 'None'
[1.042s] Level 5:colcon.colcon_core.verb:set package 'dobot_web_interface' build argument 'catkin_skip_building_tests' from command line to 'False'
[1.042s] DEBUG:colcon.colcon_core.verb:Building package 'dobot_web_interface' with the following arguments: {'ament_cmake_args': None, 'build_base': '/home/bbcontact/magician_ros2/build/dobot_web_interface', 'catkin_cmake_args': None, 'catkin_skip_building_tests': False, 'cmake_args': None, 'cmake_clean_cache': False, 'cmake_clean_first': False, 'cmake_force_configure': False, 'cmake_target': None, 'cmake_target_skip_unavailable': False, 'install_base': '/home/bbcontact/magician_ros2/install/dobot_web_interface', 'merge_install': False, 'path': '/home/bbcontact/magician_ros2/src/magician_ros2/dobot_web_interface', 'symlink_install': True, 'test_result_base': None}
[1.043s] INFO:colcon.colcon_core.executor:Executing jobs using 'parallel' executor
[1.044s] DEBUG:colcon.colcon_parallel_executor.executor.parallel:run_until_complete
[1.045s] INFO:colcon.colcon_ros.task.ament_python.build:Building ROS package in '/home/bbcontact/magician_ros2/src/magician_ros2/dobot_calibration' with build type 'ament_python'
[1.045s] Level 1:colcon.colcon_core.shell:create_environment_hook('dobot_calibration', 'ament_prefix_path')
[1.053s] INFO:colcon.colcon_core.plugin_system:Skipping extension 'colcon_core.shell.bat': Not used on non-Windows systems
[1.053s] INFO:colcon.colcon_core.shell:Creating environment hook '/home/bbcontact/magician_ros2/install/dobot_calibration/share/dobot_calibration/hook/ament_prefix_path.ps1'
[1.054s] INFO:colcon.colcon_core.shell:Creating environment descriptor '/home/bbcontact/magician_ros2/install/dobot_calibration/share/dobot_calibration/hook/ament_prefix_path.dsv'
[1.055s] INFO:colcon.colcon_core.shell:Creating environment hook '/home/bbcontact/magician_ros2/install/dobot_calibration/share/dobot_calibration/hook/ament_prefix_path.sh'
[1.057s] INFO:colcon.colcon_core.shell:Skip shell extension 'powershell' for command environment: Not usable outside of PowerShell
[1.057s] DEBUG:colcon.colcon_core.shell:Skip shell extension 'dsv' for command environment
[1.069s] INFO:colcon.colcon_ros.task.ament_python.build:Building ROS package in '/home/bbcontact/magician_ros2/src/magician_ros2/dobot_vision_rgbd' with build type 'ament_python'
[1.070s] Level 1:colcon.colcon_core.shell:create_environment_hook('dobot_vision_rgbd', 'ament_prefix_path')
[1.070s] INFO:colcon.colcon_core.shell:Creating environment hook '/home/bbcontact/magician_ros2/install/dobot_vision_rgbd/share/dobot_vision_rgbd/hook/ament_prefix_path.ps1'
[1.071s] INFO:colcon.colcon_core.shell:Creating environment descriptor '/home/bbcontact/magician_ros2/install/dobot_vision_rgbd/share/dobot_vision_rgbd/hook/ament_prefix_path.dsv'
[1.072s] INFO:colcon.colcon_core.shell:Creating environment hook '/home/bbcontact/magician_ros2/install/dobot_vision_rgbd/share/dobot_vision_rgbd/hook/ament_prefix_path.sh'
[1.073s] INFO:colcon.colcon_core.shell:Skip shell extension 'powershell' for command environment: Not usable outside of PowerShell
[1.073s] DEBUG:colcon.colcon_core.shell:Skip shell extension 'dsv' for command environment
[1.889s] INFO:colcon.colcon_core.task.python.build:Building Python package in '/home/bbcontact/magician_ros2/src/magician_ros2/dobot_calibration'
[1.890s] INFO:colcon.colcon_core.shell:Skip shell extension 'powershell' for command environment: Not usable outside of PowerShell
[1.890s] DEBUG:colcon.colcon_core.shell:Skip shell extension 'dsv' for command environment
[2.657s] INFO:colcon.colcon_core.task.python.build:Building Python package in '/home/bbcontact/magician_ros2/src/magician_ros2/dobot_vision_rgbd'
[2.657s] INFO:colcon.colcon_core.shell:Skip shell extension 'powershell' for command environment: Not usable outside of PowerShell
[2.658s] DEBUG:colcon.colcon_core.shell:Skip shell extension 'dsv' for command environment
[5.059s] DEBUG:colcon.colcon_core.task.python.build:Available setuptools commands: extract_messages, check, bdist, bdist_dumb, install_scripts, rotate, sdist, compile_catalog, dist_info, bdist_rpm, install, update_catalog, build_scripts, install_headers, build_ext, alias, register, test, install_egg_info, build, build_py, bdist_egg, develop, saveopts, setopt, egg_info, upload_docs, upload, symlink_data, build_clib, install_lib, clean, editable_wheel, install_data, bdist_wheel, init_catalog, easy_install
[5.156s] DEBUG:colcon.colcon_core.task.python.build:Available setuptools commands: extract_messages, check, bdist, bdist_dumb, install_scripts, rotate, sdist, compile_catalog, dist_info, bdist_rpm, install, update_catalog, build_scripts, install_headers, build_ext, alias, register, test, install_egg_info, build, build_py, bdist_egg, develop, saveopts, setopt, egg_info, upload_docs, upload, symlink_data, build_clib, install_lib, clean, editable_wheel, install_data, bdist_wheel, init_catalog, easy_install
[6.495s] DEBUG:colcon.colcon_core.task.python.build:Available setuptools 'develop' options: --record, --always-copy, --script-dir, --verbose, --allow-hosts, --site-dirs, --upgrade, --uninstall, --index-url, --no-user-cfg, --zip-ok, --local-snapshots-ok, --install-layout, --help, --dry-run, --find-links, --version, --force-installation-into-system-dir, --quiet, --multi-version, --editable, --install-dir, --egg-path, --no-find-links, --exclude-scripts, --user, --no-deps, --prefix, --build-directory, --always-unzip, --optimize
[6.507s] DEBUG:colcon.colcon_core.event_handler.log_command:Invoking command in '/home/bbcontact/magician_ros2/build/dobot_vision_rgbd': CMAKE_PREFIX_PATH=/home/bbcontact/magician_ros2/install/orbbec_camera_msgs:/home/bbcontact/magician_ros2/install/orbbec_description:/home/bbcontact/magician_ros2/install/orbbec_camera:/home/bbcontact/magician_ros2/install/dobot_msgs:/home/bbcontact/magician_ros2/install/dobot_driver:/home/bbcontact/magician_ros2/install/dobot_description:/opt/ros/jazzy/opt/gz_sim_vendor:/opt/ros/jazzy/opt/gz_sensors_vendor:/opt/ros/jazzy/opt/gz_physics_vendor:/opt/ros/jazzy/opt/sdformat_vendor:/opt/ros/jazzy/opt/gz_gui_vendor:/opt/ros/jazzy/opt/gz_transport_vendor:/opt/ros/jazzy/opt/gz_rendering_vendor:/opt/ros/jazzy/opt/gz_plugin_vendor:/opt/ros/jazzy/opt/gz_fuel_tools_vendor:/opt/ros/jazzy/opt/gz_msgs_vendor:/opt/ros/jazzy/opt/gz_common_vendor:/opt/ros/jazzy/opt/gz_math_vendor:/opt/ros/jazzy/opt/gz_utils_vendor:/opt/ros/jazzy/opt/gz_tools_vendor:/opt/ros/jazzy/opt/gz_ogre_next_vendor:/opt/ros/jazzy/opt/gz_dartsim_vendor:/opt/ros/jazzy/opt/gz_cmake_vendor DEBUGINFOD_URLS=https://debuginfod.ubuntu.com LD_LIBRARY_PATH=/home/bbcontact/magician_ros2/install/orbbec_camera_msgs/lib:/home/bbcontact/magician_ros2/install/orbbec_camera/lib:/home/bbcontact/magician_ros2/install/dobot_msgs/lib:/opt/ros/jazzy/opt/gz_sim_vendor/lib:/opt/ros/jazzy/opt/gz_sensors_vendor/lib:/opt/ros/jazzy/opt/gz_physics_vendor/lib:/opt/ros/jazzy/opt/sdformat_vendor/lib:/opt/ros/jazzy/opt/rviz_ogre_vendor/lib:/opt/ros/jazzy/lib/x86_64-linux-gnu:/opt/ros/jazzy/opt/gz_gui_vendor/lib:/opt/ros/jazzy/opt/gz_transport_vendor/lib:/opt/ros/jazzy/opt/gz_rendering_vendor/lib:/opt/ros/jazzy/opt/gz_plugin_vendor/lib:/opt/ros/jazzy/opt/gz_fuel_tools_vendor/lib:/opt/ros/jazzy/opt/gz_msgs_vendor/lib:/opt/ros/jazzy/opt/gz_common_vendor/lib:/opt/ros/jazzy/opt/gz_math_vendor/lib:/opt/ros/jazzy/opt/gz_utils_vendor/lib:/opt/ros/jazzy/opt/gz_tools_vendor/lib:/opt/ros/jazzy/opt/gz_ogre_next_vendor/lib:/opt/ros/jazzy/opt/gz_dartsim_vendor/lib:/opt/ros/jazzy/opt/gz_cmake_vendor/lib:/opt/ros/jazzy/lib PYTHONPATH=/home/bbcontact/magician_ros2/build/dobot_vision_rgbd/prefix_override:/usr/lib/python3/dist-packages/colcon_core/task/python/colcon_distutils_commands:/home/bbcontact/magician_ros2/install/dobot_vision_rgbd/lib/python3.12/site-packages:/home/bbcontact/magician_ros2/install/orbbec_camera_msgs/lib/python3.12/site-packages:/home/bbcontact/magician_ros2/build/dobot_web_interface:/home/bbcontact/magician_ros2/install/dobot_web_interface/lib/python3.12/site-packages:/home/bbcontact/magician_ros2/build/dobot_vision_yolo:/home/bbcontact/magician_ros2/install/dobot_vision_yolo/lib/python3.12/site-packages:/home/bbcontact/magician_ros2/build/dobot_vision_rgbd:/home/bbcontact/magician_ros2/install/dobot_vision_rgbd/lib/python3.12/site-packages:/home/bbcontact/magician_ros2/build/dobot_demos:/home/bbcontact/magician_ros2/install/dobot_demos/lib/python3.12/site-packages:/home/bbcontact/magician_ros2/build/dobot_calibration:/home/bbcontact/magician_ros2/install/dobot_calibration/lib/python3.12/site-packages:/home/bbcontact/magician_ros2/build/dobot_visualization_tools:/home/bbcontact/magician_ros2/install/dobot_visualization_tools/lib/python3.12/site-packages:/home/bbcontact/magician_ros2/build/dobot_bringup:/home/bbcontact/magician_ros2/install/dobot_bringup/lib/python3.12/site-packages:/home/bbcontact/magician_ros2/build/dobot_state_updater:/home/bbcontact/magician_ros2/install/dobot_state_updater/lib/python3.12/site-packages:/home/bbcontact/magician_ros2/build/dobot_object_vision:/home/bbcontact/magician_ros2/install/dobot_object_vision/lib/python3.12/site-packages:/home/bbcontact/magician_ros2/build/dobot_motion:/home/bbcontact/magician_ros2/install/dobot_motion/lib/python3.12/site-packages:/home/bbcontact/magician_ros2/build/dobot_kinematics:/home/bbcontact/magician_ros2/install/dobot_kinematics/lib/python3.12/site-packages:/home/bbcontact/magician_ros2/build/dobot_homing:/home/bbcontact/magician_ros2/install/dobot_homing/lib/python3.12/site-packages:/home/bbcontact/magician_ros2/build/dobot_end_effector:/home/bbcontact/magician_ros2/install/dobot_end_effector/lib/python3.12/site-packages:/home/bbcontact/magician_ros2/build/dobot_diagnostics:/home/bbcontact/magician_ros2/install/dobot_diagnostics/lib/python3.12/site-packages:/home/bbcontact/magician_ros2/install/dobot_msgs/lib/python3.12/site-packages:/home/bbcontact/magician_ros2/build/dobot_control_panel:/home/bbcontact/magician_ros2/install/dobot_control_panel/lib/python3.12/site-packages:/home/bbcontact/magician_ros2/install/dobot_driver/lib/python3.12/site-packages:/opt/ros/jazzy/opt/gz_sim_vendor/lib/python:/opt/ros/jazzy/opt/sdformat_vendor/lib/python:/opt/ros/jazzy/opt/gz_transport_vendor/lib/python:/opt/ros/jazzy/opt/gz_msgs_vendor/lib/python:/opt/ros/jazzy/opt/gz_math_vendor/lib/python:/opt/ros/jazzy/lib/python3.12/site-packages /usr/bin/python3 -W ignore:setup.py install is deprecated -W ignore:easy_install command is deprecated setup.py develop --editable --build-directory /home/bbcontact/magician_ros2/build/dobot_vision_rgbd/build --no-deps symlink_data
[6.522s] DEBUG:colcon.colcon_core.task.python.build:Available setuptools 'develop' options: --record, --always-copy, --script-dir, --verbose, --allow-hosts, --site-dirs, --upgrade, --uninstall, --index-url, --no-user-cfg, --zip-ok, --local-snapshots-ok, --install-layout, --help, --dry-run, --find-links, --version, --force-installation-into-system-dir, --quiet, --multi-version, --editable, --install-dir, --egg-path, --no-find-links, --exclude-scripts, --user, --no-deps, --prefix, --build-directory, --always-unzip, --optimize
[6.527s] DEBUG:colcon.colcon_core.event_handler.log_command:Invoking command in '/home/bbcontact/magician_ros2/build/dobot_calibration': CMAKE_PREFIX_PATH=/home/bbcontact/magician_ros2/install/orbbec_camera_msgs:/home/bbcontact/magician_ros2/install/dobot_msgs:/home/bbcontact/magician_ros2/install/orbbec_description:/home/bbcontact/magician_ros2/install/orbbec_camera:/home/bbcontact/magician_ros2/install/dobot_driver:/home/bbcontact/magician_ros2/install/dobot_description:/opt/ros/jazzy/opt/gz_sim_vendor:/opt/ros/jazzy/opt/gz_sensors_vendor:/opt/ros/jazzy/opt/gz_physics_vendor:/opt/ros/jazzy/opt/sdformat_vendor:/opt/ros/jazzy/opt/gz_gui_vendor:/opt/ros/jazzy/opt/gz_transport_vendor:/opt/ros/jazzy/opt/gz_rendering_vendor:/opt/ros/jazzy/opt/gz_plugin_vendor:/opt/ros/jazzy/opt/gz_fuel_tools_vendor:/opt/ros/jazzy/opt/gz_msgs_vendor:/opt/ros/jazzy/opt/gz_common_vendor:/opt/ros/jazzy/opt/gz_math_vendor:/opt/ros/jazzy/opt/gz_utils_vendor:/opt/ros/jazzy/opt/gz_tools_vendor:/opt/ros/jazzy/opt/gz_ogre_next_vendor:/opt/ros/jazzy/opt/gz_dartsim_vendor:/opt/ros/jazzy/opt/gz_cmake_vendor DEBUGINFOD_URLS=https://debuginfod.ubuntu.com LD_LIBRARY_PATH=/home/bbcontact/magician_ros2/install/orbbec_camera_msgs/lib:/home/bbcontact/magician_ros2/install/dobot_msgs/lib:/home/bbcontact/magician_ros2/install/orbbec_camera/lib:/opt/ros/jazzy/opt/gz_sim_vendor/lib:/opt/ros/jazzy/opt/gz_sensors_vendor/lib:/opt/ros/jazzy/opt/gz_physics_vendor/lib:/opt/ros/jazzy/opt/sdformat_vendor/lib:/opt/ros/jazzy/opt/rviz_ogre_vendor/lib:/opt/ros/jazzy/lib/x86_64-linux-gnu:/opt/ros/jazzy/opt/gz_gui_vendor/lib:/opt/ros/jazzy/opt/gz_transport_vendor/lib:/opt/ros/jazzy/opt/gz_rendering_vendor/lib:/opt/ros/jazzy/opt/gz_plugin_vendor/lib:/opt/ros/jazzy/opt/gz_fuel_tools_vendor/lib:/opt/ros/jazzy/opt/gz_msgs_vendor/lib:/opt/ros/jazzy/opt/gz_common_vendor/lib:/opt/ros/jazzy/opt/gz_math_vendor/lib:/opt/ros/jazzy/opt/gz_utils_vendor/lib:/opt/ros/jazzy/opt/gz_tools_vendor/lib:/opt/ros/jazzy/opt/gz_ogre_next_vendor/lib:/opt/ros/jazzy/opt/gz_dartsim_vendor/lib:/opt/ros/jazzy/opt/gz_cmake_vendor/lib:/opt/ros/jazzy/lib PYTHONPATH=/home/bbcontact/magician_ros2/build/dobot_calibration/prefix_override:/usr/lib/python3/dist-packages/colcon_core/task/python/colcon_distutils_commands:/home/bbcontact/magician_ros2/install/dobot_calibration/lib/python3.12/site-packages:/home/bbcontact/magician_ros2/install/orbbec_camera_msgs/lib/python3.12/site-packages:/home/bbcontact/magician_ros2/install/dobot_msgs/lib/python3.12/site-packages:/home/bbcontact/magician_ros2/build/dobot_web_interface:/home/bbcontact/magician_ros2/install/dobot_web_interface/lib/python3.12/site-packages:/home/bbcontact/magician_ros2/build/dobot_vision_yolo:/home/bbcontact/magician_ros2/install/dobot_vision_yolo/lib/python3.12/site-packages:/home/bbcontact/magician_ros2/build/dobot_vision_rgbd:/home/bbcontact/magician_ros2/install/dobot_vision_rgbd/lib/python3.12/site-packages:/home/bbcontact/magician_ros2/build/dobot_demos:/home/bbcontact/magician_ros2/install/dobot_demos/lib/python3.12/site-packages:/home/bbcontact/magician_ros2/build/dobot_calibration:/home/bbcontact/magician_ros2/install/dobot_calibration/lib/python3.12/site-packages:/home/bbcontact/magician_ros2/build/dobot_visualization_tools:/home/bbcontact/magician_ros2/install/dobot_visualization_tools/lib/python3.12/site-packages:/home/bbcontact/magician_ros2/build/dobot_bringup:/home/bbcontact/magician_ros2/install/dobot_bringup/lib/python3.12/site-packages:/home/bbcontact/magician_ros2/build/dobot_state_updater:/home/bbcontact/magician_ros2/install/dobot_state_updater/lib/python3.12/site-packages:/home/bbcontact/magician_ros2/build/dobot_object_vision:/home/bbcontact/magician_ros2/install/dobot_object_vision/lib/python3.12/site-packages:/home/bbcontact/magician_ros2/build/dobot_motion:/home/bbcontact/magician_ros2/install/dobot_motion/lib/python3.12/site-packages:/home/bbcontact/magician_ros2/build/dobot_kinematics:/home/bbcontact/magician_ros2/install/dobot_kinematics/lib/python3.12/site-packages:/home/bbcontact/magician_ros2/build/dobot_homing:/home/bbcontact/magician_ros2/install/dobot_homing/lib/python3.12/site-packages:/home/bbcontact/magician_ros2/build/dobot_end_effector:/home/bbcontact/magician_ros2/install/dobot_end_effector/lib/python3.12/site-packages:/home/bbcontact/magician_ros2/build/dobot_diagnostics:/home/bbcontact/magician_ros2/install/dobot_diagnostics/lib/python3.12/site-packages:/home/bbcontact/magician_ros2/build/dobot_control_panel:/home/bbcontact/magician_ros2/install/dobot_control_panel/lib/python3.12/site-packages:/home/bbcontact/magician_ros2/install/dobot_driver/lib/python3.12/site-packages:/opt/ros/jazzy/opt/gz_sim_vendor/lib/python:/opt/ros/jazzy/opt/sdformat_vendor/lib/python:/opt/ros/jazzy/opt/gz_transport_vendor/lib/python:/opt/ros/jazzy/opt/gz_msgs_vendor/lib/python:/opt/ros/jazzy/opt/gz_math_vendor/lib/python:/opt/ros/jazzy/lib/python3.12/site-packages /usr/bin/python3 -W ignore:setup.py install is deprecated -W ignore:easy_install command is deprecated setup.py develop --editable --build-directory /home/bbcontact/magician_ros2/build/dobot_calibration/build --no-deps symlink_data
[9.283s] Level 1:colcon.colcon_core.shell:create_environment_hook('dobot_vision_rgbd', 'pythonpath_develop')
[9.283s] INFO:colcon.colcon_core.shell:Creating environment hook '/home/bbcontact/magician_ros2/build/dobot_vision_rgbd/share/dobot_vision_rgbd/hook/pythonpath_develop.ps1'
[9.285s] DEBUG:colcon.colcon_core.event_handler.log_command:Invoked command in '/home/bbcontact/magician_ros2/build/dobot_vision_rgbd' returned '0': CMAKE_PREFIX_PATH=/home/bbcontact/magician_ros2/install/orbbec_camera_msgs:/home/bbcontact/magician_ros2/install/orbbec_description:/home/bbcontact/magician_ros2/install/orbbec_camera:/home/bbcontact/magician_ros2/install/dobot_msgs:/home/bbcontact/magician_ros2/install/dobot_driver:/home/bbcontact/magician_ros2/install/dobot_description:/opt/ros/jazzy/opt/gz_sim_vendor:/opt/ros/jazzy/opt/gz_sensors_vendor:/opt/ros/jazzy/opt/gz_physics_vendor:/opt/ros/jazzy/opt/sdformat_vendor:/opt/ros/jazzy/opt/gz_gui_vendor:/opt/ros/jazzy/opt/gz_transport_vendor:/opt/ros/jazzy/opt/gz_rendering_vendor:/opt/ros/jazzy/opt/gz_plugin_vendor:/opt/ros/jazzy/opt/gz_fuel_tools_vendor:/opt/ros/jazzy/opt/gz_msgs_vendor:/opt/ros/jazzy/opt/gz_common_vendor:/opt/ros/jazzy/opt/gz_math_vendor:/opt/ros/jazzy/opt/gz_utils_vendor:/opt/ros/jazzy/opt/gz_tools_vendor:/opt/ros/jazzy/opt/gz_ogre_next_vendor:/opt/ros/jazzy/opt/gz_dartsim_vendor:/opt/ros/jazzy/opt/gz_cmake_vendor DEBUGINFOD_URLS=https://debuginfod.ubuntu.com LD_LIBRARY_PATH=/home/bbcontact/magician_ros2/install/orbbec_camera_msgs/lib:/home/bbcontact/magician_ros2/install/orbbec_camera/lib:/home/bbcontact/magician_ros2/install/dobot_msgs/lib:/opt/ros/jazzy/opt/gz_sim_vendor/lib:/opt/ros/jazzy/opt/gz_sensors_vendor/lib:/opt/ros/jazzy/opt/gz_physics_vendor/lib:/opt/ros/jazzy/opt/sdformat_vendor/lib:/opt/ros/jazzy/opt/rviz_ogre_vendor/lib:/opt/ros/jazzy/lib/x86_64-linux-gnu:/opt/ros/jazzy/opt/gz_gui_vendor/lib:/opt/ros/jazzy/opt/gz_transport_vendor/lib:/opt/ros/jazzy/opt/gz_rendering_vendor/lib:/opt/ros/jazzy/opt/gz_plugin_vendor/lib:/opt/ros/jazzy/opt/gz_fuel_tools_vendor/lib:/opt/ros/jazzy/opt/gz_msgs_vendor/lib:/opt/ros/jazzy/opt/gz_common_vendor/lib:/opt/ros/jazzy/opt/gz_math_vendor/lib:/opt/ros/jazzy/opt/gz_utils_vendor/lib:/opt/ros/jazzy/opt/gz_tools_vendor/lib:/opt/ros/jazzy/opt/gz_ogre_next_vendor/lib:/opt/ros/jazzy/opt/gz_dartsim_vendor/lib:/opt/ros/jazzy/opt/gz_cmake_vendor/lib:/opt/ros/jazzy/lib PYTHONPATH=/home/bbcontact/magician_ros2/build/dobot_vision_rgbd/prefix_override:/usr/lib/python3/dist-packages/colcon_core/task/python/colcon_distutils_commands:/home/bbcontact/magician_ros2/install/dobot_vision_rgbd/lib/python3.12/site-packages:/home/bbcontact/magician_ros2/install/orbbec_camera_msgs/lib/python3.12/site-packages:/home/bbcontact/magician_ros2/build/dobot_web_interface:/home/bbcontact/magician_ros2/install/dobot_web_interface/lib/python3.12/site-packages:/home/bbcontact/magician_ros2/build/dobot_vision_yolo:/home/bbcontact/magician_ros2/install/dobot_vision_yolo/lib/python3.12/site-packages:/home/bbcontact/magician_ros2/build/dobot_vision_rgbd:/home/bbcontact/magician_ros2/install/dobot_vision_rgbd/lib/python3.12/site-packages:/home/bbcontact/magician_ros2/build/dobot_demos:/home/bbcontact/magician_ros2/install/dobot_demos/lib/python3.12/site-packages:/home/bbcontact/magician_ros2/build/dobot_calibration:/home/bbcontact/magician_ros2/install/dobot_calibration/lib/python3.12/site-packages:/home/bbcontact/magician_ros2/build/dobot_visualization_tools:/home/bbcontact/magician_ros2/install/dobot_visualization_tools/lib/python3.12/site-packages:/home/bbcontact/magician_ros2/build/dobot_bringup:/home/bbcontact/magician_ros2/install/dobot_bringup/lib/python3.12/site-packages:/home/bbcontact/magician_ros2/build/dobot_state_updater:/home/bbcontact/magician_ros2/install/dobot_state_updater/lib/python3.12/site-packages:/home/bbcontact/magician_ros2/build/dobot_object_vision:/home/bbcontact/magician_ros2/install/dobot_object_vision/lib/python3.12/site-packages:/home/bbcontact/magician_ros2/build/dobot_motion:/home/bbcontact/magician_ros2/install/dobot_motion/lib/python3.12/site-packages:/home/bbcontact/magician_ros2/build/dobot_kinematics:/home/bbcontact/magician_ros2/install/dobot_kinematics/lib/python3.12/site-packages:/home/bbcontact/magician_ros2/build/dobot_homing:/home/bbcontact/magician_ros2/install/dobot_homing/lib/python3.12/site-packages:/home/bbcontact/magician_ros2/build/dobot_end_effector:/home/bbcontact/magician_ros2/install/dobot_end_effector/lib/python3.12/site-packages:/home/bbcontact/magician_ros2/build/dobot_diagnostics:/home/bbcontact/magician_ros2/install/dobot_diagnostics/lib/python3.12/site-packages:/home/bbcontact/magician_ros2/install/dobot_msgs/lib/python3.12/site-packages:/home/bbcontact/magician_ros2/build/dobot_control_panel:/home/bbcontact/magician_ros2/install/dobot_control_panel/lib/python3.12/site-packages:/home/bbcontact/magician_ros2/install/dobot_driver/lib/python3.12/site-packages:/opt/ros/jazzy/opt/gz_sim_vendor/lib/python:/opt/ros/jazzy/opt/sdformat_vendor/lib/python:/opt/ros/jazzy/opt/gz_transport_vendor/lib/python:/opt/ros/jazzy/opt/gz_msgs_vendor/lib/python:/opt/ros/jazzy/opt/gz_math_vendor/lib/python:/opt/ros/jazzy/lib/python3.12/site-packages /usr/bin/python3 -W ignore:setup.py install is deprecated -W ignore:easy_install command is deprecated setup.py develop --editable --build-directory /home/bbcontact/magician_ros2/build/dobot_vision_rgbd/build --no-deps symlink_data
[9.285s] INFO:colcon.colcon_core.shell:Creating environment descriptor '/home/bbcontact/magician_ros2/build/dobot_vision_rgbd/share/dobot_vision_rgbd/hook/pythonpath_develop.dsv'
[9.287s] INFO:colcon.colcon_core.shell:Creating environment hook '/home/bbcontact/magician_ros2/build/dobot_vision_rgbd/share/dobot_vision_rgbd/hook/pythonpath_develop.sh'
[9.303s] Level 1:colcon.colcon_core.environment:checking '/home/bbcontact/magician_ros2/install/dobot_vision_rgbd' for CMake module files
[9.305s] Level 1:colcon.colcon_core.environment:checking '/home/bbcontact/magician_ros2/install/dobot_vision_rgbd' for CMake config files
[9.306s] Level 1:colcon.colcon_core.environment:checking '/home/bbcontact/magician_ros2/install/dobot_vision_rgbd/lib'
[9.307s] Level 1:colcon.colcon_core.environment:checking '/home/bbcontact/magician_ros2/install/dobot_vision_rgbd/bin'
[9.307s] Level 1:colcon.colcon_core.environment:checking '/home/bbcontact/magician_ros2/install/dobot_vision_rgbd/lib/pkgconfig/dobot_vision_rgbd.pc'
[9.308s] Level 1:colcon.colcon_core.environment:checking '/home/bbcontact/magician_ros2/install/dobot_vision_rgbd/lib/python3.12/site-packages'
[9.308s] Level 1:colcon.colcon_core.shell:create_environment_hook('dobot_vision_rgbd', 'pythonpath')
[9.309s] INFO:colcon.colcon_core.shell:Creating environment hook '/home/bbcontact/magician_ros2/install/dobot_vision_rgbd/share/dobot_vision_rgbd/hook/pythonpath.ps1'
[9.310s] INFO:colcon.colcon_core.shell:Creating environment descriptor '/home/bbcontact/magician_ros2/install/dobot_vision_rgbd/share/dobot_vision_rgbd/hook/pythonpath.dsv'
[9.311s] INFO:colcon.colcon_core.shell:Creating environment hook '/home/bbcontact/magician_ros2/install/dobot_vision_rgbd/share/dobot_vision_rgbd/hook/pythonpath.sh'
[9.313s] Level 1:colcon.colcon_core.environment:checking '/home/bbcontact/magician_ros2/install/dobot_vision_rgbd/bin'
[9.313s] Level 1:colcon.colcon_core.environment:create_environment_scripts_only(dobot_vision_rgbd)
[9.314s] INFO:colcon.colcon_core.shell:Creating package script '/home/bbcontact/magician_ros2/install/dobot_vision_rgbd/share/dobot_vision_rgbd/package.ps1'
[9.317s] INFO:colcon.colcon_core.shell:Creating package descriptor '/home/bbcontact/magician_ros2/install/dobot_vision_rgbd/share/dobot_vision_rgbd/package.dsv'
[9.319s] INFO:colcon.colcon_core.shell:Creating package script '/home/bbcontact/magician_ros2/install/dobot_vision_rgbd/share/dobot_vision_rgbd/package.sh'
[9.356s] INFO:colcon.colcon_core.shell:Creating package script '/home/bbcontact/magician_ros2/install/dobot_vision_rgbd/share/dobot_vision_rgbd/package.bash'
[9.359s] INFO:colcon.colcon_core.shell:Creating package script '/home/bbcontact/magician_ros2/install/dobot_vision_rgbd/share/dobot_vision_rgbd/package.zsh'
[9.362s] Level 1:colcon.colcon_core.environment:create_file_with_runtime_dependencies(/home/bbcontact/magician_ros2/install/dobot_vision_rgbd/share/colcon-core/packages/dobot_vision_rgbd)
[9.441s] Level 1:colcon.colcon_core.shell:create_environment_hook('dobot_calibration', 'pythonpath_develop')
[9.442s] INFO:colcon.colcon_core.shell:Creating environment hook '/home/bbcontact/magician_ros2/build/dobot_calibration/share/dobot_calibration/hook/pythonpath_develop.ps1'
[9.443s] DEBUG:colcon.colcon_core.event_handler.log_command:Invoked command in '/home/bbcontact/magician_ros2/build/dobot_calibration' returned '0': CMAKE_PREFIX_PATH=/home/bbcontact/magician_ros2/install/orbbec_camera_msgs:/home/bbcontact/magician_ros2/install/dobot_msgs:/home/bbcontact/magician_ros2/install/orbbec_description:/home/bbcontact/magician_ros2/install/orbbec_camera:/home/bbcontact/magician_ros2/install/dobot_driver:/home/bbcontact/magician_ros2/install/dobot_description:/opt/ros/jazzy/opt/gz_sim_vendor:/opt/ros/jazzy/opt/gz_sensors_vendor:/opt/ros/jazzy/opt/gz_physics_vendor:/opt/ros/jazzy/opt/sdformat_vendor:/opt/ros/jazzy/opt/gz_gui_vendor:/opt/ros/jazzy/opt/gz_transport_vendor:/opt/ros/jazzy/opt/gz_rendering_vendor:/opt/ros/jazzy/opt/gz_plugin_vendor:/opt/ros/jazzy/opt/gz_fuel_tools_vendor:/opt/ros/jazzy/opt/gz_msgs_vendor:/opt/ros/jazzy/opt/gz_common_vendor:/opt/ros/jazzy/opt/gz_math_vendor:/opt/ros/jazzy/opt/gz_utils_vendor:/opt/ros/jazzy/opt/gz_tools_vendor:/opt/ros/jazzy/opt/gz_ogre_next_vendor:/opt/ros/jazzy/opt/gz_dartsim_vendor:/opt/ros/jazzy/opt/gz_cmake_vendor DEBUGINFOD_URLS=https://debuginfod.ubuntu.com LD_LIBRARY_PATH=/home/bbcontact/magician_ros2/install/orbbec_camera_msgs/lib:/home/bbcontact/magician_ros2/install/dobot_msgs/lib:/home/bbcontact/magician_ros2/install/orbbec_camera/lib:/opt/ros/jazzy/opt/gz_sim_vendor/lib:/opt/ros/jazzy/opt/gz_sensors_vendor/lib:/opt/ros/jazzy/opt/gz_physics_vendor/lib:/opt/ros/jazzy/opt/sdformat_vendor/lib:/opt/ros/jazzy/opt/rviz_ogre_vendor/lib:/opt/ros/jazzy/lib/x86_64-linux-gnu:/opt/ros/jazzy/opt/gz_gui_vendor/lib:/opt/ros/jazzy/opt/gz_transport_vendor/lib:/opt/ros/jazzy/opt/gz_rendering_vendor/lib:/opt/ros/jazzy/opt/gz_plugin_vendor/lib:/opt/ros/jazzy/opt/gz_fuel_tools_vendor/lib:/opt/ros/jazzy/opt/gz_msgs_vendor/lib:/opt/ros/jazzy/opt/gz_common_vendor/lib:/opt/ros/jazzy/opt/gz_math_vendor/lib:/opt/ros/jazzy/opt/gz_utils_vendor/lib:/opt/ros/jazzy/opt/gz_tools_vendor/lib:/opt/ros/jazzy/opt/gz_ogre_next_vendor/lib:/opt/ros/jazzy/opt/gz_dartsim_vendor/lib:/opt/ros/jazzy/opt/gz_cmake_vendor/lib:/opt/ros/jazzy/lib PYTHONPATH=/home/bbcontact/magician_ros2/build/dobot_calibration/prefix_override:/usr/lib/python3/dist-packages/colcon_core/task/python/colcon_distutils_commands:/home/bbcontact/magician_ros2/install/dobot_calibration/lib/python3.12/site-packages:/home/bbcontact/magician_ros2/install/orbbec_camera_msgs/lib/python3.12/site-packages:/home/bbcontact/magician_ros2/install/dobot_msgs/lib/python3.12/site-packages:/home/bbcontact/magician_ros2/build/dobot_web_interface:/home/bbcontact/magician_ros2/install/dobot_web_interface/lib/python3.12/site-packages:/home/bbcontact/magician_ros2/build/dobot_vision_yolo:/home/bbcontact/magician_ros2/install/dobot_vision_yolo/lib/python3.12/site-packages:/home/bbcontact/magician_ros2/build/dobot_vision_rgbd:/home/bbcontact/magician_ros2/install/dobot_vision_rgbd/lib/python3.12/site-packages:/home/bbcontact/magician_ros2/build/dobot_demos:/home/bbcontact/magician_ros2/install/dobot_demos/lib/python3.12/site-packages:/home/bbcontact/magician_ros2/build/dobot_calibration:/home/bbcontact/magician_ros2/install/dobot_calibration/lib/python3.12/site-packages:/home/bbcontact/magician_ros2/build/dobot_visualization_tools:/home/bbcontact/magician_ros2/install/dobot_visualization_tools/lib/python3.12/site-packages:/home/bbcontact/magician_ros2/build/dobot_bringup:/home/bbcontact/magician_ros2/install/dobot_bringup/lib/python3.12/site-packages:/home/bbcontact/magician_ros2/build/dobot_state_updater:/home/bbcontact/magician_ros2/install/dobot_state_updater/lib/python3.12/site-packages:/home/bbcontact/magician_ros2/build/dobot_object_vision:/home/bbcontact/magician_ros2/install/dobot_object_vision/lib/python3.12/site-packages:/home/bbcontact/magician_ros2/build/dobot_motion:/home/bbcontact/magician_ros2/install/dobot_motion/lib/python3.12/site-packages:/home/bbcontact/magician_ros2/build/dobot_kinematics:/home/bbcontact/magician_ros2/install/dobot_kinematics/lib/python3.12/site-packages:/home/bbcontact/magician_ros2/build/dobot_homing:/home/bbcontact/magician_ros2/install/dobot_homing/lib/python3.12/site-packages:/home/bbcontact/magician_ros2/build/dobot_end_effector:/home/bbcontact/magician_ros2/install/dobot_end_effector/lib/python3.12/site-packages:/home/bbcontact/magician_ros2/build/dobot_diagnostics:/home/bbcontact/magician_ros2/install/dobot_diagnostics/lib/python3.12/site-packages:/home/bbcontact/magician_ros2/build/dobot_control_panel:/home/bbcontact/magician_ros2/install/dobot_control_panel/lib/python3.12/site-packages:/home/bbcontact/magician_ros2/install/dobot_driver/lib/python3.12/site-packages:/opt/ros/jazzy/opt/gz_sim_vendor/lib/python:/opt/ros/jazzy/opt/sdformat_vendor/lib/python:/opt/ros/jazzy/opt/gz_transport_vendor/lib/python:/opt/ros/jazzy/opt/gz_msgs_vendor/lib/python:/opt/ros/jazzy/opt/gz_math_vendor/lib/python:/opt/ros/jazzy/lib/python3.12/site-packages /usr/bin/python3 -W ignore:setup.py install is deprecated -W ignore:easy_install command is deprecated setup.py develop --editable --build-directory /home/bbcontact/magician_ros2/build/dobot_calibration/build --no-deps symlink_data
[9.445s] INFO:colcon.colcon_core.shell:Creating environment descriptor '/home/bbcontact/magician_ros2/build/dobot_calibration/share/dobot_calibration/hook/pythonpath_develop.dsv'
[9.446s] INFO:colcon.colcon_core.shell:Creating environment hook '/home/bbcontact/magician_ros2/build/dobot_calibration/share/dobot_calibration/hook/pythonpath_develop.sh'
[9.448s] Level 1:colcon.colcon_core.environment:checking '/home/bbcontact/magician_ros2/install/dobot_calibration' for CMake module files
[9.449s] Level 1:colcon.colcon_core.environment:checking '/home/bbcontact/magician_ros2/install/dobot_calibration' for CMake config files
[9.451s] Level 1:colcon.colcon_core.environment:checking '/home/bbcontact/magician_ros2/install/dobot_calibration/lib'
[9.451s] Level 1:colcon.colcon_core.environment:checking '/home/bbcontact/magician_ros2/install/dobot_calibration/bin'
[9.451s] Level 1:colcon.colcon_core.environment:checking '/home/bbcontact/magician_ros2/install/dobot_calibration/lib/pkgconfig/dobot_calibration.pc'
[9.452s] Level 1:colcon.colcon_core.environment:checking '/home/bbcontact/magician_ros2/install/dobot_calibration/lib/python3.12/site-packages'
[9.452s] Level 1:colcon.colcon_core.shell:create_environment_hook('dobot_calibration', 'pythonpath')
[9.453s] INFO:colcon.colcon_core.shell:Creating environment hook '/home/bbcontact/magician_ros2/install/dobot_calibration/share/dobot_calibration/hook/pythonpath.ps1'
[9.454s] INFO:colcon.colcon_core.shell:Creating environment descriptor '/home/bbcontact/magician_ros2/install/dobot_calibration/share/dobot_calibration/hook/pythonpath.dsv'
[9.455s] INFO:colcon.colcon_core.shell:Creating environment hook '/home/bbcontact/magician_ros2/install/dobot_calibration/share/dobot_calibration/hook/pythonpath.sh'
[9.457s] Level 1:colcon.colcon_core.environment:checking '/home/bbcontact/magician_ros2/install/dobot_calibration/bin'
[9.458s] Level 1:colcon.colcon_core.environment:create_environment_scripts_only(dobot_calibration)
[9.459s] INFO:colcon.colcon_core.shell:Creating package script '/home/bbcontact/magician_ros2/install/dobot_calibration/share/dobot_calibration/package.ps1'
[9.461s] INFO:colcon.colcon_core.shell:Creating package descriptor '/home/bbcontact/magician_ros2/install/dobot_calibration/share/dobot_calibration/package.dsv'
[9.462s] INFO:colcon.colcon_core.shell:Creating package script '/home/bbcontact/magician_ros2/install/dobot_calibration/share/dobot_calibration/package.sh'
[9.464s] INFO:colcon.colcon_core.shell:Creating package script '/home/bbcontact/magician_ros2/install/dobot_calibration/share/dobot_calibration/package.bash'
[9.466s] INFO:colcon.colcon_core.shell:Creating package script '/home/bbcontact/magician_ros2/install/dobot_calibration/share/dobot_calibration/package.zsh'
[9.467s] Level 1:colcon.colcon_core.environment:create_file_with_runtime_dependencies(/home/bbcontact/magician_ros2/install/dobot_calibration/share/colcon-core/packages/dobot_calibration)
[9.468s] INFO:colcon.colcon_ros.task.ament_python.build:Building ROS package in '/home/bbcontact/magician_ros2/src/magician_ros2/dobot_web_interface' with build type 'ament_python'
[9.469s] Level 1:colcon.colcon_core.shell:create_environment_hook('dobot_web_interface', 'ament_prefix_path')
[9.469s] INFO:colcon.colcon_core.shell:Creating environment hook '/home/bbcontact/magician_ros2/install/dobot_web_interface/share/dobot_web_interface/hook/ament_prefix_path.ps1'
[9.471s] INFO:colcon.colcon_core.shell:Creating environment descriptor '/home/bbcontact/magician_ros2/install/dobot_web_interface/share/dobot_web_interface/hook/ament_prefix_path.dsv'
[9.472s] INFO:colcon.colcon_core.shell:Creating environment hook '/home/bbcontact/magician_ros2/install/dobot_web_interface/share/dobot_web_interface/hook/ament_prefix_path.sh'
[9.474s] INFO:colcon.colcon_core.shell:Skip shell extension 'powershell' for command environment: Not usable outside of PowerShell
[9.474s] DEBUG:colcon.colcon_core.shell:Skip shell extension 'dsv' for command environment
[10.310s] INFO:colcon.colcon_core.task.python.build:Building Python package in '/home/bbcontact/magician_ros2/src/magician_ros2/dobot_web_interface'
[10.310s] INFO:colcon.colcon_core.shell:Skip shell extension 'powershell' for command environment: Not usable outside of PowerShell
[10.310s] DEBUG:colcon.colcon_core.shell:Skip shell extension 'dsv' for command environment
[12.586s] DEBUG:colcon.colcon_core.task.python.build:Available setuptools commands: extract_messages, check, bdist, bdist_dumb, install_scripts, rotate, sdist, compile_catalog, dist_info, bdist_rpm, install, update_catalog, build_scripts, install_headers, build_ext, alias, register, test, install_egg_info, build, build_py, bdist_egg, develop, saveopts, setopt, egg_info, upload_docs, upload, symlink_data, build_clib, install_lib, clean, editable_wheel, install_data, bdist_wheel, init_catalog, easy_install
[13.790s] DEBUG:colcon.colcon_core.task.python.build:Available setuptools 'develop' options: --record, --always-copy, --script-dir, --verbose, --allow-hosts, --site-dirs, --upgrade, --uninstall, --index-url, --no-user-cfg, --zip-ok, --local-snapshots-ok, --install-layout, --help, --dry-run, --find-links, --version, --force-installation-into-system-dir, --quiet, --multi-version, --editable, --install-dir, --egg-path, --no-find-links, --exclude-scripts, --user, --no-deps, --prefix, --build-directory, --always-unzip, --optimize
[13.793s] DEBUG:colcon.colcon_core.event_handler.log_command:Invoking command in '/home/bbcontact/magician_ros2/build/dobot_web_interface': AMENT_PREFIX_PATH=/home/bbcontact/magician_ros2/install/dobot_vision_yolo:/home/bbcontact/magician_ros2/install/dobot_bringup:/home/bbcontact/magician_ros2/install/dobot_vision_rgbd:/home/bbcontact/magician_ros2/install/dobot_state_updater:/home/bbcontact/magician_ros2/install/dobot_motion:/home/bbcontact/magician_ros2/install/dobot_kinematics:/home/bbcontact/magician_ros2/install/dobot_homing:/home/bbcontact/magician_ros2/install/dobot_end_effector:/home/bbcontact/magician_ros2/install/dobot_diagnostics:/home/bbcontact/magician_ros2/install/dobot_calibration:/home/bbcontact/magician_ros2/install/orbbec_description:/home/bbcontact/magician_ros2/install/dobot_web_interface:/home/bbcontact/magician_ros2/install/orbbec_camera:/home/bbcontact/magician_ros2/install/dobot_demos:/home/bbcontact/magician_ros2/install/orbbec_camera_msgs:/home/bbcontact/magician_ros2/install/dobot_visualization_tools:/home/bbcontact/magician_ros2/install/dobot_object_vision:/home/bbcontact/magician_ros2/install/dobot_msgs:/home/bbcontact/magician_ros2/install/dobot_control_panel:/home/bbcontact/magician_ros2/install/dobot_driver:/home/bbcontact/magician_ros2/install/dobot_description:/opt/ros/jazzy CMAKE_PREFIX_PATH=/home/bbcontact/magician_ros2/install/orbbec_camera:/home/bbcontact/magician_ros2/install/orbbec_camera_msgs:/home/bbcontact/magician_ros2/install/dobot_msgs:/home/bbcontact/magician_ros2/install/dobot_driver:/home/bbcontact/magician_ros2/install/dobot_description:/home/bbcontact/magician_ros2/install/orbbec_description:/opt/ros/jazzy/opt/gz_sim_vendor:/opt/ros/jazzy/opt/gz_sensors_vendor:/opt/ros/jazzy/opt/gz_physics_vendor:/opt/ros/jazzy/opt/sdformat_vendor:/opt/ros/jazzy/opt/gz_gui_vendor:/opt/ros/jazzy/opt/gz_transport_vendor:/opt/ros/jazzy/opt/gz_rendering_vendor:/opt/ros/jazzy/opt/gz_plugin_vendor:/opt/ros/jazzy/opt/gz_fuel_tools_vendor:/opt/ros/jazzy/opt/gz_msgs_vendor:/opt/ros/jazzy/opt/gz_common_vendor:/opt/ros/jazzy/opt/gz_math_vendor:/opt/ros/jazzy/opt/gz_utils_vendor:/opt/ros/jazzy/opt/gz_tools_vendor:/opt/ros/jazzy/opt/gz_ogre_next_vendor:/opt/ros/jazzy/opt/gz_dartsim_vendor:/opt/ros/jazzy/opt/gz_cmake_vendor DEBUGINFOD_URLS=https://debuginfod.ubuntu.com PYTHONPATH=/home/bbcontact/magician_ros2/build/dobot_web_interface/prefix_override:/usr/lib/python3/dist-packages/colcon_core/task/python/colcon_distutils_commands:/home/bbcontact/magician_ros2/install/dobot_web_interface/lib/python3.12/site-packages:/home/bbcontact/magician_ros2/build/dobot_vision_yolo:/home/bbcontact/magician_ros2/install/dobot_vision_yolo/lib/python3.12/site-packages:/home/bbcontact/magician_ros2/build/dobot_bringup:/home/bbcontact/magician_ros2/install/dobot_bringup/lib/python3.12/site-packages:/home/bbcontact/magician_ros2/build/dobot_vision_rgbd:/home/bbcontact/magician_ros2/install/dobot_vision_rgbd/lib/python3.12/site-packages:/home/bbcontact/magician_ros2/build/dobot_state_updater:/home/bbcontact/magician_ros2/install/dobot_state_updater/lib/python3.12/site-packages:/home/bbcontact/magician_ros2/build/dobot_motion:/home/bbcontact/magician_ros2/install/dobot_motion/lib/python3.12/site-packages:/home/bbcontact/magician_ros2/build/dobot_kinematics:/home/bbcontact/magician_ros2/install/dobot_kinematics/lib/python3.12/site-packages:/home/bbcontact/magician_ros2/build/dobot_homing:/home/bbcontact/magician_ros2/install/dobot_homing/lib/python3.12/site-packages:/home/bbcontact/magician_ros2/build/dobot_end_effector:/home/bbcontact/magician_ros2/install/dobot_end_effector/lib/python3.12/site-packages:/home/bbcontact/magician_ros2/build/dobot_diagnostics:/home/bbcontact/magician_ros2/install/dobot_diagnostics/lib/python3.12/site-packages:/home/bbcontact/magician_ros2/build/dobot_calibration:/home/bbcontact/magician_ros2/install/dobot_calibration/lib/python3.12/site-packages:/home/bbcontact/magician_ros2/install/orbbec_camera_msgs/lib/python3.12/site-packages:/home/bbcontact/magician_ros2/install/dobot_msgs/lib/python3.12/site-packages:/home/bbcontact/magician_ros2/install/dobot_driver/lib/python3.12/site-packages:/home/bbcontact/magician_ros2/build/dobot_web_interface:/home/bbcontact/magician_ros2/install/dobot_web_interface/lib/python3.12/site-packages:/home/bbcontact/magician_ros2/build/dobot_demos:/home/bbcontact/magician_ros2/install/dobot_demos/lib/python3.12/site-packages:/home/bbcontact/magician_ros2/build/dobot_visualization_tools:/home/bbcontact/magician_ros2/install/dobot_visualization_tools/lib/python3.12/site-packages:/home/bbcontact/magician_ros2/build/dobot_object_vision:/home/bbcontact/magician_ros2/install/dobot_object_vision/lib/python3.12/site-packages:/home/bbcontact/magician_ros2/build/dobot_control_panel:/home/bbcontact/magician_ros2/install/dobot_control_panel/lib/python3.12/site-packages:/opt/ros/jazzy/opt/gz_sim_vendor/lib/python:/opt/ros/jazzy/opt/sdformat_vendor/lib/python:/opt/ros/jazzy/opt/gz_transport_vendor/lib/python:/opt/ros/jazzy/opt/gz_msgs_vendor/lib/python:/opt/ros/jazzy/opt/gz_math_vendor/lib/python:/opt/ros/jazzy/lib/python3.12/site-packages /usr/bin/python3 -W ignore:setup.py install is deprecated -W ignore:easy_install command is deprecated setup.py develop --editable --build-directory /home/bbcontact/magician_ros2/build/dobot_web_interface/build --no-deps symlink_data
[16.406s] Level 1:colcon.colcon_core.shell:create_environment_hook('dobot_web_interface', 'pythonpath_develop')
[16.406s] INFO:colcon.colcon_core.shell:Creating environment hook '/home/bbcontact/magician_ros2/build/dobot_web_interface/share/dobot_web_interface/hook/pythonpath_develop.ps1'
[16.409s] DEBUG:colcon.colcon_core.event_handler.log_command:Invoked command in '/home/bbcontact/magician_ros2/build/dobot_web_interface' returned '0': AMENT_PREFIX_PATH=/home/bbcontact/magician_ros2/install/dobot_vision_yolo:/home/bbcontact/magician_ros2/install/dobot_bringup:/home/bbcontact/magician_ros2/install/dobot_vision_rgbd:/home/bbcontact/magician_ros2/install/dobot_state_updater:/home/bbcontact/magician_ros2/install/dobot_motion:/home/bbcontact/magician_ros2/install/dobot_kinematics:/home/bbcontact/magician_ros2/install/dobot_homing:/home/bbcontact/magician_ros2/install/dobot_end_effector:/home/bbcontact/magician_ros2/install/dobot_diagnostics:/home/bbcontact/magician_ros2/install/dobot_calibration:/home/bbcontact/magician_ros2/install/orbbec_description:/home/bbcontact/magician_ros2/install/dobot_web_interface:/home/bbcontact/magician_ros2/install/orbbec_camera:/home/bbcontact/magician_ros2/install/dobot_demos:/home/bbcontact/magician_ros2/install/orbbec_camera_msgs:/home/bbcontact/magician_ros2/install/dobot_visualization_tools:/home/bbcontact/magician_ros2/install/dobot_object_vision:/home/bbcontact/magician_ros2/install/dobot_msgs:/home/bbcontact/magician_ros2/install/dobot_control_panel:/home/bbcontact/magician_ros2/install/dobot_driver:/home/bbcontact/magician_ros2/install/dobot_description:/opt/ros/jazzy CMAKE_PREFIX_PATH=/home/bbcontact/magician_ros2/install/orbbec_camera:/home/bbcontact/magician_ros2/install/orbbec_camera_msgs:/home/bbcontact/magician_ros2/install/dobot_msgs:/home/bbcontact/magician_ros2/install/dobot_driver:/home/bbcontact/magician_ros2/install/dobot_description:/home/bbcontact/magician_ros2/install/orbbec_description:/opt/ros/jazzy/opt/gz_sim_vendor:/opt/ros/jazzy/opt/gz_sensors_vendor:/opt/ros/jazzy/opt/gz_physics_vendor:/opt/ros/jazzy/opt/sdformat_vendor:/opt/ros/jazzy/opt/gz_gui_vendor:/opt/ros/jazzy/opt/gz_transport_vendor:/opt/ros/jazzy/opt/gz_rendering_vendor:/opt/ros/jazzy/opt/gz_plugin_vendor:/opt/ros/jazzy/opt/gz_fuel_tools_vendor:/opt/ros/jazzy/opt/gz_msgs_vendor:/opt/ros/jazzy/opt/gz_common_vendor:/opt/ros/jazzy/opt/gz_math_vendor:/opt/ros/jazzy/opt/gz_utils_vendor:/opt/ros/jazzy/opt/gz_tools_vendor:/opt/ros/jazzy/opt/gz_ogre_next_vendor:/opt/ros/jazzy/opt/gz_dartsim_vendor:/opt/ros/jazzy/opt/gz_cmake_vendor DEBUGINFOD_URLS=https://debuginfod.ubuntu.com PYTHONPATH=/home/bbcontact/magician_ros2/build/dobot_web_interface/prefix_override:/usr/lib/python3/dist-packages/colcon_core/task/python/colcon_distutils_commands:/home/bbcontact/magician_ros2/install/dobot_web_interface/lib/python3.12/site-packages:/home/bbcontact/magician_ros2/build/dobot_vision_yolo:/home/bbcontact/magician_ros2/install/dobot_vision_yolo/lib/python3.12/site-packages:/home/bbcontact/magician_ros2/build/dobot_bringup:/home/bbcontact/magician_ros2/install/dobot_bringup/lib/python3.12/site-packages:/home/bbcontact/magician_ros2/build/dobot_vision_rgbd:/home/bbcontact/magician_ros2/install/dobot_vision_rgbd/lib/python3.12/site-packages:/home/bbcontact/magician_ros2/build/dobot_state_updater:/home/bbcontact/magician_ros2/install/dobot_state_updater/lib/python3.12/site-packages:/home/bbcontact/magician_ros2/build/dobot_motion:/home/bbcontact/magician_ros2/install/dobot_motion/lib/python3.12/site-packages:/home/bbcontact/magician_ros2/build/dobot_kinematics:/home/bbcontact/magician_ros2/install/dobot_kinematics/lib/python3.12/site-packages:/home/bbcontact/magician_ros2/build/dobot_homing:/home/bbcontact/magician_ros2/install/dobot_homing/lib/python3.12/site-packages:/home/bbcontact/magician_ros2/build/dobot_end_effector:/home/bbcontact/magician_ros2/install/dobot_end_effector/lib/python3.12/site-packages:/home/bbcontact/magician_ros2/build/dobot_diagnostics:/home/bbcontact/magician_ros2/install/dobot_diagnostics/lib/python3.12/site-packages:/home/bbcontact/magician_ros2/build/dobot_calibration:/home/bbcontact/magician_ros2/install/dobot_calibration/lib/python3.12/site-packages:/home/bbcontact/magician_ros2/install/orbbec_camera_msgs/lib/python3.12/site-packages:/home/bbcontact/magician_ros2/install/dobot_msgs/lib/python3.12/site-packages:/home/bbcontact/magician_ros2/install/dobot_driver/lib/python3.12/site-packages:/home/bbcontact/magician_ros2/build/dobot_web_interface:/home/bbcontact/magician_ros2/install/dobot_web_interface/lib/python3.12/site-packages:/home/bbcontact/magician_ros2/build/dobot_demos:/home/bbcontact/magician_ros2/install/dobot_demos/lib/python3.12/site-packages:/home/bbcontact/magician_ros2/build/dobot_visualization_tools:/home/bbcontact/magician_ros2/install/dobot_visualization_tools/lib/python3.12/site-packages:/home/bbcontact/magician_ros2/build/dobot_object_vision:/home/bbcontact/magician_ros2/install/dobot_object_vision/lib/python3.12/site-packages:/home/bbcontact/magician_ros2/build/dobot_control_panel:/home/bbcontact/magician_ros2/install/dobot_control_panel/lib/python3.12/site-packages:/opt/ros/jazzy/opt/gz_sim_vendor/lib/python:/opt/ros/jazzy/opt/sdformat_vendor/lib/python:/opt/ros/jazzy/opt/gz_transport_vendor/lib/python:/opt/ros/jazzy/opt/gz_msgs_vendor/lib/python:/opt/ros/jazzy/opt/gz_math_vendor/lib/python:/opt/ros/jazzy/lib/python3.12/site-packages /usr/bin/python3 -W ignore:setup.py install is deprecated -W ignore:easy_install command is deprecated setup.py develop --editable --build-directory /home/bbcontact/magician_ros2/build/dobot_web_interface/build --no-deps symlink_data
[16.409s] INFO:colcon.colcon_core.shell:Creating environment descriptor '/home/bbcontact/magician_ros2/build/dobot_web_interface/share/dobot_web_interface/hook/pythonpath_develop.dsv'
[16.410s] INFO:colcon.colcon_core.shell:Creating environment hook '/home/bbcontact/magician_ros2/build/dobot_web_interface/share/dobot_web_interface/hook/pythonpath_develop.sh'
[16.412s] Level 1:colcon.colcon_core.environment:checking '/home/bbcontact/magician_ros2/install/dobot_web_interface' for CMake module files
[16.414s] Level 1:colcon.colcon_core.environment:checking '/home/bbcontact/magician_ros2/install/dobot_web_interface' for CMake config files
[16.416s] Level 1:colcon.colcon_core.environment:checking '/home/bbcontact/magician_ros2/install/dobot_web_interface/lib'
[16.416s] Level 1:colcon.colcon_core.environment:checking '/home/bbcontact/magician_ros2/install/dobot_web_interface/bin'
[16.416s] Level 1:colcon.colcon_core.environment:checking '/home/bbcontact/magician_ros2/install/dobot_web_interface/lib/pkgconfig/dobot_web_interface.pc'
[16.417s] Level 1:colcon.colcon_core.environment:checking '/home/bbcontact/magician_ros2/install/dobot_web_interface/lib/python3.12/site-packages'
[16.418s] Level 1:colcon.colcon_core.shell:create_environment_hook('dobot_web_interface', 'pythonpath')
[16.419s] INFO:colcon.colcon_core.shell:Creating environment hook '/home/bbcontact/magician_ros2/install/dobot_web_interface/share/dobot_web_interface/hook/pythonpath.ps1'
[16.420s] INFO:colcon.colcon_core.shell:Creating environment descriptor '/home/bbcontact/magician_ros2/install/dobot_web_interface/share/dobot_web_interface/hook/pythonpath.dsv'
[16.421s] INFO:colcon.colcon_core.shell:Creating environment hook '/home/bbcontact/magician_ros2/install/dobot_web_interface/share/dobot_web_interface/hook/pythonpath.sh'
[16.424s] Level 1:colcon.colcon_core.environment:checking '/home/bbcontact/magician_ros2/install/dobot_web_interface/bin'
[16.424s] Level 1:colcon.colcon_core.environment:create_environment_scripts_only(dobot_web_interface)
[16.425s] INFO:colcon.colcon_core.shell:Creating package script '/home/bbcontact/magician_ros2/install/dobot_web_interface/share/dobot_web_interface/package.ps1'
[16.427s] INFO:colcon.colcon_core.shell:Creating package descriptor '/home/bbcontact/magician_ros2/install/dobot_web_interface/share/dobot_web_interface/package.dsv'
[16.429s] INFO:colcon.colcon_core.shell:Creating package script '/home/bbcontact/magician_ros2/install/dobot_web_interface/share/dobot_web_interface/package.sh'
[16.431s] INFO:colcon.colcon_core.shell:Creating package script '/home/bbcontact/magician_ros2/install/dobot_web_interface/share/dobot_web_interface/package.bash'
[16.431s] INFO:colcon.colcon_core.shell:Creating package script '/home/bbcontact/magician_ros2/install/dobot_web_interface/share/dobot_web_interface/package.zsh'
[16.432s] Level 1:colcon.colcon_core.environment:create_file_with_runtime_dependencies(/home/bbcontact/magician_ros2/install/dobot_web_interface/share/colcon-core/packages/dobot_web_interface)
[16.433s] DEBUG:colcon.colcon_parallel_executor.executor.parallel:closing loop
[16.434s] DEBUG:colcon.colcon_parallel_executor.executor.parallel:loop closed
[16.434s] DEBUG:colcon.colcon_parallel_executor.executor.parallel:run_until_complete finished with '0'
[16.434s] DEBUG:colcon.colcon_core.event_reactor:joining thread
[16.435s] DEBUG:colcon.colcon_core.event_reactor:joined thread
[16.435s] INFO:colcon.colcon_core.shell:Creating prefix script '/home/bbcontact/magician_ros2/install/local_setup.ps1'
[16.437s] INFO:colcon.colcon_core.shell:Creating prefix util module '/home/bbcontact/magician_ros2/install/_local_setup_util_ps1.py'
[16.440s] INFO:colcon.colcon_core.shell:Creating prefix chain script '/home/bbcontact/magician_ros2/install/setup.ps1'
[16.445s] INFO:colcon.colcon_core.shell:Creating prefix script '/home/bbcontact/magician_ros2/install/local_setup.sh'
[16.446s] INFO:colcon.colcon_core.shell:Creating prefix util module '/home/bbcontact/magician_ros2/install/_local_setup_util_sh.py'
[16.448s] INFO:colcon.colcon_core.shell:Creating prefix chain script '/home/bbcontact/magician_ros2/install/setup.sh'
[16.454s] INFO:colcon.colcon_core.shell:Creating prefix script '/home/bbcontact/magician_ros2/install/local_setup.bash'
[16.455s] INFO:colcon.colcon_core.shell:Creating prefix chain script '/home/bbcontact/magician_ros2/install/setup.bash'
[16.460s] INFO:colcon.colcon_core.shell:Creating prefix script '/home/bbcontact/magician_ros2/install/local_setup.zsh'
[16.461s] INFO:colcon.colcon_core.shell:Creating prefix chain script '/home/bbcontact/magician_ros2/install/setup.zsh'
